external_id,source,disease,disease_it,diagnosis_status,species,animal_group,observation_date,report_date,country,region,location,lat,lon,url_source,notes
IT-ASF-2026-00001,ADIS,A.S.F. in wild boar,Peste suina africana,Confermato,Suino / cinghiale,swine,2026-07-08,2026-07-08,Italy,Piemonte,Ovada,44.638346,8.645250,https://webgate.ec.europa.eu/tracesnt/adis/public/notification/outbreaks-current-year-report,"Official ADIS current-year report; individual outbreak date/location not always available in public detail; mapped to affected municipality/area centroid for visualization; geocoding correction v245: municipality centroid matched to Ovada (Alessandria); previous coordinates 44.61730,8.62660; match=municipality_region."
IT-ASF-2026-00002,ADIS,A.S.F. in wild boar,Peste suina africana,Confermato,Suino / cinghiale,swine,2026-07-08,2026-07-08,Italy,Piemonte,Acqui Terme,44.675145,8.467546,https://webgate.ec.europa.eu/tracesnt/adis/public/notification/outbreaks-current-year-report,"Official ADIS current-year report; individual outbreak date/location not always available in public detail; mapped to affected municipality/area centroid for visualization; geocoding correction v245: municipality centroid matched to Acqui Terme (Alessandria); previous coordinates 44.65940,8.46170; match=municipality_region."
IT-ASF-2026-00003,ADIS,A.S.F. in wild boar,Peste suina africana,Confermato,Suino / cinghiale,swine,2026-07-08,2026-07-08,Italy,Piemonte,Ponzone,44.588185,8.458654,https://webgate.ec.europa.eu/tracesnt/adis/public/notification/outbreaks-current-year-report,"Official ADIS current-year report; individual outbreak date/location not always available in public detail; mapped to affected municipality/area centroid for visualization; geocoding correction v245: municipality centroid matched to Ponzone (Alessandria); previous coordinates 44.57620,8.46380; match=municipality_region."
IT-ASF-2026-00004,ADIS,A.S.F. in wild boar,Peste suina africana,Confermato,Suino / cinghiale,swine,2026-07-08,2026-07-08,Italy,Piemonte,Molare,44.618645,8.600550,https://webgate.ec.europa.eu/tracesnt/adis/public/notification/outbreaks-current-year-report,"Official ADIS current-year report; individual outbreak date/location not always available in public detail; mapped to affected municipality/area centroid for visualization; geocoding correction v245: municipality centroid matched to Molare (Alessandria); previous coordinates 44.61420,8.61770; match=municipality_region."
IT-ASF-2026-00005,ADIS,A.S.F. in wild boar,Peste suina africana,Confermato,Suino / cinghiale,swine,2026-07-08,2026-07-08,Italy,Piemonte,Arquata Scrivia,44.687845,8.885338,https://webgate.ec.europa.eu/tracesnt/adis/public/notification/outbreaks-current-year-report,"Official ADIS current-year report; individual outbreak date/location not always available in public detail; mapped to affected municipality/area centroid for visualization; geocoding correction v245: municipality centroid matched to Arquata Scrivia (Alessandria); previous coordinates 44.68480,8.87450; match=municipality_region."
IT-ASF-2026-00006,ADIS,A.S.F. in wild boar,Peste suina africana,Confermato,Suino / cinghiale,swine,2026-07-08,2026-07-08,Italy,Piemonte,Gavi,44.687649,8.809353,https://webgate.ec.europa.eu/tracesnt/adis/public/notification/outbreaks-current-year-report,"Official ADIS current-year report; individual outbreak date/location not always available in public detail; mapped to affected municipality/area centroid for visualization; geocoding correction v245: municipality centroid matched to Gavi (Alessandria); previous coordinates 44.68600,8.79870; match=municipality_region."
IT-ASF-2026-00007,ADIS,A.S.F. in wild boar,Peste suina africana,Confermato,Suino / cinghiale,swine,2026-07-08,2026-07-08,Italy,Piemonte,Cassinelle,44.601544,8.563449,https://webgate.ec.europa.eu/tracesnt/adis/public/notification/outbreaks-current-year-report,"Official ADIS current-year report; individual outbreak date/location not always available in public detail; mapped to affected municipality/area centroid for visualization; geocoding correction v245: municipality centroid matched to Cassinelle (Alessandria); previous coordinates 44.60680,8.57120; match=municipality_region."
IT-ASF-2026-00008,ADIS,A.S.F. in wild boar,Peste suina africana,Confermato,Suino / cinghiale,swine,2026-07-08,2026-07-08,Italy,Piemonte,Spigno Monferrato,44.543141,8.333946,https://webgate.ec.europa.eu/tracesnt/adis/public/notification/outbreaks-current-year-report,"Official ADIS current-year report; individual outbreak date/location not always available in public detail; mapped to affected municipality/area centroid for visualization; geocoding correction v245: municipality centroid matched to Spigno Monferrato (Alessandria); previous coordinates 44.54940,8.35300; match=municipality_region."
IT-ASF-2026-00009,ADIS,A.S.F. in wild boar,Peste suina africana,Confermato,Suino / cinghiale,swine,2026-07-08,2026-07-08,Italy,Piemonte,Carrega Ligure,44.619046,9.175637,https://webgate.ec.europa.eu/tracesnt/adis/public/notification/outbreaks-current-year-report,"Official ADIS current-year report; individual outbreak date/location not always available in public detail; mapped to affected municipality/area centroid for visualization; geocoding correction v245: municipality centroid matched to Carrega Ligure (Alessandria); previous coordinates 44.67210,9.17380; match=municipality_region."
IT-ASF-2026-00010,ADIS,A.S.F. in wild boar,Peste suina africana,Confermato,Suino / cinghiale,swine,2026-07-08,2026-07-08,Italy,Piemonte,Serravalle Scrivia,44.725580,8.854700,https://webgate.ec.europa.eu/tracesnt/adis/public/notification/outbreaks-current-year-report,"Official ADIS current-year report; individual outbreak date/location not always available in public detail; mapped to affected municipality/area centroid for visualization; geocoding correction v245: municipality centroid matched to Serravalle Scrivia (Alessandria); previous coordinates 44.73860,8.85700; match=municipality_region."
IT-ASF-2026-00011,ADIS,A.S.F. in wild boar,Peste suina africana,Confermato,Suino / cinghiale,swine,2026-07-08,2026-07-08,Italy,Liguria,Genova,44.407260,8.933862,https://webgate.ec.europa.eu/tracesnt/adis/public/notification/outbreaks-current-year-report,"Official ADIS current-year report; individual outbreak date/location not always available in public detail; mapped to affected municipality/area centroid for visualization; geocoding correction v245: municipality centroid matched to Genova (Genova); previous coordinates 44.42480,8.95640; match=municipality_region."
IT-ASF-2026-00012,ADIS,A.S.F. in wild boar,Peste suina africana,Confermato,Suino / cinghiale,swine,2026-07-08,2026-07-08,Italy,Liguria,Rapallo,44.351147,9.229671,https://webgate.ec.europa.eu/tracesnt/adis/public/notification/outbreaks-current-year-report,"Official ADIS current-year report; individual outbreak date/location not always available in public detail; mapped to affected municipality/area centroid for visualization; geocoding correction v245: municipality centroid matched to Rapallo (Genova); previous coordinates 44.32960,9.20800; match=municipality_region."
IT-ASF-2026-00013,ADIS,A.S.F. in wild boar,Peste suina africana,Confermato,Suino / cinghiale,swine,2026-07-08,2026-07-08,Italy,Liguria,Chiavari,44.316449,9.323338,https://webgate.ec.europa.eu/tracesnt/adis/public/notification/outbreaks-current-year-report,"Official ADIS current-year report; individual outbreak date/location not always available in public detail; mapped to affected municipality/area centroid for visualization; geocoding correction v245: municipality centroid matched to Chiavari (Genova); previous coordinates 44.30170,9.31440; match=municipality_region."
IT-ASF-2026-00014,ADIS,A.S.F. in wild boar,Peste suina africana,Confermato,Suino / cinghiale,swine,2026-07-08,2026-07-08,Italy,Liguria,Busalla,44.573483,8.943300,https://webgate.ec.europa.eu/tracesnt/adis/public/notification/outbreaks-current-year-report,"Official ADIS current-year report; individual outbreak date/location not always available in public detail; mapped to affected municipality/area centroid for visualization; geocoding correction v245: municipality centroid matched to Busalla (Genova); previous coordinates 44.55810,8.95050; match=municipality_region."
IT-ASF-2026-00015,ADIS,A.S.F. in wild boar,Peste suina africana,Confermato,Suino / cinghiale,swine,2026-07-08,2026-07-08,Italy,Liguria,Mignanego,44.548330,8.915657,https://webgate.ec.europa.eu/tracesnt/adis/public/notification/outbreaks-current-year-report,"Official ADIS current-year report; individual outbreak date/location not always available in public detail; mapped to affected municipality/area centroid for visualization; geocoding correction v245: municipality centroid matched to Mignanego (Genova); previous coordinates 44.51850,8.93040; match=municipality_region."
IT-ASF-2026-00016,ADIS,A.S.F. in wild boar,Peste suina africana,Confermato,Suino / cinghiale,swine,2026-07-08,2026-07-08,Italy,Liguria,Montoggio,44.515436,9.044274,https://webgate.ec.europa.eu/tracesnt/adis/public/notification/outbreaks-current-year-report,"Official ADIS current-year report; individual outbreak date/location not always available in public detail; mapped to affected municipality/area centroid for visualization; geocoding correction v245: municipality centroid matched to Montoggio (Genova); previous coordinates 44.51350,9.03270; match=municipality_region."
IT-ASF-2026-00017,ADIS,A.S.F. in wild boar,Peste suina africana,Confermato,Suino / cinghiale,swine,2026-07-08,2026-07-08,Italy,Liguria,Rossiglione,44.563961,8.668513,https://webgate.ec.europa.eu/tracesnt/adis/public/notification/outbreaks-current-year-report,"Official ADIS current-year report; individual outbreak date/location not always available in public detail; mapped to affected municipality/area centroid for visualization; geocoding correction v245: municipality centroid matched to Rossiglione (Genova); previous coordinates 44.56380,8.66840; match=municipality_region."
IT-ASF-2026-00018,ADIS,A.S.F. in wild boar,Peste suina africana,Confermato,Suino / cinghiale,swine,2026-07-08,2026-07-08,Italy,Liguria,Masone,44.501336,8.716348,https://webgate.ec.europa.eu/tracesnt/adis/public/notification/outbreaks-current-year-report,"Official ADIS current-year report; individual outbreak date/location not always available in public detail; mapped to affected municipality/area centroid for visualization; geocoding correction v245: municipality centroid matched to Masone (Genova); previous coordinates 44.50570,8.72750; match=municipality_region."
IT-ASF-2026-00019,ADIS,A.S.F. in wild boar,Peste suina africana,Confermato,Suino / cinghiale,swine,2026-07-08,2026-07-08,Italy,Liguria,Savignone,44.564143,8.989596,https://webgate.ec.europa.eu/tracesnt/adis/public/notification/outbreaks-current-year-report,"Official ADIS current-year report; individual outbreak date/location not always available in public detail; mapped to affected municipality/area centroid for visualization; geocoding correction v245: municipality centroid matched to Savignone (Genova); previous coordinates 44.57230,9.00720; match=municipality_region."
IT-ASF-2026-00020,ADIS,A.S.F. in wild boar,Peste suina africana,Confermato,Suino / cinghiale,swine,2026-07-08,2026-07-08,Italy,Liguria,Arenzano,44.402518,8.683132,https://webgate.ec.europa.eu/tracesnt/adis/public/notification/outbreaks-current-year-report,"Official ADIS current-year report; individual outbreak date/location not always available in public detail; mapped to affected municipality/area centroid for visualization; geocoding correction v245: municipality centroid matched to Arenzano (Genova); previous coordinates 44.41770,8.67140; match=municipality_region."
IT-ASF-2026-00021,ADIS,A.S.F. in wild boar,Peste suina africana,Confermato,Suino / cinghiale,swine,2026-07-08,2026-07-08,Italy,Emilia-Romagna,Collagna,44.36300,10.27400,https://webgate.ec.europa.eu/tracesnt/adis/public/notification/outbreaks-current-year-report,Official ADIS current-year report; individual outbreak date/location not always available in public detail; mapped to affected municipality/area centroid for visualization
IT-ASF-2026-00022,ADIS,A.S.F. in wild boar,Peste suina africana,Confermato,Suino / cinghiale,swine,2026-07-08,2026-07-08,Italy,Emilia-Romagna,Busana,44.38770,10.33240,https://webgate.ec.europa.eu/tracesnt/adis/public/notification/outbreaks-current-year-report,Official ADIS current-year report; individual outbreak date/location not always available in public detail; mapped to affected municipality/area centroid for visualization
IT-ASF-2026-00023,ADIS,A.S.F. in wild boar,Peste suina africana,Confermato,Suino / cinghiale,swine,2026-07-08,2026-07-08,Italy,Emilia-Romagna,Monchio delle Corti,44.412955,10.124190,https://webgate.ec.europa.eu/tracesnt/adis/public/notification/outbreaks-current-year-report,"Official ADIS current-year report; individual outbreak date/location not always available in public detail; mapped to affected municipality/area centroid for visualization; geocoding correction v245: municipality centroid matched to Monchio delle Corti (Parma); previous coordinates 44.38910,10.10430; match=municipality_region."
IT-ASF-2026-00024,ADIS,A.S.F. in wild boar,Peste suina africana,Confermato,Suino / cinghiale,swine,2026-07-08,2026-07-08,Italy,Emilia-Romagna,Ligonchio,44.30000,10.33000,https://webgate.ec.europa.eu/tracesnt/adis/public/notification/outbreaks-current-year-report,Official ADIS current-year report; individual outbreak date/location not always available in public detail; mapped to affected municipality/area centroid for visualization
IT-ASF-2026-00025,ADIS,A.S.F. in wild boar,Peste suina africana,Confermato,Suino / cinghiale,swine,2026-07-08,2026-07-08,Italy,Emilia-Romagna,Felino,44.696587,10.237205,https://webgate.ec.europa.eu/tracesnt/adis/public/notification/outbreaks-current-year-report,"Official ADIS current-year report; individual outbreak date/location not always available in public detail; mapped to affected municipality/area centroid for visualization; geocoding correction v245: municipality centroid matched to Felino (Parma); previous coordinates 44.68030,10.24500; match=municipality_region."
IT-ASF-2026-00026,ADIS,A.S.F. in wild boar,Peste suina africana,Confermato,Suino / cinghiale,swine,2026-07-08,2026-07-08,Italy,Emilia-Romagna,Langhirano,44.613064,10.266114,https://webgate.ec.europa.eu/tracesnt/adis/public/notification/outbreaks-current-year-report,"Official ADIS current-year report; individual outbreak date/location not always available in public detail; mapped to affected municipality/area centroid for visualization; geocoding correction v245: municipality centroid matched to Langhirano (Parma); previous coordinates 44.60440,10.28200; match=municipality_region."
IT-ASF-2026-00027,ADIS,A.S.F. in wild boar,Peste suina africana,Confermato,Suino / cinghiale,swine,2026-07-08,2026-07-08,Italy,Emilia-Romagna,Rivergaro,44.910251,9.596521,https://webgate.ec.europa.eu/tracesnt/adis/public/notification/outbreaks-current-year-report,"Official ADIS current-year report; individual outbreak date/location not always available in public detail; mapped to affected municipality/area centroid for visualization; geocoding correction v245: municipality centroid matched to Rivergaro (Piacenza); previous coordinates 44.90730,9.58100; match=municipality_region."
IT-ASF-2026-00028,ADIS,A.S.F. in wild boar,Peste suina africana,Confermato,Suino / cinghiale,swine,2026-07-08,2026-07-08,Italy,Emilia-Romagna,Medesano,44.756699,10.140737,https://webgate.ec.europa.eu/tracesnt/adis/public/notification/outbreaks-current-year-report,"Official ADIS current-year report; individual outbreak date/location not always available in public detail; mapped to affected municipality/area centroid for visualization; geocoding correction v245: municipality centroid matched to Medesano (Parma); previous coordinates 44.75650,10.13600; match=municipality_region."
IT-ASF-2026-00029,ADIS,A.S.F. in wild boar,Peste suina africana,Confermato,Suino / cinghiale,swine,2026-07-08,2026-07-08,Italy,Emilia-Romagna,Bardi,44.632211,9.731203,https://webgate.ec.europa.eu/tracesnt/adis/public/notification/outbreaks-current-year-report,"Official ADIS current-year report; individual outbreak date/location not always available in public detail; mapped to affected municipality/area centroid for visualization; geocoding correction v245: municipality centroid matched to Bardi (Parma); previous coordinates 44.63630,9.74030; match=municipality_region."
IT-ASF-2026-00030,ADIS,A.S.F. in wild boar,Peste suina africana,Confermato,Suino / cinghiale,swine,2026-07-08,2026-07-08,Italy,Emilia-Romagna,Bobbio,44.769273,9.386281,https://webgate.ec.europa.eu/tracesnt/adis/public/notification/outbreaks-current-year-report,"Official ADIS current-year report; individual outbreak date/location not always available in public detail; mapped to affected municipality/area centroid for visualization; geocoding correction v245: municipality centroid matched to Bobbio (Piacenza); previous coordinates 44.77720,9.40580; match=municipality_region."
IT-ASF-2026-00031,ADIS,A.S.F. in wild boar,Peste suina africana,Confermato,Suino / cinghiale,swine,2026-07-08,2026-07-08,Italy,Toscana,Comano,44.293540,10.131165,https://webgate.ec.europa.eu/tracesnt/adis/public/notification/outbreaks-current-year-report,"Official ADIS current-year report; individual outbreak date/location not always available in public detail; mapped to affected municipality/area centroid for visualization; geocoding correction v245: municipality centroid matched to Comano (Massa-Carrara); previous coordinates 44.30540,10.11910; match=municipality_region."
IT-ASF-2026-00032,ADIS,A.S.F. in wild boar,Peste suina africana,Confermato,Suino / cinghiale,swine,2026-07-08,2026-07-08,Italy,Toscana,Bagnone,44.314739,9.994655,https://webgate.ec.europa.eu/tracesnt/adis/public/notification/outbreaks-current-year-report,"Official ADIS current-year report; individual outbreak date/location not always available in public detail; mapped to affected municipality/area centroid for visualization; geocoding correction v245: municipality centroid matched to Bagnone (Massa-Carrara); previous coordinates 44.33100,9.99500; match=municipality_region."
IT-ASF-2026-00033,ADIS,A.S.F. in wild boar,Peste suina africana,Confermato,Suino / cinghiale,swine,2026-07-08,2026-07-08,Italy,Toscana,Fivizzano,44.238350,10.125990,https://webgate.ec.europa.eu/tracesnt/adis/public/notification/outbreaks-current-year-report,"Official ADIS current-year report; individual outbreak date/location not always available in public detail; mapped to affected municipality/area centroid for visualization; geocoding correction v245: municipality centroid matched to Fivizzano (Massa-Carrara); previous coordinates 44.25780,10.13850; match=municipality_region."
IT-ASF-2026-00034,ADIS,A.S.F. in wild boar,Peste suina africana,Confermato,Suino / cinghiale,swine,2026-07-08,2026-07-08,Italy,Toscana,Barga,44.073918,10.484263,https://webgate.ec.europa.eu/tracesnt/adis/public/notification/outbreaks-current-year-report,"Official ADIS current-year report; individual outbreak date/location not always available in public detail; mapped to affected municipality/area centroid for visualization; geocoding correction v245: municipality centroid matched to Barga (Lucca); previous coordinates 44.05310,10.46050; match=municipality_region."
IT-ASF-2026-00035,ADIS,A.S.F. in wild boar,Peste suina africana,Confermato,Suino / cinghiale,swine,2026-07-08,2026-07-08,Italy,Toscana,Licciana Nardi,44.264900,10.038437,https://webgate.ec.europa.eu/tracesnt/adis/public/notification/outbreaks-current-year-report,"Official ADIS current-year report; individual outbreak date/location not always available in public detail; mapped to affected municipality/area centroid for visualization; geocoding correction v245: municipality centroid matched to Licciana Nardi (Massa-Carrara); previous coordinates 44.24890,10.03070; match=municipality_region."
IT-ASF-2026-00036,ADIS,A.S.F. in wild boar,Peste suina africana,Confermato,Suino / cinghiale,swine,2026-07-08,2026-07-08,Italy,Toscana,San Marcello Pistoiese,44.04360,10.79460,https://webgate.ec.europa.eu/tracesnt/adis/public/notification/outbreaks-current-year-report,Official ADIS current-year report; individual outbreak date/location not always available in public detail; mapped to affected municipality/area centroid for visualization
IT-ASF-2026-00037,ADIS,A.S.F. in wild boar,Peste suina africana,Confermato,Suino / cinghiale,swine,2026-07-08,2026-07-08,Italy,Toscana,Pontremoli,44.375151,9.878882,https://webgate.ec.europa.eu/tracesnt/adis/public/notification/outbreaks-current-year-report,"Official ADIS current-year report; individual outbreak date/location not always available in public detail; mapped to affected municipality/area centroid for visualization; geocoding correction v245: municipality centroid matched to Pontremoli (Massa-Carrara); previous coordinates 44.36720,9.89540; match=municipality_region."
IT-ASF-2026-00038,ADIS,A.S.F. in wild boar,Peste suina africana,Confermato,Suino / cinghiale,swine,2026-07-08,2026-07-08,Italy,Toscana,Mulazzo,44.315926,9.889626,https://webgate.ec.europa.eu/tracesnt/adis/public/notification/outbreaks-current-year-report,"Official ADIS current-year report; individual outbreak date/location not always available in public detail; mapped to affected municipality/area centroid for visualization; geocoding correction v245: municipality centroid matched to Mulazzo (Massa-Carrara); previous coordinates 44.30670,9.87590; match=municipality_region."
IT-ASF-2026-00039,ADIS,A.S.F. in wild boar,Peste suina africana,Confermato,Suino / cinghiale,swine,2026-07-08,2026-07-08,Italy,Toscana,Aulla,44.214548,9.967787,https://webgate.ec.europa.eu/tracesnt/adis/public/notification/outbreaks-current-year-report,"Official ADIS current-year report; individual outbreak date/location not always available in public detail; mapped to affected municipality/area centroid for visualization; geocoding correction v245: municipality centroid matched to Aulla (Massa-Carrara); previous coordinates 44.20660,9.96400; match=municipality_region."
IT-ASF-2026-00040,ADIS,A.S.F. in wild boar,Peste suina africana,Confermato,Suino / cinghiale,swine,2026-07-08,2026-07-08,Italy,Toscana,Villafranca in Lunigiana,44.294670,9.949656,https://webgate.ec.europa.eu/tracesnt/adis/public/notification/outbreaks-current-year-report,"Official ADIS current-year report; individual outbreak date/location not always available in public detail; mapped to affected municipality/area centroid for visualization; geocoding correction v245: municipality centroid matched to Villafranca in Lunigiana (Massa-Carrara); previous coordinates 44.29620,9.96040; match=municipality_region."
IT-ASF-2026-00041,ADIS,A.S.F. in wild boar,Peste suina africana,Confermato,Suino / cinghiale,swine,2026-07-08,2026-07-08,Italy,Lombardia,Pavia,45.036855,9.137825,https://webgate.ec.europa.eu/tracesnt/adis/public/notification/outbreaks-current-year-report,"Official ADIS current-year report; individual outbreak date/location not always available in public detail; mapped to affected municipality/area centroid for visualization; geocoding correction v245: municipality centroid matched to Pavia (Pavia); previous coordinates 45.19270,9.17820; match=municipality_region."
IT-ASF-2026-00042,ADIS,A.S.F. in wild boar,Peste suina africana,Confermato,Suino / cinghiale,swine,2026-07-08,2026-07-08,Italy,Lombardia,Varzi,44.823540,9.196904,https://webgate.ec.europa.eu/tracesnt/adis/public/notification/outbreaks-current-year-report,"Official ADIS current-year report; individual outbreak date/location not always available in public detail; mapped to affected municipality/area centroid for visualization; geocoding correction v245: municipality centroid matched to Varzi (Pavia); previous coordinates 44.83530,9.18500; match=municipality_region."
IT-ASF-2026-00043,ADIS,A.S.F. in wild boar,Peste suina africana,Confermato,Suino / cinghiale,swine,2026-07-08,2026-07-08,Italy,Lombardia,Voghera,44.992840,9.008593,https://webgate.ec.europa.eu/tracesnt/adis/public/notification/outbreaks-current-year-report,"Official ADIS current-year report; individual outbreak date/location not always available in public detail; mapped to affected municipality/area centroid for visualization; geocoding correction v245: municipality centroid matched to Voghera (Pavia); previous coordinates 45.00790,9.00990; match=municipality_region."
IT-ASF-2026-00044,ADIS,A.S.F. in wild boar,Peste suina africana,Confermato,Suino / cinghiale,swine,2026-07-08,2026-07-08,Italy,Lombardia,Godiasco Salice Terme,44.890183,9.065673,https://webgate.ec.europa.eu/tracesnt/adis/public/notification/outbreaks-current-year-report,"Official ADIS current-year report; individual outbreak date/location not always available in public detail; mapped to affected municipality/area centroid for visualization; geocoding correction v245: municipality centroid matched to Godiasco Salice Terme (Pavia); previous coordinates 44.91610,9.06830; match=municipality_region."
IT-ASF-2026-00045,ADIS,A.S.F. in wild boar,Peste suina africana,Confermato,Suino / cinghiale,swine,2026-07-08,2026-07-08,Italy,Lombardia,Casteggio,45.014114,9.123578,https://webgate.ec.europa.eu/tracesnt/adis/public/notification/outbreaks-current-year-report,"Official ADIS current-year report; individual outbreak date/location not always available in public detail; mapped to affected municipality/area centroid for visualization; geocoding correction v245: municipality centroid matched to Casteggio (Pavia); previous coordinates 44.99410,9.10500; match=municipality_region."
IT-ASF-2026-00046,ADIS,A.S.F. in wild boar,Peste suina africana,Confermato,Suino / cinghiale,swine,2026-07-08,2026-07-08,Italy,Piemonte,Ovada,44.638346,8.645250,https://webgate.ec.europa.eu/tracesnt/adis/public/notification/outbreaks-current-year-report,"Official ADIS current-year report; individual outbreak date/location not always available in public detail; mapped to affected municipality/area centroid for visualization; geocoding correction v245: municipality centroid matched to Ovada (Alessandria); previous coordinates 44.62130,8.63860; match=municipality_region."
IT-ASF-2026-00047,ADIS,A.S.F. in wild boar,Peste suina africana,Confermato,Suino / cinghiale,swine,2026-07-08,2026-07-08,Italy,Piemonte,Acqui Terme,44.675145,8.467546,https://webgate.ec.europa.eu/tracesnt/adis/public/notification/outbreaks-current-year-report,"Official ADIS current-year report; individual outbreak date/location not always available in public detail; mapped to affected municipality/area centroid for visualization; geocoding correction v245: municipality centroid matched to Acqui Terme (Alessandria); previous coordinates 44.66340,8.47370; match=municipality_region."
IT-ASF-2026-00048,ADIS,A.S.F. in wild boar,Peste suina africana,Confermato,Suino / cinghiale,swine,2026-07-08,2026-07-08,Italy,Piemonte,Ponzone,44.588185,8.458654,https://webgate.ec.europa.eu/tracesnt/adis/public/notification/outbreaks-current-year-report,"Official ADIS current-year report; individual outbreak date/location not always available in public detail; mapped to affected municipality/area centroid for visualization; geocoding correction v245: municipality centroid matched to Ponzone (Alessandria); previous coordinates 44.58020,8.47580; match=municipality_region."
IT-ASF-2026-00049,ADIS,A.S.F. in wild boar,Peste suina africana,Confermato,Suino / cinghiale,swine,2026-07-08,2026-07-08,Italy,Piemonte,Molare,44.618645,8.600550,https://webgate.ec.europa.eu/tracesnt/adis/public/notification/outbreaks-current-year-report,"Official ADIS current-year report; individual outbreak date/location not always available in public detail; mapped to affected municipality/area centroid for visualization; geocoding correction v245: municipality centroid matched to Molare (Alessandria); previous coordinates 44.61820,8.58570; match=municipality_region."
IT-ASF-2026-00050,ADIS,A.S.F. in wild boar,Peste suina africana,Confermato,Suino / cinghiale,swine,2026-07-08,2026-07-08,Italy,Piemonte,Arquata Scrivia,44.687845,8.885338,https://webgate.ec.europa.eu/tracesnt/adis/public/notification/outbreaks-current-year-report,"Official ADIS current-year report; individual outbreak date/location not always available in public detail; mapped to affected municipality/area centroid for visualization; geocoding correction v245: municipality centroid matched to Arquata Scrivia (Alessandria); previous coordinates 44.68880,8.88650; match=municipality_region."
IT-ASF-2026-00051,ADIS,A.S.F. in wild boar,Peste suina africana,Confermato,Suino / cinghiale,swine,2026-07-08,2026-07-08,Italy,Piemonte,Gavi,44.687649,8.809353,https://webgate.ec.europa.eu/tracesnt/adis/public/notification/outbreaks-current-year-report,"Official ADIS current-year report; individual outbreak date/location not always available in public detail; mapped to affected municipality/area centroid for visualization; geocoding correction v245: municipality centroid matched to Gavi (Alessandria); previous coordinates 44.69000,8.81070; match=municipality_region."
IT-ASF-2026-00052,ADIS,A.S.F. in wild boar,Peste suina africana,Confermato,Suino / cinghiale,swine,2026-07-08,2026-07-08,Italy,Piemonte,Cassinelle,44.601544,8.563449,https://webgate.ec.europa.eu/tracesnt/adis/public/notification/outbreaks-current-year-report,"Official ADIS current-year report; individual outbreak date/location not always available in public detail; mapped to affected municipality/area centroid for visualization; geocoding correction v245: municipality centroid matched to Cassinelle (Alessandria); previous coordinates 44.61080,8.58320; match=municipality_region."
IT-ASF-2026-00053,ADIS,A.S.F. in wild boar,Peste suina africana,Confermato,Suino / cinghiale,swine,2026-07-08,2026-07-08,Italy,Piemonte,Spigno Monferrato,44.543141,8.333946,https://webgate.ec.europa.eu/tracesnt/adis/public/notification/outbreaks-current-year-report,"Official ADIS current-year report; individual outbreak date/location not always available in public detail; mapped to affected municipality/area centroid for visualization; geocoding correction v245: municipality centroid matched to Spigno Monferrato (Alessandria); previous coordinates 44.55340,8.32100; match=municipality_region."
IT-ASF-2026-00054,ADIS,A.S.F. in wild boar,Peste suina africana,Confermato,Suino / cinghiale,swine,2026-07-08,2026-07-08,Italy,Piemonte,Carrega Ligure,44.619046,9.175637,https://webgate.ec.europa.eu/tracesnt/adis/public/notification/outbreaks-current-year-report,"Official ADIS current-year report; individual outbreak date/location not always available in public detail; mapped to affected municipality/area centroid for visualization; geocoding correction v245: municipality centroid matched to Carrega Ligure (Alessandria); previous coordinates 44.67610,9.18580; match=municipality_region."
IT-ASF-2026-00055,ADIS,A.S.F. in wild boar,Peste suina africana,Confermato,Suino / cinghiale,swine,2026-07-08,2026-07-08,Italy,Piemonte,Serravalle Scrivia,44.725580,8.854700,https://webgate.ec.europa.eu/tracesnt/adis/public/notification/outbreaks-current-year-report,"Official ADIS current-year report; individual outbreak date/location not always available in public detail; mapped to affected municipality/area centroid for visualization; geocoding correction v245: municipality centroid matched to Serravalle Scrivia (Alessandria); previous coordinates 44.74260,8.86900; match=municipality_region."
IT-ASF-2026-00056,ADIS,A.S.F. in wild boar,Peste suina africana,Confermato,Suino / cinghiale,swine,2026-07-08,2026-07-08,Italy,Liguria,Genova,44.407260,8.933862,https://webgate.ec.europa.eu/tracesnt/adis/public/notification/outbreaks-current-year-report,"Official ADIS current-year report; individual outbreak date/location not always available in public detail; mapped to affected municipality/area centroid for visualization; geocoding correction v245: municipality centroid matched to Genova (Genova); previous coordinates 44.38480,8.92440; match=municipality_region."
IT-ASF-2026-00057,ADIS,A.S.F. in wild boar,Peste suina africana,Confermato,Suino / cinghiale,swine,2026-07-08,2026-07-08,Italy,Liguria,Rapallo,44.351147,9.229671,https://webgate.ec.europa.eu/tracesnt/adis/public/notification/outbreaks-current-year-report,"Official ADIS current-year report; individual outbreak date/location not always available in public detail; mapped to affected municipality/area centroid for visualization; geocoding correction v245: municipality centroid matched to Rapallo (Genova); previous coordinates 44.33360,9.22000; match=municipality_region."
IT-ASF-2026-00058,ADIS,A.S.F. in wild boar,Peste suina africana,Confermato,Suino / cinghiale,swine,2026-07-08,2026-07-08,Italy,Liguria,Chiavari,44.316449,9.323338,https://webgate.ec.europa.eu/tracesnt/adis/public/notification/outbreaks-current-year-report,"Official ADIS current-year report; individual outbreak date/location not always available in public detail; mapped to affected municipality/area centroid for visualization; geocoding correction v245: municipality centroid matched to Chiavari (Genova); previous coordinates 44.30570,9.32640; match=municipality_region."
IT-ASF-2026-00059,ADIS,A.S.F. in wild boar,Peste suina africana,Confermato,Suino / cinghiale,swine,2026-07-08,2026-07-08,Italy,Liguria,Busalla,44.573483,8.943300,https://webgate.ec.europa.eu/tracesnt/adis/public/notification/outbreaks-current-year-report,"Official ADIS current-year report; individual outbreak date/location not always available in public detail; mapped to affected municipality/area centroid for visualization; geocoding correction v245: municipality centroid matched to Busalla (Genova); previous coordinates 44.56210,8.96250; match=municipality_region."
IT-ASF-2026-00060,ADIS,A.S.F. in wild boar,Peste suina africana,Confermato,Suino / cinghiale,swine,2026-07-08,2026-07-08,Italy,Liguria,Mignanego,44.548330,8.915657,https://webgate.ec.europa.eu/tracesnt/adis/public/notification/outbreaks-current-year-report,"Official ADIS current-year report; individual outbreak date/location not always available in public detail; mapped to affected municipality/area centroid for visualization; geocoding correction v245: municipality centroid matched to Mignanego (Genova); previous coordinates 44.52250,8.89840; match=municipality_region."
IT-ASF-2026-00061,ADIS,A.S.F. in wild boar,Peste suina africana,Confermato,Suino / cinghiale,swine,2026-07-08,2026-07-08,Italy,Liguria,Montoggio,44.515436,9.044274,https://webgate.ec.europa.eu/tracesnt/adis/public/notification/outbreaks-current-year-report,"Official ADIS current-year report; individual outbreak date/location not always available in public detail; mapped to affected municipality/area centroid for visualization; geocoding correction v245: municipality centroid matched to Montoggio (Genova); previous coordinates 44.51750,9.04470; match=municipality_region."
IT-ASF-2026-00062,ADIS,A.S.F. in wild boar,Peste suina africana,Confermato,Suino / cinghiale,swine,2026-07-08,2026-07-08,Italy,Liguria,Rossiglione,44.563961,8.668513,https://webgate.ec.europa.eu/tracesnt/adis/public/notification/outbreaks-current-year-report,"Official ADIS current-year report; individual outbreak date/location not always available in public detail; mapped to affected municipality/area centroid for visualization; geocoding correction v245: municipality centroid matched to Rossiglione (Genova); previous coordinates 44.56780,8.68040; match=municipality_region."
IT-ASF-2026-00063,ADIS,A.S.F. in wild boar,Peste suina africana,Confermato,Suino / cinghiale,swine,2026-07-08,2026-07-08,Italy,Liguria,Masone,44.501336,8.716348,https://webgate.ec.europa.eu/tracesnt/adis/public/notification/outbreaks-current-year-report,"Official ADIS current-year report; individual outbreak date/location not always available in public detail; mapped to affected municipality/area centroid for visualization; geocoding correction v245: municipality centroid matched to Masone (Genova); previous coordinates 44.50970,8.73950; match=municipality_region."
IT-ASF-2026-00064,ADIS,A.S.F. in wild boar,Peste suina africana,Confermato,Suino / cinghiale,swine,2026-07-08,2026-07-08,Italy,Liguria,Savignone,44.564143,8.989596,https://webgate.ec.europa.eu/tracesnt/adis/public/notification/outbreaks-current-year-report,"Official ADIS current-year report; individual outbreak date/location not always available in public detail; mapped to affected municipality/area centroid for visualization; geocoding correction v245: municipality centroid matched to Savignone (Genova); previous coordinates 44.57630,8.97520; match=municipality_region."
IT-ASF-2026-00065,ADIS,A.S.F. in wild boar,Peste suina africana,Confermato,Suino / cinghiale,swine,2026-07-08,2026-07-08,Italy,Liguria,Arenzano,44.402518,8.683132,https://webgate.ec.europa.eu/tracesnt/adis/public/notification/outbreaks-current-year-report,"Official ADIS current-year report; individual outbreak date/location not always available in public detail; mapped to affected municipality/area centroid for visualization; geocoding correction v245: municipality centroid matched to Arenzano (Genova); previous coordinates 44.42170,8.68340; match=municipality_region."
IT-ASF-2026-00066,ADIS,A.S.F. in wild boar,Peste suina africana,Confermato,Suino / cinghiale,swine,2026-07-08,2026-07-08,Italy,Emilia-Romagna,Collagna,44.36700,10.28600,https://webgate.ec.europa.eu/tracesnt/adis/public/notification/outbreaks-current-year-report,Official ADIS current-year report; individual outbreak date/location not always available in public detail; mapped to affected municipality/area centroid for visualization
IT-ASF-2026-00067,ADIS,A.S.F. in wild boar,Peste suina africana,Confermato,Suino / cinghiale,swine,2026-07-08,2026-07-08,Italy,Emilia-Romagna,Busana,44.34770,10.30040,https://webgate.ec.europa.eu/tracesnt/adis/public/notification/outbreaks-current-year-report,Official ADIS current-year report; individual outbreak date/location not always available in public detail; mapped to affected municipality/area centroid for visualization
IT-ASF-2026-00068,ADIS,A.S.F. in wild boar,Peste suina africana,Confermato,Suino / cinghiale,swine,2026-07-08,2026-07-08,Italy,Emilia-Romagna,Monchio delle Corti,44.412955,10.124190,https://webgate.ec.europa.eu/tracesnt/adis/public/notification/outbreaks-current-year-report,"Official ADIS current-year report; individual outbreak date/location not always available in public detail; mapped to affected municipality/area centroid for visualization; geocoding correction v245: municipality centroid matched to Monchio delle Corti (Parma); previous coordinates 44.39310,10.11630; match=municipality_region."
IT-ASF-2026-00069,ADIS,A.S.F. in wild boar,Peste suina africana,Confermato,Suino / cinghiale,swine,2026-07-08,2026-07-08,Italy,Emilia-Romagna,Ligonchio,44.30400,10.34200,https://webgate.ec.europa.eu/tracesnt/adis/public/notification/outbreaks-current-year-report,Official ADIS current-year report; individual outbreak date/location not always available in public detail; mapped to affected municipality/area centroid for visualization
IT-ASF-2026-00070,ADIS,A.S.F. in wild boar,Peste suina africana,Confermato,Suino / cinghiale,swine,2026-07-08,2026-07-08,Italy,Emilia-Romagna,Felino,44.696587,10.237205,https://webgate.ec.europa.eu/tracesnt/adis/public/notification/outbreaks-current-year-report,"Official ADIS current-year report; individual outbreak date/location not always available in public detail; mapped to affected municipality/area centroid for visualization; geocoding correction v245: municipality centroid matched to Felino (Parma); previous coordinates 44.68430,10.25700; match=municipality_region."
IT-ASF-2026-00071,ADIS,A.S.F. in wild boar,Peste suina africana,Confermato,Suino / cinghiale,swine,2026-07-08,2026-07-08,Italy,Emilia-Romagna,Langhirano,44.613064,10.266114,https://webgate.ec.europa.eu/tracesnt/adis/public/notification/outbreaks-current-year-report,"Official ADIS current-year report; individual outbreak date/location not always available in public detail; mapped to affected municipality/area centroid for visualization; geocoding correction v245: municipality centroid matched to Langhirano (Parma); previous coordinates 44.60840,10.25000; match=municipality_region."
IT-ASF-2026-00072,ADIS,A.S.F. in wild boar,Peste suina africana,Confermato,Suino / cinghiale,swine,2026-07-08,2026-07-08,Italy,Emilia-Romagna,Rivergaro,44.910251,9.596521,https://webgate.ec.europa.eu/tracesnt/adis/public/notification/outbreaks-current-year-report,"Official ADIS current-year report; individual outbreak date/location not always available in public detail; mapped to affected municipality/area centroid for visualization; geocoding correction v245: municipality centroid matched to Rivergaro (Piacenza); previous coordinates 44.91130,9.59300; match=municipality_region."
IT-ASF-2026-00073,ADIS,A.S.F. in wild boar,Peste suina africana,Confermato,Suino / cinghiale,swine,2026-07-08,2026-07-08,Italy,Emilia-Romagna,Medesano,44.756699,10.140737,https://webgate.ec.europa.eu/tracesnt/adis/public/notification/outbreaks-current-year-report,"Official ADIS current-year report; individual outbreak date/location not always available in public detail; mapped to affected municipality/area centroid for visualization; geocoding correction v245: municipality centroid matched to Medesano (Parma); previous coordinates 44.76050,10.14800; match=municipality_region."
IT-ASF-2026-00074,ADIS,A.S.F. in wild boar,Peste suina africana,Confermato,Suino / cinghiale,swine,2026-07-08,2026-07-08,Italy,Emilia-Romagna,Bardi,44.632211,9.731203,https://webgate.ec.europa.eu/tracesnt/adis/public/notification/outbreaks-current-year-report,"Official ADIS current-year report; individual outbreak date/location not always available in public detail; mapped to affected municipality/area centroid for visualization; geocoding correction v245: municipality centroid matched to Bardi (Parma); previous coordinates 44.64030,9.75230; match=municipality_region."
IT-ASF-2026-00075,ADIS,A.S.F. in wild boar,Peste suina africana,Confermato,Suino / cinghiale,swine,2026-07-08,2026-07-08,Italy,Emilia-Romagna,Bobbio,44.769273,9.386281,https://webgate.ec.europa.eu/tracesnt/adis/public/notification/outbreaks-current-year-report,"Official ADIS current-year report; individual outbreak date/location not always available in public detail; mapped to affected municipality/area centroid for visualization; geocoding correction v245: municipality centroid matched to Bobbio (Piacenza); previous coordinates 44.78120,9.37380; match=municipality_region."
IT-ASF-2026-00076,ADIS,A.S.F. in wild boar,Peste suina africana,Confermato,Suino / cinghiale,swine,2026-07-08,2026-07-08,Italy,Toscana,Comano,44.293540,10.131165,https://webgate.ec.europa.eu/tracesnt/adis/public/notification/outbreaks-current-year-report,"Official ADIS current-year report; individual outbreak date/location not always available in public detail; mapped to affected municipality/area centroid for visualization; geocoding correction v245: municipality centroid matched to Comano (Massa-Carrara); previous coordinates 44.30940,10.13110; match=municipality_region."
IT-ASF-2026-00077,ADIS,A.S.F. in wild boar,Peste suina africana,Confermato,Suino / cinghiale,swine,2026-07-08,2026-07-08,Italy,Toscana,Bagnone,44.314739,9.994655,https://webgate.ec.europa.eu/tracesnt/adis/public/notification/outbreaks-current-year-report,"Official ADIS current-year report; individual outbreak date/location not always available in public detail; mapped to affected municipality/area centroid for visualization; geocoding correction v245: municipality centroid matched to Bagnone (Massa-Carrara); previous coordinates 44.33500,10.00700; match=municipality_region."
IT-ASF-2026-00078,ADIS,A.S.F. in wild boar,Peste suina africana,Confermato,Suino / cinghiale,swine,2026-07-08,2026-07-08,Italy,Toscana,Fivizzano,44.238350,10.125990,https://webgate.ec.europa.eu/tracesnt/adis/public/notification/outbreaks-current-year-report,"Official ADIS current-year report; individual outbreak date/location not always available in public detail; mapped to affected municipality/area centroid for visualization; geocoding correction v245: municipality centroid matched to Fivizzano (Massa-Carrara); previous coordinates 44.21780,10.10650; match=municipality_region."
IT-ASF-2026-00079,ADIS,A.S.F. in wild boar,Peste suina africana,Confermato,Suino / cinghiale,swine,2026-07-08,2026-07-08,Italy,Toscana,Barga,44.073918,10.484263,https://webgate.ec.europa.eu/tracesnt/adis/public/notification/outbreaks-current-year-report,"Official ADIS current-year report; individual outbreak date/location not always available in public detail; mapped to affected municipality/area centroid for visualization; geocoding correction v245: municipality centroid matched to Barga (Lucca); previous coordinates 44.05710,10.47250; match=municipality_region."
IT-ASF-2026-00080,ADIS,A.S.F. in wild boar,Peste suina africana,Confermato,Suino / cinghiale,swine,2026-07-08,2026-07-08,Italy,Toscana,Licciana Nardi,44.264900,10.038437,https://webgate.ec.europa.eu/tracesnt/adis/public/notification/outbreaks-current-year-report,"Official ADIS current-year report; individual outbreak date/location not always available in public detail; mapped to affected municipality/area centroid for visualization; geocoding correction v245: municipality centroid matched to Licciana Nardi (Massa-Carrara); previous coordinates 44.25290,10.04270; match=municipality_region."
IT-ASF-2026-00081,ADIS,A.S.F. in wild boar,Peste suina africana,Confermato,Suino / cinghiale,swine,2026-07-08,2026-07-08,Italy,Toscana,San Marcello Pistoiese,44.04760,10.80660,https://webgate.ec.europa.eu/tracesnt/adis/public/notification/outbreaks-current-year-report,Official ADIS current-year report; individual outbreak date/location not always available in public detail; mapped to affected municipality/area centroid for visualization
IT-ASF-2026-00082,ADIS,A.S.F. in wild boar,Peste suina africana,Confermato,Suino / cinghiale,swine,2026-07-08,2026-07-08,Italy,Toscana,Pontremoli,44.375151,9.878882,https://webgate.ec.europa.eu/tracesnt/adis/public/notification/outbreaks-current-year-report,"Official ADIS current-year report; individual outbreak date/location not always available in public detail; mapped to affected municipality/area centroid for visualization; geocoding correction v245: municipality centroid matched to Pontremoli (Massa-Carrara); previous coordinates 44.37120,9.86340; match=municipality_region."
IT-ASF-2026-00083,ADIS,A.S.F. in wild boar,Peste suina africana,Confermato,Suino / cinghiale,swine,2026-07-08,2026-07-08,Italy,Toscana,Mulazzo,44.315926,9.889626,https://webgate.ec.europa.eu/tracesnt/adis/public/notification/outbreaks-current-year-report,"Official ADIS current-year report; individual outbreak date/location not always available in public detail; mapped to affected municipality/area centroid for visualization; geocoding correction v245: municipality centroid matched to Mulazzo (Massa-Carrara); previous coordinates 44.31070,9.88790; match=municipality_region."
IT-ASF-2026-00084,ADIS,A.S.F. in wild boar,Peste suina africana,Confermato,Suino / cinghiale,swine,2026-07-08,2026-07-08,Italy,Toscana,Aulla,44.214548,9.967787,https://webgate.ec.europa.eu/tracesnt/adis/public/notification/outbreaks-current-year-report,"Official ADIS current-year report; individual outbreak date/location not always available in public detail; mapped to affected municipality/area centroid for visualization; geocoding correction v245: municipality centroid matched to Aulla (Massa-Carrara); previous coordinates 44.21060,9.97600; match=municipality_region."
IT-ASF-2026-00085,ADIS,A.S.F. in wild boar,Peste suina africana,Confermato,Suino / cinghiale,swine,2026-07-08,2026-07-08,Italy,Toscana,Villafranca in Lunigiana,44.294670,9.949656,https://webgate.ec.europa.eu/tracesnt/adis/public/notification/outbreaks-current-year-report,"Official ADIS current-year report; individual outbreak date/location not always available in public detail; mapped to affected municipality/area centroid for visualization; geocoding correction v245: municipality centroid matched to Villafranca in Lunigiana (Massa-Carrara); previous coordinates 44.30020,9.97240; match=municipality_region."
IT-ASF-2026-00086,ADIS,A.S.F. in wild boar,Peste suina africana,Confermato,Suino / cinghiale,swine,2026-07-08,2026-07-08,Italy,Lombardia,Pavia,45.036855,9.137825,https://webgate.ec.europa.eu/tracesnt/adis/public/notification/outbreaks-current-year-report,"Official ADIS current-year report; individual outbreak date/location not always available in public detail; mapped to affected municipality/area centroid for visualization; geocoding correction v245: municipality centroid matched to Pavia (Pavia); previous coordinates 45.19670,9.14620; match=municipality_region."
IT-ASF-2026-00087,ADIS,A.S.F. in wild boar,Peste suina africana,Confermato,Suino / cinghiale,swine,2026-07-08,2026-07-08,Italy,Lombardia,Varzi,44.823540,9.196904,https://webgate.ec.europa.eu/tracesnt/adis/public/notification/outbreaks-current-year-report,"Official ADIS current-year report; individual outbreak date/location not always available in public detail; mapped to affected municipality/area centroid for visualization; geocoding correction v245: municipality centroid matched to Varzi (Pavia); previous coordinates 44.83930,9.19700; match=municipality_region."
IT-ASF-2026-00088,ADIS,A.S.F. in wild boar,Peste suina africana,Confermato,Suino / cinghiale,swine,2026-07-08,2026-07-08,Italy,Lombardia,Voghera,44.992840,9.008593,https://webgate.ec.europa.eu/tracesnt/adis/public/notification/outbreaks-current-year-report,"Official ADIS current-year report; individual outbreak date/location not always available in public detail; mapped to affected municipality/area centroid for visualization; geocoding correction v245: municipality centroid matched to Voghera (Pavia); previous coordinates 45.01190,9.02190; match=municipality_region."
IT-ASF-2026-00089,ADIS,A.S.F. in wild boar,Peste suina africana,Confermato,Suino / cinghiale,swine,2026-07-08,2026-07-08,Italy,Lombardia,Godiasco Salice Terme,44.890183,9.065673,https://webgate.ec.europa.eu/tracesnt/adis/public/notification/outbreaks-current-year-report,"Official ADIS current-year report; individual outbreak date/location not always available in public detail; mapped to affected municipality/area centroid for visualization; geocoding correction v245: municipality centroid matched to Godiasco Salice Terme (Pavia); previous coordinates 44.87610,9.03630; match=municipality_region."
IT-ASF-2026-00090,ADIS,A.S.F. in wild boar,Peste suina africana,Confermato,Suino / cinghiale,swine,2026-07-08,2026-07-08,Italy,Lombardia,Casteggio,45.014114,9.123578,https://webgate.ec.europa.eu/tracesnt/adis/public/notification/outbreaks-current-year-report,"Official ADIS current-year report; individual outbreak date/location not always available in public detail; mapped to affected municipality/area centroid for visualization; geocoding correction v245: municipality centroid matched to Casteggio (Pavia); previous coordinates 44.99810,9.11700; match=municipality_region."
IT-ASF-2026-00091,ADIS,A.S.F. in wild boar,Peste suina africana,Confermato,Suino / cinghiale,swine,2026-07-08,2026-07-08,Italy,Piemonte,Ovada,44.638346,8.645250,https://webgate.ec.europa.eu/tracesnt/adis/public/notification/outbreaks-current-year-report,"Official ADIS current-year report; individual outbreak date/location not always available in public detail; mapped to affected municipality/area centroid for visualization; geocoding correction v245: municipality centroid matched to Ovada (Alessandria); previous coordinates 44.62530,8.65060; match=municipality_region."
IT-ASF-2026-00092,ADIS,A.S.F. in wild boar,Peste suina africana,Confermato,Suino / cinghiale,swine,2026-07-08,2026-07-08,Italy,Piemonte,Acqui Terme,44.675145,8.467546,https://webgate.ec.europa.eu/tracesnt/adis/public/notification/outbreaks-current-year-report,"Official ADIS current-year report; individual outbreak date/location not always available in public detail; mapped to affected municipality/area centroid for visualization; geocoding correction v245: municipality centroid matched to Acqui Terme (Alessandria); previous coordinates 44.66740,8.48570; match=municipality_region."
IT-ASF-2026-00093,ADIS,A.S.F. in wild boar,Peste suina africana,Confermato,Suino / cinghiale,swine,2026-07-08,2026-07-08,Italy,Piemonte,Ponzone,44.588185,8.458654,https://webgate.ec.europa.eu/tracesnt/adis/public/notification/outbreaks-current-year-report,"Official ADIS current-year report; individual outbreak date/location not always available in public detail; mapped to affected municipality/area centroid for visualization; geocoding correction v245: municipality centroid matched to Ponzone (Alessandria); previous coordinates 44.58420,8.44380; match=municipality_region."
IT-ASF-2026-00094,ADIS,A.S.F. in wild boar,Peste suina africana,Confermato,Suino / cinghiale,swine,2026-07-08,2026-07-08,Italy,Piemonte,Molare,44.618645,8.600550,https://webgate.ec.europa.eu/tracesnt/adis/public/notification/outbreaks-current-year-report,"Official ADIS current-year report; individual outbreak date/location not always available in public detail; mapped to affected municipality/area centroid for visualization; geocoding correction v245: municipality centroid matched to Molare (Alessandria); previous coordinates 44.62220,8.59770; match=municipality_region."
IT-ASF-2026-00095,ADIS,A.S.F. in wild boar,Peste suina africana,Confermato,Suino / cinghiale,swine,2026-07-08,2026-07-08,Italy,Piemonte,Arquata Scrivia,44.687845,8.885338,https://webgate.ec.europa.eu/tracesnt/adis/public/notification/outbreaks-current-year-report,"Official ADIS current-year report; individual outbreak date/location not always available in public detail; mapped to affected municipality/area centroid for visualization; geocoding correction v245: municipality centroid matched to Arquata Scrivia (Alessandria); previous coordinates 44.69280,8.89850; match=municipality_region."
IT-ASF-2026-00096,ADIS,A.S.F. in wild boar,Peste suina africana,Confermato,Suino / cinghiale,swine,2026-07-08,2026-07-08,Italy,Piemonte,Gavi,44.687649,8.809353,https://webgate.ec.europa.eu/tracesnt/adis/public/notification/outbreaks-current-year-report,"Official ADIS current-year report; individual outbreak date/location not always available in public detail; mapped to affected municipality/area centroid for visualization; geocoding correction v245: municipality centroid matched to Gavi (Alessandria); previous coordinates 44.69400,8.82270; match=municipality_region."
IT-ASF-2026-00097,ADIS,A.S.F. in wild boar,Peste suina africana,Confermato,Suino / cinghiale,swine,2026-07-08,2026-07-08,Italy,Piemonte,Cassinelle,44.601544,8.563449,https://webgate.ec.europa.eu/tracesnt/adis/public/notification/outbreaks-current-year-report,"Official ADIS current-year report; individual outbreak date/location not always available in public detail; mapped to affected municipality/area centroid for visualization; geocoding correction v245: municipality centroid matched to Cassinelle (Alessandria); previous coordinates 44.61480,8.55120; match=municipality_region."
IT-ASF-2026-00098,ADIS,A.S.F. in wild boar,Peste suina africana,Confermato,Suino / cinghiale,swine,2026-07-08,2026-07-08,Italy,Piemonte,Spigno Monferrato,44.543141,8.333946,https://webgate.ec.europa.eu/tracesnt/adis/public/notification/outbreaks-current-year-report,"Official ADIS current-year report; individual outbreak date/location not always available in public detail; mapped to affected municipality/area centroid for visualization; geocoding correction v245: municipality centroid matched to Spigno Monferrato (Alessandria); previous coordinates 44.55740,8.33300; match=municipality_region."
IT-ASF-2026-00099,ADIS,A.S.F. in wild boar,Peste suina africana,Confermato,Suino / cinghiale,swine,2026-07-08,2026-07-08,Italy,Piemonte,Carrega Ligure,44.619046,9.175637,https://webgate.ec.europa.eu/tracesnt/adis/public/notification/outbreaks-current-year-report,"Official ADIS current-year report; individual outbreak date/location not always available in public detail; mapped to affected municipality/area centroid for visualization; geocoding correction v245: municipality centroid matched to Carrega Ligure (Alessandria); previous coordinates 44.68010,9.19780; match=municipality_region."
IT-ASF-2026-00100,ADIS,A.S.F. in wild boar,Peste suina africana,Confermato,Suino / cinghiale,swine,2026-07-08,2026-07-08,Italy,Piemonte,Serravalle Scrivia,44.725580,8.854700,https://webgate.ec.europa.eu/tracesnt/adis/public/notification/outbreaks-current-year-report,"Official ADIS current-year report; individual outbreak date/location not always available in public detail; mapped to affected municipality/area centroid for visualization; geocoding correction v245: municipality centroid matched to Serravalle Scrivia (Alessandria); previous coordinates 44.70260,8.83700; match=municipality_region."
IT-ASF-2026-00101,ADIS,A.S.F. in wild boar,Peste suina africana,Confermato,Suino / cinghiale,swine,2026-07-08,2026-07-08,Italy,Liguria,Genova,44.407260,8.933862,https://webgate.ec.europa.eu/tracesnt/adis/public/notification/outbreaks-current-year-report,"Official ADIS current-year report; individual outbreak date/location not always available in public detail; mapped to affected municipality/area centroid for visualization; geocoding correction v245: municipality centroid matched to Genova (Genova); previous coordinates 44.38880,8.93640; match=municipality_region."
IT-ASF-2026-00102,ADIS,A.S.F. in wild boar,Peste suina africana,Confermato,Suino / cinghiale,swine,2026-07-08,2026-07-08,Italy,Liguria,Rapallo,44.351147,9.229671,https://webgate.ec.europa.eu/tracesnt/adis/public/notification/outbreaks-current-year-report,"Official ADIS current-year report; individual outbreak date/location not always available in public detail; mapped to affected municipality/area centroid for visualization; geocoding correction v245: municipality centroid matched to Rapallo (Genova); previous coordinates 44.33760,9.23200; match=municipality_region."
IT-ASF-2026-00103,ADIS,A.S.F. in wild boar,Peste suina africana,Confermato,Suino / cinghiale,swine,2026-07-08,2026-07-08,Italy,Liguria,Chiavari,44.316449,9.323338,https://webgate.ec.europa.eu/tracesnt/adis/public/notification/outbreaks-current-year-report,"Official ADIS current-year report; individual outbreak date/location not always available in public detail; mapped to affected municipality/area centroid for visualization; geocoding correction v245: municipality centroid matched to Chiavari (Genova); previous coordinates 44.30970,9.33840; match=municipality_region."
IT-ASF-2026-00104,ADIS,A.S.F. in wild boar,Peste suina africana,Confermato,Suino / cinghiale,swine,2026-07-08,2026-07-08,Italy,Liguria,Busalla,44.573483,8.943300,https://webgate.ec.europa.eu/tracesnt/adis/public/notification/outbreaks-current-year-report,"Official ADIS current-year report; individual outbreak date/location not always available in public detail; mapped to affected municipality/area centroid for visualization; geocoding correction v245: municipality centroid matched to Busalla (Genova); previous coordinates 44.56610,8.93050; match=municipality_region."
IT-ASF-2026-00105,ADIS,A.S.F. in wild boar,Peste suina africana,Confermato,Suino / cinghiale,swine,2026-07-08,2026-07-08,Italy,Liguria,Mignanego,44.548330,8.915657,https://webgate.ec.europa.eu/tracesnt/adis/public/notification/outbreaks-current-year-report,"Official ADIS current-year report; individual outbreak date/location not always available in public detail; mapped to affected municipality/area centroid for visualization; geocoding correction v245: municipality centroid matched to Mignanego (Genova); previous coordinates 44.52650,8.91040; match=municipality_region."
IT-ASF-2026-00106,ADIS,A.S.F. in wild boar,Peste suina africana,Confermato,Suino / cinghiale,swine,2026-07-08,2026-07-08,Italy,Liguria,Montoggio,44.515436,9.044274,https://webgate.ec.europa.eu/tracesnt/adis/public/notification/outbreaks-current-year-report,"Official ADIS current-year report; individual outbreak date/location not always available in public detail; mapped to affected municipality/area centroid for visualization; geocoding correction v245: municipality centroid matched to Montoggio (Genova); previous coordinates 44.52150,9.05670; match=municipality_region."
IT-ASF-2026-00107,ADIS,A.S.F. in wild boar,Peste suina africana,Confermato,Suino / cinghiale,swine,2026-07-08,2026-07-08,Italy,Liguria,Rossiglione,44.563961,8.668513,https://webgate.ec.europa.eu/tracesnt/adis/public/notification/outbreaks-current-year-report,"Official ADIS current-year report; individual outbreak date/location not always available in public detail; mapped to affected municipality/area centroid for visualization; geocoding correction v245: municipality centroid matched to Rossiglione (Genova); previous coordinates 44.57180,8.69240; match=municipality_region."
IT-ASF-2026-00108,ADIS,A.S.F. in wild boar,Peste suina africana,Confermato,Suino / cinghiale,swine,2026-07-08,2026-07-08,Italy,Liguria,Masone,44.501336,8.716348,https://webgate.ec.europa.eu/tracesnt/adis/public/notification/outbreaks-current-year-report,"Official ADIS current-year report; individual outbreak date/location not always available in public detail; mapped to affected municipality/area centroid for visualization; geocoding correction v245: municipality centroid matched to Masone (Genova); previous coordinates 44.51370,8.70750; match=municipality_region."
IT-ASF-2026-00109,ADIS,A.S.F. in wild boar,Peste suina africana,Confermato,Suino / cinghiale,swine,2026-07-08,2026-07-08,Italy,Liguria,Savignone,44.564143,8.989596,https://webgate.ec.europa.eu/tracesnt/adis/public/notification/outbreaks-current-year-report,"Official ADIS current-year report; individual outbreak date/location not always available in public detail; mapped to affected municipality/area centroid for visualization; geocoding correction v245: municipality centroid matched to Savignone (Genova); previous coordinates 44.58030,8.98720; match=municipality_region."
IT-ASF-2026-00110,ADIS,A.S.F. in wild boar,Peste suina africana,Confermato,Suino / cinghiale,swine,2026-07-08,2026-07-08,Italy,Liguria,Arenzano,44.402518,8.683132,https://webgate.ec.europa.eu/tracesnt/adis/public/notification/outbreaks-current-year-report,"Official ADIS current-year report; individual outbreak date/location not always available in public detail; mapped to affected municipality/area centroid for visualization; geocoding correction v245: municipality centroid matched to Arenzano (Genova); previous coordinates 44.42570,8.69540; match=municipality_region."
IT-ASF-2026-00111,ADIS,A.S.F. in wild boar,Peste suina africana,Confermato,Suino / cinghiale,swine,2026-07-08,2026-07-08,Italy,Emilia-Romagna,Collagna,44.32700,10.25400,https://webgate.ec.europa.eu/tracesnt/adis/public/notification/outbreaks-current-year-report,Official ADIS current-year report; individual outbreak date/location not always available in public detail; mapped to affected municipality/area centroid for visualization
IT-ASF-2026-00112,ADIS,A.S.F. in wild boar,Peste suina africana,Confermato,Suino / cinghiale,swine,2026-07-08,2026-07-08,Italy,Emilia-Romagna,Busana,44.35170,10.31240,https://webgate.ec.europa.eu/tracesnt/adis/public/notification/outbreaks-current-year-report,Official ADIS current-year report; individual outbreak date/location not always available in public detail; mapped to affected municipality/area centroid for visualization
IT-ASF-2026-00113,ADIS,A.S.F. in wild boar,Peste suina africana,Confermato,Suino / cinghiale,swine,2026-07-08,2026-07-08,Italy,Emilia-Romagna,Monchio delle Corti,44.412955,10.124190,https://webgate.ec.europa.eu/tracesnt/adis/public/notification/outbreaks-current-year-report,"Official ADIS current-year report; individual outbreak date/location not always available in public detail; mapped to affected municipality/area centroid for visualization; geocoding correction v245: municipality centroid matched to Monchio delle Corti (Parma); previous coordinates 44.39710,10.12830; match=municipality_region."
IT-ASF-2026-00114,ADIS,A.S.F. in wild boar,Peste suina africana,Confermato,Suino / cinghiale,swine,2026-07-08,2026-07-08,Italy,Emilia-Romagna,Ligonchio,44.30800,10.35400,https://webgate.ec.europa.eu/tracesnt/adis/public/notification/outbreaks-current-year-report,Official ADIS current-year report; individual outbreak date/location not always available in public detail; mapped to affected municipality/area centroid for visualization
IT-ASF-2026-00115,ADIS,A.S.F. in wild boar,Peste suina africana,Confermato,Suino / cinghiale,swine,2026-07-08,2026-07-08,Italy,Emilia-Romagna,Felino,44.696587,10.237205,https://webgate.ec.europa.eu/tracesnt/adis/public/notification/outbreaks-current-year-report,"Official ADIS current-year report; individual outbreak date/location not always available in public detail; mapped to affected municipality/area centroid for visualization; geocoding correction v245: municipality centroid matched to Felino (Parma); previous coordinates 44.68830,10.22500; match=municipality_region."
IT-ASF-2026-00116,ADIS,A.S.F. in wild boar,Peste suina africana,Confermato,Suino / cinghiale,swine,2026-07-08,2026-07-08,Italy,Emilia-Romagna,Langhirano,44.613064,10.266114,https://webgate.ec.europa.eu/tracesnt/adis/public/notification/outbreaks-current-year-report,"Official ADIS current-year report; individual outbreak date/location not always available in public detail; mapped to affected municipality/area centroid for visualization; geocoding correction v245: municipality centroid matched to Langhirano (Parma); previous coordinates 44.61240,10.26200; match=municipality_region."
IT-ASF-2026-00117,ADIS,A.S.F. in wild boar,Peste suina africana,Confermato,Suino / cinghiale,swine,2026-07-08,2026-07-08,Italy,Emilia-Romagna,Rivergaro,44.910251,9.596521,https://webgate.ec.europa.eu/tracesnt/adis/public/notification/outbreaks-current-year-report,"Official ADIS current-year report; individual outbreak date/location not always available in public detail; mapped to affected municipality/area centroid for visualization; geocoding correction v245: municipality centroid matched to Rivergaro (Piacenza); previous coordinates 44.91530,9.60500; match=municipality_region."
IT-ASF-2026-00118,ADIS,A.S.F. in wild boar,Peste suina africana,Confermato,Suino / cinghiale,swine,2026-07-08,2026-07-08,Italy,Emilia-Romagna,Medesano,44.756699,10.140737,https://webgate.ec.europa.eu/tracesnt/adis/public/notification/outbreaks-current-year-report,"Official ADIS current-year report; individual outbreak date/location not always available in public detail; mapped to affected municipality/area centroid for visualization; geocoding correction v245: municipality centroid matched to Medesano (Parma); previous coordinates 44.76450,10.16000; match=municipality_region."
IT-ASF-2026-00119,ADIS,A.S.F. in wild boar,Peste suina africana,Confermato,Suino / cinghiale,swine,2026-07-08,2026-07-08,Italy,Emilia-Romagna,Bardi,44.632211,9.731203,https://webgate.ec.europa.eu/tracesnt/adis/public/notification/outbreaks-current-year-report,"Official ADIS current-year report; individual outbreak date/location not always available in public detail; mapped to affected municipality/area centroid for visualization; geocoding correction v245: municipality centroid matched to Bardi (Parma); previous coordinates 44.64430,9.72030; match=municipality_region."
IT-ASF-2026-00120,ADIS,A.S.F. in wild boar,Peste suina africana,Confermato,Suino / cinghiale,swine,2026-07-08,2026-07-08,Italy,Emilia-Romagna,Bobbio,44.769273,9.386281,https://webgate.ec.europa.eu/tracesnt/adis/public/notification/outbreaks-current-year-report,"Official ADIS current-year report; individual outbreak date/location not always available in public detail; mapped to affected municipality/area centroid for visualization; geocoding correction v245: municipality centroid matched to Bobbio (Piacenza); previous coordinates 44.78520,9.38580; match=municipality_region."
IT-ASF-2026-00121,ADIS,A.S.F. in wild boar,Peste suina africana,Confermato,Suino / cinghiale,swine,2026-07-08,2026-07-08,Italy,Toscana,Comano,44.293540,10.131165,https://webgate.ec.europa.eu/tracesnt/adis/public/notification/outbreaks-current-year-report,"Official ADIS current-year report; individual outbreak date/location not always available in public detail; mapped to affected municipality/area centroid for visualization; geocoding correction v245: municipality centroid matched to Comano (Massa-Carrara); previous coordinates 44.31340,10.14310; match=municipality_region."
IT-ASF-2026-00122,ADIS,A.S.F. in wild boar,Peste suina africana,Confermato,Suino / cinghiale,swine,2026-07-08,2026-07-08,Italy,Toscana,Bagnone,44.314739,9.994655,https://webgate.ec.europa.eu/tracesnt/adis/public/notification/outbreaks-current-year-report,"Official ADIS current-year report; individual outbreak date/location not always available in public detail; mapped to affected municipality/area centroid for visualization; geocoding correction v245: municipality centroid matched to Bagnone (Massa-Carrara); previous coordinates 44.29500,9.97500; match=municipality_region."
IT-ASF-2026-00123,ADIS,A.S.F. in wild boar,Peste suina africana,Confermato,Suino / cinghiale,swine,2026-07-08,2026-07-08,Italy,Toscana,Fivizzano,44.238350,10.125990,https://webgate.ec.europa.eu/tracesnt/adis/public/notification/outbreaks-current-year-report,"Official ADIS current-year report; individual outbreak date/location not always available in public detail; mapped to affected municipality/area centroid for visualization; geocoding correction v245: municipality centroid matched to Fivizzano (Massa-Carrara); previous coordinates 44.22180,10.11850; match=municipality_region."
IT-ASF-2026-00124,ADIS,A.S.F. in wild boar,Peste suina africana,Confermato,Suino / cinghiale,swine,2026-07-08,2026-07-08,Italy,Toscana,Barga,44.073918,10.484263,https://webgate.ec.europa.eu/tracesnt/adis/public/notification/outbreaks-current-year-report,"Official ADIS current-year report; individual outbreak date/location not always available in public detail; mapped to affected municipality/area centroid for visualization; geocoding correction v245: municipality centroid matched to Barga (Lucca); previous coordinates 44.06110,10.48450; match=municipality_region."
IT-ASF-2026-00125,ADIS,A.S.F. in wild boar,Peste suina africana,Confermato,Suino / cinghiale,swine,2026-07-08,2026-07-08,Italy,Toscana,Licciana Nardi,44.264900,10.038437,https://webgate.ec.europa.eu/tracesnt/adis/public/notification/outbreaks-current-year-report,"Official ADIS current-year report; individual outbreak date/location not always available in public detail; mapped to affected municipality/area centroid for visualization; geocoding correction v245: municipality centroid matched to Licciana Nardi (Massa-Carrara); previous coordinates 44.25690,10.05470; match=municipality_region."
IT-ASF-2026-00126,ADIS,A.S.F. in wild boar,Peste suina africana,Confermato,Suino / cinghiale,swine,2026-07-08,2026-07-08,Italy,Toscana,San Marcello Pistoiese,44.05160,10.77460,https://webgate.ec.europa.eu/tracesnt/adis/public/notification/outbreaks-current-year-report,Official ADIS current-year report; individual outbreak date/location not always available in public detail; mapped to affected municipality/area centroid for visualization
IT-ASF-2026-00127,ADIS,A.S.F. in wild boar,Peste suina africana,Confermato,Suino / cinghiale,swine,2026-07-08,2026-07-08,Italy,Toscana,Pontremoli,44.375151,9.878882,https://webgate.ec.europa.eu/tracesnt/adis/public/notification/outbreaks-current-year-report,"Official ADIS current-year report; individual outbreak date/location not always available in public detail; mapped to affected municipality/area centroid for visualization; geocoding correction v245: municipality centroid matched to Pontremoli (Massa-Carrara); previous coordinates 44.37520,9.87540; match=municipality_region."
IT-ASF-2026-00128,ADIS,A.S.F. in wild boar,Peste suina africana,Confermato,Suino / cinghiale,swine,2026-07-08,2026-07-08,Italy,Toscana,Mulazzo,44.315926,9.889626,https://webgate.ec.europa.eu/tracesnt/adis/public/notification/outbreaks-current-year-report,"Official ADIS current-year report; individual outbreak date/location not always available in public detail; mapped to affected municipality/area centroid for visualization; geocoding correction v245: municipality centroid matched to Mulazzo (Massa-Carrara); previous coordinates 44.31470,9.89990; match=municipality_region."
IT-ASF-2026-00129,ADIS,A.S.F. in wild boar,Peste suina africana,Confermato,Suino / cinghiale,swine,2026-07-08,2026-07-08,Italy,Toscana,Aulla,44.214548,9.967787,https://webgate.ec.europa.eu/tracesnt/adis/public/notification/outbreaks-current-year-report,"Official ADIS current-year report; individual outbreak date/location not always available in public detail; mapped to affected municipality/area centroid for visualization; geocoding correction v245: municipality centroid matched to Aulla (Massa-Carrara); previous coordinates 44.21460,9.98800; match=municipality_region."
IT-ASF-2026-00130,ADIS,A.S.F. in wild boar,Peste suina africana,Confermato,Suino / cinghiale,swine,2026-07-08,2026-07-08,Italy,Toscana,Villafranca in Lunigiana,44.294670,9.949656,https://webgate.ec.europa.eu/tracesnt/adis/public/notification/outbreaks-current-year-report,"Official ADIS current-year report; individual outbreak date/location not always available in public detail; mapped to affected municipality/area centroid for visualization; geocoding correction v245: municipality centroid matched to Villafranca in Lunigiana (Massa-Carrara); previous coordinates 44.30420,9.94040; match=municipality_region."
IT-ASF-2026-00131,ADIS,A.S.F. in wild boar,Peste suina africana,Confermato,Suino / cinghiale,swine,2026-07-08,2026-07-08,Italy,Lombardia,Pavia,45.036855,9.137825,https://webgate.ec.europa.eu/tracesnt/adis/public/notification/outbreaks-current-year-report,"Official ADIS current-year report; individual outbreak date/location not always available in public detail; mapped to affected municipality/area centroid for visualization; geocoding correction v245: municipality centroid matched to Pavia (Pavia); previous coordinates 45.20070,9.15820; match=municipality_region."
IT-ASF-2026-00132,ADIS,A.S.F. in wild boar,Peste suina africana,Confermato,Suino / cinghiale,swine,2026-07-08,2026-07-08,Italy,Lombardia,Varzi,44.823540,9.196904,https://webgate.ec.europa.eu/tracesnt/adis/public/notification/outbreaks-current-year-report,"Official ADIS current-year report; individual outbreak date/location not always available in public detail; mapped to affected municipality/area centroid for visualization; geocoding correction v245: municipality centroid matched to Varzi (Pavia); previous coordinates 44.84330,9.20900; match=municipality_region."
IT-ASF-2026-00133,ADIS,A.S.F. in wild boar,Peste suina africana,Confermato,Suino / cinghiale,swine,2026-07-08,2026-07-08,Italy,Lombardia,Voghera,44.992840,9.008593,https://webgate.ec.europa.eu/tracesnt/adis/public/notification/outbreaks-current-year-report,"Official ADIS current-year report; individual outbreak date/location not always available in public detail; mapped to affected municipality/area centroid for visualization; geocoding correction v245: municipality centroid matched to Voghera (Pavia); previous coordinates 44.97190,8.98990; match=municipality_region."
IT-ASF-2026-00134,ADIS,A.S.F. in wild boar,Peste suina africana,Confermato,Suino / cinghiale,swine,2026-07-08,2026-07-08,Italy,Lombardia,Godiasco Salice Terme,44.890183,9.065673,https://webgate.ec.europa.eu/tracesnt/adis/public/notification/outbreaks-current-year-report,"Official ADIS current-year report; individual outbreak date/location not always available in public detail; mapped to affected municipality/area centroid for visualization; geocoding correction v245: municipality centroid matched to Godiasco Salice Terme (Pavia); previous coordinates 44.88010,9.04830; match=municipality_region."
IT-ASF-2026-00135,ADIS,A.S.F. in wild boar,Peste suina africana,Confermato,Suino / cinghiale,swine,2026-07-08,2026-07-08,Italy,Lombardia,Casteggio,45.014114,9.123578,https://webgate.ec.europa.eu/tracesnt/adis/public/notification/outbreaks-current-year-report,"Official ADIS current-year report; individual outbreak date/location not always available in public detail; mapped to affected municipality/area centroid for visualization; geocoding correction v245: municipality centroid matched to Casteggio (Pavia); previous coordinates 45.00210,9.12900; match=municipality_region."
IT-ASF-2026-00136,ADIS,A.S.F. in wild boar,Peste suina africana,Confermato,Suino / cinghiale,swine,2026-07-08,2026-07-08,Italy,Piemonte,Ovada,44.638346,8.645250,https://webgate.ec.europa.eu/tracesnt/adis/public/notification/outbreaks-current-year-report,"Official ADIS current-year report; individual outbreak date/location not always available in public detail; mapped to affected municipality/area centroid for visualization; geocoding correction v245: municipality centroid matched to Ovada (Alessandria); previous coordinates 44.62930,8.66260; match=municipality_region."
IT-ASF-2026-00137,ADIS,A.S.F. in wild boar,Peste suina africana,Confermato,Suino / cinghiale,swine,2026-07-08,2026-07-08,Italy,Piemonte,Acqui Terme,44.675145,8.467546,https://webgate.ec.europa.eu/tracesnt/adis/public/notification/outbreaks-current-year-report,"Official ADIS current-year report; individual outbreak date/location not always available in public detail; mapped to affected municipality/area centroid for visualization; geocoding correction v245: municipality centroid matched to Acqui Terme (Alessandria); previous coordinates 44.67140,8.45370; match=municipality_region."
IT-ASF-2026-00138,ADIS,A.S.F. in wild boar,Peste suina africana,Confermato,Suino / cinghiale,swine,2026-07-08,2026-07-08,Italy,Piemonte,Ponzone,44.588185,8.458654,https://webgate.ec.europa.eu/tracesnt/adis/public/notification/outbreaks-current-year-report,"Official ADIS current-year report; individual outbreak date/location not always available in public detail; mapped to affected municipality/area centroid for visualization; geocoding correction v245: municipality centroid matched to Ponzone (Alessandria); previous coordinates 44.58820,8.45580; match=municipality_region."
IT-ASF-2026-00139,ADIS,A.S.F. in wild boar,Peste suina africana,Confermato,Suino / cinghiale,swine,2026-07-08,2026-07-08,Italy,Piemonte,Molare,44.618645,8.600550,https://webgate.ec.europa.eu/tracesnt/adis/public/notification/outbreaks-current-year-report,"Official ADIS current-year report; individual outbreak date/location not always available in public detail; mapped to affected municipality/area centroid for visualization; geocoding correction v245: municipality centroid matched to Molare (Alessandria); previous coordinates 44.62620,8.60970; match=municipality_region."
IT-ASF-2026-00140,ADIS,A.S.F. in wild boar,Peste suina africana,Confermato,Suino / cinghiale,swine,2026-07-08,2026-07-08,Italy,Piemonte,Arquata Scrivia,44.687845,8.885338,https://webgate.ec.europa.eu/tracesnt/adis/public/notification/outbreaks-current-year-report,"Official ADIS current-year report; individual outbreak date/location not always available in public detail; mapped to affected municipality/area centroid for visualization; geocoding correction v245: municipality centroid matched to Arquata Scrivia (Alessandria); previous coordinates 44.69680,8.91050; match=municipality_region."
IT-ASF-2026-00141,ADIS,A.S.F. in wild boar,Peste suina africana,Confermato,Suino / cinghiale,swine,2026-07-08,2026-07-08,Italy,Piemonte,Gavi,44.687649,8.809353,https://webgate.ec.europa.eu/tracesnt/adis/public/notification/outbreaks-current-year-report,"Official ADIS current-year report; individual outbreak date/location not always available in public detail; mapped to affected municipality/area centroid for visualization; geocoding correction v245: municipality centroid matched to Gavi (Alessandria); previous coordinates 44.69800,8.79070; match=municipality_region."
IT-ASF-2026-00142,ADIS,A.S.F. in wild boar,Peste suina africana,Confermato,Suino / cinghiale,swine,2026-07-08,2026-07-08,Italy,Piemonte,Cassinelle,44.601544,8.563449,https://webgate.ec.europa.eu/tracesnt/adis/public/notification/outbreaks-current-year-report,"Official ADIS current-year report; individual outbreak date/location not always available in public detail; mapped to affected municipality/area centroid for visualization; geocoding correction v245: municipality centroid matched to Cassinelle (Alessandria); previous coordinates 44.61880,8.56320; match=municipality_region."
IT-ASF-2026-00143,ADIS,A.S.F. in wild boar,Peste suina africana,Confermato,Suino / cinghiale,swine,2026-07-08,2026-07-08,Italy,Piemonte,Spigno Monferrato,44.543141,8.333946,https://webgate.ec.europa.eu/tracesnt/adis/public/notification/outbreaks-current-year-report,"Official ADIS current-year report; individual outbreak date/location not always available in public detail; mapped to affected municipality/area centroid for visualization; geocoding correction v245: municipality centroid matched to Spigno Monferrato (Alessandria); previous coordinates 44.56140,8.34500; match=municipality_region."
IT-ASF-2026-00144,ADIS,A.S.F. in wild boar,Peste suina africana,Confermato,Suino / cinghiale,swine,2026-07-08,2026-07-08,Italy,Piemonte,Carrega Ligure,44.619046,9.175637,https://webgate.ec.europa.eu/tracesnt/adis/public/notification/outbreaks-current-year-report,"Official ADIS current-year report; individual outbreak date/location not always available in public detail; mapped to affected municipality/area centroid for visualization; geocoding correction v245: municipality centroid matched to Carrega Ligure (Alessandria); previous coordinates 44.64010,9.16580; match=municipality_region."
IT-ASF-2026-00145,ADIS,A.S.F. in wild boar,Peste suina africana,Confermato,Suino / cinghiale,swine,2026-07-08,2026-07-08,Italy,Piemonte,Serravalle Scrivia,44.725580,8.854700,https://webgate.ec.europa.eu/tracesnt/adis/public/notification/outbreaks-current-year-report,"Official ADIS current-year report; individual outbreak date/location not always available in public detail; mapped to affected municipality/area centroid for visualization; geocoding correction v245: municipality centroid matched to Serravalle Scrivia (Alessandria); previous coordinates 44.70660,8.84900; match=municipality_region."
IT-ASF-2026-00146,ADIS,A.S.F. in wild boar,Peste suina africana,Confermato,Suino / cinghiale,swine,2026-07-08,2026-07-08,Italy,Liguria,Genova,44.407260,8.933862,https://webgate.ec.europa.eu/tracesnt/adis/public/notification/outbreaks-current-year-report,"Official ADIS current-year report; individual outbreak date/location not always available in public detail; mapped to affected municipality/area centroid for visualization; geocoding correction v245: municipality centroid matched to Genova (Genova); previous coordinates 44.39280,8.94840; match=municipality_region."
IT-ASF-2026-00147,ADIS,A.S.F. in wild boar,Peste suina africana,Confermato,Suino / cinghiale,swine,2026-07-08,2026-07-08,Italy,Liguria,Rapallo,44.351147,9.229671,https://webgate.ec.europa.eu/tracesnt/adis/public/notification/outbreaks-current-year-report,"Official ADIS current-year report; individual outbreak date/location not always available in public detail; mapped to affected municipality/area centroid for visualization; geocoding correction v245: municipality centroid matched to Rapallo (Genova); previous coordinates 44.34160,9.24400; match=municipality_region."
IT-ASF-2026-00148,ADIS,A.S.F. in wild boar,Peste suina africana,Confermato,Suino / cinghiale,swine,2026-07-08,2026-07-08,Italy,Liguria,Chiavari,44.316449,9.323338,https://webgate.ec.europa.eu/tracesnt/adis/public/notification/outbreaks-current-year-report,"Official ADIS current-year report; individual outbreak date/location not always available in public detail; mapped to affected municipality/area centroid for visualization; geocoding correction v245: municipality centroid matched to Chiavari (Genova); previous coordinates 44.31370,9.30640; match=municipality_region."
IT-ASF-2026-00149,ADIS,A.S.F. in wild boar,Peste suina africana,Confermato,Suino / cinghiale,swine,2026-07-08,2026-07-08,Italy,Liguria,Busalla,44.573483,8.943300,https://webgate.ec.europa.eu/tracesnt/adis/public/notification/outbreaks-current-year-report,"Official ADIS current-year report; individual outbreak date/location not always available in public detail; mapped to affected municipality/area centroid for visualization; geocoding correction v245: municipality centroid matched to Busalla (Genova); previous coordinates 44.57010,8.94250; match=municipality_region."
IT-ASF-2026-00150,ADIS,A.S.F. in wild boar,Peste suina africana,Confermato,Suino / cinghiale,swine,2026-07-08,2026-07-08,Italy,Liguria,Mignanego,44.548330,8.915657,https://webgate.ec.europa.eu/tracesnt/adis/public/notification/outbreaks-current-year-report,"Official ADIS current-year report; individual outbreak date/location not always available in public detail; mapped to affected municipality/area centroid for visualization; geocoding correction v245: municipality centroid matched to Mignanego (Genova); previous coordinates 44.53050,8.92240; match=municipality_region."
IT-ASF-2026-00151,ADIS,A.S.F. in wild boar,Peste suina africana,Confermato,Suino / cinghiale,swine,2026-07-08,2026-07-08,Italy,Liguria,Montoggio,44.515436,9.044274,https://webgate.ec.europa.eu/tracesnt/adis/public/notification/outbreaks-current-year-report,"Official ADIS current-year report; individual outbreak date/location not always available in public detail; mapped to affected municipality/area centroid for visualization; geocoding correction v245: municipality centroid matched to Montoggio (Genova); previous coordinates 44.52550,9.06870; match=municipality_region."
IT-ASF-2026-00152,ADIS,A.S.F. in wild boar,Peste suina africana,Confermato,Suino / cinghiale,swine,2026-07-08,2026-07-08,Italy,Liguria,Rossiglione,44.563961,8.668513,https://webgate.ec.europa.eu/tracesnt/adis/public/notification/outbreaks-current-year-report,"Official ADIS current-year report; individual outbreak date/location not always available in public detail; mapped to affected municipality/area centroid for visualization; geocoding correction v245: municipality centroid matched to Rossiglione (Genova); previous coordinates 44.57580,8.66040; match=municipality_region."
IT-ASF-2026-00153,ADIS,A.S.F. in wild boar,Peste suina africana,Confermato,Suino / cinghiale,swine,2026-07-08,2026-07-08,Italy,Liguria,Masone,44.501336,8.716348,https://webgate.ec.europa.eu/tracesnt/adis/public/notification/outbreaks-current-year-report,"Official ADIS current-year report; individual outbreak date/location not always available in public detail; mapped to affected municipality/area centroid for visualization; geocoding correction v245: municipality centroid matched to Masone (Genova); previous coordinates 44.51770,8.71950; match=municipality_region."
IT-ASF-2026-00154,ADIS,A.S.F. in wild boar,Peste suina africana,Confermato,Suino / cinghiale,swine,2026-07-08,2026-07-08,Italy,Liguria,Savignone,44.564143,8.989596,https://webgate.ec.europa.eu/tracesnt/adis/public/notification/outbreaks-current-year-report,"Official ADIS current-year report; individual outbreak date/location not always available in public detail; mapped to affected municipality/area centroid for visualization; geocoding correction v245: municipality centroid matched to Savignone (Genova); previous coordinates 44.58430,8.99920; match=municipality_region."
IT-ASF-2026-00155,ADIS,A.S.F. in wild boar,Peste suina africana,Confermato,Suino / cinghiale,swine,2026-07-08,2026-07-08,Italy,Liguria,Arenzano,44.402518,8.683132,https://webgate.ec.europa.eu/tracesnt/adis/public/notification/outbreaks-current-year-report,"Official ADIS current-year report; individual outbreak date/location not always available in public detail; mapped to affected municipality/area centroid for visualization; geocoding correction v245: municipality centroid matched to Arenzano (Genova); previous coordinates 44.38570,8.66340; match=municipality_region."
IT-ASF-2026-00156,ADIS,A.S.F. in wild boar,Peste suina africana,Confermato,Suino / cinghiale,swine,2026-07-08,2026-07-08,Italy,Emilia-Romagna,Collagna,44.33100,10.26600,https://webgate.ec.europa.eu/tracesnt/adis/public/notification/outbreaks-current-year-report,Official ADIS current-year report; individual outbreak date/location not always available in public detail; mapped to affected municipality/area centroid for visualization
IT-ASF-2026-00157,ADIS,A.S.F. in wild boar,Peste suina africana,Confermato,Suino / cinghiale,swine,2026-07-08,2026-07-08,Italy,Emilia-Romagna,Busana,44.35570,10.32440,https://webgate.ec.europa.eu/tracesnt/adis/public/notification/outbreaks-current-year-report,Official ADIS current-year report; individual outbreak date/location not always available in public detail; mapped to affected municipality/area centroid for visualization
IT-ASF-2026-00158,ADIS,A.S.F. in wild boar,Peste suina africana,Confermato,Suino / cinghiale,swine,2026-07-08,2026-07-08,Italy,Emilia-Romagna,Monchio delle Corti,44.412955,10.124190,https://webgate.ec.europa.eu/tracesnt/adis/public/notification/outbreaks-current-year-report,"Official ADIS current-year report; individual outbreak date/location not always available in public detail; mapped to affected municipality/area centroid for visualization; geocoding correction v245: municipality centroid matched to Monchio delle Corti (Parma); previous coordinates 44.40110,10.14030; match=municipality_region."
IT-ASF-2026-00159,ADIS,A.S.F. in wild boar,Peste suina africana,Confermato,Suino / cinghiale,swine,2026-07-08,2026-07-08,Italy,Emilia-Romagna,Ligonchio,44.31200,10.32200,https://webgate.ec.europa.eu/tracesnt/adis/public/notification/outbreaks-current-year-report,Official ADIS current-year report; individual outbreak date/location not always available in public detail; mapped to affected municipality/area centroid for visualization
IT-ASF-2026-00160,ADIS,A.S.F. in wild boar,Peste suina africana,Confermato,Suino / cinghiale,swine,2026-07-08,2026-07-08,Italy,Emilia-Romagna,Felino,44.696587,10.237205,https://webgate.ec.europa.eu/tracesnt/adis/public/notification/outbreaks-current-year-report,"Official ADIS current-year report; individual outbreak date/location not always available in public detail; mapped to affected municipality/area centroid for visualization; geocoding correction v245: municipality centroid matched to Felino (Parma); previous coordinates 44.69230,10.23700; match=municipality_region."
IT-ASF-2026-00161,ADIS,A.S.F. in wild boar,Peste suina africana,Confermato,Suino / cinghiale,swine,2026-07-08,2026-07-08,Italy,Emilia-Romagna,Langhirano,44.613064,10.266114,https://webgate.ec.europa.eu/tracesnt/adis/public/notification/outbreaks-current-year-report,"Official ADIS current-year report; individual outbreak date/location not always available in public detail; mapped to affected municipality/area centroid for visualization; geocoding correction v245: municipality centroid matched to Langhirano (Parma); previous coordinates 44.61640,10.27400; match=municipality_region."
IT-ASF-2026-00162,ADIS,A.S.F. in wild boar,Peste suina africana,Confermato,Suino / cinghiale,swine,2026-07-08,2026-07-08,Italy,Emilia-Romagna,Rivergaro,44.910251,9.596521,https://webgate.ec.europa.eu/tracesnt/adis/public/notification/outbreaks-current-year-report,"Official ADIS current-year report; individual outbreak date/location not always available in public detail; mapped to affected municipality/area centroid for visualization; geocoding correction v245: municipality centroid matched to Rivergaro (Piacenza); previous coordinates 44.91930,9.61700; match=municipality_region."
IT-ASF-2026-00163,ADIS,A.S.F. in wild boar,Peste suina africana,Confermato,Suino / cinghiale,swine,2026-07-08,2026-07-08,Italy,Emilia-Romagna,Medesano,44.756699,10.140737,https://webgate.ec.europa.eu/tracesnt/adis/public/notification/outbreaks-current-year-report,"Official ADIS current-year report; individual outbreak date/location not always available in public detail; mapped to affected municipality/area centroid for visualization; geocoding correction v245: municipality centroid matched to Medesano (Parma); previous coordinates 44.76850,10.12800; match=municipality_region."
IT-ASF-2026-00164,ADIS,A.S.F. in wild boar,Peste suina africana,Confermato,Suino / cinghiale,swine,2026-07-08,2026-07-08,Italy,Emilia-Romagna,Bardi,44.632211,9.731203,https://webgate.ec.europa.eu/tracesnt/adis/public/notification/outbreaks-current-year-report,"Official ADIS current-year report; individual outbreak date/location not always available in public detail; mapped to affected municipality/area centroid for visualization; geocoding correction v245: municipality centroid matched to Bardi (Parma); previous coordinates 44.64830,9.73230; match=municipality_region."
IT-ASF-2026-00165,ADIS,A.S.F. in wild boar,Peste suina africana,Confermato,Suino / cinghiale,swine,2026-07-08,2026-07-08,Italy,Emilia-Romagna,Bobbio,44.769273,9.386281,https://webgate.ec.europa.eu/tracesnt/adis/public/notification/outbreaks-current-year-report,"Official ADIS current-year report; individual outbreak date/location not always available in public detail; mapped to affected municipality/area centroid for visualization; geocoding correction v245: municipality centroid matched to Bobbio (Piacenza); previous coordinates 44.78920,9.39780; match=municipality_region."
IT-ASF-2026-00166,ADIS,A.S.F. in wild boar,Peste suina africana,Confermato,Suino / cinghiale,swine,2026-07-08,2026-07-08,Italy,Toscana,Comano,44.293540,10.131165,https://webgate.ec.europa.eu/tracesnt/adis/public/notification/outbreaks-current-year-report,"Official ADIS current-year report; individual outbreak date/location not always available in public detail; mapped to affected municipality/area centroid for visualization; geocoding correction v245: municipality centroid matched to Comano (Massa-Carrara); previous coordinates 44.27340,10.11110; match=municipality_region."
IT-ASF-2026-00167,ADIS,A.S.F. in wild boar,Peste suina africana,Confermato,Suino / cinghiale,swine,2026-07-08,2026-07-08,Italy,Toscana,Bagnone,44.314739,9.994655,https://webgate.ec.europa.eu/tracesnt/adis/public/notification/outbreaks-current-year-report,"Official ADIS current-year report; individual outbreak date/location not always available in public detail; mapped to affected municipality/area centroid for visualization; geocoding correction v245: municipality centroid matched to Bagnone (Massa-Carrara); previous coordinates 44.29900,9.98700; match=municipality_region."
IT-ASF-2026-00168,ADIS,A.S.F. in wild boar,Peste suina africana,Confermato,Suino / cinghiale,swine,2026-07-08,2026-07-08,Italy,Toscana,Fivizzano,44.238350,10.125990,https://webgate.ec.europa.eu/tracesnt/adis/public/notification/outbreaks-current-year-report,"Official ADIS current-year report; individual outbreak date/location not always available in public detail; mapped to affected municipality/area centroid for visualization; geocoding correction v245: municipality centroid matched to Fivizzano (Massa-Carrara); previous coordinates 44.22580,10.13050; match=municipality_region."
IT-ASF-2026-00169,ADIS,A.S.F. in wild boar,Peste suina africana,Confermato,Suino / cinghiale,swine,2026-07-08,2026-07-08,Italy,Toscana,Barga,44.073918,10.484263,https://webgate.ec.europa.eu/tracesnt/adis/public/notification/outbreaks-current-year-report,"Official ADIS current-year report; individual outbreak date/location not always available in public detail; mapped to affected municipality/area centroid for visualization; geocoding correction v245: municipality centroid matched to Barga (Lucca); previous coordinates 44.06510,10.49650; match=municipality_region."
IT-ASF-2026-00170,ADIS,A.S.F. in wild boar,Peste suina africana,Confermato,Suino / cinghiale,swine,2026-07-08,2026-07-08,Italy,Toscana,Licciana Nardi,44.264900,10.038437,https://webgate.ec.europa.eu/tracesnt/adis/public/notification/outbreaks-current-year-report,"Official ADIS current-year report; individual outbreak date/location not always available in public detail; mapped to affected municipality/area centroid for visualization; geocoding correction v245: municipality centroid matched to Licciana Nardi (Massa-Carrara); previous coordinates 44.26090,10.02270; match=municipality_region."
IT-ASF-2026-00171,ADIS,A.S.F. in wild boar,Peste suina africana,Confermato,Suino / cinghiale,swine,2026-07-08,2026-07-08,Italy,Toscana,San Marcello Pistoiese,44.05560,10.78660,https://webgate.ec.europa.eu/tracesnt/adis/public/notification/outbreaks-current-year-report,Official ADIS current-year report; individual outbreak date/location not always available in public detail; mapped to affected municipality/area centroid for visualization
IT-ASF-2026-00172,ADIS,A.S.F. in wild boar,Peste suina africana,Confermato,Suino / cinghiale,swine,2026-07-08,2026-07-08,Italy,Toscana,Pontremoli,44.375151,9.878882,https://webgate.ec.europa.eu/tracesnt/adis/public/notification/outbreaks-current-year-report,"Official ADIS current-year report; individual outbreak date/location not always available in public detail; mapped to affected municipality/area centroid for visualization; geocoding correction v245: municipality centroid matched to Pontremoli (Massa-Carrara); previous coordinates 44.37920,9.88740; match=municipality_region."
IT-ASF-2026-00173,ADIS,A.S.F. in wild boar,Peste suina africana,Confermato,Suino / cinghiale,swine,2026-07-08,2026-07-08,Italy,Toscana,Mulazzo,44.315926,9.889626,https://webgate.ec.europa.eu/tracesnt/adis/public/notification/outbreaks-current-year-report,"Official ADIS current-year report; individual outbreak date/location not always available in public detail; mapped to affected municipality/area centroid for visualization; geocoding correction v245: municipality centroid matched to Mulazzo (Massa-Carrara); previous coordinates 44.31870,9.91190; match=municipality_region."
IT-ASF-2026-00174,ADIS,A.S.F. in wild boar,Peste suina africana,Confermato,Suino / cinghiale,swine,2026-07-08,2026-07-08,Italy,Toscana,Aulla,44.214548,9.967787,https://webgate.ec.europa.eu/tracesnt/adis/public/notification/outbreaks-current-year-report,"Official ADIS current-year report; individual outbreak date/location not always available in public detail; mapped to affected municipality/area centroid for visualization; geocoding correction v245: municipality centroid matched to Aulla (Massa-Carrara); previous coordinates 44.21860,9.95600; match=municipality_region."
IT-ASF-2026-00175,ADIS,A.S.F. in wild boar,Peste suina africana,Confermato,Suino / cinghiale,swine,2026-07-08,2026-07-08,Italy,Toscana,Villafranca in Lunigiana,44.294670,9.949656,https://webgate.ec.europa.eu/tracesnt/adis/public/notification/outbreaks-current-year-report,"Official ADIS current-year report; individual outbreak date/location not always available in public detail; mapped to affected municipality/area centroid for visualization; geocoding correction v245: municipality centroid matched to Villafranca in Lunigiana (Massa-Carrara); previous coordinates 44.30820,9.95240; match=municipality_region."
IT-ASF-2026-00176,ADIS,A.S.F. in wild boar,Peste suina africana,Confermato,Suino / cinghiale,swine,2026-07-08,2026-07-08,Italy,Lombardia,Pavia,45.036855,9.137825,https://webgate.ec.europa.eu/tracesnt/adis/public/notification/outbreaks-current-year-report,"Official ADIS current-year report; individual outbreak date/location not always available in public detail; mapped to affected municipality/area centroid for visualization; geocoding correction v245: municipality centroid matched to Pavia (Pavia); previous coordinates 45.20470,9.17020; match=municipality_region."
IT-ASF-2026-00177,ADIS,A.S.F. in wild boar,Peste suina africana,Confermato,Suino / cinghiale,swine,2026-07-08,2026-07-08,Italy,Lombardia,Varzi,44.823540,9.196904,https://webgate.ec.europa.eu/tracesnt/adis/public/notification/outbreaks-current-year-report,"Official ADIS current-year report; individual outbreak date/location not always available in public detail; mapped to affected municipality/area centroid for visualization; geocoding correction v245: municipality centroid matched to Varzi (Pavia); previous coordinates 44.80330,9.17700; match=municipality_region."
IT-ASF-2026-00178,ADIS,A.S.F. in wild boar,Peste suina africana,Confermato,Suino / cinghiale,swine,2026-07-08,2026-07-08,Italy,Lombardia,Voghera,44.992840,9.008593,https://webgate.ec.europa.eu/tracesnt/adis/public/notification/outbreaks-current-year-report,"Official ADIS current-year report; individual outbreak date/location not always available in public detail; mapped to affected municipality/area centroid for visualization; geocoding correction v245: municipality centroid matched to Voghera (Pavia); previous coordinates 44.97590,9.00190; match=municipality_region."
IT-ASF-2026-00179,ADIS,A.S.F. in wild boar,Peste suina africana,Confermato,Suino / cinghiale,swine,2026-07-08,2026-07-08,Italy,Lombardia,Godiasco Salice Terme,44.890183,9.065673,https://webgate.ec.europa.eu/tracesnt/adis/public/notification/outbreaks-current-year-report,"Official ADIS current-year report; individual outbreak date/location not always available in public detail; mapped to affected municipality/area centroid for visualization; geocoding correction v245: municipality centroid matched to Godiasco Salice Terme (Pavia); previous coordinates 44.88410,9.06030; match=municipality_region."
IT-ASF-2026-00180,ADIS,A.S.F. in wild boar,Peste suina africana,Confermato,Suino / cinghiale,swine,2026-07-08,2026-07-08,Italy,Lombardia,Casteggio,45.014114,9.123578,https://webgate.ec.europa.eu/tracesnt/adis/public/notification/outbreaks-current-year-report,"Official ADIS current-year report; individual outbreak date/location not always available in public detail; mapped to affected municipality/area centroid for visualization; geocoding correction v245: municipality centroid matched to Casteggio (Pavia); previous coordinates 45.00610,9.14100; match=municipality_region."
IT-ASF-2026-00181,ADIS,A.S.F. in wild boar,Peste suina africana,Confermato,Suino / cinghiale,swine,2026-07-08,2026-07-08,Italy,Piemonte,Ovada,44.638346,8.645250,https://webgate.ec.europa.eu/tracesnt/adis/public/notification/outbreaks-current-year-report,"Official ADIS current-year report; individual outbreak date/location not always available in public detail; mapped to affected municipality/area centroid for visualization; geocoding correction v245: municipality centroid matched to Ovada (Alessandria); previous coordinates 44.63330,8.63060; match=municipality_region."
IT-ASF-2026-00182,ADIS,A.S.F. in wild boar,Peste suina africana,Confermato,Suino / cinghiale,swine,2026-07-08,2026-07-08,Italy,Piemonte,Acqui Terme,44.675145,8.467546,https://webgate.ec.europa.eu/tracesnt/adis/public/notification/outbreaks-current-year-report,"Official ADIS current-year report; individual outbreak date/location not always available in public detail; mapped to affected municipality/area centroid for visualization; geocoding correction v245: municipality centroid matched to Acqui Terme (Alessandria); previous coordinates 44.67540,8.46570; match=municipality_region."
IT-ASF-2026-00183,ADIS,A.S.F. in wild boar,Peste suina africana,Confermato,Suino / cinghiale,swine,2026-07-08,2026-07-08,Italy,Piemonte,Ponzone,44.588185,8.458654,https://webgate.ec.europa.eu/tracesnt/adis/public/notification/outbreaks-current-year-report,"Official ADIS current-year report; individual outbreak date/location not always available in public detail; mapped to affected municipality/area centroid for visualization; geocoding correction v245: municipality centroid matched to Ponzone (Alessandria); previous coordinates 44.59220,8.46780; match=municipality_region."
IT-ASF-2026-00184,ADIS,A.S.F. in wild boar,Peste suina africana,Confermato,Suino / cinghiale,swine,2026-07-08,2026-07-08,Italy,Piemonte,Molare,44.618645,8.600550,https://webgate.ec.europa.eu/tracesnt/adis/public/notification/outbreaks-current-year-report,"Official ADIS current-year report; individual outbreak date/location not always available in public detail; mapped to affected municipality/area centroid for visualization; geocoding correction v245: municipality centroid matched to Molare (Alessandria); previous coordinates 44.63020,8.62170; match=municipality_region."
IT-ASF-2026-00185,ADIS,A.S.F. in wild boar,Peste suina africana,Confermato,Suino / cinghiale,swine,2026-07-08,2026-07-08,Italy,Piemonte,Arquata Scrivia,44.687845,8.885338,https://webgate.ec.europa.eu/tracesnt/adis/public/notification/outbreaks-current-year-report,"Official ADIS current-year report; individual outbreak date/location not always available in public detail; mapped to affected municipality/area centroid for visualization; geocoding correction v245: municipality centroid matched to Arquata Scrivia (Alessandria); previous coordinates 44.70080,8.87850; match=municipality_region."
IT-ASF-2026-00186,ADIS,A.S.F. in wild boar,Peste suina africana,Confermato,Suino / cinghiale,swine,2026-07-08,2026-07-08,Italy,Piemonte,Gavi,44.687649,8.809353,https://webgate.ec.europa.eu/tracesnt/adis/public/notification/outbreaks-current-year-report,"Official ADIS current-year report; individual outbreak date/location not always available in public detail; mapped to affected municipality/area centroid for visualization; geocoding correction v245: municipality centroid matched to Gavi (Alessandria); previous coordinates 44.70200,8.80270; match=municipality_region."
IT-ASF-2026-00187,ADIS,A.S.F. in wild boar,Peste suina africana,Confermato,Suino / cinghiale,swine,2026-07-08,2026-07-08,Italy,Piemonte,Cassinelle,44.601544,8.563449,https://webgate.ec.europa.eu/tracesnt/adis/public/notification/outbreaks-current-year-report,"Official ADIS current-year report; individual outbreak date/location not always available in public detail; mapped to affected municipality/area centroid for visualization; geocoding correction v245: municipality centroid matched to Cassinelle (Alessandria); previous coordinates 44.62280,8.57520; match=municipality_region."
IT-ASF-2026-00188,ADIS,A.S.F. in wild boar,Peste suina africana,Confermato,Suino / cinghiale,swine,2026-07-08,2026-07-08,Italy,Piemonte,Spigno Monferrato,44.543141,8.333946,https://webgate.ec.europa.eu/tracesnt/adis/public/notification/outbreaks-current-year-report,"Official ADIS current-year report; individual outbreak date/location not always available in public detail; mapped to affected municipality/area centroid for visualization; geocoding correction v245: municipality centroid matched to Spigno Monferrato (Alessandria); previous coordinates 44.52140,8.31300; match=municipality_region."
IT-ASF-2026-00189,ADIS,A.S.F. in wild boar,Peste suina africana,Confermato,Suino / cinghiale,swine,2026-07-08,2026-07-08,Italy,Piemonte,Carrega Ligure,44.619046,9.175637,https://webgate.ec.europa.eu/tracesnt/adis/public/notification/outbreaks-current-year-report,"Official ADIS current-year report; individual outbreak date/location not always available in public detail; mapped to affected municipality/area centroid for visualization; geocoding correction v245: municipality centroid matched to Carrega Ligure (Alessandria); previous coordinates 44.64410,9.17780; match=municipality_region."
IT-ASF-2026-00190,ADIS,A.S.F. in wild boar,Peste suina africana,Confermato,Suino / cinghiale,swine,2026-07-08,2026-07-08,Italy,Piemonte,Serravalle Scrivia,44.725580,8.854700,https://webgate.ec.europa.eu/tracesnt/adis/public/notification/outbreaks-current-year-report,"Official ADIS current-year report; individual outbreak date/location not always available in public detail; mapped to affected municipality/area centroid for visualization; geocoding correction v245: municipality centroid matched to Serravalle Scrivia (Alessandria); previous coordinates 44.71060,8.86100; match=municipality_region."
IT-ASF-2026-00191,ADIS,A.S.F. in wild boar,Peste suina africana,Confermato,Suino / cinghiale,swine,2026-07-08,2026-07-08,Italy,Liguria,Genova,44.407260,8.933862,https://webgate.ec.europa.eu/tracesnt/adis/public/notification/outbreaks-current-year-report,"Official ADIS current-year report; individual outbreak date/location not always available in public detail; mapped to affected municipality/area centroid for visualization; geocoding correction v245: municipality centroid matched to Genova (Genova); previous coordinates 44.39680,8.96040; match=municipality_region."
IT-ASF-2026-00192,ADIS,A.S.F. in wild boar,Peste suina africana,Confermato,Suino / cinghiale,swine,2026-07-08,2026-07-08,Italy,Liguria,Rapallo,44.351147,9.229671,https://webgate.ec.europa.eu/tracesnt/adis/public/notification/outbreaks-current-year-report,"Official ADIS current-year report; individual outbreak date/location not always available in public detail; mapped to affected municipality/area centroid for visualization; geocoding correction v245: municipality centroid matched to Rapallo (Genova); previous coordinates 44.34560,9.21200; match=municipality_region."
IT-ASF-2026-00193,ADIS,A.S.F. in wild boar,Peste suina africana,Confermato,Suino / cinghiale,swine,2026-07-08,2026-07-08,Italy,Liguria,Chiavari,44.316449,9.323338,https://webgate.ec.europa.eu/tracesnt/adis/public/notification/outbreaks-current-year-report,"Official ADIS current-year report; individual outbreak date/location not always available in public detail; mapped to affected municipality/area centroid for visualization; geocoding correction v245: municipality centroid matched to Chiavari (Genova); previous coordinates 44.31770,9.31840; match=municipality_region."
IT-ASF-2026-00194,ADIS,A.S.F. in wild boar,Peste suina africana,Confermato,Suino / cinghiale,swine,2026-07-08,2026-07-08,Italy,Liguria,Busalla,44.573483,8.943300,https://webgate.ec.europa.eu/tracesnt/adis/public/notification/outbreaks-current-year-report,"Official ADIS current-year report; individual outbreak date/location not always available in public detail; mapped to affected municipality/area centroid for visualization; geocoding correction v245: municipality centroid matched to Busalla (Genova); previous coordinates 44.57410,8.95450; match=municipality_region."
IT-ASF-2026-00195,ADIS,A.S.F. in wild boar,Peste suina africana,Confermato,Suino / cinghiale,swine,2026-07-08,2026-07-08,Italy,Liguria,Mignanego,44.548330,8.915657,https://webgate.ec.europa.eu/tracesnt/adis/public/notification/outbreaks-current-year-report,"Official ADIS current-year report; individual outbreak date/location not always available in public detail; mapped to affected municipality/area centroid for visualization; geocoding correction v245: municipality centroid matched to Mignanego (Genova); previous coordinates 44.53450,8.93440; match=municipality_region."
IT-ASF-2026-00196,ADIS,A.S.F. in wild boar,Peste suina africana,Confermato,Suino / cinghiale,swine,2026-07-08,2026-07-08,Italy,Liguria,Montoggio,44.515436,9.044274,https://webgate.ec.europa.eu/tracesnt/adis/public/notification/outbreaks-current-year-report,"Official ADIS current-year report; individual outbreak date/location not always available in public detail; mapped to affected municipality/area centroid for visualization; geocoding correction v245: municipality centroid matched to Montoggio (Genova); previous coordinates 44.52950,9.03670; match=municipality_region."
IT-ASF-2026-00197,ADIS,A.S.F. in wild boar,Peste suina africana,Confermato,Suino / cinghiale,swine,2026-07-08,2026-07-08,Italy,Liguria,Rossiglione,44.563961,8.668513,https://webgate.ec.europa.eu/tracesnt/adis/public/notification/outbreaks-current-year-report,"Official ADIS current-year report; individual outbreak date/location not always available in public detail; mapped to affected municipality/area centroid for visualization; geocoding correction v245: municipality centroid matched to Rossiglione (Genova); previous coordinates 44.57980,8.67240; match=municipality_region."
IT-ASF-2026-00198,ADIS,A.S.F. in wild boar,Peste suina africana,Confermato,Suino / cinghiale,swine,2026-07-08,2026-07-08,Italy,Liguria,Masone,44.501336,8.716348,https://webgate.ec.europa.eu/tracesnt/adis/public/notification/outbreaks-current-year-report,"Official ADIS current-year report; individual outbreak date/location not always available in public detail; mapped to affected municipality/area centroid for visualization; geocoding correction v245: municipality centroid matched to Masone (Genova); previous coordinates 44.52170,8.73150; match=municipality_region."
IT-ASF-2026-00199,ADIS,A.S.F. in wild boar,Peste suina africana,Confermato,Suino / cinghiale,swine,2026-07-08,2026-07-08,Italy,Liguria,Savignone,44.564143,8.989596,https://webgate.ec.europa.eu/tracesnt/adis/public/notification/outbreaks-current-year-report,"Official ADIS current-year report; individual outbreak date/location not always available in public detail; mapped to affected municipality/area centroid for visualization; geocoding correction v245: municipality centroid matched to Savignone (Genova); previous coordinates 44.54430,8.96720; match=municipality_region."
IT-ASF-2026-00200,ADIS,A.S.F. in wild boar,Peste suina africana,Confermato,Suino / cinghiale,swine,2026-07-08,2026-07-08,Italy,Liguria,Arenzano,44.402518,8.683132,https://webgate.ec.europa.eu/tracesnt/adis/public/notification/outbreaks-current-year-report,"Official ADIS current-year report; individual outbreak date/location not always available in public detail; mapped to affected municipality/area centroid for visualization; geocoding correction v245: municipality centroid matched to Arenzano (Genova); previous coordinates 44.38970,8.67540; match=municipality_region."
IT-ASF-2026-00201,ADIS,A.S.F. in wild boar,Peste suina africana,Confermato,Suino / cinghiale,swine,2026-07-08,2026-07-08,Italy,Emilia-Romagna,Collagna,44.33500,10.27800,https://webgate.ec.europa.eu/tracesnt/adis/public/notification/outbreaks-current-year-report,Official ADIS current-year report; individual outbreak date/location not always available in public detail; mapped to affected municipality/area centroid for visualization
IT-ASF-2026-00202,ADIS,A.S.F. in wild boar,Peste suina africana,Confermato,Suino / cinghiale,swine,2026-07-08,2026-07-08,Italy,Emilia-Romagna,Busana,44.35970,10.33640,https://webgate.ec.europa.eu/tracesnt/adis/public/notification/outbreaks-current-year-report,Official ADIS current-year report; individual outbreak date/location not always available in public detail; mapped to affected municipality/area centroid for visualization
IT-ASF-2026-00203,ADIS,A.S.F. in wild boar,Peste suina africana,Confermato,Suino / cinghiale,swine,2026-07-08,2026-07-08,Italy,Emilia-Romagna,Monchio delle Corti,44.412955,10.124190,https://webgate.ec.europa.eu/tracesnt/adis/public/notification/outbreaks-current-year-report,"Official ADIS current-year report; individual outbreak date/location not always available in public detail; mapped to affected municipality/area centroid for visualization; geocoding correction v245: municipality centroid matched to Monchio delle Corti (Parma); previous coordinates 44.40510,10.10830; match=municipality_region."
IT-ASF-2026-00204,ADIS,A.S.F. in wild boar,Peste suina africana,Confermato,Suino / cinghiale,swine,2026-07-08,2026-07-08,Italy,Emilia-Romagna,Ligonchio,44.31600,10.33400,https://webgate.ec.europa.eu/tracesnt/adis/public/notification/outbreaks-current-year-report,Official ADIS current-year report; individual outbreak date/location not always available in public detail; mapped to affected municipality/area centroid for visualization
IT-ASF-2026-00205,ADIS,A.S.F. in wild boar,Peste suina africana,Confermato,Suino / cinghiale,swine,2026-07-08,2026-07-08,Italy,Emilia-Romagna,Felino,44.696587,10.237205,https://webgate.ec.europa.eu/tracesnt/adis/public/notification/outbreaks-current-year-report,"Official ADIS current-year report; individual outbreak date/location not always available in public detail; mapped to affected municipality/area centroid for visualization; geocoding correction v245: municipality centroid matched to Felino (Parma); previous coordinates 44.69630,10.24900; match=municipality_region."
IT-ASF-2026-00206,ADIS,A.S.F. in wild boar,Peste suina africana,Confermato,Suino / cinghiale,swine,2026-07-08,2026-07-08,Italy,Emilia-Romagna,Langhirano,44.613064,10.266114,https://webgate.ec.europa.eu/tracesnt/adis/public/notification/outbreaks-current-year-report,"Official ADIS current-year report; individual outbreak date/location not always available in public detail; mapped to affected municipality/area centroid for visualization; geocoding correction v245: municipality centroid matched to Langhirano (Parma); previous coordinates 44.62040,10.28600; match=municipality_region."
IT-ASF-2026-00207,ADIS,A.S.F. in wild boar,Peste suina africana,Confermato,Suino / cinghiale,swine,2026-07-08,2026-07-08,Italy,Emilia-Romagna,Rivergaro,44.910251,9.596521,https://webgate.ec.europa.eu/tracesnt/adis/public/notification/outbreaks-current-year-report,"Official ADIS current-year report; individual outbreak date/location not always available in public detail; mapped to affected municipality/area centroid for visualization; geocoding correction v245: municipality centroid matched to Rivergaro (Piacenza); previous coordinates 44.92330,9.58500; match=municipality_region."
IT-ASF-2026-00208,ADIS,A.S.F. in wild boar,Peste suina africana,Confermato,Suino / cinghiale,swine,2026-07-08,2026-07-08,Italy,Emilia-Romagna,Medesano,44.756699,10.140737,https://webgate.ec.europa.eu/tracesnt/adis/public/notification/outbreaks-current-year-report,"Official ADIS current-year report; individual outbreak date/location not always available in public detail; mapped to affected municipality/area centroid for visualization; geocoding correction v245: municipality centroid matched to Medesano (Parma); previous coordinates 44.77250,10.14000; match=municipality_region."
IT-ASF-2026-00209,ADIS,A.S.F. in wild boar,Peste suina africana,Confermato,Suino / cinghiale,swine,2026-07-08,2026-07-08,Italy,Emilia-Romagna,Bardi,44.632211,9.731203,https://webgate.ec.europa.eu/tracesnt/adis/public/notification/outbreaks-current-year-report,"Official ADIS current-year report; individual outbreak date/location not always available in public detail; mapped to affected municipality/area centroid for visualization; geocoding correction v245: municipality centroid matched to Bardi (Parma); previous coordinates 44.65230,9.74430; match=municipality_region."
IT-ASF-2026-00210,ADIS,A.S.F. in wild boar,Peste suina africana,Confermato,Suino / cinghiale,swine,2026-07-08,2026-07-08,Italy,Emilia-Romagna,Bobbio,44.769273,9.386281,https://webgate.ec.europa.eu/tracesnt/adis/public/notification/outbreaks-current-year-report,"Official ADIS current-year report; individual outbreak date/location not always available in public detail; mapped to affected municipality/area centroid for visualization; geocoding correction v245: municipality centroid matched to Bobbio (Piacenza); previous coordinates 44.74920,9.36580; match=municipality_region."
IT-ASF-2026-00211,ADIS,A.S.F. in wild boar,Peste suina africana,Confermato,Suino / cinghiale,swine,2026-07-08,2026-07-08,Italy,Toscana,Comano,44.293540,10.131165,https://webgate.ec.europa.eu/tracesnt/adis/public/notification/outbreaks-current-year-report,"Official ADIS current-year report; individual outbreak date/location not always available in public detail; mapped to affected municipality/area centroid for visualization; geocoding correction v245: municipality centroid matched to Comano (Massa-Carrara); previous coordinates 44.27740,10.12310; match=municipality_region."
IT-ASF-2026-00212,ADIS,A.S.F. in wild boar,Peste suina africana,Confermato,Suino / cinghiale,swine,2026-07-08,2026-07-08,Italy,Toscana,Bagnone,44.314739,9.994655,https://webgate.ec.europa.eu/tracesnt/adis/public/notification/outbreaks-current-year-report,"Official ADIS current-year report; individual outbreak date/location not always available in public detail; mapped to affected municipality/area centroid for visualization; geocoding correction v245: municipality centroid matched to Bagnone (Massa-Carrara); previous coordinates 44.30300,9.99900; match=municipality_region."
IT-ASF-2026-00213,ADIS,A.S.F. in wild boar,Peste suina africana,Confermato,Suino / cinghiale,swine,2026-07-08,2026-07-08,Italy,Toscana,Fivizzano,44.238350,10.125990,https://webgate.ec.europa.eu/tracesnt/adis/public/notification/outbreaks-current-year-report,"Official ADIS current-year report; individual outbreak date/location not always available in public detail; mapped to affected municipality/area centroid for visualization; geocoding correction v245: municipality centroid matched to Fivizzano (Massa-Carrara); previous coordinates 44.22980,10.14250; match=municipality_region."
IT-ASF-2026-00214,ADIS,A.S.F. in wild boar,Peste suina africana,Confermato,Suino / cinghiale,swine,2026-07-08,2026-07-08,Italy,Toscana,Barga,44.073918,10.484263,https://webgate.ec.europa.eu/tracesnt/adis/public/notification/outbreaks-current-year-report,"Official ADIS current-year report; individual outbreak date/location not always available in public detail; mapped to affected municipality/area centroid for visualization; geocoding correction v245: municipality centroid matched to Barga (Lucca); previous coordinates 44.06910,10.46450; match=municipality_region."
IT-ASF-2026-00215,ADIS,A.S.F. in wild boar,Peste suina africana,Confermato,Suino / cinghiale,swine,2026-07-08,2026-07-08,Italy,Toscana,Licciana Nardi,44.264900,10.038437,https://webgate.ec.europa.eu/tracesnt/adis/public/notification/outbreaks-current-year-report,"Official ADIS current-year report; individual outbreak date/location not always available in public detail; mapped to affected municipality/area centroid for visualization; geocoding correction v245: municipality centroid matched to Licciana Nardi (Massa-Carrara); previous coordinates 44.26490,10.03470; match=municipality_region."
IT-ASF-2026-00216,ADIS,A.S.F. in wild boar,Peste suina africana,Confermato,Suino / cinghiale,swine,2026-07-08,2026-07-08,Italy,Toscana,San Marcello Pistoiese,44.05960,10.79860,https://webgate.ec.europa.eu/tracesnt/adis/public/notification/outbreaks-current-year-report,Official ADIS current-year report; individual outbreak date/location not always available in public detail; mapped to affected municipality/area centroid for visualization
IT-ASF-2026-00217,ADIS,A.S.F. in wild boar,Peste suina africana,Confermato,Suino / cinghiale,swine,2026-07-08,2026-07-08,Italy,Toscana,Pontremoli,44.375151,9.878882,https://webgate.ec.europa.eu/tracesnt/adis/public/notification/outbreaks-current-year-report,"Official ADIS current-year report; individual outbreak date/location not always available in public detail; mapped to affected municipality/area centroid for visualization; geocoding correction v245: municipality centroid matched to Pontremoli (Massa-Carrara); previous coordinates 44.38320,9.89940; match=municipality_region."
IT-ASF-2026-00218,ADIS,A.S.F. in wild boar,Peste suina africana,Confermato,Suino / cinghiale,swine,2026-07-08,2026-07-08,Italy,Toscana,Mulazzo,44.315926,9.889626,https://webgate.ec.europa.eu/tracesnt/adis/public/notification/outbreaks-current-year-report,"Official ADIS current-year report; individual outbreak date/location not always available in public detail; mapped to affected municipality/area centroid for visualization; geocoding correction v245: municipality centroid matched to Mulazzo (Massa-Carrara); previous coordinates 44.32270,9.87990; match=municipality_region."
IT-ASF-2026-00219,ADIS,A.S.F. in wild boar,Peste suina africana,Confermato,Suino / cinghiale,swine,2026-07-08,2026-07-08,Italy,Toscana,Aulla,44.214548,9.967787,https://webgate.ec.europa.eu/tracesnt/adis/public/notification/outbreaks-current-year-report,"Official ADIS current-year report; individual outbreak date/location not always available in public detail; mapped to affected municipality/area centroid for visualization; geocoding correction v245: municipality centroid matched to Aulla (Massa-Carrara); previous coordinates 44.22260,9.96800; match=municipality_region."
IT-ASF-2026-00220,ADIS,A.S.F. in wild boar,Peste suina africana,Confermato,Suino / cinghiale,swine,2026-07-08,2026-07-08,Italy,Toscana,Villafranca in Lunigiana,44.294670,9.949656,https://webgate.ec.europa.eu/tracesnt/adis/public/notification/outbreaks-current-year-report,"Official ADIS current-year report; individual outbreak date/location not always available in public detail; mapped to affected municipality/area centroid for visualization; geocoding correction v245: municipality centroid matched to Villafranca in Lunigiana (Massa-Carrara); previous coordinates 44.31220,9.96440; match=municipality_region."
IT-ASF-2026-00221,ADIS,A.S.F. in wild boar,Peste suina africana,Confermato,Suino / cinghiale,swine,2026-07-08,2026-07-08,Italy,Lombardia,Pavia,45.036855,9.137825,https://webgate.ec.europa.eu/tracesnt/adis/public/notification/outbreaks-current-year-report,"Official ADIS current-year report; individual outbreak date/location not always available in public detail; mapped to affected municipality/area centroid for visualization; geocoding correction v245: municipality centroid matched to Pavia (Pavia); previous coordinates 45.16470,9.13820; match=municipality_region."
IT-ASF-2026-00222,ADIS,A.S.F. in wild boar,Peste suina africana,Confermato,Suino / cinghiale,swine,2026-07-08,2026-07-08,Italy,Lombardia,Varzi,44.823540,9.196904,https://webgate.ec.europa.eu/tracesnt/adis/public/notification/outbreaks-current-year-report,"Official ADIS current-year report; individual outbreak date/location not always available in public detail; mapped to affected municipality/area centroid for visualization; geocoding correction v245: municipality centroid matched to Varzi (Pavia); previous coordinates 44.80730,9.18900; match=municipality_region."
IT-ASF-2026-00223,ADIS,A.S.F. in wild boar,Peste suina africana,Confermato,Suino / cinghiale,swine,2026-07-08,2026-07-08,Italy,Lombardia,Voghera,44.992840,9.008593,https://webgate.ec.europa.eu/tracesnt/adis/public/notification/outbreaks-current-year-report,"Official ADIS current-year report; individual outbreak date/location not always available in public detail; mapped to affected municipality/area centroid for visualization; geocoding correction v245: municipality centroid matched to Voghera (Pavia); previous coordinates 44.97990,9.01390; match=municipality_region."
IT-ASF-2026-00224,ADIS,A.S.F. in wild boar,Peste suina africana,Confermato,Suino / cinghiale,swine,2026-07-08,2026-07-08,Italy,Lombardia,Godiasco Salice Terme,44.890183,9.065673,https://webgate.ec.europa.eu/tracesnt/adis/public/notification/outbreaks-current-year-report,"Official ADIS current-year report; individual outbreak date/location not always available in public detail; mapped to affected municipality/area centroid for visualization; geocoding correction v245: municipality centroid matched to Godiasco Salice Terme (Pavia); previous coordinates 44.88810,9.07230; match=municipality_region."
IT-ASF-2026-00225,ADIS,A.S.F. in wild boar,Peste suina africana,Confermato,Suino / cinghiale,swine,2026-07-08,2026-07-08,Italy,Lombardia,Casteggio,45.014114,9.123578,https://webgate.ec.europa.eu/tracesnt/adis/public/notification/outbreaks-current-year-report,"Official ADIS current-year report; individual outbreak date/location not always available in public detail; mapped to affected municipality/area centroid for visualization; geocoding correction v245: municipality centroid matched to Casteggio (Pavia); previous coordinates 45.01010,9.10900; match=municipality_region."
IT-ASF-2026-00226,ADIS,A.S.F. in wild boar,Peste suina africana,Confermato,Suino / cinghiale,swine,2026-07-08,2026-07-08,Italy,Piemonte,Ovada,44.638346,8.645250,https://webgate.ec.europa.eu/tracesnt/adis/public/notification/outbreaks-current-year-report,"Official ADIS current-year report; individual outbreak date/location not always available in public detail; mapped to affected municipality/area centroid for visualization; geocoding correction v245: municipality centroid matched to Ovada (Alessandria); previous coordinates 44.63730,8.64260; match=municipality_region."
IT-ASF-2026-00227,ADIS,A.S.F. in wild boar,Peste suina africana,Confermato,Suino / cinghiale,swine,2026-07-08,2026-07-08,Italy,Piemonte,Acqui Terme,44.675145,8.467546,https://webgate.ec.europa.eu/tracesnt/adis/public/notification/outbreaks-current-year-report,"Official ADIS current-year report; individual outbreak date/location not always available in public detail; mapped to affected municipality/area centroid for visualization; geocoding correction v245: municipality centroid matched to Acqui Terme (Alessandria); previous coordinates 44.67940,8.47770; match=municipality_region."
IT-ASF-2026-00228,ADIS,A.S.F. in wild boar,Peste suina africana,Confermato,Suino / cinghiale,swine,2026-07-08,2026-07-08,Italy,Piemonte,Ponzone,44.588185,8.458654,https://webgate.ec.europa.eu/tracesnt/adis/public/notification/outbreaks-current-year-report,"Official ADIS current-year report; individual outbreak date/location not always available in public detail; mapped to affected municipality/area centroid for visualization; geocoding correction v245: municipality centroid matched to Ponzone (Alessandria); previous coordinates 44.59620,8.47980; match=municipality_region."
IT-ASF-2026-00229,ADIS,A.S.F. in wild boar,Peste suina africana,Confermato,Suino / cinghiale,swine,2026-07-08,2026-07-08,Italy,Piemonte,Molare,44.618645,8.600550,https://webgate.ec.europa.eu/tracesnt/adis/public/notification/outbreaks-current-year-report,"Official ADIS current-year report; individual outbreak date/location not always available in public detail; mapped to affected municipality/area centroid for visualization; geocoding correction v245: municipality centroid matched to Molare (Alessandria); previous coordinates 44.63420,8.58970; match=municipality_region."
IT-ASF-2026-00230,ADIS,A.S.F. in wild boar,Peste suina africana,Confermato,Suino / cinghiale,swine,2026-07-08,2026-07-08,Italy,Piemonte,Arquata Scrivia,44.687845,8.885338,https://webgate.ec.europa.eu/tracesnt/adis/public/notification/outbreaks-current-year-report,"Official ADIS current-year report; individual outbreak date/location not always available in public detail; mapped to affected municipality/area centroid for visualization; geocoding correction v245: municipality centroid matched to Arquata Scrivia (Alessandria); previous coordinates 44.70480,8.89050; match=municipality_region."
IT-ASF-2026-00231,ADIS,A.S.F. in wild boar,Peste suina africana,Confermato,Suino / cinghiale,swine,2026-07-08,2026-07-08,Italy,Piemonte,Gavi,44.687649,8.809353,https://webgate.ec.europa.eu/tracesnt/adis/public/notification/outbreaks-current-year-report,"Official ADIS current-year report; individual outbreak date/location not always available in public detail; mapped to affected municipality/area centroid for visualization; geocoding correction v245: municipality centroid matched to Gavi (Alessandria); previous coordinates 44.70600,8.81470; match=municipality_region."
IT-ASF-2026-00232,ADIS,A.S.F. in wild boar,Peste suina africana,Confermato,Suino / cinghiale,swine,2026-07-08,2026-07-08,Italy,Piemonte,Cassinelle,44.601544,8.563449,https://webgate.ec.europa.eu/tracesnt/adis/public/notification/outbreaks-current-year-report,"Official ADIS current-year report; individual outbreak date/location not always available in public detail; mapped to affected municipality/area centroid for visualization; geocoding correction v245: municipality centroid matched to Cassinelle (Alessandria); previous coordinates 44.58280,8.54320; match=municipality_region."
IT-ASF-2026-00233,ADIS,A.S.F. in wild boar,Peste suina africana,Confermato,Suino / cinghiale,swine,2026-07-08,2026-07-08,Italy,Piemonte,Spigno Monferrato,44.543141,8.333946,https://webgate.ec.europa.eu/tracesnt/adis/public/notification/outbreaks-current-year-report,"Official ADIS current-year report; individual outbreak date/location not always available in public detail; mapped to affected municipality/area centroid for visualization; geocoding correction v245: municipality centroid matched to Spigno Monferrato (Alessandria); previous coordinates 44.52540,8.32500; match=municipality_region."
IT-ASF-2026-00234,ADIS,A.S.F. in wild boar,Peste suina africana,Confermato,Suino / cinghiale,swine,2026-07-08,2026-07-08,Italy,Piemonte,Carrega Ligure,44.619046,9.175637,https://webgate.ec.europa.eu/tracesnt/adis/public/notification/outbreaks-current-year-report,"Official ADIS current-year report; individual outbreak date/location not always available in public detail; mapped to affected municipality/area centroid for visualization; geocoding correction v245: municipality centroid matched to Carrega Ligure (Alessandria); previous coordinates 44.64810,9.18980; match=municipality_region."
IT-ASF-2026-00235,ADIS,A.S.F. in wild boar,Peste suina africana,Confermato,Suino / cinghiale,swine,2026-07-08,2026-07-08,Italy,Piemonte,Serravalle Scrivia,44.725580,8.854700,https://webgate.ec.europa.eu/tracesnt/adis/public/notification/outbreaks-current-year-report,"Official ADIS current-year report; individual outbreak date/location not always available in public detail; mapped to affected municipality/area centroid for visualization; geocoding correction v245: municipality centroid matched to Serravalle Scrivia (Alessandria); previous coordinates 44.71460,8.87300; match=municipality_region."
IT-ASF-2026-00236,ADIS,A.S.F. in wild boar,Peste suina africana,Confermato,Suino / cinghiale,swine,2026-07-08,2026-07-08,Italy,Liguria,Genova,44.407260,8.933862,https://webgate.ec.europa.eu/tracesnt/adis/public/notification/outbreaks-current-year-report,"Official ADIS current-year report; individual outbreak date/location not always available in public detail; mapped to affected municipality/area centroid for visualization; geocoding correction v245: municipality centroid matched to Genova (Genova); previous coordinates 44.40080,8.92840; match=municipality_region."
IT-ASF-2026-00237,ADIS,A.S.F. in wild boar,Peste suina africana,Confermato,Suino / cinghiale,swine,2026-07-08,2026-07-08,Italy,Liguria,Rapallo,44.351147,9.229671,https://webgate.ec.europa.eu/tracesnt/adis/public/notification/outbreaks-current-year-report,"Official ADIS current-year report; individual outbreak date/location not always available in public detail; mapped to affected municipality/area centroid for visualization; geocoding correction v245: municipality centroid matched to Rapallo (Genova); previous coordinates 44.34960,9.22400; match=municipality_region."
IT-ASF-2026-00238,ADIS,A.S.F. in wild boar,Peste suina africana,Confermato,Suino / cinghiale,swine,2026-07-08,2026-07-08,Italy,Liguria,Chiavari,44.316449,9.323338,https://webgate.ec.europa.eu/tracesnt/adis/public/notification/outbreaks-current-year-report,"Official ADIS current-year report; individual outbreak date/location not always available in public detail; mapped to affected municipality/area centroid for visualization; geocoding correction v245: municipality centroid matched to Chiavari (Genova); previous coordinates 44.32170,9.33040; match=municipality_region."
IT-ASF-2026-00239,ADIS,A.S.F. in wild boar,Peste suina africana,Confermato,Suino / cinghiale,swine,2026-07-08,2026-07-08,Italy,Liguria,Busalla,44.573483,8.943300,https://webgate.ec.europa.eu/tracesnt/adis/public/notification/outbreaks-current-year-report,"Official ADIS current-year report; individual outbreak date/location not always available in public detail; mapped to affected municipality/area centroid for visualization; geocoding correction v245: municipality centroid matched to Busalla (Genova); previous coordinates 44.57810,8.96650; match=municipality_region."
IT-ASF-2026-00240,ADIS,A.S.F. in wild boar,Peste suina africana,Confermato,Suino / cinghiale,swine,2026-07-08,2026-07-08,Italy,Liguria,Mignanego,44.548330,8.915657,https://webgate.ec.europa.eu/tracesnt/adis/public/notification/outbreaks-current-year-report,"Official ADIS current-year report; individual outbreak date/location not always available in public detail; mapped to affected municipality/area centroid for visualization; geocoding correction v245: municipality centroid matched to Mignanego (Genova); previous coordinates 44.53850,8.90240; match=municipality_region."
IT-ASF-2026-00241,ADIS,A.S.F. in wild boar,Peste suina africana,Confermato,Suino / cinghiale,swine,2026-07-08,2026-07-08,Italy,Liguria,Montoggio,44.515436,9.044274,https://webgate.ec.europa.eu/tracesnt/adis/public/notification/outbreaks-current-year-report,"Official ADIS current-year report; individual outbreak date/location not always available in public detail; mapped to affected municipality/area centroid for visualization; geocoding correction v245: municipality centroid matched to Montoggio (Genova); previous coordinates 44.53350,9.04870; match=municipality_region."
IT-ASF-2026-00735,ADIS,A.S.F. in wild boar,Peste suina africana,Confermato,Suino / cinghiale,swine,2026-07-08,2026-07-08,Italy,Liguria,Rossiglione,44.563961,8.668513,https://webgate.ec.europa.eu/tracesnt/adis/public/notification/outbreaks-current-year-report,"Official ADIS current-year report; individual outbreak date/location not always available in public detail; mapped to affected municipality/area centroid for visualization; geocoding correction v245: municipality centroid matched to Rossiglione (Genova); previous coordinates 44.58380,8.68440; match=municipality_region."
IT-ASF-2026-00736,ADIS,A.S.F. in wild boar,Peste suina africana,Confermato,Suino / cinghiale,swine,2026-07-08,2026-07-08,Italy,Liguria,Masone,44.501336,8.716348,https://webgate.ec.europa.eu/tracesnt/adis/public/notification/outbreaks-current-year-report,"Official ADIS current-year report; individual outbreak date/location not always available in public detail; mapped to affected municipality/area centroid for visualization; geocoding correction v245: municipality centroid matched to Masone (Genova); previous coordinates 44.48170,8.69950; match=municipality_region."
IT-ASF-2026-00737,ADIS,A.S.F. in wild boar,Peste suina africana,Confermato,Suino / cinghiale,swine,2026-07-08,2026-07-08,Italy,Liguria,Savignone,44.564143,8.989596,https://webgate.ec.europa.eu/tracesnt/adis/public/notification/outbreaks-current-year-report,"Official ADIS current-year report; individual outbreak date/location not always available in public detail; mapped to affected municipality/area centroid for visualization; geocoding correction v245: municipality centroid matched to Savignone (Genova); previous coordinates 44.54830,8.97920; match=municipality_region."
IT-ASF-2026-00738,ADIS,A.S.F. in wild boar,Peste suina africana,Confermato,Suino / cinghiale,swine,2026-07-08,2026-07-08,Italy,Liguria,Arenzano,44.402518,8.683132,https://webgate.ec.europa.eu/tracesnt/adis/public/notification/outbreaks-current-year-report,"Official ADIS current-year report; individual outbreak date/location not always available in public detail; mapped to affected municipality/area centroid for visualization; geocoding correction v245: municipality centroid matched to Arenzano (Genova); previous coordinates 44.39370,8.68740; match=municipality_region."
IT-ASF-2026-00739,ADIS,A.S.F. in wild boar,Peste suina africana,Confermato,Suino / cinghiale,swine,2026-07-08,2026-07-08,Italy,Emilia-Romagna,Collagna,44.33900,10.29000,https://webgate.ec.europa.eu/tracesnt/adis/public/notification/outbreaks-current-year-report,Official ADIS current-year report; individual outbreak date/location not always available in public detail; mapped to affected municipality/area centroid for visualization
IT-ASF-2026-00740,ADIS,A.S.F. in wild boar,Peste suina africana,Confermato,Suino / cinghiale,swine,2026-07-08,2026-07-08,Italy,Emilia-Romagna,Busana,44.36370,10.30440,https://webgate.ec.europa.eu/tracesnt/adis/public/notification/outbreaks-current-year-report,Official ADIS current-year report; individual outbreak date/location not always available in public detail; mapped to affected municipality/area centroid for visualization
IT-ASF-2026-00741,ADIS,A.S.F. in wild boar,Peste suina africana,Confermato,Suino / cinghiale,swine,2026-07-08,2026-07-08,Italy,Emilia-Romagna,Monchio delle Corti,44.412955,10.124190,https://webgate.ec.europa.eu/tracesnt/adis/public/notification/outbreaks-current-year-report,"Official ADIS current-year report; individual outbreak date/location not always available in public detail; mapped to affected municipality/area centroid for visualization; geocoding correction v245: municipality centroid matched to Monchio delle Corti (Parma); previous coordinates 44.40910,10.12030; match=municipality_region."
IT-ASF-2026-00742,ADIS,A.S.F. in wild boar,Peste suina africana,Confermato,Suino / cinghiale,swine,2026-07-08,2026-07-08,Italy,Emilia-Romagna,Ligonchio,44.32000,10.34600,https://webgate.ec.europa.eu/tracesnt/adis/public/notification/outbreaks-current-year-report,Official ADIS current-year report; individual outbreak date/location not always available in public detail; mapped to affected municipality/area centroid for visualization
IT-ASF-2026-00743,ADIS,A.S.F. in wild boar,Peste suina africana,Confermato,Suino / cinghiale,swine,2026-07-08,2026-07-08,Italy,Emilia-Romagna,Felino,44.696587,10.237205,https://webgate.ec.europa.eu/tracesnt/adis/public/notification/outbreaks-current-year-report,"Official ADIS current-year report; individual outbreak date/location not always available in public detail; mapped to affected municipality/area centroid for visualization; geocoding correction v245: municipality centroid matched to Felino (Parma); previous coordinates 44.70030,10.26100; match=municipality_region."
IT-ASF-2026-00744,ADIS,A.S.F. in wild boar,Peste suina africana,Confermato,Suino / cinghiale,swine,2026-07-08,2026-07-08,Italy,Emilia-Romagna,Langhirano,44.613064,10.266114,https://webgate.ec.europa.eu/tracesnt/adis/public/notification/outbreaks-current-year-report,"Official ADIS current-year report; individual outbreak date/location not always available in public detail; mapped to affected municipality/area centroid for visualization; geocoding correction v245: municipality centroid matched to Langhirano (Parma); previous coordinates 44.62440,10.25400; match=municipality_region."
IT-ASF-2026-00745,ADIS,A.S.F. in wild boar,Peste suina africana,Confermato,Suino / cinghiale,swine,2026-07-08,2026-07-08,Italy,Emilia-Romagna,Rivergaro,44.910251,9.596521,https://webgate.ec.europa.eu/tracesnt/adis/public/notification/outbreaks-current-year-report,"Official ADIS current-year report; individual outbreak date/location not always available in public detail; mapped to affected municipality/area centroid for visualization; geocoding correction v245: municipality centroid matched to Rivergaro (Piacenza); previous coordinates 44.92730,9.59700; match=municipality_region."
IT-ASF-2026-00746,ADIS,A.S.F. in wild boar,Peste suina africana,Confermato,Suino / cinghiale,swine,2026-07-08,2026-07-08,Italy,Emilia-Romagna,Medesano,44.756699,10.140737,https://webgate.ec.europa.eu/tracesnt/adis/public/notification/outbreaks-current-year-report,"Official ADIS current-year report; individual outbreak date/location not always available in public detail; mapped to affected municipality/area centroid for visualization; geocoding correction v245: municipality centroid matched to Medesano (Parma); previous coordinates 44.77650,10.15200; match=municipality_region."
IT-ASF-2026-00747,ADIS,A.S.F. in wild boar,Peste suina africana,Confermato,Suino / cinghiale,swine,2026-07-08,2026-07-08,Italy,Emilia-Romagna,Bardi,44.632211,9.731203,https://webgate.ec.europa.eu/tracesnt/adis/public/notification/outbreaks-current-year-report,"Official ADIS current-year report; individual outbreak date/location not always available in public detail; mapped to affected municipality/area centroid for visualization; geocoding correction v245: municipality centroid matched to Bardi (Parma); previous coordinates 44.61230,9.71230; match=municipality_region."
IT-ASF-2026-00748,ADIS,A.S.F. in wild boar,Peste suina africana,Confermato,Suino / cinghiale,swine,2026-07-08,2026-07-08,Italy,Emilia-Romagna,Bobbio,44.769273,9.386281,https://webgate.ec.europa.eu/tracesnt/adis/public/notification/outbreaks-current-year-report,"Official ADIS current-year report; individual outbreak date/location not always available in public detail; mapped to affected municipality/area centroid for visualization; geocoding correction v245: municipality centroid matched to Bobbio (Piacenza); previous coordinates 44.75320,9.37780; match=municipality_region."
IT-ASF-2026-00749,ADIS,A.S.F. in wild boar,Peste suina africana,Confermato,Suino / cinghiale,swine,2026-07-08,2026-07-08,Italy,Toscana,Comano,44.293540,10.131165,https://webgate.ec.europa.eu/tracesnt/adis/public/notification/outbreaks-current-year-report,"Official ADIS current-year report; individual outbreak date/location not always available in public detail; mapped to affected municipality/area centroid for visualization; geocoding correction v245: municipality centroid matched to Comano (Massa-Carrara); previous coordinates 44.28140,10.13510; match=municipality_region."
IT-ASF-2026-00750,ADIS,A.S.F. in wild boar,Peste suina africana,Confermato,Suino / cinghiale,swine,2026-07-08,2026-07-08,Italy,Toscana,Bagnone,44.314739,9.994655,https://webgate.ec.europa.eu/tracesnt/adis/public/notification/outbreaks-current-year-report,"Official ADIS current-year report; individual outbreak date/location not always available in public detail; mapped to affected municipality/area centroid for visualization; geocoding correction v245: municipality centroid matched to Bagnone (Massa-Carrara); previous coordinates 44.30700,10.01100; match=municipality_region."
IT-ASF-2026-00751,ADIS,A.S.F. in wild boar,Peste suina africana,Confermato,Suino / cinghiale,swine,2026-07-08,2026-07-08,Italy,Toscana,Fivizzano,44.238350,10.125990,https://webgate.ec.europa.eu/tracesnt/adis/public/notification/outbreaks-current-year-report,"Official ADIS current-year report; individual outbreak date/location not always available in public detail; mapped to affected municipality/area centroid for visualization; geocoding correction v245: municipality centroid matched to Fivizzano (Massa-Carrara); previous coordinates 44.23380,10.11050; match=municipality_region."
IT-ASF-2026-00752,ADIS,A.S.F. in wild boar,Peste suina africana,Confermato,Suino / cinghiale,swine,2026-07-08,2026-07-08,Italy,Toscana,Barga,44.073918,10.484263,https://webgate.ec.europa.eu/tracesnt/adis/public/notification/outbreaks-current-year-report,"Official ADIS current-year report; individual outbreak date/location not always available in public detail; mapped to affected municipality/area centroid for visualization; geocoding correction v245: municipality centroid matched to Barga (Lucca); previous coordinates 44.07310,10.47650; match=municipality_region."
IT-ASF-2026-00753,ADIS,A.S.F. in wild boar,Peste suina africana,Confermato,Suino / cinghiale,swine,2026-07-08,2026-07-08,Italy,Toscana,Licciana Nardi,44.264900,10.038437,https://webgate.ec.europa.eu/tracesnt/adis/public/notification/outbreaks-current-year-report,"Official ADIS current-year report; individual outbreak date/location not always available in public detail; mapped to affected municipality/area centroid for visualization; geocoding correction v245: municipality centroid matched to Licciana Nardi (Massa-Carrara); previous coordinates 44.26890,10.04670; match=municipality_region."
IT-ASF-2026-00754,ADIS,A.S.F. in wild boar,Peste suina africana,Confermato,Suino / cinghiale,swine,2026-07-08,2026-07-08,Italy,Toscana,San Marcello Pistoiese,44.06360,10.81060,https://webgate.ec.europa.eu/tracesnt/adis/public/notification/outbreaks-current-year-report,Official ADIS current-year report; individual outbreak date/location not always available in public detail; mapped to affected municipality/area centroid for visualization
IT-ASF-2026-00755,ADIS,A.S.F. in wild boar,Peste suina africana,Confermato,Suino / cinghiale,swine,2026-07-08,2026-07-08,Italy,Toscana,Pontremoli,44.375151,9.878882,https://webgate.ec.europa.eu/tracesnt/adis/public/notification/outbreaks-current-year-report,"Official ADIS current-year report; individual outbreak date/location not always available in public detail; mapped to affected municipality/area centroid for visualization; geocoding correction v245: municipality centroid matched to Pontremoli (Massa-Carrara); previous coordinates 44.38720,9.86740; match=municipality_region."
IT-ASF-2026-00756,ADIS,A.S.F. in wild boar,Peste suina africana,Confermato,Suino / cinghiale,swine,2026-07-08,2026-07-08,Italy,Toscana,Mulazzo,44.315926,9.889626,https://webgate.ec.europa.eu/tracesnt/adis/public/notification/outbreaks-current-year-report,"Official ADIS current-year report; individual outbreak date/location not always available in public detail; mapped to affected municipality/area centroid for visualization; geocoding correction v245: municipality centroid matched to Mulazzo (Massa-Carrara); previous coordinates 44.32670,9.89190; match=municipality_region."
IT-ASF-2026-00757,ADIS,A.S.F. in wild boar,Peste suina africana,Confermato,Suino / cinghiale,swine,2026-07-08,2026-07-08,Italy,Toscana,Aulla,44.214548,9.967787,https://webgate.ec.europa.eu/tracesnt/adis/public/notification/outbreaks-current-year-report,"Official ADIS current-year report; individual outbreak date/location not always available in public detail; mapped to affected municipality/area centroid for visualization; geocoding correction v245: municipality centroid matched to Aulla (Massa-Carrara); previous coordinates 44.22660,9.98000; match=municipality_region."
IT-ASF-2026-00758,ADIS,A.S.F. in wild boar,Peste suina africana,Confermato,Suino / cinghiale,swine,2026-07-08,2026-07-08,Italy,Toscana,Villafranca in Lunigiana,44.294670,9.949656,https://webgate.ec.europa.eu/tracesnt/adis/public/notification/outbreaks-current-year-report,"Official ADIS current-year report; individual outbreak date/location not always available in public detail; mapped to affected municipality/area centroid for visualization; geocoding correction v245: municipality centroid matched to Villafranca in Lunigiana (Massa-Carrara); previous coordinates 44.27220,9.93240; match=municipality_region."
IT-ASF-2026-00759,ADIS,A.S.F. in wild boar,Peste suina africana,Confermato,Suino / cinghiale,swine,2026-07-08,2026-07-08,Italy,Lombardia,Pavia,45.036855,9.137825,https://webgate.ec.europa.eu/tracesnt/adis/public/notification/outbreaks-current-year-report,"Official ADIS current-year report; individual outbreak date/location not always available in public detail; mapped to affected municipality/area centroid for visualization; geocoding correction v245: municipality centroid matched to Pavia (Pavia); previous coordinates 45.16870,9.15020; match=municipality_region."
IT-ASF-2026-00760,ADIS,A.S.F. in wild boar,Peste suina africana,Confermato,Suino / cinghiale,swine,2026-07-08,2026-07-08,Italy,Lombardia,Varzi,44.823540,9.196904,https://webgate.ec.europa.eu/tracesnt/adis/public/notification/outbreaks-current-year-report,"Official ADIS current-year report; individual outbreak date/location not always available in public detail; mapped to affected municipality/area centroid for visualization; geocoding correction v245: municipality centroid matched to Varzi (Pavia); previous coordinates 44.81130,9.20100; match=municipality_region."
IT-ASF-2026-00761,ADIS,A.S.F. in wild boar,Peste suina africana,Confermato,Suino / cinghiale,swine,2026-07-08,2026-07-08,Italy,Lombardia,Voghera,44.992840,9.008593,https://webgate.ec.europa.eu/tracesnt/adis/public/notification/outbreaks-current-year-report,"Official ADIS current-year report; individual outbreak date/location not always available in public detail; mapped to affected municipality/area centroid for visualization; geocoding correction v245: municipality centroid matched to Voghera (Pavia); previous coordinates 44.98390,9.02590; match=municipality_region."
IT-ASF-2026-00762,ADIS,A.S.F. in wild boar,Peste suina africana,Confermato,Suino / cinghiale,swine,2026-07-08,2026-07-08,Italy,Lombardia,Godiasco Salice Terme,44.890183,9.065673,https://webgate.ec.europa.eu/tracesnt/adis/public/notification/outbreaks-current-year-report,"Official ADIS current-year report; individual outbreak date/location not always available in public detail; mapped to affected municipality/area centroid for visualization; geocoding correction v245: municipality centroid matched to Godiasco Salice Terme (Pavia); previous coordinates 44.89210,9.04030; match=municipality_region."
IT-ASF-2026-00763,ADIS,A.S.F. in wild boar,Peste suina africana,Confermato,Suino / cinghiale,swine,2026-07-08,2026-07-08,Italy,Lombardia,Casteggio,45.014114,9.123578,https://webgate.ec.europa.eu/tracesnt/adis/public/notification/outbreaks-current-year-report,"Official ADIS current-year report; individual outbreak date/location not always available in public detail; mapped to affected municipality/area centroid for visualization; geocoding correction v245: municipality centroid matched to Casteggio (Pavia); previous coordinates 45.01410,9.12100; match=municipality_region."
IT-ASF-2026-00764,ADIS,A.S.F. in wild boar,Peste suina africana,Confermato,Suino / cinghiale,swine,2026-07-08,2026-07-08,Italy,Piemonte,Ovada,44.638346,8.645250,https://webgate.ec.europa.eu/tracesnt/adis/public/notification/outbreaks-current-year-report,"Official ADIS current-year report; individual outbreak date/location not always available in public detail; mapped to affected municipality/area centroid for visualization; geocoding correction v245: municipality centroid matched to Ovada (Alessandria); previous coordinates 44.64130,8.65460; match=municipality_region."
IT-ASF-2026-00765,ADIS,A.S.F. in wild boar,Peste suina africana,Confermato,Suino / cinghiale,swine,2026-07-08,2026-07-08,Italy,Piemonte,Acqui Terme,44.675145,8.467546,https://webgate.ec.europa.eu/tracesnt/adis/public/notification/outbreaks-current-year-report,"Official ADIS current-year report; individual outbreak date/location not always available in public detail; mapped to affected municipality/area centroid for visualization; geocoding correction v245: municipality centroid matched to Acqui Terme (Alessandria); previous coordinates 44.68340,8.48970; match=municipality_region."
IT-ASF-2026-00766,ADIS,A.S.F. in wild boar,Peste suina africana,Confermato,Suino / cinghiale,swine,2026-07-08,2026-07-08,Italy,Piemonte,Ponzone,44.588185,8.458654,https://webgate.ec.europa.eu/tracesnt/adis/public/notification/outbreaks-current-year-report,"Official ADIS current-year report; individual outbreak date/location not always available in public detail; mapped to affected municipality/area centroid for visualization; geocoding correction v245: municipality centroid matched to Ponzone (Alessandria); previous coordinates 44.60020,8.44780; match=municipality_region."
IT-ASF-2026-00767,ADIS,A.S.F. in wild boar,Peste suina africana,Confermato,Suino / cinghiale,swine,2026-07-08,2026-07-08,Italy,Piemonte,Molare,44.618645,8.600550,https://webgate.ec.europa.eu/tracesnt/adis/public/notification/outbreaks-current-year-report,"Official ADIS current-year report; individual outbreak date/location not always available in public detail; mapped to affected municipality/area centroid for visualization; geocoding correction v245: municipality centroid matched to Molare (Alessandria); previous coordinates 44.63820,8.60170; match=municipality_region."
IT-ASF-2026-00768,ADIS,A.S.F. in wild boar,Peste suina africana,Confermato,Suino / cinghiale,swine,2026-07-08,2026-07-08,Italy,Piemonte,Arquata Scrivia,44.687845,8.885338,https://webgate.ec.europa.eu/tracesnt/adis/public/notification/outbreaks-current-year-report,"Official ADIS current-year report; individual outbreak date/location not always available in public detail; mapped to affected municipality/area centroid for visualization; geocoding correction v245: municipality centroid matched to Arquata Scrivia (Alessandria); previous coordinates 44.70880,8.90250; match=municipality_region."
IT-ASF-2026-00769,ADIS,A.S.F. in wild boar,Peste suina africana,Confermato,Suino / cinghiale,swine,2026-07-08,2026-07-08,Italy,Piemonte,Gavi,44.687649,8.809353,https://webgate.ec.europa.eu/tracesnt/adis/public/notification/outbreaks-current-year-report,"Official ADIS current-year report; individual outbreak date/location not always available in public detail; mapped to affected municipality/area centroid for visualization; geocoding correction v245: municipality centroid matched to Gavi (Alessandria); previous coordinates 44.66600,8.78270; match=municipality_region."
IT-ASF-2026-00770,ADIS,A.S.F. in wild boar,Peste suina africana,Confermato,Suino / cinghiale,swine,2026-07-08,2026-07-08,Italy,Piemonte,Cassinelle,44.601544,8.563449,https://webgate.ec.europa.eu/tracesnt/adis/public/notification/outbreaks-current-year-report,"Official ADIS current-year report; individual outbreak date/location not always available in public detail; mapped to affected municipality/area centroid for visualization; geocoding correction v245: municipality centroid matched to Cassinelle (Alessandria); previous coordinates 44.58680,8.55520; match=municipality_region."
IT-ASF-2026-00771,ADIS,A.S.F. in wild boar,Peste suina africana,Confermato,Suino / cinghiale,swine,2026-07-08,2026-07-08,Italy,Piemonte,Spigno Monferrato,44.543141,8.333946,https://webgate.ec.europa.eu/tracesnt/adis/public/notification/outbreaks-current-year-report,"Official ADIS current-year report; individual outbreak date/location not always available in public detail; mapped to affected municipality/area centroid for visualization; geocoding correction v245: municipality centroid matched to Spigno Monferrato (Alessandria); previous coordinates 44.52940,8.33700; match=municipality_region."
IT-ASF-2026-00772,ADIS,A.S.F. in wild boar,Peste suina africana,Confermato,Suino / cinghiale,swine,2026-07-08,2026-07-08,Italy,Piemonte,Carrega Ligure,44.619046,9.175637,https://webgate.ec.europa.eu/tracesnt/adis/public/notification/outbreaks-current-year-report,"Official ADIS current-year report; individual outbreak date/location not always available in public detail; mapped to affected municipality/area centroid for visualization; geocoding correction v245: municipality centroid matched to Carrega Ligure (Alessandria); previous coordinates 44.65210,9.20180; match=municipality_region."
IT-ASF-2026-00773,ADIS,A.S.F. in wild boar,Peste suina africana,Confermato,Suino / cinghiale,swine,2026-07-08,2026-07-08,Italy,Piemonte,Serravalle Scrivia,44.725580,8.854700,https://webgate.ec.europa.eu/tracesnt/adis/public/notification/outbreaks-current-year-report,"Official ADIS current-year report; individual outbreak date/location not always available in public detail; mapped to affected municipality/area centroid for visualization; geocoding correction v245: municipality centroid matched to Serravalle Scrivia (Alessandria); previous coordinates 44.71860,8.84100; match=municipality_region."
IT-ASF-2026-00774,ADIS,A.S.F. in wild boar,Peste suina africana,Confermato,Suino / cinghiale,swine,2026-07-08,2026-07-08,Italy,Liguria,Genova,44.407260,8.933862,https://webgate.ec.europa.eu/tracesnt/adis/public/notification/outbreaks-current-year-report,"Official ADIS current-year report; individual outbreak date/location not always available in public detail; mapped to affected municipality/area centroid for visualization; geocoding correction v245: municipality centroid matched to Genova (Genova); previous coordinates 44.40480,8.94040; match=municipality_region."
IT-ASF-2026-00775,ADIS,A.S.F. in wild boar,Peste suina africana,Confermato,Suino / cinghiale,swine,2026-07-08,2026-07-08,Italy,Liguria,Rapallo,44.351147,9.229671,https://webgate.ec.europa.eu/tracesnt/adis/public/notification/outbreaks-current-year-report,"Official ADIS current-year report; individual outbreak date/location not always available in public detail; mapped to affected municipality/area centroid for visualization; geocoding correction v245: municipality centroid matched to Rapallo (Genova); previous coordinates 44.35360,9.23600; match=municipality_region."
IT-ASF-2026-00776,ADIS,A.S.F. in wild boar,Peste suina africana,Confermato,Suino / cinghiale,swine,2026-07-08,2026-07-08,Italy,Liguria,Chiavari,44.316449,9.323338,https://webgate.ec.europa.eu/tracesnt/adis/public/notification/outbreaks-current-year-report,"Official ADIS current-year report; individual outbreak date/location not always available in public detail; mapped to affected municipality/area centroid for visualization; geocoding correction v245: municipality centroid matched to Chiavari (Genova); previous coordinates 44.32570,9.34240; match=municipality_region."
IT-ASF-2026-00777,ADIS,A.S.F. in wild boar,Peste suina africana,Confermato,Suino / cinghiale,swine,2026-07-08,2026-07-08,Italy,Liguria,Busalla,44.573483,8.943300,https://webgate.ec.europa.eu/tracesnt/adis/public/notification/outbreaks-current-year-report,"Official ADIS current-year report; individual outbreak date/location not always available in public detail; mapped to affected municipality/area centroid for visualization; geocoding correction v245: municipality centroid matched to Busalla (Genova); previous coordinates 44.58210,8.93450; match=municipality_region."
IT-ASF-2026-00778,ADIS,A.S.F. in wild boar,Peste suina africana,Confermato,Suino / cinghiale,swine,2026-07-08,2026-07-08,Italy,Liguria,Mignanego,44.548330,8.915657,https://webgate.ec.europa.eu/tracesnt/adis/public/notification/outbreaks-current-year-report,"Official ADIS current-year report; individual outbreak date/location not always available in public detail; mapped to affected municipality/area centroid for visualization; geocoding correction v245: municipality centroid matched to Mignanego (Genova); previous coordinates 44.54250,8.91440; match=municipality_region."
IT-ASF-2026-00779,ADIS,A.S.F. in wild boar,Peste suina africana,Confermato,Suino / cinghiale,swine,2026-07-08,2026-07-08,Italy,Liguria,Montoggio,44.515436,9.044274,https://webgate.ec.europa.eu/tracesnt/adis/public/notification/outbreaks-current-year-report,"Official ADIS current-year report; individual outbreak date/location not always available in public detail; mapped to affected municipality/area centroid for visualization; geocoding correction v245: municipality centroid matched to Montoggio (Genova); previous coordinates 44.53750,9.06070; match=municipality_region."
IT-ASF-2026-00780,ADIS,A.S.F. in wild boar,Peste suina africana,Confermato,Suino / cinghiale,swine,2026-07-08,2026-07-08,Italy,Liguria,Rossiglione,44.563961,8.668513,https://webgate.ec.europa.eu/tracesnt/adis/public/notification/outbreaks-current-year-report,"Official ADIS current-year report; individual outbreak date/location not always available in public detail; mapped to affected municipality/area centroid for visualization; geocoding correction v245: municipality centroid matched to Rossiglione (Genova); previous coordinates 44.54380,8.65240; match=municipality_region."
IT-ASF-2026-00781,ADIS,A.S.F. in wild boar,Peste suina africana,Confermato,Suino / cinghiale,swine,2026-07-08,2026-07-08,Italy,Liguria,Masone,44.501336,8.716348,https://webgate.ec.europa.eu/tracesnt/adis/public/notification/outbreaks-current-year-report,"Official ADIS current-year report; individual outbreak date/location not always available in public detail; mapped to affected municipality/area centroid for visualization; geocoding correction v245: municipality centroid matched to Masone (Genova); previous coordinates 44.48570,8.71150; match=municipality_region."
IT-ASF-2026-00782,ADIS,A.S.F. in wild boar,Peste suina africana,Confermato,Suino / cinghiale,swine,2026-07-08,2026-07-08,Italy,Liguria,Savignone,44.564143,8.989596,https://webgate.ec.europa.eu/tracesnt/adis/public/notification/outbreaks-current-year-report,"Official ADIS current-year report; individual outbreak date/location not always available in public detail; mapped to affected municipality/area centroid for visualization; geocoding correction v245: municipality centroid matched to Savignone (Genova); previous coordinates 44.55230,8.99120; match=municipality_region."
IT-ASF-2026-00783,ADIS,A.S.F. in wild boar,Peste suina africana,Confermato,Suino / cinghiale,swine,2026-07-08,2026-07-08,Italy,Liguria,Arenzano,44.402518,8.683132,https://webgate.ec.europa.eu/tracesnt/adis/public/notification/outbreaks-current-year-report,"Official ADIS current-year report; individual outbreak date/location not always available in public detail; mapped to affected municipality/area centroid for visualization; geocoding correction v245: municipality centroid matched to Arenzano (Genova); previous coordinates 44.39770,8.69940; match=municipality_region."
IT-ASF-2026-00784,ADIS,A.S.F. in wild boar,Peste suina africana,Confermato,Suino / cinghiale,swine,2026-07-08,2026-07-08,Italy,Emilia-Romagna,Collagna,44.34300,10.25800,https://webgate.ec.europa.eu/tracesnt/adis/public/notification/outbreaks-current-year-report,Official ADIS current-year report; individual outbreak date/location not always available in public detail; mapped to affected municipality/area centroid for visualization
IT-ASF-2026-00785,ADIS,A.S.F. in wild boar,Peste suina africana,Confermato,Suino / cinghiale,swine,2026-07-08,2026-07-08,Italy,Emilia-Romagna,Busana,44.36770,10.31640,https://webgate.ec.europa.eu/tracesnt/adis/public/notification/outbreaks-current-year-report,Official ADIS current-year report; individual outbreak date/location not always available in public detail; mapped to affected municipality/area centroid for visualization
IT-ASF-2026-00786,ADIS,A.S.F. in wild boar,Peste suina africana,Confermato,Suino / cinghiale,swine,2026-07-08,2026-07-08,Italy,Emilia-Romagna,Monchio delle Corti,44.412955,10.124190,https://webgate.ec.europa.eu/tracesnt/adis/public/notification/outbreaks-current-year-report,"Official ADIS current-year report; individual outbreak date/location not always available in public detail; mapped to affected municipality/area centroid for visualization; geocoding correction v245: municipality centroid matched to Monchio delle Corti (Parma); previous coordinates 44.41310,10.13230; match=municipality_region."
IT-ASF-2026-00787,ADIS,A.S.F. in wild boar,Peste suina africana,Confermato,Suino / cinghiale,swine,2026-07-08,2026-07-08,Italy,Emilia-Romagna,Ligonchio,44.32400,10.35800,https://webgate.ec.europa.eu/tracesnt/adis/public/notification/outbreaks-current-year-report,Official ADIS current-year report; individual outbreak date/location not always available in public detail; mapped to affected municipality/area centroid for visualization
IT-ASF-2026-00788,ADIS,A.S.F. in wild boar,Peste suina africana,Confermato,Suino / cinghiale,swine,2026-07-08,2026-07-08,Italy,Emilia-Romagna,Felino,44.696587,10.237205,https://webgate.ec.europa.eu/tracesnt/adis/public/notification/outbreaks-current-year-report,"Official ADIS current-year report; individual outbreak date/location not always available in public detail; mapped to affected municipality/area centroid for visualization; geocoding correction v245: municipality centroid matched to Felino (Parma); previous coordinates 44.70430,10.22900; match=municipality_region."
IT-ASF-2026-00789,ADIS,A.S.F. in wild boar,Peste suina africana,Confermato,Suino / cinghiale,swine,2026-07-08,2026-07-08,Italy,Emilia-Romagna,Langhirano,44.613064,10.266114,https://webgate.ec.europa.eu/tracesnt/adis/public/notification/outbreaks-current-year-report,"Official ADIS current-year report; individual outbreak date/location not always available in public detail; mapped to affected municipality/area centroid for visualization; geocoding correction v245: municipality centroid matched to Langhirano (Parma); previous coordinates 44.62840,10.26600; match=municipality_region."
IT-ASF-2026-00790,ADIS,A.S.F. in wild boar,Peste suina africana,Confermato,Suino / cinghiale,swine,2026-07-08,2026-07-08,Italy,Emilia-Romagna,Rivergaro,44.910251,9.596521,https://webgate.ec.europa.eu/tracesnt/adis/public/notification/outbreaks-current-year-report,"Official ADIS current-year report; individual outbreak date/location not always available in public detail; mapped to affected municipality/area centroid for visualization; geocoding correction v245: municipality centroid matched to Rivergaro (Piacenza); previous coordinates 44.93130,9.60900; match=municipality_region."
IT-ASF-2026-00791,ADIS,A.S.F. in wild boar,Peste suina africana,Confermato,Suino / cinghiale,swine,2026-07-08,2026-07-08,Italy,Emilia-Romagna,Medesano,44.756699,10.140737,https://webgate.ec.europa.eu/tracesnt/adis/public/notification/outbreaks-current-year-report,"Official ADIS current-year report; individual outbreak date/location not always available in public detail; mapped to affected municipality/area centroid for visualization; geocoding correction v245: municipality centroid matched to Medesano (Parma); previous coordinates 44.73650,10.12000; match=municipality_region."
IT-ASF-2026-00792,ADIS,A.S.F. in wild boar,Peste suina africana,Confermato,Suino / cinghiale,swine,2026-07-08,2026-07-08,Italy,Emilia-Romagna,Bardi,44.632211,9.731203,https://webgate.ec.europa.eu/tracesnt/adis/public/notification/outbreaks-current-year-report,"Official ADIS current-year report; individual outbreak date/location not always available in public detail; mapped to affected municipality/area centroid for visualization; geocoding correction v245: municipality centroid matched to Bardi (Parma); previous coordinates 44.61630,9.72430; match=municipality_region."
IT-ASF-2026-00793,ADIS,A.S.F. in wild boar,Peste suina africana,Confermato,Suino / cinghiale,swine,2026-07-08,2026-07-08,Italy,Emilia-Romagna,Bobbio,44.769273,9.386281,https://webgate.ec.europa.eu/tracesnt/adis/public/notification/outbreaks-current-year-report,"Official ADIS current-year report; individual outbreak date/location not always available in public detail; mapped to affected municipality/area centroid for visualization; geocoding correction v245: municipality centroid matched to Bobbio (Piacenza); previous coordinates 44.75720,9.38980; match=municipality_region."
IT-ASF-2026-00794,ADIS,A.S.F. in wild boar,Peste suina africana,Confermato,Suino / cinghiale,swine,2026-07-08,2026-07-08,Italy,Toscana,Comano,44.293540,10.131165,https://webgate.ec.europa.eu/tracesnt/adis/public/notification/outbreaks-current-year-report,"Official ADIS current-year report; individual outbreak date/location not always available in public detail; mapped to affected municipality/area centroid for visualization; geocoding correction v245: municipality centroid matched to Comano (Massa-Carrara); previous coordinates 44.28540,10.14710; match=municipality_region."
IT-ASF-2026-00795,ADIS,A.S.F. in wild boar,Peste suina africana,Confermato,Suino / cinghiale,swine,2026-07-08,2026-07-08,Italy,Toscana,Bagnone,44.314739,9.994655,https://webgate.ec.europa.eu/tracesnt/adis/public/notification/outbreaks-current-year-report,"Official ADIS current-year report; individual outbreak date/location not always available in public detail; mapped to affected municipality/area centroid for visualization; geocoding correction v245: municipality centroid matched to Bagnone (Massa-Carrara); previous coordinates 44.31100,9.97900; match=municipality_region."
IT-ASF-2026-00796,ADIS,A.S.F. in wild boar,Peste suina africana,Confermato,Suino / cinghiale,swine,2026-07-08,2026-07-08,Italy,Toscana,Fivizzano,44.238350,10.125990,https://webgate.ec.europa.eu/tracesnt/adis/public/notification/outbreaks-current-year-report,"Official ADIS current-year report; individual outbreak date/location not always available in public detail; mapped to affected municipality/area centroid for visualization; geocoding correction v245: municipality centroid matched to Fivizzano (Massa-Carrara); previous coordinates 44.23780,10.12250; match=municipality_region."
IT-ASF-2026-00797,ADIS,A.S.F. in wild boar,Peste suina africana,Confermato,Suino / cinghiale,swine,2026-07-08,2026-07-08,Italy,Toscana,Barga,44.073918,10.484263,https://webgate.ec.europa.eu/tracesnt/adis/public/notification/outbreaks-current-year-report,"Official ADIS current-year report; individual outbreak date/location not always available in public detail; mapped to affected municipality/area centroid for visualization; geocoding correction v245: municipality centroid matched to Barga (Lucca); previous coordinates 44.07710,10.48850; match=municipality_region."
IT-ASF-2026-00798,ADIS,A.S.F. in wild boar,Peste suina africana,Confermato,Suino / cinghiale,swine,2026-07-08,2026-07-08,Italy,Toscana,Licciana Nardi,44.264900,10.038437,https://webgate.ec.europa.eu/tracesnt/adis/public/notification/outbreaks-current-year-report,"Official ADIS current-year report; individual outbreak date/location not always available in public detail; mapped to affected municipality/area centroid for visualization; geocoding correction v245: municipality centroid matched to Licciana Nardi (Massa-Carrara); previous coordinates 44.27290,10.05870; match=municipality_region."
IT-ASF-2026-00799,ADIS,A.S.F. in wild boar,Peste suina africana,Confermato,Suino / cinghiale,swine,2026-07-08,2026-07-08,Italy,Toscana,San Marcello Pistoiese,44.06760,10.77860,https://webgate.ec.europa.eu/tracesnt/adis/public/notification/outbreaks-current-year-report,Official ADIS current-year report; individual outbreak date/location not always available in public detail; mapped to affected municipality/area centroid for visualization
IT-ASF-2026-00800,ADIS,A.S.F. in wild boar,Peste suina africana,Confermato,Suino / cinghiale,swine,2026-07-08,2026-07-08,Italy,Toscana,Pontremoli,44.375151,9.878882,https://webgate.ec.europa.eu/tracesnt/adis/public/notification/outbreaks-current-year-report,"Official ADIS current-year report; individual outbreak date/location not always available in public detail; mapped to affected municipality/area centroid for visualization; geocoding correction v245: municipality centroid matched to Pontremoli (Massa-Carrara); previous coordinates 44.39120,9.87940; match=municipality_region."
IT-ASF-2026-00801,ADIS,A.S.F. in wild boar,Peste suina africana,Confermato,Suino / cinghiale,swine,2026-07-08,2026-07-08,Italy,Toscana,Mulazzo,44.315926,9.889626,https://webgate.ec.europa.eu/tracesnt/adis/public/notification/outbreaks-current-year-report,"Official ADIS current-year report; individual outbreak date/location not always available in public detail; mapped to affected municipality/area centroid for visualization; geocoding correction v245: municipality centroid matched to Mulazzo (Massa-Carrara); previous coordinates 44.33070,9.90390; match=municipality_region."
IT-ASF-2026-00802,ADIS,A.S.F. in wild boar,Peste suina africana,Confermato,Suino / cinghiale,swine,2026-07-08,2026-07-08,Italy,Toscana,Aulla,44.214548,9.967787,https://webgate.ec.europa.eu/tracesnt/adis/public/notification/outbreaks-current-year-report,"Official ADIS current-year report; individual outbreak date/location not always available in public detail; mapped to affected municipality/area centroid for visualization; geocoding correction v245: municipality centroid matched to Aulla (Massa-Carrara); previous coordinates 44.18660,9.94800; match=municipality_region."
IT-ASF-2026-00803,ADIS,A.S.F. in wild boar,Peste suina africana,Confermato,Suino / cinghiale,swine,2026-07-08,2026-07-08,Italy,Toscana,Villafranca in Lunigiana,44.294670,9.949656,https://webgate.ec.europa.eu/tracesnt/adis/public/notification/outbreaks-current-year-report,"Official ADIS current-year report; individual outbreak date/location not always available in public detail; mapped to affected municipality/area centroid for visualization; geocoding correction v245: municipality centroid matched to Villafranca in Lunigiana (Massa-Carrara); previous coordinates 44.27620,9.94440; match=municipality_region."
IT-ASF-2026-00804,ADIS,A.S.F. in wild boar,Peste suina africana,Confermato,Suino / cinghiale,swine,2026-07-08,2026-07-08,Italy,Lombardia,Pavia,45.036855,9.137825,https://webgate.ec.europa.eu/tracesnt/adis/public/notification/outbreaks-current-year-report,"Official ADIS current-year report; individual outbreak date/location not always available in public detail; mapped to affected municipality/area centroid for visualization; geocoding correction v245: municipality centroid matched to Pavia (Pavia); previous coordinates 45.17270,9.16220; match=municipality_region."
IT-ASF-2026-00805,ADIS,A.S.F. in wild boar,Peste suina africana,Confermato,Suino / cinghiale,swine,2026-07-08,2026-07-08,Italy,Lombardia,Varzi,44.823540,9.196904,https://webgate.ec.europa.eu/tracesnt/adis/public/notification/outbreaks-current-year-report,"Official ADIS current-year report; individual outbreak date/location not always available in public detail; mapped to affected municipality/area centroid for visualization; geocoding correction v245: municipality centroid matched to Varzi (Pavia); previous coordinates 44.81530,9.21300; match=municipality_region."
IT-ASF-2026-00806,ADIS,A.S.F. in wild boar,Peste suina africana,Confermato,Suino / cinghiale,swine,2026-07-08,2026-07-08,Italy,Lombardia,Voghera,44.992840,9.008593,https://webgate.ec.europa.eu/tracesnt/adis/public/notification/outbreaks-current-year-report,"Official ADIS current-year report; individual outbreak date/location not always available in public detail; mapped to affected municipality/area centroid for visualization; geocoding correction v245: municipality centroid matched to Voghera (Pavia); previous coordinates 44.98790,8.99390; match=municipality_region."
IT-ASF-2026-00807,ADIS,A.S.F. in wild boar,Peste suina africana,Confermato,Suino / cinghiale,swine,2026-07-08,2026-07-08,Italy,Lombardia,Godiasco Salice Terme,44.890183,9.065673,https://webgate.ec.europa.eu/tracesnt/adis/public/notification/outbreaks-current-year-report,"Official ADIS current-year report; individual outbreak date/location not always available in public detail; mapped to affected municipality/area centroid for visualization; geocoding correction v245: municipality centroid matched to Godiasco Salice Terme (Pavia); previous coordinates 44.89610,9.05230; match=municipality_region."
IT-ASF-2026-00808,ADIS,A.S.F. in wild boar,Peste suina africana,Confermato,Suino / cinghiale,swine,2026-07-08,2026-07-08,Italy,Lombardia,Casteggio,45.014114,9.123578,https://webgate.ec.europa.eu/tracesnt/adis/public/notification/outbreaks-current-year-report,"Official ADIS current-year report; individual outbreak date/location not always available in public detail; mapped to affected municipality/area centroid for visualization; geocoding correction v245: municipality centroid matched to Casteggio (Pavia); previous coordinates 45.01810,9.13300; match=municipality_region."
IT-ASF-2026-00809,ADIS,A.S.F. in wild boar,Peste suina africana,Confermato,Suino / cinghiale,swine,2026-07-08,2026-07-08,Italy,Piemonte,Ovada,44.638346,8.645250,https://webgate.ec.europa.eu/tracesnt/adis/public/notification/outbreaks-current-year-report,"Official ADIS current-year report; individual outbreak date/location not always available in public detail; mapped to affected municipality/area centroid for visualization; geocoding correction v245: municipality centroid matched to Ovada (Alessandria); previous coordinates 44.64530,8.66660; match=municipality_region."
IT-ASF-2026-00810,ADIS,A.S.F. in wild boar,Peste suina africana,Confermato,Suino / cinghiale,swine,2026-07-08,2026-07-08,Italy,Piemonte,Acqui Terme,44.675145,8.467546,https://webgate.ec.europa.eu/tracesnt/adis/public/notification/outbreaks-current-year-report,"Official ADIS current-year report; individual outbreak date/location not always available in public detail; mapped to affected municipality/area centroid for visualization; geocoding correction v245: municipality centroid matched to Acqui Terme (Alessandria); previous coordinates 44.68740,8.45770; match=municipality_region."
IT-ASF-2026-00811,ADIS,A.S.F. in wild boar,Peste suina africana,Confermato,Suino / cinghiale,swine,2026-07-08,2026-07-08,Italy,Piemonte,Ponzone,44.588185,8.458654,https://webgate.ec.europa.eu/tracesnt/adis/public/notification/outbreaks-current-year-report,"Official ADIS current-year report; individual outbreak date/location not always available in public detail; mapped to affected municipality/area centroid for visualization; geocoding correction v245: municipality centroid matched to Ponzone (Alessandria); previous coordinates 44.60420,8.45980; match=municipality_region."
IT-ASF-2026-00812,ADIS,A.S.F. in wild boar,Peste suina africana,Confermato,Suino / cinghiale,swine,2026-07-08,2026-07-08,Italy,Piemonte,Molare,44.618645,8.600550,https://webgate.ec.europa.eu/tracesnt/adis/public/notification/outbreaks-current-year-report,"Official ADIS current-year report; individual outbreak date/location not always available in public detail; mapped to affected municipality/area centroid for visualization; geocoding correction v245: municipality centroid matched to Molare (Alessandria); previous coordinates 44.64220,8.61370; match=municipality_region."
IT-ASF-2026-00813,ADIS,A.S.F. in wild boar,Peste suina africana,Confermato,Suino / cinghiale,swine,2026-07-08,2026-07-08,Italy,Piemonte,Arquata Scrivia,44.687845,8.885338,https://webgate.ec.europa.eu/tracesnt/adis/public/notification/outbreaks-current-year-report,"Official ADIS current-year report; individual outbreak date/location not always available in public detail; mapped to affected municipality/area centroid for visualization; geocoding correction v245: municipality centroid matched to Arquata Scrivia (Alessandria); previous coordinates 44.66880,8.87050; match=municipality_region."
IT-ASF-2026-00814,ADIS,A.S.F. in wild boar,Peste suina africana,Confermato,Suino / cinghiale,swine,2026-07-08,2026-07-08,Italy,Piemonte,Gavi,44.687649,8.809353,https://webgate.ec.europa.eu/tracesnt/adis/public/notification/outbreaks-current-year-report,"Official ADIS current-year report; individual outbreak date/location not always available in public detail; mapped to affected municipality/area centroid for visualization; geocoding correction v245: municipality centroid matched to Gavi (Alessandria); previous coordinates 44.67000,8.79470; match=municipality_region."
IT-ASF-2026-00815,ADIS,A.S.F. in wild boar,Peste suina africana,Confermato,Suino / cinghiale,swine,2026-07-08,2026-07-08,Italy,Piemonte,Cassinelle,44.601544,8.563449,https://webgate.ec.europa.eu/tracesnt/adis/public/notification/outbreaks-current-year-report,"Official ADIS current-year report; individual outbreak date/location not always available in public detail; mapped to affected municipality/area centroid for visualization; geocoding correction v245: municipality centroid matched to Cassinelle (Alessandria); previous coordinates 44.59080,8.56720; match=municipality_region."
IT-ASF-2026-00816,ADIS,A.S.F. in wild boar,Peste suina africana,Confermato,Suino / cinghiale,swine,2026-07-08,2026-07-08,Italy,Piemonte,Spigno Monferrato,44.543141,8.333946,https://webgate.ec.europa.eu/tracesnt/adis/public/notification/outbreaks-current-year-report,"Official ADIS current-year report; individual outbreak date/location not always available in public detail; mapped to affected municipality/area centroid for visualization; geocoding correction v245: municipality centroid matched to Spigno Monferrato (Alessandria); previous coordinates 44.53340,8.34900; match=municipality_region."
IT-ASF-2026-00817,ADIS,A.S.F. in wild boar,Peste suina africana,Confermato,Suino / cinghiale,swine,2026-07-08,2026-07-08,Italy,Piemonte,Carrega Ligure,44.619046,9.175637,https://webgate.ec.europa.eu/tracesnt/adis/public/notification/outbreaks-current-year-report,"Official ADIS current-year report; individual outbreak date/location not always available in public detail; mapped to affected municipality/area centroid for visualization; geocoding correction v245: municipality centroid matched to Carrega Ligure (Alessandria); previous coordinates 44.65610,9.16980; match=municipality_region."
IT-ASF-2026-00818,ADIS,A.S.F. in wild boar,Peste suina africana,Confermato,Suino / cinghiale,swine,2026-07-08,2026-07-08,Italy,Piemonte,Serravalle Scrivia,44.725580,8.854700,https://webgate.ec.europa.eu/tracesnt/adis/public/notification/outbreaks-current-year-report,"Official ADIS current-year report; individual outbreak date/location not always available in public detail; mapped to affected municipality/area centroid for visualization; geocoding correction v245: municipality centroid matched to Serravalle Scrivia (Alessandria); previous coordinates 44.72260,8.85300; match=municipality_region."
IT-ASF-2026-00819,ADIS,A.S.F. in wild boar,Peste suina africana,Confermato,Suino / cinghiale,swine,2026-07-08,2026-07-08,Italy,Liguria,Genova,44.407260,8.933862,https://webgate.ec.europa.eu/tracesnt/adis/public/notification/outbreaks-current-year-report,"Official ADIS current-year report; individual outbreak date/location not always available in public detail; mapped to affected municipality/area centroid for visualization; geocoding correction v245: municipality centroid matched to Genova (Genova); previous coordinates 44.40880,8.95240; match=municipality_region."
IT-ASF-2026-00820,ADIS,A.S.F. in wild boar,Peste suina africana,Confermato,Suino / cinghiale,swine,2026-07-08,2026-07-08,Italy,Liguria,Rapallo,44.351147,9.229671,https://webgate.ec.europa.eu/tracesnt/adis/public/notification/outbreaks-current-year-report,"Official ADIS current-year report; individual outbreak date/location not always available in public detail; mapped to affected municipality/area centroid for visualization; geocoding correction v245: municipality centroid matched to Rapallo (Genova); previous coordinates 44.35760,9.24800; match=municipality_region."
IT-ASF-2026-00821,ADIS,A.S.F. in wild boar,Peste suina africana,Confermato,Suino / cinghiale,swine,2026-07-08,2026-07-08,Italy,Liguria,Chiavari,44.316449,9.323338,https://webgate.ec.europa.eu/tracesnt/adis/public/notification/outbreaks-current-year-report,"Official ADIS current-year report; individual outbreak date/location not always available in public detail; mapped to affected municipality/area centroid for visualization; geocoding correction v245: municipality centroid matched to Chiavari (Genova); previous coordinates 44.32970,9.31040; match=municipality_region."
IT-ASF-2026-00822,ADIS,A.S.F. in wild boar,Peste suina africana,Confermato,Suino / cinghiale,swine,2026-07-08,2026-07-08,Italy,Liguria,Busalla,44.573483,8.943300,https://webgate.ec.europa.eu/tracesnt/adis/public/notification/outbreaks-current-year-report,"Official ADIS current-year report; individual outbreak date/location not always available in public detail; mapped to affected municipality/area centroid for visualization; geocoding correction v245: municipality centroid matched to Busalla (Genova); previous coordinates 44.58610,8.94650; match=municipality_region."
IT-ASF-2026-00823,ADIS,A.S.F. in wild boar,Peste suina africana,Confermato,Suino / cinghiale,swine,2026-07-08,2026-07-08,Italy,Liguria,Mignanego,44.548330,8.915657,https://webgate.ec.europa.eu/tracesnt/adis/public/notification/outbreaks-current-year-report,"Official ADIS current-year report; individual outbreak date/location not always available in public detail; mapped to affected municipality/area centroid for visualization; geocoding correction v245: municipality centroid matched to Mignanego (Genova); previous coordinates 44.54650,8.92640; match=municipality_region."
IT-ASF-2026-00824,ADIS,A.S.F. in wild boar,Peste suina africana,Confermato,Suino / cinghiale,swine,2026-07-08,2026-07-08,Italy,Liguria,Montoggio,44.515436,9.044274,https://webgate.ec.europa.eu/tracesnt/adis/public/notification/outbreaks-current-year-report,"Official ADIS current-year report; individual outbreak date/location not always available in public detail; mapped to affected municipality/area centroid for visualization; geocoding correction v245: municipality centroid matched to Montoggio (Genova); previous coordinates 44.49750,9.02870; match=municipality_region."
IT-ASF-2026-00825,ADIS,A.S.F. in wild boar,Peste suina africana,Confermato,Suino / cinghiale,swine,2026-07-08,2026-07-08,Italy,Liguria,Rossiglione,44.563961,8.668513,https://webgate.ec.europa.eu/tracesnt/adis/public/notification/outbreaks-current-year-report,"Official ADIS current-year report; individual outbreak date/location not always available in public detail; mapped to affected municipality/area centroid for visualization; geocoding correction v245: municipality centroid matched to Rossiglione (Genova); previous coordinates 44.54780,8.66440; match=municipality_region."
IT-ASF-2026-00826,ADIS,A.S.F. in wild boar,Peste suina africana,Confermato,Suino / cinghiale,swine,2026-07-08,2026-07-08,Italy,Liguria,Masone,44.501336,8.716348,https://webgate.ec.europa.eu/tracesnt/adis/public/notification/outbreaks-current-year-report,"Official ADIS current-year report; individual outbreak date/location not always available in public detail; mapped to affected municipality/area centroid for visualization; geocoding correction v245: municipality centroid matched to Masone (Genova); previous coordinates 44.48970,8.72350; match=municipality_region."
IT-ASF-2026-00827,ADIS,A.S.F. in wild boar,Peste suina africana,Confermato,Suino / cinghiale,swine,2026-07-08,2026-07-08,Italy,Liguria,Savignone,44.564143,8.989596,https://webgate.ec.europa.eu/tracesnt/adis/public/notification/outbreaks-current-year-report,"Official ADIS current-year report; individual outbreak date/location not always available in public detail; mapped to affected municipality/area centroid for visualization; geocoding correction v245: municipality centroid matched to Savignone (Genova); previous coordinates 44.55630,9.00320; match=municipality_region."
IT-ASF-2026-00828,ADIS,A.S.F. in wild boar,Peste suina africana,Confermato,Suino / cinghiale,swine,2026-07-08,2026-07-08,Italy,Liguria,Arenzano,44.402518,8.683132,https://webgate.ec.europa.eu/tracesnt/adis/public/notification/outbreaks-current-year-report,"Official ADIS current-year report; individual outbreak date/location not always available in public detail; mapped to affected municipality/area centroid for visualization; geocoding correction v245: municipality centroid matched to Arenzano (Genova); previous coordinates 44.40170,8.66740; match=municipality_region."
IT-ASF-2026-00829,ADIS,A.S.F. in wild boar,Peste suina africana,Confermato,Suino / cinghiale,swine,2026-07-08,2026-07-08,Italy,Emilia-Romagna,Collagna,44.34700,10.27000,https://webgate.ec.europa.eu/tracesnt/adis/public/notification/outbreaks-current-year-report,Official ADIS current-year report; individual outbreak date/location not always available in public detail; mapped to affected municipality/area centroid for visualization
IT-ASF-2026-00830,ADIS,A.S.F. in wild boar,Peste suina africana,Confermato,Suino / cinghiale,swine,2026-07-08,2026-07-08,Italy,Emilia-Romagna,Busana,44.37170,10.32840,https://webgate.ec.europa.eu/tracesnt/adis/public/notification/outbreaks-current-year-report,Official ADIS current-year report; individual outbreak date/location not always available in public detail; mapped to affected municipality/area centroid for visualization
IT-ASF-2026-00831,ADIS,A.S.F. in wild boar,Peste suina africana,Confermato,Suino / cinghiale,swine,2026-07-08,2026-07-08,Italy,Emilia-Romagna,Monchio delle Corti,44.412955,10.124190,https://webgate.ec.europa.eu/tracesnt/adis/public/notification/outbreaks-current-year-report,"Official ADIS current-year report; individual outbreak date/location not always available in public detail; mapped to affected municipality/area centroid for visualization; geocoding correction v245: municipality centroid matched to Monchio delle Corti (Parma); previous coordinates 44.41710,10.14430; match=municipality_region."
IT-ASF-2026-00832,ADIS,A.S.F. in wild boar,Peste suina africana,Confermato,Suino / cinghiale,swine,2026-07-08,2026-07-08,Italy,Emilia-Romagna,Ligonchio,44.32800,10.32600,https://webgate.ec.europa.eu/tracesnt/adis/public/notification/outbreaks-current-year-report,Official ADIS current-year report; individual outbreak date/location not always available in public detail; mapped to affected municipality/area centroid for visualization
IT-ASF-2026-00833,ADIS,A.S.F. in wild boar,Peste suina africana,Confermato,Suino / cinghiale,swine,2026-07-08,2026-07-08,Italy,Emilia-Romagna,Felino,44.696587,10.237205,https://webgate.ec.europa.eu/tracesnt/adis/public/notification/outbreaks-current-year-report,"Official ADIS current-year report; individual outbreak date/location not always available in public detail; mapped to affected municipality/area centroid for visualization; geocoding correction v245: municipality centroid matched to Felino (Parma); previous coordinates 44.70830,10.24100; match=municipality_region."
IT-ASF-2026-00834,ADIS,A.S.F. in wild boar,Peste suina africana,Confermato,Suino / cinghiale,swine,2026-07-08,2026-07-08,Italy,Emilia-Romagna,Langhirano,44.613064,10.266114,https://webgate.ec.europa.eu/tracesnt/adis/public/notification/outbreaks-current-year-report,"Official ADIS current-year report; individual outbreak date/location not always available in public detail; mapped to affected municipality/area centroid for visualization; geocoding correction v245: municipality centroid matched to Langhirano (Parma); previous coordinates 44.63240,10.27800; match=municipality_region."
IT-ASF-2026-00835,ADIS,A.S.F. in wild boar,Peste suina africana,Confermato,Suino / cinghiale,swine,2026-07-08,2026-07-08,Italy,Emilia-Romagna,Rivergaro,44.910251,9.596521,https://webgate.ec.europa.eu/tracesnt/adis/public/notification/outbreaks-current-year-report,"Official ADIS current-year report; individual outbreak date/location not always available in public detail; mapped to affected municipality/area centroid for visualization; geocoding correction v245: municipality centroid matched to Rivergaro (Piacenza); previous coordinates 44.89130,9.57700; match=municipality_region."
IT-ASF-2026-00836,ADIS,A.S.F. in wild boar,Peste suina africana,Confermato,Suino / cinghiale,swine,2026-07-08,2026-07-08,Italy,Emilia-Romagna,Medesano,44.756699,10.140737,https://webgate.ec.europa.eu/tracesnt/adis/public/notification/outbreaks-current-year-report,"Official ADIS current-year report; individual outbreak date/location not always available in public detail; mapped to affected municipality/area centroid for visualization; geocoding correction v245: municipality centroid matched to Medesano (Parma); previous coordinates 44.74050,10.13200; match=municipality_region."
IT-ASF-2026-00837,ADIS,A.S.F. in wild boar,Peste suina africana,Confermato,Suino / cinghiale,swine,2026-07-08,2026-07-08,Italy,Emilia-Romagna,Bardi,44.632211,9.731203,https://webgate.ec.europa.eu/tracesnt/adis/public/notification/outbreaks-current-year-report,"Official ADIS current-year report; individual outbreak date/location not always available in public detail; mapped to affected municipality/area centroid for visualization; geocoding correction v245: municipality centroid matched to Bardi (Parma); previous coordinates 44.62030,9.73630; match=municipality_region."
IT-ASF-2026-00838,ADIS,A.S.F. in wild boar,Peste suina africana,Confermato,Suino / cinghiale,swine,2026-07-08,2026-07-08,Italy,Emilia-Romagna,Bobbio,44.769273,9.386281,https://webgate.ec.europa.eu/tracesnt/adis/public/notification/outbreaks-current-year-report,"Official ADIS current-year report; individual outbreak date/location not always available in public detail; mapped to affected municipality/area centroid for visualization; geocoding correction v245: municipality centroid matched to Bobbio (Piacenza); previous coordinates 44.76120,9.40180; match=municipality_region."
IT-ASF-2026-00839,ADIS,A.S.F. in wild boar,Peste suina africana,Confermato,Suino / cinghiale,swine,2026-07-08,2026-07-08,Italy,Toscana,Comano,44.293540,10.131165,https://webgate.ec.europa.eu/tracesnt/adis/public/notification/outbreaks-current-year-report,"Official ADIS current-year report; individual outbreak date/location not always available in public detail; mapped to affected municipality/area centroid for visualization; geocoding correction v245: municipality centroid matched to Comano (Massa-Carrara); previous coordinates 44.28940,10.11510; match=municipality_region."
IT-ASF-2026-00840,ADIS,A.S.F. in wild boar,Peste suina africana,Confermato,Suino / cinghiale,swine,2026-07-08,2026-07-08,Italy,Toscana,Bagnone,44.314739,9.994655,https://webgate.ec.europa.eu/tracesnt/adis/public/notification/outbreaks-current-year-report,"Official ADIS current-year report; individual outbreak date/location not always available in public detail; mapped to affected municipality/area centroid for visualization; geocoding correction v245: municipality centroid matched to Bagnone (Massa-Carrara); previous coordinates 44.31500,9.99100; match=municipality_region."
IT-ASF-2026-00841,ADIS,A.S.F. in wild boar,Peste suina africana,Confermato,Suino / cinghiale,swine,2026-07-08,2026-07-08,Italy,Toscana,Fivizzano,44.238350,10.125990,https://webgate.ec.europa.eu/tracesnt/adis/public/notification/outbreaks-current-year-report,"Official ADIS current-year report; individual outbreak date/location not always available in public detail; mapped to affected municipality/area centroid for visualization; geocoding correction v245: municipality centroid matched to Fivizzano (Massa-Carrara); previous coordinates 44.24180,10.13450; match=municipality_region."
IT-ASF-2026-00842,ADIS,A.S.F. in wild boar,Peste suina africana,Confermato,Suino / cinghiale,swine,2026-07-08,2026-07-08,Italy,Toscana,Barga,44.073918,10.484263,https://webgate.ec.europa.eu/tracesnt/adis/public/notification/outbreaks-current-year-report,"Official ADIS current-year report; individual outbreak date/location not always available in public detail; mapped to affected municipality/area centroid for visualization; geocoding correction v245: municipality centroid matched to Barga (Lucca); previous coordinates 44.08110,10.50050; match=municipality_region."
IT-ASF-2026-00843,ADIS,A.S.F. in wild boar,Peste suina africana,Confermato,Suino / cinghiale,swine,2026-07-08,2026-07-08,Italy,Toscana,Licciana Nardi,44.264900,10.038437,https://webgate.ec.europa.eu/tracesnt/adis/public/notification/outbreaks-current-year-report,"Official ADIS current-year report; individual outbreak date/location not always available in public detail; mapped to affected municipality/area centroid for visualization; geocoding correction v245: municipality centroid matched to Licciana Nardi (Massa-Carrara); previous coordinates 44.27690,10.02670; match=municipality_region."
IT-ASF-2026-00844,ADIS,A.S.F. in wild boar,Peste suina africana,Confermato,Suino / cinghiale,swine,2026-07-08,2026-07-08,Italy,Toscana,San Marcello Pistoiese,44.07160,10.79060,https://webgate.ec.europa.eu/tracesnt/adis/public/notification/outbreaks-current-year-report,Official ADIS current-year report; individual outbreak date/location not always available in public detail; mapped to affected municipality/area centroid for visualization
IT-ASF-2026-00845,ADIS,A.S.F. in wild boar,Peste suina africana,Confermato,Suino / cinghiale,swine,2026-07-08,2026-07-08,Italy,Toscana,Pontremoli,44.375151,9.878882,https://webgate.ec.europa.eu/tracesnt/adis/public/notification/outbreaks-current-year-report,"Official ADIS current-year report; individual outbreak date/location not always available in public detail; mapped to affected municipality/area centroid for visualization; geocoding correction v245: municipality centroid matched to Pontremoli (Massa-Carrara); previous coordinates 44.39520,9.89140; match=municipality_region."
IT-ASF-2026-00846,ADIS,A.S.F. in wild boar,Peste suina africana,Confermato,Suino / cinghiale,swine,2026-07-08,2026-07-08,Italy,Toscana,Mulazzo,44.315926,9.889626,https://webgate.ec.europa.eu/tracesnt/adis/public/notification/outbreaks-current-year-report,"Official ADIS current-year report; individual outbreak date/location not always available in public detail; mapped to affected municipality/area centroid for visualization; geocoding correction v245: municipality centroid matched to Mulazzo (Massa-Carrara); previous coordinates 44.29070,9.87190; match=municipality_region."
IT-ASF-2026-00847,ADIS,A.S.F. in wild boar,Peste suina africana,Confermato,Suino / cinghiale,swine,2026-07-08,2026-07-08,Italy,Toscana,Aulla,44.214548,9.967787,https://webgate.ec.europa.eu/tracesnt/adis/public/notification/outbreaks-current-year-report,"Official ADIS current-year report; individual outbreak date/location not always available in public detail; mapped to affected municipality/area centroid for visualization; geocoding correction v245: municipality centroid matched to Aulla (Massa-Carrara); previous coordinates 44.19060,9.96000; match=municipality_region."
IT-ASF-2026-00848,ADIS,A.S.F. in wild boar,Peste suina africana,Confermato,Suino / cinghiale,swine,2026-07-08,2026-07-08,Italy,Toscana,Villafranca in Lunigiana,44.294670,9.949656,https://webgate.ec.europa.eu/tracesnt/adis/public/notification/outbreaks-current-year-report,"Official ADIS current-year report; individual outbreak date/location not always available in public detail; mapped to affected municipality/area centroid for visualization; geocoding correction v245: municipality centroid matched to Villafranca in Lunigiana (Massa-Carrara); previous coordinates 44.28020,9.95640; match=municipality_region."
IT-ASF-2026-00849,ADIS,A.S.F. in wild boar,Peste suina africana,Confermato,Suino / cinghiale,swine,2026-07-08,2026-07-08,Italy,Lombardia,Pavia,45.036855,9.137825,https://webgate.ec.europa.eu/tracesnt/adis/public/notification/outbreaks-current-year-report,"Official ADIS current-year report; individual outbreak date/location not always available in public detail; mapped to affected municipality/area centroid for visualization; geocoding correction v245: municipality centroid matched to Pavia (Pavia); previous coordinates 45.17670,9.17420; match=municipality_region."
IT-ASF-2026-00850,ADIS,A.S.F. in wild boar,Peste suina africana,Confermato,Suino / cinghiale,swine,2026-07-08,2026-07-08,Italy,Lombardia,Varzi,44.823540,9.196904,https://webgate.ec.europa.eu/tracesnt/adis/public/notification/outbreaks-current-year-report,"Official ADIS current-year report; individual outbreak date/location not always available in public detail; mapped to affected municipality/area centroid for visualization; geocoding correction v245: municipality centroid matched to Varzi (Pavia); previous coordinates 44.81930,9.18100; match=municipality_region."
IT-ASF-2026-00851,ADIS,A.S.F. in wild boar,Peste suina africana,Confermato,Suino / cinghiale,swine,2026-07-08,2026-07-08,Italy,Lombardia,Voghera,44.992840,9.008593,https://webgate.ec.europa.eu/tracesnt/adis/public/notification/outbreaks-current-year-report,"Official ADIS current-year report; individual outbreak date/location not always available in public detail; mapped to affected municipality/area centroid for visualization; geocoding correction v245: municipality centroid matched to Voghera (Pavia); previous coordinates 44.99190,9.00590; match=municipality_region."
IT-ASF-2026-00852,ADIS,A.S.F. in wild boar,Peste suina africana,Confermato,Suino / cinghiale,swine,2026-07-08,2026-07-08,Italy,Lombardia,Godiasco Salice Terme,44.890183,9.065673,https://webgate.ec.europa.eu/tracesnt/adis/public/notification/outbreaks-current-year-report,"Official ADIS current-year report; individual outbreak date/location not always available in public detail; mapped to affected municipality/area centroid for visualization; geocoding correction v245: municipality centroid matched to Godiasco Salice Terme (Pavia); previous coordinates 44.90010,9.06430; match=municipality_region."
IT-ASF-2026-00853,ADIS,A.S.F. in wild boar,Peste suina africana,Confermato,Suino / cinghiale,swine,2026-07-08,2026-07-08,Italy,Lombardia,Casteggio,45.014114,9.123578,https://webgate.ec.europa.eu/tracesnt/adis/public/notification/outbreaks-current-year-report,"Official ADIS current-year report; individual outbreak date/location not always available in public detail; mapped to affected municipality/area centroid for visualization; geocoding correction v245: municipality centroid matched to Casteggio (Pavia); previous coordinates 45.02210,9.14500; match=municipality_region."
IT-ASF-2026-00854,ADIS,A.S.F. in wild boar,Peste suina africana,Confermato,Suino / cinghiale,swine,2026-07-08,2026-07-08,Italy,Piemonte,Ovada,44.638346,8.645250,https://webgate.ec.europa.eu/tracesnt/adis/public/notification/outbreaks-current-year-report,"Official ADIS current-year report; individual outbreak date/location not always available in public detail; mapped to affected municipality/area centroid for visualization; geocoding correction v245: municipality centroid matched to Ovada (Alessandria); previous coordinates 44.64930,8.63460; match=municipality_region."
IT-ASF-2026-00855,ADIS,A.S.F. in wild boar,Peste suina africana,Confermato,Suino / cinghiale,swine,2026-07-08,2026-07-08,Italy,Piemonte,Acqui Terme,44.675145,8.467546,https://webgate.ec.europa.eu/tracesnt/adis/public/notification/outbreaks-current-year-report,"Official ADIS current-year report; individual outbreak date/location not always available in public detail; mapped to affected municipality/area centroid for visualization; geocoding correction v245: municipality centroid matched to Acqui Terme (Alessandria); previous coordinates 44.69140,8.46970; match=municipality_region."
IT-ASF-2026-00856,ADIS,A.S.F. in wild boar,Peste suina africana,Confermato,Suino / cinghiale,swine,2026-07-08,2026-07-08,Italy,Piemonte,Ponzone,44.588185,8.458654,https://webgate.ec.europa.eu/tracesnt/adis/public/notification/outbreaks-current-year-report,"Official ADIS current-year report; individual outbreak date/location not always available in public detail; mapped to affected municipality/area centroid for visualization; geocoding correction v245: municipality centroid matched to Ponzone (Alessandria); previous coordinates 44.60820,8.47180; match=municipality_region."
IT-ASF-2026-00857,ADIS,A.S.F. in wild boar,Peste suina africana,Confermato,Suino / cinghiale,swine,2026-07-08,2026-07-08,Italy,Piemonte,Molare,44.618645,8.600550,https://webgate.ec.europa.eu/tracesnt/adis/public/notification/outbreaks-current-year-report,"Official ADIS current-year report; individual outbreak date/location not always available in public detail; mapped to affected municipality/area centroid for visualization; geocoding correction v245: municipality centroid matched to Molare (Alessandria); previous coordinates 44.60220,8.58170; match=municipality_region."
IT-ASF-2026-00858,ADIS,A.S.F. in wild boar,Peste suina africana,Confermato,Suino / cinghiale,swine,2026-07-08,2026-07-08,Italy,Piemonte,Arquata Scrivia,44.687845,8.885338,https://webgate.ec.europa.eu/tracesnt/adis/public/notification/outbreaks-current-year-report,"Official ADIS current-year report; individual outbreak date/location not always available in public detail; mapped to affected municipality/area centroid for visualization; geocoding correction v245: municipality centroid matched to Arquata Scrivia (Alessandria); previous coordinates 44.67280,8.88250; match=municipality_region."
IT-ASF-2026-00859,ADIS,A.S.F. in wild boar,Peste suina africana,Confermato,Suino / cinghiale,swine,2026-07-08,2026-07-08,Italy,Piemonte,Gavi,44.687649,8.809353,https://webgate.ec.europa.eu/tracesnt/adis/public/notification/outbreaks-current-year-report,"Official ADIS current-year report; individual outbreak date/location not always available in public detail; mapped to affected municipality/area centroid for visualization; geocoding correction v245: municipality centroid matched to Gavi (Alessandria); previous coordinates 44.67400,8.80670; match=municipality_region."
IT-ASF-2026-00860,ADIS,A.S.F. in wild boar,Peste suina africana,Confermato,Suino / cinghiale,swine,2026-07-08,2026-07-08,Italy,Piemonte,Cassinelle,44.601544,8.563449,https://webgate.ec.europa.eu/tracesnt/adis/public/notification/outbreaks-current-year-report,"Official ADIS current-year report; individual outbreak date/location not always available in public detail; mapped to affected municipality/area centroid for visualization; geocoding correction v245: municipality centroid matched to Cassinelle (Alessandria); previous coordinates 44.59480,8.57920; match=municipality_region."
IT-ASF-2026-00861,ADIS,A.S.F. in wild boar,Peste suina africana,Confermato,Suino / cinghiale,swine,2026-07-08,2026-07-08,Italy,Piemonte,Spigno Monferrato,44.543141,8.333946,https://webgate.ec.europa.eu/tracesnt/adis/public/notification/outbreaks-current-year-report,"Official ADIS current-year report; individual outbreak date/location not always available in public detail; mapped to affected municipality/area centroid for visualization; geocoding correction v245: municipality centroid matched to Spigno Monferrato (Alessandria); previous coordinates 44.53740,8.31700; match=municipality_region."
IT-ASF-2026-00862,ADIS,A.S.F. in wild boar,Peste suina africana,Confermato,Suino / cinghiale,swine,2026-07-08,2026-07-08,Italy,Piemonte,Carrega Ligure,44.619046,9.175637,https://webgate.ec.europa.eu/tracesnt/adis/public/notification/outbreaks-current-year-report,"Official ADIS current-year report; individual outbreak date/location not always available in public detail; mapped to affected municipality/area centroid for visualization; geocoding correction v245: municipality centroid matched to Carrega Ligure (Alessandria); previous coordinates 44.66010,9.18180; match=municipality_region."
IT-ASF-2026-00863,ADIS,A.S.F. in wild boar,Peste suina africana,Confermato,Suino / cinghiale,swine,2026-07-08,2026-07-08,Italy,Piemonte,Serravalle Scrivia,44.725580,8.854700,https://webgate.ec.europa.eu/tracesnt/adis/public/notification/outbreaks-current-year-report,"Official ADIS current-year report; individual outbreak date/location not always available in public detail; mapped to affected municipality/area centroid for visualization; geocoding correction v245: municipality centroid matched to Serravalle Scrivia (Alessandria); previous coordinates 44.72660,8.86500; match=municipality_region."
IT-ASF-2026-00864,ADIS,A.S.F. in wild boar,Peste suina africana,Confermato,Suino / cinghiale,swine,2026-07-08,2026-07-08,Italy,Liguria,Genova,44.407260,8.933862,https://webgate.ec.europa.eu/tracesnt/adis/public/notification/outbreaks-current-year-report,"Official ADIS current-year report; individual outbreak date/location not always available in public detail; mapped to affected municipality/area centroid for visualization; geocoding correction v245: municipality centroid matched to Genova (Genova); previous coordinates 44.41280,8.96440; match=municipality_region."
IT-ASF-2026-00865,ADIS,A.S.F. in wild boar,Peste suina africana,Confermato,Suino / cinghiale,swine,2026-07-08,2026-07-08,Italy,Liguria,Rapallo,44.351147,9.229671,https://webgate.ec.europa.eu/tracesnt/adis/public/notification/outbreaks-current-year-report,"Official ADIS current-year report; individual outbreak date/location not always available in public detail; mapped to affected municipality/area centroid for visualization; geocoding correction v245: municipality centroid matched to Rapallo (Genova); previous coordinates 44.36160,9.21600; match=municipality_region."
IT-ASF-2026-00866,ADIS,A.S.F. in wild boar,Peste suina africana,Confermato,Suino / cinghiale,swine,2026-07-08,2026-07-08,Italy,Liguria,Chiavari,44.316449,9.323338,https://webgate.ec.europa.eu/tracesnt/adis/public/notification/outbreaks-current-year-report,"Official ADIS current-year report; individual outbreak date/location not always available in public detail; mapped to affected municipality/area centroid for visualization; geocoding correction v245: municipality centroid matched to Chiavari (Genova); previous coordinates 44.33370,9.32240; match=municipality_region."
IT-ASF-2026-00867,ADIS,A.S.F. in wild boar,Peste suina africana,Confermato,Suino / cinghiale,swine,2026-07-08,2026-07-08,Italy,Liguria,Busalla,44.573483,8.943300,https://webgate.ec.europa.eu/tracesnt/adis/public/notification/outbreaks-current-year-report,"Official ADIS current-year report; individual outbreak date/location not always available in public detail; mapped to affected municipality/area centroid for visualization; geocoding correction v245: municipality centroid matched to Busalla (Genova); previous coordinates 44.59010,8.95850; match=municipality_region."
IT-ASF-2026-00868,ADIS,A.S.F. in wild boar,Peste suina africana,Confermato,Suino / cinghiale,swine,2026-07-08,2026-07-08,Italy,Liguria,Mignanego,44.548330,8.915657,https://webgate.ec.europa.eu/tracesnt/adis/public/notification/outbreaks-current-year-report,"Official ADIS current-year report; individual outbreak date/location not always available in public detail; mapped to affected municipality/area centroid for visualization; geocoding correction v245: municipality centroid matched to Mignanego (Genova); previous coordinates 44.50650,8.89440; match=municipality_region."
IT-ASF-2026-00869,ADIS,A.S.F. in wild boar,Peste suina africana,Confermato,Suino / cinghiale,swine,2026-07-08,2026-07-08,Italy,Liguria,Montoggio,44.515436,9.044274,https://webgate.ec.europa.eu/tracesnt/adis/public/notification/outbreaks-current-year-report,"Official ADIS current-year report; individual outbreak date/location not always available in public detail; mapped to affected municipality/area centroid for visualization; geocoding correction v245: municipality centroid matched to Montoggio (Genova); previous coordinates 44.50150,9.04070; match=municipality_region."
IT-ASF-2026-00870,ADIS,A.S.F. in wild boar,Peste suina africana,Confermato,Suino / cinghiale,swine,2026-07-08,2026-07-08,Italy,Liguria,Rossiglione,44.563961,8.668513,https://webgate.ec.europa.eu/tracesnt/adis/public/notification/outbreaks-current-year-report,"Official ADIS current-year report; individual outbreak date/location not always available in public detail; mapped to affected municipality/area centroid for visualization; geocoding correction v245: municipality centroid matched to Rossiglione (Genova); previous coordinates 44.55180,8.67640; match=municipality_region."
IT-ASF-2026-00871,ADIS,A.S.F. in wild boar,Peste suina africana,Confermato,Suino / cinghiale,swine,2026-07-08,2026-07-08,Italy,Liguria,Masone,44.501336,8.716348,https://webgate.ec.europa.eu/tracesnt/adis/public/notification/outbreaks-current-year-report,"Official ADIS current-year report; individual outbreak date/location not always available in public detail; mapped to affected municipality/area centroid for visualization; geocoding correction v245: municipality centroid matched to Masone (Genova); previous coordinates 44.49370,8.73550; match=municipality_region."
IT-ASF-2026-00872,ADIS,A.S.F. in wild boar,Peste suina africana,Confermato,Suino / cinghiale,swine,2026-07-08,2026-07-08,Italy,Liguria,Savignone,44.564143,8.989596,https://webgate.ec.europa.eu/tracesnt/adis/public/notification/outbreaks-current-year-report,"Official ADIS current-year report; individual outbreak date/location not always available in public detail; mapped to affected municipality/area centroid for visualization; geocoding correction v245: municipality centroid matched to Savignone (Genova); previous coordinates 44.56030,8.97120; match=municipality_region."
IT-ASF-2026-00873,ADIS,A.S.F. in wild boar,Peste suina africana,Confermato,Suino / cinghiale,swine,2026-07-08,2026-07-08,Italy,Liguria,Arenzano,44.402518,8.683132,https://webgate.ec.europa.eu/tracesnt/adis/public/notification/outbreaks-current-year-report,"Official ADIS current-year report; individual outbreak date/location not always available in public detail; mapped to affected municipality/area centroid for visualization; geocoding correction v245: municipality centroid matched to Arenzano (Genova); previous coordinates 44.40570,8.67940; match=municipality_region."
IT-ASF-2026-00874,ADIS,A.S.F. in wild boar,Peste suina africana,Confermato,Suino / cinghiale,swine,2026-07-08,2026-07-08,Italy,Emilia-Romagna,Collagna,44.35100,10.28200,https://webgate.ec.europa.eu/tracesnt/adis/public/notification/outbreaks-current-year-report,Official ADIS current-year report; individual outbreak date/location not always available in public detail; mapped to affected municipality/area centroid for visualization
IT-ASF-2026-00875,ADIS,A.S.F. in wild boar,Peste suina africana,Confermato,Suino / cinghiale,swine,2026-07-08,2026-07-08,Italy,Emilia-Romagna,Busana,44.37570,10.34040,https://webgate.ec.europa.eu/tracesnt/adis/public/notification/outbreaks-current-year-report,Official ADIS current-year report; individual outbreak date/location not always available in public detail; mapped to affected municipality/area centroid for visualization
IT-ASF-2026-00876,ADIS,A.S.F. in wild boar,Peste suina africana,Confermato,Suino / cinghiale,swine,2026-07-08,2026-07-08,Italy,Emilia-Romagna,Monchio delle Corti,44.412955,10.124190,https://webgate.ec.europa.eu/tracesnt/adis/public/notification/outbreaks-current-year-report,"Official ADIS current-year report; individual outbreak date/location not always available in public detail; mapped to affected municipality/area centroid for visualization; geocoding correction v245: municipality centroid matched to Monchio delle Corti (Parma); previous coordinates 44.42110,10.11230; match=municipality_region."
IT-ASF-2026-00877,ADIS,A.S.F. in wild boar,Peste suina africana,Confermato,Suino / cinghiale,swine,2026-07-08,2026-07-08,Italy,Emilia-Romagna,Ligonchio,44.33200,10.33800,https://webgate.ec.europa.eu/tracesnt/adis/public/notification/outbreaks-current-year-report,Official ADIS current-year report; individual outbreak date/location not always available in public detail; mapped to affected municipality/area centroid for visualization
IT-ASF-2026-00878,ADIS,A.S.F. in wild boar,Peste suina africana,Confermato,Suino / cinghiale,swine,2026-07-08,2026-07-08,Italy,Emilia-Romagna,Felino,44.696587,10.237205,https://webgate.ec.europa.eu/tracesnt/adis/public/notification/outbreaks-current-year-report,"Official ADIS current-year report; individual outbreak date/location not always available in public detail; mapped to affected municipality/area centroid for visualization; geocoding correction v245: municipality centroid matched to Felino (Parma); previous coordinates 44.71230,10.25300; match=municipality_region."
IT-ASF-2026-00879,ADIS,A.S.F. in wild boar,Peste suina africana,Confermato,Suino / cinghiale,swine,2026-07-08,2026-07-08,Italy,Emilia-Romagna,Langhirano,44.613064,10.266114,https://webgate.ec.europa.eu/tracesnt/adis/public/notification/outbreaks-current-year-report,"Official ADIS current-year report; individual outbreak date/location not always available in public detail; mapped to affected municipality/area centroid for visualization; geocoding correction v245: municipality centroid matched to Langhirano (Parma); previous coordinates 44.59240,10.24600; match=municipality_region."
IT-ASF-2026-00880,ADIS,A.S.F. in wild boar,Peste suina africana,Confermato,Suino / cinghiale,swine,2026-07-08,2026-07-08,Italy,Emilia-Romagna,Rivergaro,44.910251,9.596521,https://webgate.ec.europa.eu/tracesnt/adis/public/notification/outbreaks-current-year-report,"Official ADIS current-year report; individual outbreak date/location not always available in public detail; mapped to affected municipality/area centroid for visualization; geocoding correction v245: municipality centroid matched to Rivergaro (Piacenza); previous coordinates 44.89530,9.58900; match=municipality_region."
IT-ASF-2026-00881,ADIS,A.S.F. in wild boar,Peste suina africana,Confermato,Suino / cinghiale,swine,2026-07-08,2026-07-08,Italy,Emilia-Romagna,Medesano,44.756699,10.140737,https://webgate.ec.europa.eu/tracesnt/adis/public/notification/outbreaks-current-year-report,"Official ADIS current-year report; individual outbreak date/location not always available in public detail; mapped to affected municipality/area centroid for visualization; geocoding correction v245: municipality centroid matched to Medesano (Parma); previous coordinates 44.74450,10.14400; match=municipality_region."
IT-ASF-2026-00882,ADIS,A.S.F. in wild boar,Peste suina africana,Confermato,Suino / cinghiale,swine,2026-07-08,2026-07-08,Italy,Emilia-Romagna,Bardi,44.632211,9.731203,https://webgate.ec.europa.eu/tracesnt/adis/public/notification/outbreaks-current-year-report,"Official ADIS current-year report; individual outbreak date/location not always available in public detail; mapped to affected municipality/area centroid for visualization; geocoding correction v245: municipality centroid matched to Bardi (Parma); previous coordinates 44.62430,9.74830; match=municipality_region."
IT-ASF-2026-00883,ADIS,A.S.F. in wild boar,Peste suina africana,Confermato,Suino / cinghiale,swine,2026-07-08,2026-07-08,Italy,Emilia-Romagna,Bobbio,44.769273,9.386281,https://webgate.ec.europa.eu/tracesnt/adis/public/notification/outbreaks-current-year-report,"Official ADIS current-year report; individual outbreak date/location not always available in public detail; mapped to affected municipality/area centroid for visualization; geocoding correction v245: municipality centroid matched to Bobbio (Piacenza); previous coordinates 44.76520,9.36980; match=municipality_region."
IT-ASF-2026-00884,ADIS,A.S.F. in wild boar,Peste suina africana,Confermato,Suino / cinghiale,swine,2026-07-08,2026-07-08,Italy,Toscana,Comano,44.293540,10.131165,https://webgate.ec.europa.eu/tracesnt/adis/public/notification/outbreaks-current-year-report,"Official ADIS current-year report; individual outbreak date/location not always available in public detail; mapped to affected municipality/area centroid for visualization; geocoding correction v245: municipality centroid matched to Comano (Massa-Carrara); previous coordinates 44.29340,10.12710; match=municipality_region."
IT-ASF-2026-00885,ADIS,A.S.F. in wild boar,Peste suina africana,Confermato,Suino / cinghiale,swine,2026-07-08,2026-07-08,Italy,Toscana,Bagnone,44.314739,9.994655,https://webgate.ec.europa.eu/tracesnt/adis/public/notification/outbreaks-current-year-report,"Official ADIS current-year report; individual outbreak date/location not always available in public detail; mapped to affected municipality/area centroid for visualization; geocoding correction v245: municipality centroid matched to Bagnone (Massa-Carrara); previous coordinates 44.31900,10.00300; match=municipality_region."
IT-ASF-2026-00886,ADIS,A.S.F. in wild boar,Peste suina africana,Confermato,Suino / cinghiale,swine,2026-07-08,2026-07-08,Italy,Toscana,Fivizzano,44.238350,10.125990,https://webgate.ec.europa.eu/tracesnt/adis/public/notification/outbreaks-current-year-report,"Official ADIS current-year report; individual outbreak date/location not always available in public detail; mapped to affected municipality/area centroid for visualization; geocoding correction v245: municipality centroid matched to Fivizzano (Massa-Carrara); previous coordinates 44.24580,10.14650; match=municipality_region."
IT-ASF-2026-00887,ADIS,A.S.F. in wild boar,Peste suina africana,Confermato,Suino / cinghiale,swine,2026-07-08,2026-07-08,Italy,Toscana,Barga,44.073918,10.484263,https://webgate.ec.europa.eu/tracesnt/adis/public/notification/outbreaks-current-year-report,"Official ADIS current-year report; individual outbreak date/location not always available in public detail; mapped to affected municipality/area centroid for visualization; geocoding correction v245: municipality centroid matched to Barga (Lucca); previous coordinates 44.08510,10.46850; match=municipality_region."
IT-ASF-2026-00888,ADIS,A.S.F. in wild boar,Peste suina africana,Confermato,Suino / cinghiale,swine,2026-07-08,2026-07-08,Italy,Toscana,Licciana Nardi,44.264900,10.038437,https://webgate.ec.europa.eu/tracesnt/adis/public/notification/outbreaks-current-year-report,"Official ADIS current-year report; individual outbreak date/location not always available in public detail; mapped to affected municipality/area centroid for visualization; geocoding correction v245: municipality centroid matched to Licciana Nardi (Massa-Carrara); previous coordinates 44.28090,10.03870; match=municipality_region."
IT-ASF-2026-00889,ADIS,A.S.F. in wild boar,Peste suina africana,Confermato,Suino / cinghiale,swine,2026-07-08,2026-07-08,Italy,Toscana,San Marcello Pistoiese,44.07560,10.80260,https://webgate.ec.europa.eu/tracesnt/adis/public/notification/outbreaks-current-year-report,Official ADIS current-year report; individual outbreak date/location not always available in public detail; mapped to affected municipality/area centroid for visualization
IT-ASF-2026-00890,ADIS,A.S.F. in wild boar,Peste suina africana,Confermato,Suino / cinghiale,swine,2026-07-08,2026-07-08,Italy,Toscana,Pontremoli,44.375151,9.878882,https://webgate.ec.europa.eu/tracesnt/adis/public/notification/outbreaks-current-year-report,"Official ADIS current-year report; individual outbreak date/location not always available in public detail; mapped to affected municipality/area centroid for visualization; geocoding correction v245: municipality centroid matched to Pontremoli (Massa-Carrara); previous coordinates 44.35520,9.85940; match=municipality_region."
IT-ASF-2026-00891,ADIS,A.S.F. in wild boar,Peste suina africana,Confermato,Suino / cinghiale,swine,2026-07-08,2026-07-08,Italy,Toscana,Mulazzo,44.315926,9.889626,https://webgate.ec.europa.eu/tracesnt/adis/public/notification/outbreaks-current-year-report,"Official ADIS current-year report; individual outbreak date/location not always available in public detail; mapped to affected municipality/area centroid for visualization; geocoding correction v245: municipality centroid matched to Mulazzo (Massa-Carrara); previous coordinates 44.29470,9.88390; match=municipality_region."
IT-ASF-2026-00892,ADIS,A.S.F. in wild boar,Peste suina africana,Confermato,Suino / cinghiale,swine,2026-07-08,2026-07-08,Italy,Toscana,Aulla,44.214548,9.967787,https://webgate.ec.europa.eu/tracesnt/adis/public/notification/outbreaks-current-year-report,"Official ADIS current-year report; individual outbreak date/location not always available in public detail; mapped to affected municipality/area centroid for visualization; geocoding correction v245: municipality centroid matched to Aulla (Massa-Carrara); previous coordinates 44.19460,9.97200; match=municipality_region."
IT-ASF-2026-00893,ADIS,A.S.F. in wild boar,Peste suina africana,Confermato,Suino / cinghiale,swine,2026-07-08,2026-07-08,Italy,Toscana,Villafranca in Lunigiana,44.294670,9.949656,https://webgate.ec.europa.eu/tracesnt/adis/public/notification/outbreaks-current-year-report,"Official ADIS current-year report; individual outbreak date/location not always available in public detail; mapped to affected municipality/area centroid for visualization; geocoding correction v245: municipality centroid matched to Villafranca in Lunigiana (Massa-Carrara); previous coordinates 44.28420,9.96840; match=municipality_region."
IT-ASF-2026-00894,ADIS,A.S.F. in wild boar,Peste suina africana,Confermato,Suino / cinghiale,swine,2026-07-08,2026-07-08,Italy,Lombardia,Pavia,45.036855,9.137825,https://webgate.ec.europa.eu/tracesnt/adis/public/notification/outbreaks-current-year-report,"Official ADIS current-year report; individual outbreak date/location not always available in public detail; mapped to affected municipality/area centroid for visualization; geocoding correction v245: municipality centroid matched to Pavia (Pavia); previous coordinates 45.18070,9.14220; match=municipality_region."
IT-ASF-2026-00478,ADIS,A.S.F. in domestic pigs,Peste suina africana,Confermato,Suino / cinghiale,swine,2026-06-26,2026-07-08,Italy,Piemonte,Montechiaro d'Acqui,44.594940,8.379570,https://webgate.ec.europa.eu/tracesnt/adis/public/notification/outbreaks-current-year-report,"Official ADIS current-year report; location approximated at municipality centroid; geocoding correction v245: municipality centroid matched to Montechiaro d'Acqui (Alessandria); previous coordinates 44.59500,8.37970; match=municipality_region."
IT-SHB-2026-00001,ADIS,Aethina tumida (Inf. with)(Small hive beetle)(2006-),Aethina tumida / piccolo coleottero dell alveare,Confermato,Api,bees,2026-06-04,2026-07-08,Italy,Sicilia,Novara di Sicilia,38.016082,15.131830,https://webgate.ec.europa.eu/tracesnt/adis/public/notification/outbreaks-current-year-report,"Official ADIS current-year report; location approximated at municipality centroid; geocoding correction v245: municipality centroid matched to Novara di Sicilia (Messina); previous coordinates 38.01500,15.13200; match=municipality_region."
IT-SHB-2026-00002,ADIS,Aethina tumida (Inf. with)(Small hive beetle)(2006-),Aethina tumida / piccolo coleottero dell alveare,Confermato,Api,bees,2026-06-04,2026-07-08,Italy,Lazio,Gaeta,41.218312,13.562810,https://webgate.ec.europa.eu/tracesnt/adis/public/notification/outbreaks-current-year-report,"Official ADIS current-year report; location approximated at municipality centroid; geocoding correction v245: municipality centroid matched to Gaeta (Latina); previous coordinates 41.21410,13.57080; match=municipality_region."
IT-EBL-2026-00001,ADIS,Enzootic bovine leukosis,Leucosi bovina enzootica,Confermato,Bovino,bovine,2026-06-22,2026-07-08,Italy,Marche,Treia,43.310556,13.311475,https://webgate.ec.europa.eu/tracesnt/adis/public/notification/outbreaks-current-year-report,"Official ADIS current-year report; location approximated at municipality centroid; geocoding correction v245: municipality centroid matched to Treia (Macerata); previous coordinates 43.31150,13.31450; match=municipality_region."
IT-EBL-2026-00002,ADIS,Enzootic bovine leukosis,Leucosi bovina enzootica,Confermato,Bovino,bovine,2026-06-26,2026-07-02,Italy,Puglia,San Marco in Lamis,41.713138,15.639850,https://webgate.ec.europa.eu/tracesnt/adis/public/notification/outbreaks-weekly-report,"Official ADIS weekly/current-year report; location approximated at municipality centroid; geocoding correction v245: municipality centroid matched to San Marco in Lamis (Foggia); previous coordinates 41.71210,15.63825; match=municipality_region."
IT-HPAI(NON-P)-2026-00001,ADIS,HPAI(NON-P) in Wild Birds / H5 (N untyped),Influenza aviaria ad alta patogenicita in volatili selvatici H5,Confermato,Avicoli / volatili,poultry,2026-07-08,2026-07-08,Italy,Lombardia,Paderno Dugnano,45.571903,9.168131,https://webgate.ec.europa.eu/tracesnt/adis/public/notification/outbreaks-current-year-report,"Official ADIS current-year report; location approximated at municipality centroid; geocoding correction v245: municipality centroid matched to Paderno Dugnano (Milano); previous coordinates 45.56810,9.16480; match=municipality_region."
IT-HPAI(NON-P)-2026-00002,ADIS,HPAI(NON-P) in Wild Birds / H5 (N untyped),Influenza aviaria ad alta patogenicita in volatili selvatici H5,Confermato,Avicoli / volatili,poultry,2026-07-08,2026-07-08,Italy,Lombardia,Azzano Mella,45.454722,10.116823,https://webgate.ec.europa.eu/tracesnt/adis/public/notification/outbreaks-current-year-report,"Official ADIS current-year report; location approximated at municipality centroid; geocoding correction v245: municipality centroid matched to Azzano Mella (Brescia); previous coordinates 45.45440,10.11850; match=municipality_region."
IT-HPAI(NON-P)-2026-00003,ADIS,HPAI(NON-P) in Wild Birds / H5 (N untyped),Influenza aviaria ad alta patogenicita in volatili selvatici H5,Confermato,Avicoli / volatili,poultry,2026-07-08,2026-07-08,Italy,Friuli-Venezia Giulia,Marano Lagunare,45.764993,13.167501,https://webgate.ec.europa.eu/tracesnt/adis/public/notification/outbreaks-current-year-report,"Official ADIS current-year report; location approximated at municipality centroid; geocoding correction v245: municipality centroid matched to Marano Lagunare (Udine); previous coordinates 45.76330,13.16710; match=municipality_region."
IT-HPAI(NON-P)-2026-00004,ADIS,HPAI(NON-P) in Wild Birds / H5 (N untyped),Influenza aviaria ad alta patogenicita in volatili selvatici H5,Confermato,Avicoli / volatili,poultry,2026-07-08,2026-07-08,Italy,Friuli-Venezia Giulia,Grado,45.677692,13.386443,https://webgate.ec.europa.eu/tracesnt/adis/public/notification/outbreaks-current-year-report,"Official ADIS current-year report; location approximated at municipality centroid; geocoding correction v245: municipality centroid matched to Grado (Gorizia); previous coordinates 45.67710,13.39450; match=municipality_region."
IT-HPAI(NON-P)-2026-00005,ADIS,HPAI(NON-P) in Wild Birds / H5 (N untyped),Influenza aviaria ad alta patogenicita in volatili selvatici H5,Confermato,Avicoli / volatili,poultry,2026-07-08,2026-07-08,Italy,Veneto,Jesolo,45.536709,12.638334,https://webgate.ec.europa.eu/tracesnt/adis/public/notification/outbreaks-current-year-report,"Official ADIS current-year report; location approximated at municipality centroid; geocoding correction v245: municipality centroid matched to Jesolo (Venezia); previous coordinates 45.53310,12.64480; match=municipality_region."
IT-HPAI(NON-P)-2026-00007,ADIS,HPAI(NON-P) in Wild Birds / H5 (N untyped),Influenza aviaria ad alta patogenicita in volatili selvatici H5,Confermato,Avicoli / volatili,poultry,2026-07-08,2026-07-08,Italy,Veneto,San Michele al Tagliamento,45.763918,12.995425,https://webgate.ec.europa.eu/tracesnt/adis/public/notification/outbreaks-current-year-report,"Official ADIS current-year report; location approximated at municipality centroid; geocoding correction v245: municipality centroid matched to San Michele al Tagliamento (Venezia); previous coordinates 45.76400,12.99400; match=municipality_region."
IT-HPAI(NON-P)-2026-00008,ADIS,HPAI(NON-P) in Wild Birds / H5 (N untyped),Influenza aviaria ad alta patogenicita in volatili selvatici H5,Confermato,Avicoli / volatili,poultry,2026-07-08,2026-07-08,Italy,Lombardia,Paderno Dugnano,45.571903,9.168131,https://webgate.ec.europa.eu/tracesnt/adis/public/notification/outbreaks-current-year-report,"Official ADIS current-year report; location approximated at municipality centroid; geocoding correction v245: municipality centroid matched to Paderno Dugnano (Milano); previous coordinates 45.56810,9.16480; match=municipality_region."
IT-HPAI(NON-P)-2026-00006,ADIS,HPAI(NON-P) in Wild Birds / H5N1,Influenza aviaria ad alta patogenicita in volatili selvatici H5N1,Confermato,Avicoli / volatili,poultry,2026-07-08,2026-07-08,Italy,Lombardia,Casalromano,45.200675,10.369378,https://webgate.ec.europa.eu/tracesnt/adis/public/notification/outbreaks-current-year-report,"Official ADIS current-year report; location approximated at municipality centroid; geocoding correction v245: municipality centroid matched to Casalromano (Mantova); previous coordinates 45.19980,10.36910; match=municipality_region."
IT-HPAI(NON-P)-2026-00009,ADIS,HPAI(NON-P) in Wild Birds / H5N1,Influenza aviaria ad alta patogenicita in volatili selvatici H5N1,Confermato,Avicoli / volatili,poultry,2026-07-08,2026-07-08,Italy,Friuli-Venezia Giulia,Grado,45.677692,13.386443,https://webgate.ec.europa.eu/tracesnt/adis/public/notification/outbreaks-current-year-report,"Official ADIS current-year report; location approximated at municipality centroid; geocoding correction v245: municipality centroid matched to Grado (Gorizia); previous coordinates 45.67710,13.39450; match=municipality_region."
IT-HPAI(NON-P)-2026-00010,ADIS,HPAI(NON-P) in Wild Birds / H5N1,Influenza aviaria ad alta patogenicita in volatili selvatici H5N1,Confermato,Avicoli / volatili,poultry,2026-07-08,2026-07-08,Italy,Veneto,Campagna Lupia,45.354994,12.096814,https://webgate.ec.europa.eu/tracesnt/adis/public/notification/outbreaks-current-year-report,"Official ADIS current-year report; location approximated at municipality centroid; geocoding correction v245: municipality centroid matched to Campagna Lupia (Venezia); previous coordinates 45.35450,12.10020; match=municipality_region."
IT-HPAI(NON-P)-2026-00011,ADIS,HPAI(NON-P) in Wild Birds / H5N1,Influenza aviaria ad alta patogenicita in volatili selvatici H5N1,Confermato,Avicoli / volatili,poultry,2026-07-08,2026-07-08,Italy,Friuli-Venezia Giulia,Grado,45.677692,13.386443,https://webgate.ec.europa.eu/tracesnt/adis/public/notification/outbreaks-current-year-report,"Official ADIS current-year report; location approximated at municipality centroid; geocoding correction v245: municipality centroid matched to Grado (Gorizia); previous coordinates 45.67710,13.39450; match=municipality_region."
IT-HPAI(NON-P)-2026-00012,ADIS,HPAI(NON-P) in Wild Birds / H5N1,Influenza aviaria ad alta patogenicita in volatili selvatici H5N1,Confermato,Avicoli / volatili,poultry,2026-07-08,2026-07-08,Italy,Veneto,Campagna Lupia,45.354994,12.096814,https://webgate.ec.europa.eu/tracesnt/adis/public/notification/outbreaks-current-year-report,"Official ADIS current-year report; location approximated at municipality centroid; geocoding correction v245: municipality centroid matched to Campagna Lupia (Venezia); previous coordinates 45.35450,12.10020; match=municipality_region."
IT-HPAI(P)-2026-00001,ADIS,High pathogenicity avian influenza viruses (Inf. with) (poultry) / H5N1,Influenza aviaria ad alta patogenicita nel pollame H5N1,Confermato,Avicoli / volatili,poultry,2026-07-08,2026-07-08,Italy,Veneto,Vigasio,45.317030,10.942198,https://webgate.ec.europa.eu/tracesnt/adis/public/notification/outbreaks-current-year-report,"Official ADIS current-year report; location approximated at municipality centroid; geocoding correction v245: municipality centroid matched to Vigasio (Verona); previous coordinates 45.31780,10.94370; match=municipality_region."
IT-HPAI(P)-2026-00002,ADIS,High pathogenicity avian influenza viruses (Inf. with) (poultry) / H5N1,Influenza aviaria ad alta patogenicita nel pollame H5N1,Confermato,Avicoli / volatili,poultry,2026-07-08,2026-07-08,Italy,Lombardia,Roverbella,45.265780,10.767527,https://webgate.ec.europa.eu/tracesnt/adis/public/notification/outbreaks-current-year-report,"Official ADIS current-year report; location approximated at municipality centroid; geocoding correction v245: municipality centroid matched to Roverbella (Mantova); previous coordinates 45.26670,10.76670; match=municipality_region."
IT-HPAI(P)-2026-00003,ADIS,High pathogenicity avian influenza viruses (Inf. with) (poultry) / H5N1,Influenza aviaria ad alta patogenicita nel pollame H5N1,Confermato,Avicoli / volatili,poultry,2026-07-08,2026-07-08,Italy,Lombardia,Ceresara,45.265130,10.567035,https://webgate.ec.europa.eu/tracesnt/adis/public/notification/outbreaks-current-year-report,"Official ADIS current-year report; location approximated at municipality centroid; geocoding correction v245: municipality centroid matched to Ceresara (Mantova); previous coordinates 45.26250,10.57080; match=municipality_region."
IT-HPAI(P)-2026-00004,ADIS,High pathogenicity avian influenza viruses (Inf. with) (poultry) / H5N1,Influenza aviaria ad alta patogenicita nel pollame H5N1,Confermato,Avicoli / volatili,poultry,2026-07-08,2026-07-08,Italy,Emilia-Romagna,Noceto,44.809901,10.177260,https://webgate.ec.europa.eu/tracesnt/adis/public/notification/outbreaks-current-year-report,"Official ADIS current-year report; location approximated at municipality centroid; geocoding correction v245: municipality centroid matched to Noceto (Parma); previous coordinates 44.80940,10.17730; match=municipality_region."
IT-HPAI(P)-2026-00005,ADIS,High pathogenicity avian influenza viruses (Inf. with) (poultry) / H5N1,Influenza aviaria ad alta patogenicita nel pollame H5N1,Confermato,Avicoli / volatili,poultry,2026-07-08,2026-07-08,Italy,Veneto,Valeggio Sul Mincio,45.353751,10.734546,https://webgate.ec.europa.eu/tracesnt/adis/public/notification/outbreaks-current-year-report,"Official ADIS current-year report; location approximated at municipality centroid; geocoding correction v245: municipality centroid matched to Valeggio sul Mincio (Verona); previous coordinates 45.35290,10.73560; match=municipality_region."
IT-HPAI(P)-2026-00006,ADIS,High pathogenicity avian influenza viruses (Inf. with) (poultry) / H5N1,Influenza aviaria ad alta patogenicita nel pollame H5N1,Confermato,Avicoli / volatili,poultry,2026-07-08,2026-07-08,Italy,Veneto,Verona,45.438496,10.992412,https://webgate.ec.europa.eu/tracesnt/adis/public/notification/outbreaks-current-year-report,"Official ADIS current-year report; location approximated at municipality centroid; geocoding correction v245: municipality centroid matched to Verona (Verona); previous coordinates 45.43840,10.99160; match=municipality_region."
IT-HPAI(P)-2026-00007,ADIS,High pathogenicity avian influenza viruses (Inf. with) (poultry) / H5N1,Influenza aviaria ad alta patogenicita nel pollame H5N1,Confermato,Avicoli / volatili,poultry,2026-07-08,2026-07-08,Italy,Veneto,Zimella,45.343627,11.352305,https://webgate.ec.europa.eu/tracesnt/adis/public/notification/outbreaks-current-year-report,"Official ADIS current-year report; location approximated at municipality centroid; geocoding correction v245: municipality centroid matched to Zimella (Verona); previous coordinates 45.36860,11.34090; match=municipality_region."
IT-HPAI(P)-2026-00008,ADIS,High pathogenicity avian influenza viruses (Inf. with) (poultry) / H5N1,Influenza aviaria ad alta patogenicita nel pollame H5N1,Confermato,Avicoli / volatili,poultry,2026-07-08,2026-07-08,Italy,Toscana,San Giuliano Terme,43.762996,10.441040,https://webgate.ec.europa.eu/tracesnt/adis/public/notification/outbreaks-current-year-report,"Official ADIS current-year report; location approximated at municipality centroid; geocoding correction v245: municipality centroid matched to San Giuliano Terme (Pisa); previous coordinates 43.76330,10.43840; match=municipality_region."
IT-HPAI(P)-2026-00009,ADIS,High pathogenicity avian influenza viruses (Inf. with) (poultry) / H5N1,Influenza aviaria ad alta patogenicita nel pollame H5N1,Confermato,Avicoli / volatili,poultry,2026-07-08,2026-07-08,Italy,Veneto,Villafranca Di Verona,45.350928,10.845996,https://webgate.ec.europa.eu/tracesnt/adis/public/notification/outbreaks-current-year-report,"Official ADIS current-year report; location approximated at municipality centroid; geocoding correction v245: municipality centroid matched to Villafranca di Verona (Verona); previous coordinates 45.35400,10.84460; match=municipality_region."
IT-HPAI(P)-2026-00010,ADIS,High pathogenicity avian influenza viruses (Inf. with) (poultry) / H5N1,Influenza aviaria ad alta patogenicita nel pollame H5N1,Confermato,Avicoli / volatili,poultry,2026-07-08,2026-07-08,Italy,Veneto,Zevio,45.375131,11.135882,https://webgate.ec.europa.eu/tracesnt/adis/public/notification/outbreaks-current-year-report,"Official ADIS current-year report; location approximated at municipality centroid; geocoding correction v245: municipality centroid matched to Zevio (Verona); previous coordinates 45.37290,11.12990; match=municipality_region."
IT-HPAI(P)-2026-00011,ADIS,High pathogenicity avian influenza viruses (Inf. with) (poultry) / H5N1,Influenza aviaria ad alta patogenicita nel pollame H5N1,Confermato,Avicoli / volatili,poultry,2026-07-08,2026-07-08,Italy,Lombardia,Volta Mantovana,45.321302,10.659224,https://webgate.ec.europa.eu/tracesnt/adis/public/notification/outbreaks-current-year-report,"Official ADIS current-year report; location approximated at municipality centroid; geocoding correction v245: municipality centroid matched to Volta Mantovana (Mantova); previous coordinates 45.32170,10.65990; match=municipality_region."
IT-HPAI(P)-2026-00012,ADIS,High pathogenicity avian influenza viruses (Inf. with) (poultry) / H5N1,Influenza aviaria ad alta patogenicita nel pollame H5N1,Confermato,Avicoli / volatili,poultry,2026-07-08,2026-07-08,Italy,Veneto,Illasi,45.465933,11.180021,https://webgate.ec.europa.eu/tracesnt/adis/public/notification/outbreaks-current-year-report,"Official ADIS current-year report; location approximated at municipality centroid; geocoding correction v245: municipality centroid matched to Illasi (Verona); previous coordinates 45.46700,11.18100; match=municipality_region."
IT-HPAI(P)-2026-00013,ADIS,High pathogenicity avian influenza viruses (Inf. with) (poultry) / H5N1,Influenza aviaria ad alta patogenicita nel pollame H5N1,Confermato,Avicoli / volatili,poultry,2026-07-08,2026-07-08,Italy,Umbria,Marsciano,42.910028,12.337042,https://webgate.ec.europa.eu/tracesnt/adis/public/notification/outbreaks-current-year-report,"Official ADIS current-year report; location approximated at municipality centroid; geocoding correction v245: municipality centroid matched to Marsciano (Perugia); previous coordinates 42.91660,12.35000; match=municipality_region."
IT-HPAI(P)-2026-00014,ADIS,High pathogenicity avian influenza viruses (Inf. with) (poultry) / H5N1,Influenza aviaria ad alta patogenicita nel pollame H5N1,Confermato,Avicoli / volatili,poultry,2026-07-08,2026-07-08,Italy,Toscana,Subbiano,43.574848,11.870369,https://webgate.ec.europa.eu/tracesnt/adis/public/notification/outbreaks-current-year-report,"Official ADIS current-year report; location approximated at municipality centroid; geocoding correction v245: municipality centroid matched to Subbiano (Arezzo); previous coordinates 43.57410,11.87190; match=municipality_region."
IT-HPAI(P)-2026-00015,ADIS,High pathogenicity avian influenza viruses (Inf. with) (poultry) / H5N1,Influenza aviaria ad alta patogenicita nel pollame H5N1,Confermato,Avicoli / volatili,poultry,2026-07-08,2026-07-08,Italy,Toscana,Campi Bisenzio,43.821634,11.136678,https://webgate.ec.europa.eu/tracesnt/adis/public/notification/outbreaks-current-year-report,"Official ADIS current-year report; location approximated at municipality centroid; geocoding correction v245: municipality centroid matched to Campi Bisenzio (Firenze); previous coordinates 43.82490,11.13080; match=municipality_region."
IT-HPAI(P)-2026-00016,ADIS,High pathogenicity avian influenza viruses (Inf. with) (poultry) / H5N1,Influenza aviaria ad alta patogenicita nel pollame H5N1,Confermato,Avicoli / volatili,poultry,2026-07-08,2026-07-08,Italy,Veneto,Vigasio,45.317030,10.942198,https://webgate.ec.europa.eu/tracesnt/adis/public/notification/outbreaks-current-year-report,"Official ADIS current-year report; location approximated at municipality centroid; geocoding correction v245: municipality centroid matched to Vigasio (Verona); previous coordinates 45.31780,10.94370; match=municipality_region."
IT-HPAI(P)-2026-00017,ADIS,High pathogenicity avian influenza viruses (Inf. with) (poultry) / H5N1,Influenza aviaria ad alta patogenicita nel pollame H5N1,Confermato,Avicoli / volatili,poultry,2026-07-08,2026-07-08,Italy,Lombardia,Roverbella,45.265780,10.767527,https://webgate.ec.europa.eu/tracesnt/adis/public/notification/outbreaks-current-year-report,"Official ADIS current-year report; location approximated at municipality centroid; geocoding correction v245: municipality centroid matched to Roverbella (Mantova); previous coordinates 45.26670,10.76670; match=municipality_region."
IT-HPAI(P)-2026-00018,ADIS,High pathogenicity avian influenza viruses (Inf. with) (poultry) / H5N1,Influenza aviaria ad alta patogenicita nel pollame H5N1,Confermato,Avicoli / volatili,poultry,2026-07-08,2026-07-08,Italy,Lombardia,Ceresara,45.265130,10.567035,https://webgate.ec.europa.eu/tracesnt/adis/public/notification/outbreaks-current-year-report,"Official ADIS current-year report; location approximated at municipality centroid; geocoding correction v245: municipality centroid matched to Ceresara (Mantova); previous coordinates 45.26250,10.57080; match=municipality_region."
IT-HPAI(P)-2026-00019,ADIS,High pathogenicity avian influenza viruses (Inf. with) (poultry) / H5N1,Influenza aviaria ad alta patogenicita nel pollame H5N1,Confermato,Avicoli / volatili,poultry,2026-07-08,2026-07-08,Italy,Emilia-Romagna,Noceto,44.809901,10.177260,https://webgate.ec.europa.eu/tracesnt/adis/public/notification/outbreaks-current-year-report,"Official ADIS current-year report; location approximated at municipality centroid; geocoding correction v245: municipality centroid matched to Noceto (Parma); previous coordinates 44.80940,10.17730; match=municipality_region."
IT-LSD-2026-00001,ADIS,Lumpy skin disease virus (Inf. with),Dermatite nodulare contagiosa,Confermato,Bovino,bovine,2026-07-08,2026-07-08,Italy,Sardegna,Muravera,39.420945,9.573551,https://webgate.ec.europa.eu/tracesnt/adis/public/notification/outbreaks-current-year-report,"Official ADIS current-year report; location approximated at municipality centroid; geocoding correction v245: municipality centroid matched to Muravera (Sud Sardegna); previous coordinates 39.41940,9.57440; match=municipality_region."
IT-LSD-2026-00003,ADIS,Lumpy skin disease virus (Inf. with),Dermatite nodulare contagiosa,Confermato,Bovino,bovine,2026-07-08,2026-07-08,Italy,Sardegna,Villaputzu,39.441045,9.573951,https://webgate.ec.europa.eu/tracesnt/adis/public/notification/outbreaks-current-year-report,"Official ADIS current-year report; location approximated at municipality centroid; geocoding correction v245: municipality centroid matched to Villaputzu (Sud Sardegna); previous coordinates 39.44120,9.57500; match=municipality_region."
IT-LSD-2026-00004,ADIS,Lumpy skin disease virus (Inf. with),Dermatite nodulare contagiosa,Confermato,Bovino,bovine,2026-07-08,2026-07-08,Italy,Sardegna,Ballao,39.549746,9.361545,https://webgate.ec.europa.eu/tracesnt/adis/public/notification/outbreaks-current-year-report,"Official ADIS current-year report; location approximated at municipality centroid; geocoding correction v245: municipality centroid matched to Ballao (Sud Sardegna); previous coordinates 39.54940,9.36000; match=municipality_region."
IT-LSD-2026-00005,ADIS,Lumpy skin disease virus (Inf. with),Dermatite nodulare contagiosa,Confermato,Bovino,bovine,2026-07-08,2026-07-08,Italy,Sardegna,San Vito,39.443245,9.540751,https://webgate.ec.europa.eu/tracesnt/adis/public/notification/outbreaks-current-year-report,"Official ADIS current-year report; location approximated at municipality centroid; geocoding correction v245: municipality centroid matched to San Vito (Sud Sardegna); previous coordinates 39.44170,9.54060; match=municipality_region."
IT-LSD-2026-00006,ADIS,Lumpy skin disease virus (Inf. with),Dermatite nodulare contagiosa,Confermato,Bovino,bovine,2026-07-08,2026-07-08,Italy,Sardegna,Escalaplano,39.626647,9.357144,https://webgate.ec.europa.eu/tracesnt/adis/public/notification/outbreaks-current-year-report,"Official ADIS current-year report; location approximated at municipality centroid; geocoding correction v245: municipality centroid matched to Escalaplano (Sud Sardegna); previous coordinates 39.62640,9.35330; match=municipality_region."
IT-LSD-2026-00007,ADIS,Lumpy skin disease virus (Inf. with),Dermatite nodulare contagiosa,Confermato,Bovino,bovine,2026-07-08,2026-07-08,Italy,Sardegna,Muravera,39.420945,9.573551,https://webgate.ec.europa.eu/tracesnt/adis/public/notification/outbreaks-current-year-report,"Official ADIS current-year report; location approximated at municipality centroid; geocoding correction v245: municipality centroid matched to Muravera (Sud Sardegna); previous coordinates 39.41940,9.57440; match=municipality_region."
IT-LSD-2026-00008,ADIS,Lumpy skin disease virus (Inf. with),Dermatite nodulare contagiosa,Confermato,Bovino,bovine,2026-07-08,2026-07-08,Italy,Sardegna,Villaputzu,39.441045,9.573951,https://webgate.ec.europa.eu/tracesnt/adis/public/notification/outbreaks-current-year-report,"Official ADIS current-year report; location approximated at municipality centroid; geocoding correction v245: municipality centroid matched to Villaputzu (Sud Sardegna); previous coordinates 39.44120,9.57500; match=municipality_region."
IT-LSD-2026-00009,ADIS,Lumpy skin disease virus (Inf. with),Dermatite nodulare contagiosa,Confermato,Bovino,bovine,2026-07-08,2026-07-08,Italy,Sardegna,Ballao,39.549746,9.361545,https://webgate.ec.europa.eu/tracesnt/adis/public/notification/outbreaks-current-year-report,"Official ADIS current-year report; location approximated at municipality centroid; geocoding correction v245: municipality centroid matched to Ballao (Sud Sardegna); previous coordinates 39.54940,9.36000; match=municipality_region."
IT-LSD-2026-00010,ADIS,Lumpy skin disease virus (Inf. with),Dermatite nodulare contagiosa,Confermato,Bovino,bovine,2026-07-08,2026-07-08,Italy,Sardegna,San Vito,39.443245,9.540751,https://webgate.ec.europa.eu/tracesnt/adis/public/notification/outbreaks-current-year-report,"Official ADIS current-year report; location approximated at municipality centroid; geocoding correction v245: municipality centroid matched to San Vito (Sud Sardegna); previous coordinates 39.44170,9.54060; match=municipality_region."
IT-MTBC-2026-00001,ADIS,Mycobacterium tuberculosis complex (Inf. with)(2019-),Tubercolosi bovina / Mycobacterium tuberculosis complex,Confermato,Bovino,bovine,2026-07-08,2026-07-08,Italy,Piemonte,Cuneo,44.458070,7.558137,https://webgate.ec.europa.eu/tracesnt/adis/public/notification/outbreaks-current-year-report,"Official ADIS current-year report; location approximated at municipality centroid; geocoding correction v245: municipality centroid matched to Cuneo (Cuneo); previous coordinates 44.38450,7.54270; match=municipality_region."
IT-MTBC-2026-00002,ADIS,Mycobacterium tuberculosis complex (Inf. with)(2019-),Tubercolosi bovina / Mycobacterium tuberculosis complex,Confermato,Bovino,bovine,2026-07-08,2026-07-08,Italy,Puglia,Bitonto,41.108497,16.691548,https://webgate.ec.europa.eu/tracesnt/adis/public/notification/outbreaks-current-year-report,"Official ADIS current-year report; location approximated at municipality centroid; geocoding correction v245: municipality centroid matched to Bitonto (Bari); previous coordinates 41.10610,16.69020; match=municipality_region."
IT-MTBC-2026-00003,ADIS,Mycobacterium tuberculosis complex (Inf. with)(2019-),Tubercolosi bovina / Mycobacterium tuberculosis complex,Confermato,Bovino,bovine,2026-07-08,2026-07-08,Italy,Veneto,Candiana,45.221090,11.989114,https://webgate.ec.europa.eu/tracesnt/adis/public/notification/outbreaks-current-year-report,"Official ADIS current-year report; location approximated at municipality centroid; geocoding correction v245: municipality centroid matched to Candiana (Padova); previous coordinates 45.22190,11.99300; match=municipality_region."
IT-MTBC-2026-00004,ADIS,Mycobacterium tuberculosis complex (Inf. with)(2019-),Tubercolosi bovina / Mycobacterium tuberculosis complex,Confermato,Bovino,bovine,2026-07-08,2026-07-08,Italy,Veneto,Cimadolmo,45.787138,12.361633,https://webgate.ec.europa.eu/tracesnt/adis/public/notification/outbreaks-current-year-report,"Official ADIS current-year report; location approximated at municipality centroid; geocoding correction v245: municipality centroid matched to Cimadolmo (Treviso); previous coordinates 45.78100,12.36210; match=municipality_region."
IT-MTBC-2026-00005,ADIS,Mycobacterium tuberculosis complex (Inf. with)(2019-),Tubercolosi bovina / Mycobacterium tuberculosis complex,Confermato,Bovino,bovine,2026-07-08,2026-07-08,Italy,Umbria,Amelia,42.553528,12.416776,https://webgate.ec.europa.eu/tracesnt/adis/public/notification/outbreaks-current-year-report,"Official ADIS current-year report; location approximated at municipality centroid; geocoding correction v245: municipality centroid matched to Amelia (Terni); previous coordinates 42.55220,12.41860; match=municipality_region."
IT-MTBC-2026-00006,ADIS,Mycobacterium tuberculosis complex (Inf. with)(2019-),Tubercolosi bovina / Mycobacterium tuberculosis complex,Confermato,Bovino,bovine,2026-07-08,2026-07-08,Italy,Veneto,Ariano nel Polesine,44.946084,12.124922,https://webgate.ec.europa.eu/tracesnt/adis/public/notification/outbreaks-current-year-report,"Official ADIS current-year report; location approximated at municipality centroid; geocoding correction v245: municipality centroid matched to Ariano nel Polesine (Rovigo); previous coordinates 44.94610,12.12450; match=municipality_region."
IT-MTBC-2026-00007,ADIS,Mycobacterium tuberculosis complex (Inf. with)(2019-),Tubercolosi bovina / Mycobacterium tuberculosis complex,Confermato,Bovino,bovine,2026-07-08,2026-07-08,Italy,Basilicata,Ferrandina,40.501218,16.454683,https://webgate.ec.europa.eu/tracesnt/adis/public/notification/outbreaks-current-year-report,"Official ADIS current-year report; location approximated at municipality centroid; geocoding correction v245: municipality centroid matched to Ferrandina (Matera); previous coordinates 40.50110,16.45470; match=municipality_region."
IT-MTBC-2026-00008,ADIS,Mycobacterium tuberculosis complex (Inf. with)(2019-),Tubercolosi bovina / Mycobacterium tuberculosis complex,Confermato,Bovino,bovine,2026-07-08,2026-07-08,Italy,Toscana,Dicomano,43.891962,11.523650,https://webgate.ec.europa.eu/tracesnt/adis/public/notification/outbreaks-current-year-report,"Official ADIS current-year report; location approximated at municipality centroid; geocoding correction v245: municipality centroid matched to Dicomano (Firenze); previous coordinates 43.89270,11.52160; match=municipality_region."
IT-MTBC-2026-00009,ADIS,Mycobacterium tuberculosis complex (Inf. with)(2019-),Tubercolosi bovina / Mycobacterium tuberculosis complex,Confermato,Bovino,bovine,2026-07-08,2026-07-08,Italy,Lazio,Orvinio,42.132126,12.939684,https://webgate.ec.europa.eu/tracesnt/adis/public/notification/outbreaks-current-year-report,"Official ADIS current-year report; location approximated at municipality centroid; geocoding correction v245: municipality centroid matched to Orvinio (Rieti); previous coordinates 42.13080,12.93610; match=municipality_region."
IT-MTBC-2026-00010,ADIS,Mycobacterium tuberculosis complex (Inf. with)(2019-),Tubercolosi bovina / Mycobacterium tuberculosis complex,Confermato,Bovino,bovine,2026-07-08,2026-07-08,Italy,Lazio,Pignataro Interamna,41.439218,13.786212,https://webgate.ec.europa.eu/tracesnt/adis/public/notification/outbreaks-current-year-report,"Official ADIS current-year report; location approximated at municipality centroid; geocoding correction v245: municipality centroid matched to Pignataro Interamna (Frosinone); previous coordinates 41.43950,13.78600; match=municipality_region."
IT-MTBC-2026-00011,ADIS,Mycobacterium tuberculosis complex (Inf. with)(2019-),Tubercolosi bovina / Mycobacterium tuberculosis complex,Confermato,Bovino,bovine,2026-07-08,2026-07-08,Italy,Puglia,Putignano,40.851830,17.121294,https://webgate.ec.europa.eu/tracesnt/adis/public/notification/outbreaks-current-year-report,"Official ADIS current-year report; location approximated at municipality centroid; geocoding correction v245: municipality centroid matched to Putignano (Bari); previous coordinates 40.85120,17.12100; match=municipality_region."
IT-MTBC-2026-00012,ADIS,Mycobacterium tuberculosis complex (Inf. with)(2019-),Tubercolosi bovina / Mycobacterium tuberculosis complex,Confermato,Bovino,bovine,2026-07-08,2026-07-08,Italy,Marche,Sassoferrato,43.432655,12.857263,https://webgate.ec.europa.eu/tracesnt/adis/public/notification/outbreaks-current-year-report,"Official ADIS current-year report; location approximated at municipality centroid; geocoding correction v245: municipality centroid matched to Sassoferrato (Ancona); previous coordinates 43.43280,12.85690; match=municipality_region."
IT-MTBC-2026-00013,ADIS,Mycobacterium tuberculosis complex (Inf. with)(2019-),Tubercolosi bovina / Mycobacterium tuberculosis complex,Confermato,Bovino,bovine,2026-07-08,2026-07-08,Italy,Toscana,Borgo San Lorenzo,43.954248,11.386468,https://webgate.ec.europa.eu/tracesnt/adis/public/notification/outbreaks-current-year-report,"Official ADIS current-year report; location approximated at municipality centroid; geocoding correction v245: municipality centroid matched to Borgo San Lorenzo (Firenze); previous coordinates 43.95590,11.38520; match=municipality_region."
IT-MTBC-2026-00014,ADIS,Mycobacterium tuberculosis complex (Inf. with)(2019-),Tubercolosi bovina / Mycobacterium tuberculosis complex,Confermato,Bovino,bovine,2026-07-08,2026-07-08,Italy,Piemonte,Moretta,44.763839,7.537125,https://webgate.ec.europa.eu/tracesnt/adis/public/notification/outbreaks-current-year-report,"Official ADIS current-year report; location approximated at municipality centroid; geocoding correction v245: municipality centroid matched to Moretta (Cuneo); previous coordinates 44.76470,7.53720; match=municipality_region."
IT-MTBC-2026-00015,ADIS,Mycobacterium tuberculosis complex (Inf. with)(2019-),Tubercolosi bovina / Mycobacterium tuberculosis complex,Confermato,Bovino,bovine,2026-07-08,2026-07-08,Italy,Marche,Serra San Quirico,43.447683,13.013860,https://webgate.ec.europa.eu/tracesnt/adis/public/notification/outbreaks-current-year-report,"Official ADIS current-year report; location approximated at municipality centroid; geocoding correction v245: municipality centroid matched to Serra San Quirico (Ancona); previous coordinates 43.44630,13.01600; match=municipality_region."
IT-MTBC-2026-00016,ADIS,Mycobacterium tuberculosis complex (Inf. with)(2019-),Tubercolosi bovina / Mycobacterium tuberculosis complex,Confermato,Bovino,bovine,2026-07-08,2026-07-08,Italy,Puglia,Poggiardo,40.054223,18.379132,https://webgate.ec.europa.eu/tracesnt/adis/public/notification/outbreaks-current-year-report,"Official ADIS current-year report; location approximated at municipality centroid; geocoding correction v245: municipality centroid matched to Poggiardo (Lecce); previous coordinates 40.05330,18.37870; match=municipality_region."
IT-MTBC-2026-00017,ADIS,Mycobacterium tuberculosis complex (Inf. with)(2019-),Tubercolosi bovina / Mycobacterium tuberculosis complex,Confermato,Bovino,bovine,2026-07-08,2026-07-08,Italy,Molise,Carpinone,41.590426,14.323322,https://webgate.ec.europa.eu/tracesnt/adis/public/notification/outbreaks-current-year-report,"Official ADIS current-year report; location approximated at municipality centroid; geocoding correction v245: municipality centroid matched to Carpinone (Isernia); previous coordinates 41.59320,14.32320; match=municipality_region."
IT-MTBC-2026-00018,ADIS,Mycobacterium tuberculosis complex (Inf. with)(2019-),Tubercolosi bovina / Mycobacterium tuberculosis complex,Confermato,Bovino,bovine,2026-07-08,2026-07-08,Italy,Abruzzo,Villetta Barrea,41.775827,13.938511,https://webgate.ec.europa.eu/tracesnt/adis/public/notification/outbreaks-current-year-report,"Official ADIS current-year report; location approximated at municipality centroid; geocoding correction v245: municipality centroid matched to Villetta Barrea (L'Aquila); previous coordinates 41.77670,13.93770; match=municipality_region."
IT-MTBC-2026-00022,ADIS,Mycobacterium tuberculosis complex (Inf. with)(2019-),Tubercolosi bovina / Mycobacterium tuberculosis complex,Confermato,Bovino,bovine,2026-07-08,2026-07-08,Italy,Abruzzo,Bisegna,41.921128,13.757605,https://webgate.ec.europa.eu/tracesnt/adis/public/notification/outbreaks-current-year-report,"Official ADIS current-year report; location approximated at municipality centroid; geocoding correction v245: municipality centroid matched to Bisegna (L'Aquila); previous coordinates 41.92340,13.75740; match=municipality_region."
IT-MTBC-2026-00023,ADIS,Mycobacterium tuberculosis complex (Inf. with)(2019-),Tubercolosi bovina / Mycobacterium tuberculosis complex,Confermato,Bovino,bovine,2026-07-08,2026-07-08,Italy,Basilicata,Tursi,40.245213,16.469687,https://webgate.ec.europa.eu/tracesnt/adis/public/notification/outbreaks-current-year-report,"Official ADIS current-year report; location approximated at municipality centroid; geocoding correction v245: municipality centroid matched to Tursi (Matera); previous coordinates 40.24670,16.47190; match=municipality_region."
IT-MTBC-2026-00024,ADIS,Mycobacterium tuberculosis complex (Inf. with)(2019-),Tubercolosi bovina / Mycobacterium tuberculosis complex,Confermato,Bovino,bovine,2026-07-08,2026-07-08,Italy,Piemonte,Cuneo,44.458070,7.558137,https://webgate.ec.europa.eu/tracesnt/adis/public/notification/outbreaks-current-year-report,"Official ADIS current-year report; location approximated at municipality centroid; geocoding correction v245: municipality centroid matched to Cuneo (Cuneo); previous coordinates 44.38450,7.54270; match=municipality_region."
IT-MTBC-2026-00025,ADIS,Mycobacterium tuberculosis complex (Inf. with)(2019-),Tubercolosi bovina / Mycobacterium tuberculosis complex,Confermato,Bovino,bovine,2026-07-08,2026-07-08,Italy,Puglia,Bitonto,41.108497,16.691548,https://webgate.ec.europa.eu/tracesnt/adis/public/notification/outbreaks-current-year-report,"Official ADIS current-year report; location approximated at municipality centroid; geocoding correction v245: municipality centroid matched to Bitonto (Bari); previous coordinates 41.10610,16.69020; match=municipality_region."
IT-MTBC-2026-00026,ADIS,Mycobacterium tuberculosis complex (Inf. with)(2019-),Tubercolosi bovina / Mycobacterium tuberculosis complex,Confermato,Bovino,bovine,2026-07-08,2026-07-08,Italy,Veneto,Candiana,45.221090,11.989114,https://webgate.ec.europa.eu/tracesnt/adis/public/notification/outbreaks-current-year-report,"Official ADIS current-year report; location approximated at municipality centroid; geocoding correction v245: municipality centroid matched to Candiana (Padova); previous coordinates 45.22190,11.99300; match=municipality_region."
IT-RABIES-2026-00001,ADIS,Rabies virus (Inf. with) / RABV,Rabbia,Confermato,Cane,dog,2026-07-08,2026-07-08,Italy,Veneto,Vittorio Veneto,45.989665,12.296436,https://webgate.ec.europa.eu/tracesnt/adis/public/notification/outbreaks-current-year-report,"Official ADIS current-year report; location approximated at municipality centroid; geocoding correction v245: municipality centroid matched to Vittorio Veneto (Treviso); previous coordinates 45.97960,12.30000; match=municipality_region."
IT-WNF-2026-00001,ADIS,West Nile Fever,West Nile Fever,Confermato,Avicoli / volatili,poultry,2026-07-08,2026-07-08,Italy,Sardegna,Oristano,40.026568,8.679642,https://webgate.ec.europa.eu/tracesnt/adis/public/notification/outbreaks-current-year-report,"Official ADIS current-year report; location approximated at municipality centroid; geocoding correction v245: municipality centroid matched to Oristano (Oristano); previous coordinates 39.90360,8.59130; match=municipality_region."
IT-WNF-2026-00002,ADIS,West Nile Fever,West Nile Fever,Confermato,Avicoli / volatili,poultry,2026-07-08,2026-07-08,Italy,Sardegna,San Vero Milis,40.014548,8.598224,https://webgate.ec.europa.eu/tracesnt/adis/public/notification/outbreaks-current-year-report,"Official ADIS current-year report; location approximated at municipality centroid; geocoding correction v245: municipality centroid matched to San Vero Milis (Oristano); previous coordinates 40.01360,8.59990; match=municipality_region."
IT-WNF-2026-00003,ADIS,West Nile Fever,West Nile Fever,Confermato,Avicoli / volatili,poultry,2026-07-08,2026-07-08,Italy,Sardegna,Cabras,39.930314,8.532054,https://webgate.ec.europa.eu/tracesnt/adis/public/notification/outbreaks-current-year-report,"Official ADIS current-year report; location approximated at municipality centroid; geocoding correction v245: municipality centroid matched to Cabras (Oristano); previous coordinates 39.92910,8.53290; match=municipality_region."
IT-WNF-2026-00004,ADIS,West Nile Fever,West Nile Fever,Confermato,Avicoli / volatili,poultry,2026-07-08,2026-07-08,Italy,Piemonte,Barge,44.727536,7.321021,https://webgate.ec.europa.eu/tracesnt/adis/public/notification/outbreaks-current-year-report,"Official ADIS current-year report; location approximated at municipality centroid; geocoding correction v245: municipality centroid matched to Barge (Cuneo); previous coordinates 44.72700,7.32100; match=municipality_region."
