location,region,lat,lon
Comano,Toscana,44.29335,10.13109
Collagna,Emilia-Romagna,44.34700,10.27400
Busana,Emilia-Romagna,44.36770,10.32040
Genova,Liguria,44.40478,8.94439
Rapallo,Liguria,44.34960,9.22796
Bagnone,Toscana,44.31500,9.99500
Fivizzano,Toscana,44.23784,10.12650
Barga,Toscana,44.07310,10.48050
Licciana Nardi,Toscana,44.26490,10.03870
San Marcello Pistoiese,Toscana,44.05560,10.79060
Monchio Delle Corti,Emilia-Romagna,44.40910,10.12430
Ligonchio,Emilia-Romagna,44.31600,10.33800
Felino,Emilia-Romagna,44.69230,10.24100
Langhirano,Emilia-Romagna,44.61240,10.26600
Rivergaro,Emilia-Romagna,44.91130,9.59700
Medesano,Emilia-Romagna,44.75650,10.14000
San Marco In Lamis,Puglia,41.71210,15.63825
Treia,Marche,43.31440,13.31220
Novara Di Sicilia,Sicilia,38.01670,15.13220
Gaeta,Lazio,41.21410,13.57080
Paderno Dugnano,Lombardia,45.56800,9.16400
Azzano Mella,Lombardia,45.45400,10.11800
Marano Lagunare,Friuli-Venezia Giulia,45.76300,13.16900
Grado,Friuli-Venezia Giulia,45.67700,13.38600
Iesolo,Veneto,45.53300,12.64400
Jesolo,Veneto,45.53300,12.64400
San Michele Al Tagliamento,Veneto,45.76400,12.99500
Casalromano,Lombardia,45.19900,10.36700
Campagna Lupia,Veneto,45.35500,12.09600
Vigasio,Veneto,45.31900,10.94300
Roverbella,Lombardia,45.26700,10.77000
Ceresara,Lombardia,45.26300,10.56300
Noceto,Emilia-Romagna,44.81000,10.17700
Valeggio Sul Mincio,Veneto,45.35300,10.73500
Verona,Veneto,45.43840,10.99160
Zimella,Veneto,45.34300,11.33700
San Giuliano Terme,Toscana,43.76300,10.44100
Villafranca Di Verona,Veneto,45.35400,10.84700
Zevio,Veneto,45.37400,11.13900
Volta Mantovana,Lombardia,45.31900,10.65800
Illasi,Veneto,45.46600,11.18500
Marsciano,Umbria,42.91700,12.34800
Subbiano,Toscana,43.57500,11.87100
Campi Bisenzio,Toscana,43.82400,11.13600
Muravera,Sardegna,39.41900,9.57400
Villaputzu,Sardegna,39.44100,9.57600
Ballao,Sardegna,39.54900,9.35900
San Vito,Sardegna,39.44100,9.54000
Escalaplano,Sardegna,39.62700,9.35400
Cuneo,Piemonte,44.38450,7.54270
Bitonto,Puglia,41.11000,16.69000
Candiana,Veneto,45.22200,11.99200
Cimadolmo,Veneto,45.78600,12.36300
Amelia,Umbria,42.55300,12.42000
Ariano Nel Polesine,Veneto,44.94500,12.12500
Ferrandina,Basilicata,40.50300,16.45400
Dicomano,Toscana,43.89300,11.52200
Orvinio,Lazio,42.13300,12.93900
Pignataro Interamna,Lazio,41.44500,13.78600
Vittorio Veneto,Veneto,45.97600,12.30300
Oristano,Sardegna,39.90600,8.59100
San Vero Milis,Sardegna,40.01300,8.59800
Cabras,Sardegna,39.93000,8.53000
Barge,Piemonte,44.72700,7.32200
Montechiaro d' Acqui,Piemonte,44.59400,8.38300
Montechiaro d Acqui,Piemonte,44.59400,8.38300
Agliè,Piemonte,45.367055,7.766918
Airasca,Piemonte,44.917042,7.484321
Ala di Stura,Piemonte,45.315150,7.305909
Albiano d'Ivrea,Piemonte,45.432959,7.950621
Almese,Piemonte,45.116876,7.394550
Alpette,Piemonte,45.408916,7.578978
Alpignano,Piemonte,45.095724,7.525403
Andezeno,Piemonte,45.037748,7.870527
Andrate,Piemonte,45.527360,7.880318
Angrogna,Piemonte,44.843582,7.223816
Arignano,Piemonte,45.040275,7.901594
Avigliana,Piemonte,45.077944,7.398390
Azeglio,Piemonte,45.423459,7.993922
Bairo,Piemonte,45.386587,7.755447
Balangero,Piemonte,45.275323,7.520282
Baldissero Canavese,Piemonte,45.410256,7.744217
Baldissero Torinese,Piemonte,45.068636,7.816531
Balme,Piemonte,45.302504,7.215432
Banchette,Piemonte,45.453558,7.856318
Barbania,Piemonte,45.291252,7.630317
Bardonecchia,Piemonte,45.078339,6.703205
Barone Canavese,Piemonte,45.325527,7.873063
Beinasco,Piemonte,45.022097,7.579397
Bibiana,Piemonte,44.798937,7.288219
Bobbio Pellice,Piemonte,44.807952,7.116764
Bollengo,Piemonte,45.470859,7.942020
Borgaro Torinese,Piemonte,45.152145,7.657973
Borgiallo,Piemonte,45.417055,7.668515
Borgofranco d'Ivrea,Piemonte,45.512860,7.858017
Borgomasino,Piemonte,45.363257,7.987523
Borgone Susa,Piemonte,45.122844,7.239712
Bosconero,Piemonte,45.267550,7.766600
Brandizzo,Piemonte,45.176606,7.838004
Bricherasio,Piemonte,44.823409,7.305296
Brosso,Piemonte,45.492502,7.803288
Brozolo,Piemonte,45.117436,8.073603
Bruino,Piemonte,45.021152,7.468551
Brusasco,Piemonte,45.155492,8.060103
Bruzolo,Piemonte,45.142226,7.195648
Buriasco,Piemonte,44.873640,7.410320
Burolo,Piemonte,45.481160,7.933920
Busano,Piemonte,45.329438,7.655732
Bussoleno,Piemonte,45.139271,7.147717
Buttigliera Alta,Piemonte,45.068804,7.434488
Cafasse,Piemonte,45.245960,7.517235
Caluso,Piemonte,45.304955,7.895722
Cambiano,Piemonte,44.971416,7.778698
Campiglione Fenile,Piemonte,44.804598,7.322313
Candia Canavese,Piemonte,45.327755,7.885121
Candiolo,Piemonte,44.959244,7.601722
Canischio,Piemonte,45.373987,7.596126
Cantalupa,Piemonte,44.945941,7.330317
Cantoira,Piemonte,45.343349,7.380124
Caprie,Piemonte,45.118845,7.331914
Caravino,Piemonte,45.398258,7.960322
Carema,Piemonte,45.583302,7.810406
Carignano,Piemonte,44.906943,7.673225
Carmagnola,Piemonte,44.846947,7.717874
Casalborgone,Piemonte,45.130451,7.940426
Cascinette d'Ivrea,Piemonte,45.480159,7.905619
Caselette,Piemonte,45.104746,7.480817
Caselle Torinese,Piemonte,45.177490,7.646367
Castagneto Po,Piemonte,45.159251,7.889425
Castagnole Piemonte,Piemonte,44.898142,7.566123
Castellamonte,Piemonte,45.381955,7.712117
Castelnuovo Nigra,Piemonte,45.438156,7.694615
Castiglione Torinese,Piemonte,45.119050,7.807124
Cavagnolo,Piemonte,45.152137,8.051479
Cavour,Piemonte,44.785499,7.373841
Cercenasco,Piemonte,44.861291,7.501270
Ceres,Piemonte,45.313377,7.389688
Ceresole Reale,Piemonte,45.431952,7.235706
Cesana Torinese,Piemonte,44.952236,6.790805
Chialamberto,Piemonte,45.363669,7.341471
Chianocco,Piemonte,45.148094,7.169330
Chiaverano,Piemonte,45.498860,7.902619
Chieri,Piemonte,45.013884,7.822354
Chiesanuova,Piemonte,45.417886,7.655795
Chiomonte,Piemonte,45.119542,6.985306
Chiusa di San Michele,Piemonte,45.103913,7.326972
Chivasso,Piemonte,45.190959,7.887186
Ciconio,Piemonte,45.329915,7.759492
Cintano,Piemonte,45.428556,7.688115
Cinzano,Piemonte,45.094250,7.925627
Ciriè,Piemonte,45.235277,7.600308
Claviere,Piemonte,44.938799,6.750294
Coassolo Torinese,Piemonte,45.297583,7.460458
Coazze,Piemonte,45.052194,7.297902
Collegno,Piemonte,45.077547,7.572426
Colleretto Castelnuovo,Piemonte,45.422356,7.679815
Colleretto Giacosa,Piemonte,45.431887,7.799591
Condove,Piemonte,45.117419,7.309455
Corio,Piemonte,45.313499,7.532087
Cossano Canavese,Piemonte,45.387758,7.991523
Cuceglio,Piemonte,45.359435,7.815187
Cumiana,Piemonte,44.979742,7.376717
Cuorgnè,Piemonte,45.389720,7.649817
Druento,Piemonte,45.134748,7.576618
Exilles,Piemonte,45.097383,6.929065
Favria,Piemonte,45.331154,7.690617
Feletto,Piemonte,45.303853,7.744719
Fenestrelle,Piemonte,45.036095,7.049562
Fiano,Piemonte,45.216871,7.522685
Fiorano Canavese,Piemonte,45.467758,7.833718
Foglizzo,Piemonte,45.271272,7.822265
Forno Canavese,Piemonte,45.345353,7.591015
Frassinetto,Piemonte,45.437142,7.606743
Front,Piemonte,45.280852,7.663618
Frossasco,Piemonte,44.932944,7.350218
Garzigliana,Piemonte,44.837239,7.374420
Gassino Torinese,Piemonte,45.131650,7.827624
Germagnano,Piemonte,45.263872,7.469483
Giaglione,Piemonte,45.140239,7.014756
Giaveno,Piemonte,45.042005,7.351994
Givoletto,Piemonte,45.162248,7.496416
Gravere,Piemonte,45.125342,7.017507
Groscavallo,Piemonte,45.369225,7.233967
Grosso,Piemonte,45.257502,7.557907
Grugliasco,Piemonte,45.068046,7.577620
Ingria,Piemonte,45.466468,7.570917
Inverso Pinasca,Piemonte,44.945640,7.218414
Isolabella,Piemonte,44.906727,7.910151
Issiglio,Piemonte,45.446934,7.752122
Ivrea,Piemonte,45.467379,7.874797
La Cassa,Piemonte,45.180348,7.516316
La Loggia,Piemonte,44.957744,7.667324
Lanzo Torinese,Piemonte,45.273350,7.477411
Lauriano,Piemonte,45.158252,7.991627
Leini,Piemonte,45.184582,7.713271
Lemie,Piemonte,45.228199,7.292044
Lessolo,Piemonte,45.478258,7.814717
Levone,Piemonte,45.318202,7.606187
Locana,Piemonte,45.417654,7.458814
Lombardore,Piemonte,45.235452,7.740320
Lombriasco,Piemonte,44.840941,7.635925
Loranzè,Piemonte,45.441657,7.812718
Luserna San Giovanni,Piemonte,44.815437,7.251318
Lusernetta,Piemonte,44.803137,7.246718
Lusigliè,Piemonte,45.318401,7.766652
Macello,Piemonte,44.851139,7.398020
Maglione,Piemonte,45.346657,8.013324
Marentino,Piemonte,45.058032,7.874623
Massello,Piemonte,44.967557,7.026199
Mathi,Piemonte,45.255172,7.541984
Mattie,Piemonte,45.118143,7.115109
Mazzè,Piemonte,45.300255,7.932723
Meana di Susa,Piemonte,45.122043,7.064708
Mercenasco,Piemonte,45.357182,7.882359
Mezzenile,Piemonte,45.295129,7.394459
Mombello di Torino,Piemonte,45.045749,7.920827
Mompantero,Piemonte,45.142043,7.064609
Monastero di Lanzo,Piemonte,45.301873,7.439681
Moncalieri,Piemonte,45.000461,7.684754
Moncenisio,Piemonte,45.205285,6.982500
Montaldo Torinese,Piemonte,45.065487,7.849601
Montalenghe,Piemonte,45.337455,7.838820
Montalto Dora,Piemonte,45.490759,7.862818
Montanaro,Piemonte,45.233553,7.853323
Monteu da Po,Piemonte,45.150900,8.016847
Moriondo Torinese,Piemonte,45.037649,7.940028
Nichelino,Piemonte,44.995518,7.646618
Noasca,Piemonte,45.453972,7.314554
Nole,Piemonte,45.243991,7.572752
Nomaglio,Piemonte,45.536160,7.860317
None,Piemonte,44.933143,7.540121
Novalesa,Piemonte,45.189640,7.015498
Oglianico,Piemonte,45.342554,7.693717
Orbassano,Piemonte,45.007263,7.536919
Orio Canavese,Piemonte,45.329255,7.861721
Osasco,Piemonte,44.849368,7.343243
Osasio,Piemonte,44.871442,7.608024
Oulx,Piemonte,45.033052,6.832510
Ozegna,Piemonte,45.349290,7.742524
Palazzo Canavese,Piemonte,45.459259,7.978921
Pancalieri,Piemonte,44.833441,7.585924
Parella,Piemonte,45.430657,7.793217
Pavarolo,Piemonte,45.072466,7.834671
Pavone Canavese,Piemonte,45.437559,7.851715
Pecetto Torinese,Piemonte,45.016883,7.749949
Perosa Argentina,Piemonte,44.957440,7.190914
Perosa Canavese,Piemonte,45.397057,7.830819
Perrero,Piemonte,44.918212,7.129109
Pertusio,Piemonte,45.356788,7.638501
Pessinetto,Piemonte,45.289093,7.404162
Pianezza,Piemonte,45.105847,7.543418
Pinasca,Piemonte,44.942640,7.229115
Pinerolo,Piemonte,44.887309,7.331945
Pino Torinese,Piemonte,45.039547,7.777125
Piobesi Torinese,Piemonte,44.932943,7.610123
Piossasco,Piemonte,44.990555,7.463704
Piscina,Piemonte,44.919442,7.426212
Piverone,Piemonte,45.446259,8.005722
Poirino,Piemonte,44.920845,7.846928
Pomaretto,Piemonte,44.955983,7.182779
Pont Canavese,Piemonte,45.420526,7.596855
Porte,Piemonte,44.887293,7.267971
Pragelato,Piemonte,44.981486,6.939160
Prali,Piemonte,44.881073,7.052439
Pralormo,Piemonte,44.859744,7.901431
Pramollo,Piemonte,44.905039,7.206508
Prarostino,Piemonte,44.865792,7.268223
Prascorsano,Piemonte,45.367754,7.616915
Pratiglione,Piemonte,45.352753,7.596015
Quagliuzzo,Piemonte,45.426757,7.781617
Quassolo,Piemonte,45.522860,7.832317
Quincinetto,Piemonte,45.562960,7.807315
Reano,Piemonte,45.052056,7.430403
Ribordone,Piemonte,45.432040,7.501950
Rivalba,Piemonte,45.118350,7.888125
Rivalta di Torino,Piemonte,45.034045,7.518419
Riva presso Chieri,Piemonte,44.984974,7.872319
Rivara,Piemonte,45.332553,7.632916
Rivarolo Canavese,Piemonte,45.331216,7.717134
Rivarossa,Piemonte,45.250965,7.717845
Rivoli,Piemonte,45.069715,7.517676
Robassomero,Piemonte,45.200049,7.568917
Rocca Canavese,Piemonte,45.308854,7.575863
Roletto,Piemonte,44.924691,7.331324
Romano Canavese,Piemonte,45.388657,7.866520
Ronco Canavese,Piemonte,45.499737,7.546855
Rondissone,Piemonte,45.246854,7.963125
Rorà,Piemonte,44.792136,7.199017
Roure,Piemonte,45.001413,7.129432
Rosta,Piemonte,45.067945,7.465117
Rubiana,Piemonte,45.137946,7.384830
Rueglio,Piemonte,45.468258,7.754616
Salassa,Piemonte,45.358526,7.689238
Salbertrand,Piemonte,45.072040,6.883205
Salerano Canavese,Piemonte,45.458058,7.851118
Salza di Pinerolo,Piemonte,44.934635,7.034467
Samone,Piemonte,45.450554,7.845243
San Benigno Canavese,Piemonte,45.227052,7.785021
San Carlo Canavese,Piemonte,45.247826,7.610843
San Colombano Belmonte,Piemonte,45.382254,7.621015
San Didero,Piemonte,45.135444,7.213011
San Francesco al Campo,Piemonte,45.226467,7.657164
Sangano,Piemonte,45.026144,7.448118
San Germano Chisone,Piemonte,44.898550,7.241175
San Gillio,Piemonte,45.142748,7.535817
San Giorgio Canavese,Piemonte,45.334155,7.796819
San Giorio di Susa,Piemonte,45.127982,7.177985
San Giusto Canavese,Piemonte,45.315154,7.809120
San Martino Canavese,Piemonte,45.394350,7.816559
San Maurizio Canavese,Piemonte,45.216676,7.631241
San Mauro Torinese,Piemonte,45.104412,7.761996
San Pietro Val Lemina,Piemonte,44.906540,7.310917
San Ponso,Piemonte,45.350754,7.670316
San Raffaele Cimena,Piemonte,45.146651,7.849324
San Sebastiano da Po,Piemonte,45.167552,7.957226
San Secondo di Pinerolo,Piemonte,44.867222,7.298167
Sant'Ambrogio di Torino,Piemonte,45.099445,7.362315
Sant'Antonino di Susa,Piemonte,45.107044,7.273613
Santena,Piemonte,44.949111,7.771811
Sauze di Cesana,Piemonte,44.940736,6.859007
Sauze d'Oulx,Piemonte,45.027027,6.858346
Scalenghe,Piemonte,44.891741,7.492521
Scarmagno,Piemonte,45.384456,7.841119
Sciolze,Piemonte,45.093250,7.880426
Sestriere,Piemonte,44.958453,6.878686
Settimo Rottaro,Piemonte,45.407758,7.993522
Settimo Torinese,Piemonte,45.137335,7.771015
Settimo Vittone,Piemonte,45.549760,7.832216
Sparone,Piemonte,45.413854,7.543412
Strambinello,Piemonte,45.422696,7.768436
Strambino,Piemonte,45.381457,7.885720
Susa,Piemonte,45.137212,7.053979
Tavagnasco,Piemonte,45.543965,7.822041
Torino,Piemonte,45.067755,7.682489
Torrazza Piemonte,Piemonte,45.215422,7.974503
Torre Canavese,Piemonte,45.392056,7.759818
Torre Pellice,Piemonte,44.820768,7.223715
Trana,Piemonte,45.039044,7.421817
Traversella,Piemonte,45.508458,7.749415
Traves,Piemonte,45.270612,7.428858
Trofarello,Piemonte,44.983646,7.745225
Usseaux,Piemonte,45.048941,7.028508
Usseglio,Piemonte,45.233197,7.217735
Vaie,Piemonte,45.102344,7.289413
Val della Torre,Piemonte,45.155147,7.445015
Valgioie,Piemonte,45.076144,7.340715
Vallo Torinese,Piemonte,45.224745,7.495566
Valperga,Piemonte,45.370616,7.656916
Valprato Soana,Piemonte,45.521481,7.549355
Varisella,Piemonte,45.209941,7.488606
Vauda Canavese,Piemonte,45.279952,7.620217
Venaus,Piemonte,45.154910,7.012570
Venaria Reale,Piemonte,45.134811,7.626866
Verolengo,Piemonte,45.190053,7.968226
Verrua Savoia,Piemonte,45.156707,8.092761
Vestignè,Piemonte,45.385757,7.954822
Vialfrè,Piemonte,45.381019,7.817828
Vidracco,Piemonte,45.430657,7.757417
Vigone,Piemonte,44.843067,7.494438
Villafranca Piemonte,Piemonte,44.778939,7.500424
Villanova Canavese,Piemonte,45.242575,7.554506
Villarbasse,Piemonte,45.045145,7.468418
Villar Dora,Piemonte,45.114646,7.383515
Villareggia,Piemonte,45.310056,7.976624
Villar Focchiardo,Piemonte,45.111389,7.224725
Villar Pellice,Piemonte,44.807903,7.157580
Villar Perosa,Piemonte,44.919056,7.250286
Villastellone,Piemonte,44.918612,7.744347
Vinovo,Piemonte,44.948390,7.633929
Virle Piemonte,Piemonte,44.864541,7.570123
Vische,Piemonte,45.335589,7.944818
Vistrorio,Piemonte,45.442344,7.768145
Viù,Piemonte,45.239160,7.375840
Volpiano,Piemonte,45.201451,7.778222
Volvera,Piemonte,44.956464,7.511052
Mappano,Piemonte,45.147801,7.706099
Val di Chy,Piemonte,45.461125,7.792830
Valchiusa,Piemonte,45.497263,7.741327
Alagna Valsesia,Piemonte,45.851211,7.937177
Albano Vercellese,Piemonte,45.425307,8.380994
Alice Castello,Piemonte,45.365158,8.072925
Arborio,Piemonte,45.494964,8.385329
Asigliano Vercellese,Piemonte,45.261578,8.408501
Balmuccia,Piemonte,45.818849,8.138102
Balocco,Piemonte,45.455262,8.280128
Bianzè,Piemonte,45.308457,8.122527
Boccioleto,Piemonte,45.830189,8.112881
Borgo d'Ale,Piemonte,45.349435,8.053102
Borgosesia,Piemonte,45.716668,8.276857
Borgo Vercelli,Piemonte,45.357862,8.463033
Buronzo,Piemonte,45.480862,8.267128
Campertogno,Piemonte,45.798953,8.032153
Carcoforo,Piemonte,45.908750,8.049537
Caresana,Piemonte,45.221263,8.506924
Caresanablot,Piemonte,45.357613,8.388842
Carisio,Piemonte,45.409360,8.199027
Casanova Elvo,Piemonte,45.400961,8.293529
San Giacomo Vercellese,Piemonte,45.497859,8.326139
Cervatto,Piemonte,45.882966,8.162347
Cigliano,Piemonte,45.308356,8.021025
Civiasco,Piemonte,45.808190,8.294116
Collobiano,Piemonte,45.396683,8.348284
Costanzana,Piemonte,45.238158,8.368134
Cravagliana,Piemonte,45.848385,8.202690
Crescentino,Piemonte,45.190454,8.099929
Crova,Piemonte,45.330659,8.210828
Desana,Piemonte,45.268822,8.356728
Fobello,Piemonte,45.889425,8.158680
Fontanetto Po,Piemonte,45.193464,8.191925
Formigliana,Piemonte,45.429262,8.291928
Gattinara,Piemonte,45.614242,8.371138
Ghislarengo,Piemonte,45.528823,8.386128
Greggio,Piemonte,45.450663,8.383030
Guardabosone,Piemonte,45.701868,8.249322
Lamporo,Piemonte,45.231855,8.101628
Lenta,Piemonte,45.557466,8.384128
Lignana,Piemonte,45.285530,8.346124
Livorno Ferraris,Piemonte,45.281912,8.080548
Lozzolo,Piemonte,45.625643,8.321774
Mollia,Piemonte,45.816669,8.030315
Moncrivello,Piemonte,45.332357,7.995524
Motta de' Conti,Piemonte,45.193343,8.520934
Olcenengo,Piemonte,45.363460,8.309830
Oldenico,Piemonte,45.402755,8.380327
Palazzolo Vercellese,Piemonte,45.186255,8.232632
Pertengo,Piemonte,45.236394,8.417401
Pezzana,Piemonte,45.261959,8.482279
Pila,Piemonte,45.769944,8.081080
Piode,Piemonte,45.770751,8.051076
Postua,Piemonte,45.713604,8.230590
Prarolo,Piemonte,45.282293,8.478118
Quarona,Piemonte,45.757869,8.265721
Quinto Vercellese,Piemonte,45.379661,8.361731
Rassa,Piemonte,45.768473,8.013068
Rimella,Piemonte,45.907567,8.182504
Rive,Piemonte,45.212906,8.417704
Roasio,Piemonte,45.608019,8.288012
Ronsecco,Piemonte,45.253126,8.277810
Rossa,Piemonte,45.833501,8.125529
Rovasenda,Piemonte,45.538765,8.317527
Salasco,Piemonte,45.325559,8.264230
Sali Vercellese,Piemonte,45.309859,8.328931
Saluggia,Piemonte,45.237554,8.011026
San Germano Vercellese,Piemonte,45.350031,8.248779
Santhià,Piemonte,45.366259,8.172627
Scopa,Piemonte,45.792678,8.113367
Scopello,Piemonte,45.772756,8.094058
Serravalle Sesia,Piemonte,45.685568,8.310924
Stroppiana,Piemonte,45.230246,8.453732
Tricerro,Piemonte,45.235757,8.325333
Trino,Piemonte,45.193940,8.296987
Tronzano Vercellese,Piemonte,45.341258,8.173027
Valduggia,Piemonte,45.728369,8.329923
Varallo,Piemonte,45.813731,8.259211
Vercelli,Piemonte,45.555383,8.346284
Villarboit,Piemonte,45.437362,8.337329
Villata,Piemonte,45.387762,8.432632
Vocca,Piemonte,45.832585,8.194602
Alto Sermenza,Piemonte,45.872658,8.038157
Cellio con Breia,Piemonte,45.760606,8.309276
Agrate Conturbia,Piemonte,45.675837,8.559812
Ameno,Piemonte,45.788656,8.441311
Armeno,Piemonte,45.822457,8.439199
Arona,Piemonte,45.759837,8.560408
Barengo,Piemonte,45.575450,8.513950
Bellinzago Novarese,Piemonte,45.568768,8.643233
Biandrate,Piemonte,45.452664,8.462432
Boca,Piemonte,45.678969,8.408726
Bogogno,Piemonte,45.667273,8.534066
Bolzano Novarese,Piemonte,45.762786,8.445175
Borgolavezzaro,Piemonte,45.319663,8.699539
Borgomanero,Piemonte,45.698911,8.462367
Borgo Ticino,Piemonte,45.689268,8.601830
Briga Novarese,Piemonte,45.731871,8.456726
Briona,Piemonte,45.542466,8.479730
Caltignaga,Piemonte,45.516976,8.587782
Cameri,Piemonte,45.499674,8.660451
Carpignano Sesia,Piemonte,45.534635,8.418519
Casalbeltrame,Piemonte,45.438064,8.466532
Casaleggio Novara,Piemonte,45.488765,8.491931
Casalino,Piemonte,45.102415,8.248872
Casalvolone,Piemonte,45.400198,8.463421
Castellazzo Novarese,Piemonte,45.513366,8.486931
Castelletto sopra Ticino,Piemonte,45.712169,8.642977
Cavaglietto,Piemonte,45.602168,8.502130
Cavaglio d'Agogna,Piemonte,45.613168,8.486129
Cavallirio,Piemonte,45.663368,8.394526
Cerano,Piemonte,45.410966,8.780039
Colazza,Piemonte,45.792573,8.500326
Comignago,Piemonte,45.714871,8.564029
Cressa,Piemonte,45.647072,8.508150
Cureggio,Piemonte,45.674869,8.459727
Divignano,Piemonte,45.662370,8.601631
Dormelletto,Piemonte,45.736272,8.566628
Fara Novarese,Piemonte,45.555159,8.458941
Fontaneto d'Agogna,Piemonte,45.643469,8.480828
Galliate,Piemonte,45.478267,8.696903
Garbagna Novarese,Piemonte,45.388764,8.661237
Gargallo,Piemonte,45.728770,8.425325
Ghemme,Piemonte,45.598346,8.420904
Gozzano,Piemonte,45.746457,8.436067
Granozzo con Monticello,Piemonte,45.371139,8.587767
Grignasco,Piemonte,45.684099,8.337853
Invorio,Piemonte,45.756972,8.488326
Landiona,Piemonte,45.496357,8.423080
Lesa,Piemonte,45.829644,8.564857
Maggiora,Piemonte,45.689369,8.422326
Mandello Vitta,Piemonte,45.495665,8.459831
Marano Ticino,Piemonte,45.629870,8.631632
Massino Visconti,Piemonte,45.824206,8.540942
Meina,Piemonte,45.788773,8.538827
Mezzomerico,Piemonte,45.618687,8.605518
Miasino,Piemonte,45.801972,8.429724
Momo,Piemonte,45.574889,8.556139
Nebbiuno,Piemonte,45.803573,8.527126
Nibbiola,Piemonte,45.371483,8.654978
Novara,Piemonte,45.584250,8.545997
Oleggio,Piemonte,45.597231,8.637068
Oleggio Castello,Piemonte,45.748872,8.527127
Orta San Giulio,Piemonte,45.798081,8.406951
Paruzzaro,Piemonte,45.750241,8.517599
Pella,Piemonte,45.801625,8.384779
Pettenasco,Piemonte,45.816693,8.406617
Pisano,Piemonte,45.792298,8.508975
Pogno,Piemonte,45.759039,8.383426
Pombia,Piemonte,45.650830,8.632293
Prato Sesia,Piemonte,45.646849,8.372939
Recetto,Piemonte,45.460364,8.435731
Romagnano Sesia,Piemonte,45.631067,8.388627
Romentino,Piemonte,45.462553,8.720777
San Maurizio d'Opaglio,Piemonte,45.773453,8.390395
San Nazzaro Sesia,Piemonte,45.438273,8.424073
San Pietro Mosezzo,Piemonte,45.455881,8.544190
Sillavengo,Piemonte,45.520665,8.441030
Sizzano,Piemonte,45.577467,8.437329
Soriso,Piemonte,45.741737,8.409703
Sozzago,Piemonte,45.398565,8.720338
Suno,Piemonte,45.633369,8.542830
Terdobbiate,Piemonte,45.376564,8.695238
Tornaco,Piemonte,45.357564,8.715939
Trecate,Piemonte,45.431965,8.735293
Vaprio d'Agogna,Piemonte,45.603513,8.553431
Varallo Pombia,Piemonte,45.665904,8.632693
Vespolate,Piemonte,45.350871,8.668921
Vicolungo,Piemonte,45.477564,8.462731
Vinzaglio,Piemonte,45.322961,8.519135
Gattico-Veruno,Piemonte,45.702046,8.529830
Acceglio,Piemonte,44.474627,6.990918
Aisone,Piemonte,44.313925,7.219626
Alba,Piemonte,44.700724,8.035779
Albaretto della Torre,Piemonte,44.595911,8.064064
Alto,Piemonte,44.108946,8.003074
Argentera,Piemonte,44.374629,6.954209
Arguello,Piemonte,44.582740,8.110840
Bagnasco,Piemonte,44.301333,8.043144
Bagnolo Piemonte,Piemonte,44.760336,7.313920
Baldissero d'Alba,Piemonte,44.759519,7.914349
Barbaresco,Piemonte,44.725447,8.080696
Barolo,Piemonte,44.610841,7.942845
Bastia Mondovì,Piemonte,44.441935,7.894438
Battifollo,Piemonte,44.319833,8.010943
Beinette,Piemonte,44.364835,7.646733
Bellino,Piemonte,44.582338,6.990826
Belvedere Langhe,Piemonte,44.493036,7.974639
Bene Vagienna,Piemonte,44.543336,7.828335
Benevello,Piemonte,44.629841,8.104139
Bergolo,Piemonte,44.547840,8.183142
Bernezzo,Piemonte,44.385329,7.436329
Bonvicino,Piemonte,44.503537,8.017540
Borgomale,Piemonte,44.620341,8.132240
Borgo San Dalmazzo,Piemonte,44.328652,7.487456
Bosia,Piemonte,44.602359,8.147252
Bossolasco,Piemonte,44.529338,8.050940
Boves,Piemonte,44.329626,7.551894
Bra,Piemonte,44.697678,7.854271
Briaglia,Piemonte,44.395676,7.876004
Briga Alta,Piemonte,44.148930,7.730510
Brondello,Piemonte,44.600734,7.405925
Brossasco,Piemonte,44.569837,7.361615
Busca,Piemonte,44.518132,7.474328
Camerana,Piemonte,44.424036,8.141444
Canale,Piemonte,44.798544,7.997334
Canosio,Piemonte,44.455827,7.082721
Caprauna,Piemonte,44.118902,7.950257
Caraglio,Piemonte,44.416989,7.432590
Caramagna Piemonte,Piemonte,44.782241,7.739429
Cardè,Piemonte,44.744438,7.477624
Carrù,Piemonte,44.481035,7.874437
Cartignano,Piemonte,44.477654,7.287771
Casalgrasso,Piemonte,44.819641,7.624625
Castagnito,Piemonte,44.755443,8.031335
Casteldelfino,Piemonte,44.589638,7.070320
Castelletto Stura,Piemonte,44.441789,7.638649
Castelletto Uzzone,Piemonte,44.494338,8.186743
Castellinaldo d'Alba,Piemonte,44.774951,8.029984
Castellino Tanaro,Piemonte,44.427835,7.981240
Castelmagno,Piemonte,44.409323,7.207187
Castelnuovo di Ceva,Piemonte,44.353635,8.128945
Castiglione Falletto,Piemonte,44.623699,7.977453
Castiglione Tinella,Piemonte,44.725344,8.190139
Castino,Piemonte,44.617841,8.182441
Cavallerleone,Piemonte,44.740139,7.663928
Cavallermaggiore,Piemonte,44.709839,7.686329
Celle di Macra,Piemonte,44.482936,7.179706
Centallo,Piemonte,44.501533,7.587830
Ceresole Alba,Piemonte,44.799742,7.822430
Cerretto Langhe,Piemonte,44.574839,8.097940
Cervasca,Piemonte,44.380929,7.471230
Cervere,Piemonte,44.635438,7.791932
Ceva,Piemonte,44.387276,8.033048
Cherasco,Piemonte,44.652219,7.858015
Chiusa di Pesio,Piemonte,44.326430,7.675436
Cigliè,Piemonte,44.436535,7.926539
Cissone,Piemonte,44.563139,8.030439
Clavesana,Piemonte,44.481939,7.912079
Corneliano d'Alba,Piemonte,44.735937,7.959851
Cortemilia,Piemonte,44.579471,8.193302
Cossano Belbo,Piemonte,44.668989,8.198579
Costigliole Saluzzo,Piemonte,44.564534,7.485427
Cravanzana,Piemonte,44.574620,8.126185
Crissolo,Piemonte,44.699166,7.157719
Demonte,Piemonte,44.315264,7.297508
Diano d'Alba,Piemonte,44.650310,8.027508
Dogliani,Piemonte,44.530782,7.947233
Dronero,Piemonte,44.465942,7.367256
Elva,Piemonte,44.540329,7.090319
Entracque,Piemonte,44.241425,7.399331
Envie,Piemonte,44.682235,7.371123
Farigliano,Piemonte,44.512031,7.914245
Faule,Piemonte,44.806240,7.585125
Feisoglio,Piemonte,44.543739,8.104941
Fossano,Piemonte,44.549349,7.725016
Frabosa Soprana,Piemonte,44.287769,7.806567
Frabosa Sottana,Piemonte,44.302165,7.798008
Frassino,Piemonte,44.571632,7.276023
Gaiola,Piemonte,44.335245,7.406784
Gambasca,Piemonte,44.628734,7.347323
Garessio,Piemonte,44.202931,8.019253
Genola,Piemonte,44.588936,7.664530
Gorzegno,Piemonte,44.512838,8.135142
Gottasecca,Piemonte,44.460137,8.167544
Govone,Piemonte,44.804445,8.094036
Grinzane Cavour,Piemonte,44.653340,7.995036
Guarene,Piemonte,44.739486,8.034836
Igliano,Piemonte,44.442936,8.013341
Isasca,Piemonte,44.587633,7.381625
Lagnasco,Piemonte,44.624928,7.555576
La Morra,Piemonte,44.638480,7.932582
Lequio Berria,Piemonte,44.605840,8.098139
Lequio Tanaro,Piemonte,44.559937,7.882136
Lesegno,Piemonte,44.402234,7.970840
Levice,Piemonte,44.538239,8.155042
Limone Piemonte,Piemonte,44.202726,7.576336
Lisio,Piemonte,44.307132,7.978742
Macra,Piemonte,44.500248,7.179260
Magliano Alfieri,Piemonte,44.769244,8.070136
Magliano Alpi,Piemonte,44.459634,7.805336
Mango,Piemonte,44.686443,8.150239
Manta,Piemonte,44.615872,7.487020
Marene,Piemonte,44.661972,7.729157
Margarita,Piemonte,44.403432,7.684934
Marmora,Piemonte,44.439247,7.123515
Marsaglia,Piemonte,44.453858,7.981246
Martiniana Po,Piemonte,44.627234,7.362823
Melle,Piemonte,44.562048,7.320490
Moiola,Piemonte,44.321127,7.389730
Mombarcaro,Piemonte,44.467637,8.088242
Mombasiglio,Piemonte,44.366633,7.967941
Monastero di Vasco,Piemonte,44.330752,7.823675
Monasterolo Casotto,Piemonte,44.328232,7.943241
Monasterolo di Savigliano,Piemonte,44.686338,7.619528
Monchiero,Piemonte,44.570538,7.920236
Mondovì,Piemonte,44.390028,7.820472
Monesiglio,Piemonte,44.465037,8.118542
Monforte d'Alba,Piemonte,44.582438,7.969637
Montà,Piemonte,44.813644,7.957233
Montaldo di Mondovì,Piemonte,44.321731,7.867140
Montaldo Roero,Piemonte,44.768719,7.924151
Montanera,Piemonte,44.462233,7.665633
Montelupo Albese,Piemonte,44.621440,8.048038
Montemale di Cuneo,Piemonte,44.437430,7.375327
Monterosso Grana,Piemonte,44.408228,7.322927
Monteu Roero,Piemonte,44.780686,7.931189
Montezemolo,Piemonte,44.377035,8.141144
Monticello d'Alba,Piemonte,44.718182,7.948204
Moretta,Piemonte,44.763839,7.537125
Morozzo,Piemonte,44.423932,7.713335
Murazzano,Piemonte,44.474649,8.021336
Murello,Piemonte,44.752139,7.600926
Narzole,Piemonte,44.595438,7.869835
Neive,Piemonte,44.726050,8.115186
Neviglie,Piemonte,44.691942,8.116838
Niella Belbo,Piemonte,44.512738,8.079341
Niella Tanaro,Piemonte,44.413112,7.922952
Novello,Piemonte,44.587706,7.927116
Nucetto,Piemonte,44.340334,8.060343
Oncino,Piemonte,44.676262,7.190376
Ormea,Piemonte,44.148871,7.912606
Ostana,Piemonte,44.692521,7.188312
Paesana,Piemonte,44.684564,7.273841
Pagno,Piemonte,44.611734,7.425725
Pamparato,Piemonte,44.277029,7.913714
Paroldo,Piemonte,44.432036,8.072442
Perletto,Piemonte,44.599341,8.213042
Perlo,Piemonte,44.322020,8.094944
Peveragno,Piemonte,44.330015,7.617468
Pezzolo Valle Uzzone,Piemonte,44.538740,8.193943
Pianfei,Piemonte,44.372031,7.711435
Piasco,Piemonte,44.568001,7.457775
Pietraporzio,Piemonte,44.343768,7.033462
Piobesi d'Alba,Piemonte,44.735019,7.979668
Piozzo,Piemonte,44.515655,7.892257
Pocapaglia,Piemonte,44.715241,7.882933
Polonghera,Piemonte,44.802340,7.595725
Pontechianale,Piemonte,44.622646,7.029980
Pradleves,Piemonte,44.418346,7.280699
Prazzo,Piemonte,44.482898,7.055396
Priero,Piemonte,44.376035,8.093343
Priocca,Piemonte,44.787185,8.061645
Priola,Piemonte,44.245575,8.022422
Prunetto,Piemonte,44.488441,8.143750
Racconigi,Piemonte,44.769819,7.678887
Revello,Piemonte,44.654948,7.389914
Rifreddo,Piemonte,44.650734,7.346423
Rittana,Piemonte,44.351028,7.398429
Roaschia,Piemonte,44.270105,7.455976
Roascio,Piemonte,44.417138,8.022343
Robilante,Piemonte,44.294182,7.511178
Roburent,Piemonte,44.306331,7.892240
Roccabruna,Piemonte,44.474530,7.343726
Rocca Cigliè,Piemonte,44.445235,7.950939
Rocca de' Baldi,Piemonte,44.423633,7.761136
Roccaforte Mondovì,Piemonte,44.317940,7.744742
Roccasparvera,Piemonte,44.341583,7.440791
Roccavione,Piemonte,44.314628,7.482432
Rocchetta Belbo,Piemonte,44.636042,8.175340
Roddi,Piemonte,44.679641,7.975435
Roddino,Piemonte,44.573849,8.019119
Rodello,Piemonte,44.628540,8.056838
Rossana,Piemonte,44.543333,7.433826
Ruffia,Piemonte,44.706638,7.604027
Sale delle Langhe,Piemonte,44.395235,8.080143
Sale San Giovanni,Piemonte,44.399902,8.078891
Saliceto,Piemonte,44.413336,8.168644
Salmour,Piemonte,44.578037,7.791833
Saluzzo,Piemonte,44.644605,7.492601
Sambuco,Piemonte,44.336292,7.079338
Sampeyre,Piemonte,44.579684,7.188889
San Benedetto Belbo,Piemonte,44.490137,8.057841
San Damiano Macra,Piemonte,44.488730,7.258424
Sanfrè,Piemonte,44.749384,7.803374
Sanfront,Piemonte,44.647034,7.321022
San Michele Mondovì,Piemonte,44.377031,7.911036
Sant'Albano Stura,Piemonte,44.508934,7.722333
Santa Vittoria d'Alba,Piemonte,44.698641,7.937334
Santo Stefano Belbo,Piemonte,44.707740,8.230731
Santo Stefano Roero,Piemonte,44.788443,7.940933
Savigliano,Piemonte,44.644037,7.655929
Scagnello,Piemonte,44.333333,7.986442
Scarnafigi,Piemonte,44.678810,7.565950
Serralunga d'Alba,Piemonte,44.610686,8.000556
Serravalle Langhe,Piemonte,44.559239,8.058639
Sinio,Piemonte,44.600339,8.019938
Somano,Piemonte,44.535338,8.007839
Sommariva del Bosco,Piemonte,44.768741,7.785330
Sommariva Perno,Piemonte,44.745642,7.900633
Stroppo,Piemonte,44.506858,7.125828
Tarantasca,Piemonte,44.493679,7.543677
Torre Bormida,Piemonte,44.562740,8.154441
Torre Mondovì,Piemonte,44.352832,7.899640
Torre San Giorgio,Piemonte,44.735739,7.528128
Torresina,Piemonte,44.433639,8.036745
Treiso,Piemonte,44.689151,8.086845
Trezzo Tinella,Piemonte,44.677049,8.107468
Trinità,Piemonte,44.508277,7.757897
Valdieri,Piemonte,44.277626,7.397631
Valgrana,Piemonte,44.411229,7.380128
Valloriate,Piemonte,44.338067,7.374371
Venasca,Piemonte,44.562163,7.396865
Verduno,Piemonte,44.666140,7.930735
Vernante,Piemonte,44.245027,7.533834
Verzuolo,Piemonte,44.602899,7.474941
Vezza d'Alba,Piemonte,44.763640,7.996134
Vicoforte,Piemonte,44.374442,7.872552
Vignolo,Piemonte,44.362229,7.472731
Villafalletto,Piemonte,44.543734,7.540129
Villanova Mondovì,Piemonte,44.346932,7.766338
Villanova Solaro,Piemonte,44.729938,7.574426
Villar San Costanzo,Piemonte,44.484731,7.382226
Vinadio,Piemonte,44.309025,7.176025
Viola,Piemonte,44.290744,7.966471
Vottignasco,Piemonte,44.564134,7.579129
Agliano Terme,Piemonte,44.791012,8.249988
Albugnano,Piemonte,45.077966,7.971154
Antignano,Piemonte,44.845059,8.134840
Aramengo,Piemonte,45.101082,8.000528
Asti,Piemonte,44.826013,8.202686
Azzano d'Asti,Piemonte,44.874588,8.267791
Baldichieri d'Asti,Piemonte,44.905948,8.091638
Belveglio,Piemonte,44.830438,8.330191
Berzano di San Pietro,Piemonte,45.094813,7.953012
Bruno,Piemonte,44.793248,8.440543
Bubbio,Piemonte,44.663673,8.295134
Buttigliera d'Asti,Piemonte,45.022638,7.950799
Calamandrana,Piemonte,44.737016,8.334154
Calliano,Piemonte,45.007826,8.256940
Calosso,Piemonte,44.739837,8.227501
Camerano Casasco,Piemonte,44.991013,8.091198
Canelli,Piemonte,44.719278,8.287138
Cantarana,Piemonte,44.900516,8.030217
Capriglio,Piemonte,45.004136,8.007991
Casorzo,Piemonte,45.023390,8.334503
Cassinasco,Piemonte,44.689092,8.303238
Castagnole delle Lanze,Piemonte,44.751140,8.150245
Castagnole Monferrato,Piemonte,44.961596,8.306235
Castel Boglione,Piemonte,44.720396,8.380106
Castell'Alfero,Piemonte,44.982097,8.209929
Castellero,Piemonte,44.924338,8.074544
Castelletto Molina,Piemonte,44.750955,8.433094
Castello di Annone,Piemonte,44.879039,8.313890
Castelnuovo Belbo,Piemonte,44.801534,8.412187
Castelnuovo Calcea,Piemonte,44.788106,8.285300
Castelnuovo Don Bosco,Piemonte,45.040849,7.963128
Castel Rocchero,Piemonte,44.718346,8.415344
Cellarengo,Piemonte,44.866689,7.944725
Celle Enomondo,Piemonte,44.857347,8.122392
Cerreto d'Asti,Piemonte,45.052150,8.035071
Cerro Tanaro,Piemonte,44.872416,8.360249
Cessole,Piemonte,44.648944,8.243640
Chiusano d'Asti,Piemonte,44.985716,8.117159
Cinaglio,Piemonte,44.975249,8.100033
Cisterna d'Asti,Piemonte,44.825007,8.004618
Coazzolo,Piemonte,44.728370,8.145331
Cocconato,Piemonte,45.087459,8.039221
Corsione,Piemonte,45.000907,8.146056
Cortandone,Piemonte,44.958967,8.057802
Cortanze,Piemonte,45.015018,8.089380
Cortazzone,Piemonte,44.979636,8.061662
Cortiglione,Piemonte,44.822849,8.358889
Cossombrato,Piemonte,44.994320,8.136651
Costigliole d'Asti,Piemonte,44.786418,8.182223
Cunico,Piemonte,45.039950,8.096731
Dusino San Michele,Piemonte,44.925493,7.972190
Ferrere,Piemonte,44.875446,7.994732
Fontanile,Piemonte,44.753259,8.422351
Frinco,Piemonte,45.004901,8.168806
Grana,Piemonte,44.998351,8.299436
Grazzano Badoglio,Piemonte,45.039582,8.313553
Incisa Scapaccino,Piemonte,44.808456,8.373444
Isola d'Asti,Piemonte,44.829367,8.177452
Loazzolo,Piemonte,44.669043,8.258442
Maranzana,Piemonte,44.760563,8.478257
Maretto,Piemonte,44.944711,8.034271
Moasca,Piemonte,44.762719,8.277822
Mombaldone,Piemonte,44.569556,8.330186
Mombaruzzo,Piemonte,44.771349,8.448909
Mombercelli,Piemonte,44.817710,8.294669
Monale,Piemonte,44.936050,8.071859
Monastero Bormida,Piemonte,44.648543,8.326643
Moncalvo,Piemonte,45.050222,8.265220
Moncucco Torinese,Piemonte,45.068107,7.932533
Mongardino,Piemonte,44.849233,8.218475
Montabone,Piemonte,44.698745,8.390644
Montafia,Piemonte,44.989289,8.024872
Montaldo Scarampi,Piemonte,44.830345,8.259052
Montechiaro d'Asti,Piemonte,45.007816,8.112152
Montegrosso d'Asti,Piemonte,44.823943,8.239782
Montemagno,Piemonte,44.983701,8.323579
Moransengo,Piemonte,45.114830,8.025051
Nizza Monferrato,Piemonte,44.773310,8.353709
Olmo Gentile,Piemonte,44.585820,8.247201
Passerano Marmorito,Piemonte,45.055850,8.018729
Penango,Piemonte,45.033201,8.250253
Piea,Piemonte,45.025113,8.071827
Pino d'Asti,Piemonte,45.057450,7.986229
Piovà Massaia,Piemonte,45.054532,8.049276
Portacomaro,Piemonte,44.957405,8.258145
Quaranti,Piemonte,44.750947,8.449144
Refrancore,Piemonte,44.936297,8.343661
Revigliasco d'Asti,Piemonte,44.858540,8.158222
Roatto,Piemonte,44.951609,8.027015
Robella,Piemonte,45.101652,8.101930
Rocca d'Arazzo,Piemonte,44.873212,8.285806
Roccaverano,Piemonte,44.592176,8.271898
Rocchetta Palafea,Piemonte,44.706723,8.346003
Rocchetta Tanaro,Piemonte,44.858671,8.345706
San Damiano d'Asti,Piemonte,44.833445,8.063534
San Giorgio Scarampi,Piemonte,44.611329,8.242425
San Martino Alfieri,Piemonte,44.818627,8.109185
San Marzano Oliveto,Piemonte,44.754021,8.295757
San Paolo Solbrito,Piemonte,44.950565,7.970582
Scurzolengo,Piemonte,44.965799,8.278499
Serole,Piemonte,44.553887,8.259555
Sessame,Piemonte,44.669500,8.337265
Settime,Piemonte,44.962466,8.113970
Soglio,Piemonte,44.996298,8.078514
Tigliole,Piemonte,44.886952,8.075355
Tonco,Piemonte,45.024451,8.190036
Tonengo,Piemonte,45.117473,8.001960
Vaglio Serra,Piemonte,44.796406,8.339014
Valfenera,Piemonte,44.901746,7.964331
Vesime,Piemonte,44.636851,8.228170
Viale,Piemonte,45.000745,8.050120
Viarigi,Piemonte,44.980508,8.358455
Vigliano d'Asti,Piemonte,44.835433,8.231949
Villafranca d'Asti,Piemonte,44.913290,8.032501
Villanova d'Asti,Piemonte,44.941889,7.937502
Villa San Secondo,Piemonte,45.005075,8.135249
Vinchio,Piemonte,44.807318,8.317386
Montiglio Monferrato,Piemonte,45.064470,8.098861
Acqui Terme,Piemonte,44.675145,8.467546
Albera Ligure,Piemonte,44.702351,9.066158
Alessandria,Piemonte,44.834953,8.745030
Alfiano Natta,Piemonte,45.048552,8.208334
Alice Bel Colle,Piemonte,44.726046,8.450745
Altavilla Monferrato,Piemonte,44.993552,8.375938
Alzano Scrivia,Piemonte,45.018057,8.880649
Arquata Scrivia,Piemonte,44.687845,8.885338
Avolasca,Piemonte,44.802832,8.965144
Balzola,Piemonte,45.183005,8.402652
Basaluzzo,Piemonte,44.767905,8.704785
Bassignana,Piemonte,45.001634,8.734624
Belforte Monferrato,Piemonte,44.625046,8.661251
Bergamasco,Piemonte,44.827249,8.454743
Berzano di Tortona,Piemonte,44.876356,8.949685
Bistagno,Piemonte,44.661518,8.369525
Borghetto di Borbera,Piemonte,44.730892,8.945331
Borgoratto Alessandrino,Piemonte,44.836250,8.538545
Borgo San Martino,Piemonte,45.090963,8.525829
Bosco Marengo,Piemonte,44.825551,8.677248
Bosio,Piemonte,44.650033,8.792389
Bozzole,Piemonte,45.070192,8.606488
Brignano-Frascata,Piemonte,44.810065,9.042552
Cabella Ligure,Piemonte,44.673751,9.095760
Camagna Monferrato,Piemonte,45.017653,8.429739
Camino,Piemonte,45.162142,8.287403
Cantalupo Ligure,Piemonte,44.718152,9.044958
Capriata d'Orba,Piemonte,44.727849,8.690850
Carbonara Scrivia,Piemonte,44.849400,8.869654
Carentino,Piemonte,44.828739,8.471299
Carezzano,Piemonte,44.806893,8.900179
Carpeneto,Piemonte,44.677202,8.606409
Carrega Ligure,Piemonte,44.619046,9.175637
Carrosio,Piemonte,44.658248,8.831554
Cartosio,Piemonte,44.591842,8.420131
Casal Cermelli,Piemonte,44.834950,8.624946
Casaleggio Boiro,Piemonte,44.633547,8.730452
Casale Monferrato,Piemonte,45.136266,8.449813
Casalnoceto,Piemonte,44.913177,8.981156
Casasco,Piemonte,44.828347,9.005811
Cassine,Piemonte,44.749948,8.527846
Cassinelle,Piemonte,44.601544,8.563449
Castellania Coppi,Piemonte,44.798268,8.930478
Castellar Guidobono,Piemonte,44.905726,8.948289
Castellazzo Bormida,Piemonte,44.845050,8.577245
Castelletto d'Erro,Piemonte,44.625590,8.394288
Castelletto d'Orba,Piemonte,44.684548,8.703951
Castelletto Merli,Piemonte,45.074454,8.240564
Castelletto Monferrato,Piemonte,44.981148,8.564545
Castelnuovo Bormida,Piemonte,44.742648,8.548547
Castelnuovo Scrivia,Piemonte,44.980249,8.880356
Castelspina,Piemonte,44.806149,8.583146
Cavatore,Piemonte,44.630344,8.454247
Cella Monte,Piemonte,45.074868,8.391185
Cereseto,Piemonte,45.087654,8.319935
Cerreto Grue,Piemonte,44.842216,8.931119
Cerrina Monferrato,Piemonte,45.121354,8.213832
Coniolo,Piemonte,45.146852,8.371519
Conzano,Piemonte,45.019717,8.456369
Costa Vescovato,Piemonte,44.816430,8.926872
Cremolino,Piemonte,44.635945,8.585249
Denice,Piemonte,44.598842,8.333145
Dernice,Piemonte,44.766872,9.050760
Fabbrica Curone,Piemonte,44.784954,9.147559
Felizzano,Piemonte,44.899964,8.436212
Fraconalto,Piemonte,44.591047,8.878456
Francavilla Bisio,Piemonte,44.734649,8.731251
Frascaro,Piemonte,44.826449,8.532245
Frassinello Monferrato,Piemonte,45.031753,8.387638
Frassineto Po,Piemonte,45.133411,8.533943
Fresonara,Piemonte,44.782950,8.686149
Frugarolo,Piemonte,44.837151,8.681548
Fubine Monferrato,Piemonte,44.962752,8.429940
Gabiano,Piemonte,45.156754,8.195231
Gamalero,Piemonte,44.809049,8.541645
Garbagna,Piemonte,44.780453,8.997856
Gavi,Piemonte,44.687649,8.809353
Giarole,Piemonte,45.060555,8.566541
Gremiasco,Piemonte,44.796254,9.106858
Grognardo,Piemonte,44.630550,8.492931
Grondona,Piemonte,44.696450,8.965456
Guazzora,Piemonte,45.013800,8.843573
Isola Sant'Antonio,Piemonte,45.030501,8.848734
Lerma,Piemonte,44.636047,8.715452
Malvicino,Piemonte,44.559342,8.413147
Masio,Piemonte,44.869649,8.407741
Melazzo,Piemonte,44.643944,8.424946
Merana,Piemonte,44.518798,8.298076
Mirabello Monferrato,Piemonte,45.035552,8.523249
Molare,Piemonte,44.618645,8.600550
Molino dei Torti,Piemonte,45.023436,8.892237
Mombello Monferrato,Piemonte,45.132854,8.250333
Momperone,Piemonte,44.838445,9.035317
Moncestino,Piemonte,45.154760,8.161422
Mongiardino Ligure,Piemonte,44.640139,9.061854
Monleale,Piemonte,44.887066,8.980251
Montacuto,Piemonte,44.766453,9.104958
Montaldeo,Piemonte,44.667147,8.730152
Montaldo Bormida,Piemonte,44.682647,8.587848
Montecastello,Piemonte,44.949452,8.685741
Montegioco,Piemonte,44.841776,8.963008
Montemarzino,Piemonte,44.848338,8.993610
Morano sul Po,Piemonte,45.164222,8.365692
Morbello,Piemonte,44.590801,8.518387
Mornese,Piemonte,44.639247,8.756153
Morsasco,Piemonte,44.665346,8.550848
Murisengo,Piemonte,45.083776,8.137233
Novi Ligure,Piemonte,44.760850,8.789551
Occimiano,Piemonte,45.060255,8.507640
Odalengo Grande,Piemonte,45.109760,8.166903
Odalengo Piccolo,Piemonte,45.071652,8.206033
Olivola,Piemonte,45.037388,8.367527
Orsara Bormida,Piemonte,44.690146,8.562748
Ottiglio,Piemonte,45.054321,8.338375
Ovada,Piemonte,44.638346,8.645250
Oviglio,Piemonte,44.861250,8.487743
Ozzano Monferrato,Piemonte,45.108923,8.370230
Paderna,Piemonte,44.820713,8.891630
Pareto,Piemonte,44.516402,8.382161
Parodi Ligure,Piemonte,44.669748,8.758652
Pasturana,Piemonte,44.750850,8.749251
Pecetto di Valenza,Piemonte,44.989755,8.670945
Pietra Marazzi,Piemonte,44.943799,8.670140
Pomaro Monferrato,Piemonte,45.062915,8.594743
Pontecurone,Piemonte,44.960475,8.933609
Pontestura,Piemonte,45.143284,8.333425
Ponti,Piemonte,44.627476,8.365390
Ponzano Monferrato,Piemonte,45.084853,8.265534
Ponzone,Piemonte,44.588185,8.458654
Pozzol Groppo,Piemonte,44.878055,9.029854
Pozzolo Formigaro,Piemonte,44.795154,8.784849
Prasco,Piemonte,44.639245,8.551948
Predosa,Piemonte,44.752637,8.658324
Quargnento,Piemonte,44.944966,8.487386
Quattordio,Piemonte,44.896350,8.404941
Ricaldone,Piemonte,44.731935,8.467775
Rivalta Bormida,Piemonte,44.711375,8.550068
Rivarone,Piemonte,44.976855,8.715646
Roccaforte Ligure,Piemonte,44.677486,9.028695
Rocca Grimalda,Piemonte,44.671447,8.648450
Rocchetta Ligure,Piemonte,44.706551,9.050458
Rosignano Monferrato,Piemonte,45.079878,8.398478
Sala Monferrato,Piemonte,45.075154,8.358736
Sale,Piemonte,44.980656,8.809348
San Cristoforo,Piemonte,44.692248,8.750152
San Giorgio Monferrato,Piemonte,45.107685,8.413055
San Salvatore Monferrato,Piemonte,44.994154,8.565942
San Sebastiano Curone,Piemonte,44.785816,9.064654
Sant'Agata Fossili,Piemonte,44.784752,8.921154
Sardigliano,Piemonte,44.752885,8.896325
Sarezzano,Piemonte,44.867612,8.912663
Serralunga di Crea,Piemonte,45.100254,8.282034
Serravalle Scrivia,Piemonte,44.725580,8.854700
Sezzadio,Piemonte,44.784849,8.572546
Silvano d'Orba,Piemonte,44.686915,8.674960
Solero,Piemonte,44.918498,8.511902
Solonghello,Piemonte,45.129054,8.283234
Spigno Monferrato,Piemonte,44.543141,8.333946
Spineto Scrivia,Piemonte,44.837353,8.873752
Stazzano,Piemonte,44.727394,8.867728
Strevi,Piemonte,44.698146,8.521847
Tagliolo Monferrato,Piemonte,44.638346,8.665851
Tassarolo,Piemonte,44.728549,8.771552
Terruggia,Piemonte,45.082255,8.443238
Terzo,Piemonte,44.670445,8.421645
Ticineto,Piemonte,45.098026,8.555658
Tortona,Piemonte,44.896660,8.864128
Treville,Piemonte,45.096854,8.359536
Trisobbio,Piemonte,44.661646,8.586149
Valenza,Piemonte,45.014025,8.645821
Valmacca,Piemonte,45.100786,8.582789
Vignale Monferrato,Piemonte,45.011253,8.396138
Vignole Borbera,Piemonte,44.709948,8.891262
Viguzzolo,Piemonte,44.905507,8.918616
Villadeati,Piemonte,45.072252,8.167932
Villalvernia,Piemonte,44.815352,8.857252
Villamiroglio,Piemonte,45.134725,8.170291
Villanova Monferrato,Piemonte,45.182857,8.479237
Villaromagnano,Piemonte,44.849653,8.887752
Visone,Piemonte,44.661845,8.500747
Volpedo,Piemonte,44.890375,8.982300
Volpeglino,Piemonte,44.892495,8.960060
Voltaggio,Piemonte,44.620354,8.842748
Cassano Spinola,Piemonte,44.766166,8.863175
Alluvioni Piovera,Piemonte,44.982464,8.752398
Lu e Cuccaro Monferrato,Piemonte,44.996613,8.474265
Ailoche,Piemonte,45.698291,8.221213
Andorno Micca,Piemonte,45.609264,8.052720
Benna,Piemonte,45.513662,8.126623
Biella,Piemonte,45.566954,8.086912
Bioglio,Piemonte,45.606808,8.129709
Borriana,Piemonte,45.506161,8.038621
Brusnengo,Piemonte,45.593865,8.251924
Callabiana,Piemonte,45.631365,8.097220
Camandona,Piemonte,45.644165,8.099720
Camburzano,Piemonte,45.543668,8.003131
Candelo,Piemonte,45.546208,8.112599
Caprile,Piemonte,45.689752,8.216260
Casapinta,Piemonte,45.616096,8.195713
Castelletto Cervo,Piemonte,45.516218,8.226654
Cavaglià,Piemonte,45.407734,8.093429
Cerrione,Piemonte,45.468361,8.068123
Coggiola,Piemonte,45.688139,8.176264
Cossato,Piemonte,45.569912,8.179988
Crevacuore,Piemonte,45.686868,8.246722
Curino,Piemonte,45.627597,8.237280
Donato,Piemonte,45.528192,7.908557
Dorzano,Piemonte,45.426060,8.098524
Gaglianico,Piemonte,45.537862,8.075022
Gifflenga,Piemonte,45.493063,8.232226
Graglia,Piemonte,45.558562,7.978019
Magnano,Piemonte,45.462058,8.004502
Massazza,Piemonte,45.491362,8.164524
Masserano,Piemonte,45.594632,8.224249
Mezzana Mortigliengo,Piemonte,45.626566,8.189522
Miagliano,Piemonte,45.613464,8.044719
Mongrando,Piemonte,45.527732,8.010583
Mottalciata,Piemonte,45.505063,8.206725
Muzzano,Piemonte,45.560762,7.988919
Netro,Piemonte,45.537929,7.945516
Occhieppo Inferiore,Piemonte,45.556120,8.021519
Occhieppo Superiore,Piemonte,45.565062,8.001319
Pettinengo,Piemonte,45.613064,8.104221
Piatto,Piemonte,45.589864,8.135322
Piedicavallo,Piemonte,45.689803,7.954790
Pollone,Piemonte,45.579763,8.005919
Ponderano,Piemonte,45.538462,8.055921
Portula,Piemonte,45.675283,8.179365
Pralungo,Piemonte,45.592148,8.037924
Pray,Piemonte,45.676196,8.208714
Ronco Biellese,Piemonte,45.581354,8.098778
Roppolo,Piemonte,45.420559,8.069724
Rosazza,Piemonte,45.675765,7.977117
Sagliano Micca,Piemonte,45.625764,8.043319
Sala Biellese,Piemonte,45.508160,7.958420
Salussola,Piemonte,45.449324,8.109157
Sandigliano,Piemonte,45.518562,8.077522
Sordevolo,Piemonte,45.573638,7.974245
Sostegno,Piemonte,45.652854,8.269701
Strona,Piemonte,45.616565,8.169122
Tavigliano,Piemonte,45.623258,8.052881
Ternengo,Piemonte,45.589748,8.116028
Tollegno,Piemonte,45.593049,8.051676
Torrazzo,Piemonte,45.498380,7.953648
Valdengo,Piemonte,45.567322,8.136866
Vallanzengo,Piemonte,45.603265,8.150422
Valle San Nicolao,Piemonte,45.606969,8.141182
Veglio,Piemonte,45.640565,8.114120
Verrone,Piemonte,45.503662,8.119023
Vigliano Biellese,Piemonte,45.564475,8.104537
Villa del Bosco,Piemonte,45.620566,8.279624
Villanova Biellese,Piemonte,45.481562,8.194325
Viverone,Piemonte,45.425554,8.051215
Zimone,Piemonte,45.449260,8.035808
Zubiena,Piemonte,45.492752,7.997712
Zumaglia,Piemonte,45.593864,8.089421
Lessona,Piemonte,45.587270,8.194337
Campiglia Cervo,Piemonte,45.662808,7.999942
Quaregna Cerreto,Piemonte,45.575018,8.161400
Valdilana,Piemonte,45.666126,8.144302
Antrona Schieranco,Piemonte,46.056880,8.096460
Anzola d'Ossola,Piemonte,45.988976,8.344519
Arizzano,Piemonte,45.957377,8.582925
Arola,Piemonte,45.808356,8.357465
Aurano,Piemonte,45.999111,8.588311
Baceno,Piemonte,46.260882,8.320213
Bannio Anzino,Piemonte,45.959966,8.155128
Baveno,Piemonte,45.908916,8.505017
Bee,Piemonte,45.963268,8.575854
Belgirate,Piemonte,45.838874,8.571427
Beura-Cardezza,Piemonte,46.079578,8.299716
Bognanco,Piemonte,46.126378,8.201113
Brovello-Carpugnino,Piemonte,45.851801,8.539622
Calasca-Castiglione,Piemonte,45.991730,8.193377
Cambiasca,Piemonte,45.962377,8.544624
Cannero Riviera,Piemonte,46.021250,8.681398
Cannobio,Piemonte,46.061808,8.697639
Caprezzo,Piemonte,45.981978,8.562824
Casale Corte Cerro,Piemonte,45.915843,8.413678
Ceppo Morelli,Piemonte,45.971773,8.067713
Cesara,Piemonte,45.834472,8.366422
Cossogno,Piemonte,45.964077,8.509623
Craveggia,Piemonte,46.140377,8.489429
Crevoladossola,Piemonte,46.148584,8.297416
Crodo,Piemonte,46.223301,8.323936
Domodossola,Piemonte,46.115245,8.292046
Druogno,Piemonte,46.134537,8.436344
Formazza,Piemonte,46.374475,8.421044
Germagno,Piemonte,45.892281,8.388294
Ghiffa,Piemonte,45.959122,8.619823
Gignese,Piemonte,45.860769,8.509671
Gravellona Toce,Piemonte,45.930175,8.431222
Gurro,Piemonte,46.085676,8.570615
Intragna,Piemonte,45.994151,8.572928
Loreglia,Piemonte,45.906581,8.371190
Macugnaga,Piemonte,45.969872,7.966011
Madonna del Sasso,Piemonte,45.788014,8.346854
Malesco,Piemonte,46.126618,8.500919
Masera,Piemonte,46.139979,8.323415
Massiola,Piemonte,45.912430,8.320078
Mergozzo,Piemonte,45.961280,8.449525
Miazzina,Piemonte,45.976377,8.522223
Montecrestese,Piemonte,46.162833,8.329842
Montescheno,Piemonte,46.067920,8.225245
Nonio,Piemonte,45.845773,8.377522
Oggebbio,Piemonte,45.997679,8.650425
Omegna,Piemonte,45.879774,8.408022
Ornavasso,Piemonte,45.962083,8.393624
Pallanzeno,Piemonte,46.041976,8.258116
Piedimulera,Piemonte,46.024238,8.259263
Pieve Vergonte,Piemonte,46.012976,8.260816
Premeno,Piemonte,45.978099,8.596100
Premia,Piemonte,46.268144,8339.000000
Premosello-Chiovenda,Piemonte,46.003956,8.327590
Quarna Sopra,Piemonte,45.871379,8.374771
Quarna Sotto,Piemonte,45.868538,8.364781
Re,Piemonte,46.129855,8.544150
San Bernardino Verbano,Piemonte,45.995222,8.456146
Santa Maria Maggiore,Piemonte,46.134955,8.467278
Stresa,Piemonte,45.883728,8.539027
Toceno,Piemonte,46.144097,8.468442
Trarego Viggiona,Piemonte,46.038692,8.646128
Trasquera,Piemonte,46.213380,8.212711
Trontano,Piemonte,46.122479,8.333216
Valstrona,Piemonte,45.922954,8.256255
Vanzone con San Carlo,Piemonte,45.983239,8.110339
Varzo,Piemonte,46.206680,8.252412
Verbania,Piemonte,45.937663,8.526530
Vignone,Piemonte,45.959773,8.566617
Villadossola,Piemonte,46.066663,8.260717
Villette,Piemonte,46.132203,8.535317
Vogogna,Piemonte,46.008976,8.293017
Borgomezzavalle,Piemonte,46.047315,8.199445
Valle Cannobina,Piemonte,46.103002,8.599741
Allein,Valle d'Aosta/Vallée d'Aoste,45.807839,7.272512
Antey-Saint-André,Valle d'Aosta/Vallée d'Aoste,45.806525,7.598199
Aosta,Valle d'Aosta/Vallée d'Aoste,45.737088,7.319665
Arnad,Valle d'Aosta/Vallée d'Aoste,45.644475,7.722183
Arvier,Valle d'Aosta/Vallée d'Aoste,45.702451,7.166471
Avise,Valle d'Aosta/Vallée d'Aoste,45.708589,7.139746
Ayas,Valle d'Aosta/Vallée d'Aoste,45.862633,7.731892
Aymavilles,Valle d'Aosta/Vallée d'Aoste,45.701736,7.247656
Bard,Valle d'Aosta/Vallée d'Aoste,45.609651,7.745729
Bionaz,Valle d'Aosta/Vallée d'Aoste,45.913204,7.497951
Brissogne,Valle d'Aosta/Vallée d'Aoste,45.728520,7.406663
Brusson,Valle d'Aosta/Vallée d'Aoste,45.759342,7.730447
Challand-Saint-Anselme,Valle d'Aosta/Vallée d'Aoste,45.715462,7.763044
Challand-Saint-Victor,Valle d'Aosta/Vallée d'Aoste,45.683852,7.735185
Chambave,Valle d'Aosta/Vallée d'Aoste,45.710478,7.550656
Chamois,Valle d'Aosta/Vallée d'Aoste,45.838158,7.619692
Champdepraz,Valle d'Aosta/Vallée d'Aoste,45.685332,7.657765
Champorcher,Valle d'Aosta/Vallée d'Aoste,45.623874,7.621017
Charvensod,Valle d'Aosta/Vallée d'Aoste,45.720879,7.326089
Châtillon,Valle d'Aosta/Vallée d'Aoste,45.748786,7.612529
Cogne,Valle d'Aosta/Vallée d'Aoste,45.608742,7.356023
Courmayeur,Valle d'Aosta/Vallée d'Aoste,45.787425,6.973062
Donnas,Valle d'Aosta/Vallée d'Aoste,45.603763,7.769697
Doues,Valle d'Aosta/Vallée d'Aoste,45.819391,7.306582
Emarèse,Valle d'Aosta/Vallée d'Aoste,45.724202,7.690159
Etroubles,Valle d'Aosta/Vallée d'Aoste,45.820582,7.230574
Fénis,Valle d'Aosta/Vallée d'Aoste,45.736013,7.494371
Fontainemore,Valle d'Aosta/Vallée d'Aoste,45.648260,7.860256
Gaby,Valle d'Aosta/Vallée d'Aoste,45.710652,7.890131
Gignod,Valle d'Aosta/Vallée d'Aoste,45.779194,7.295678
Gressan,Valle d'Aosta/Vallée d'Aoste,45.719173,7.285097
Gressoney-La-Trinité,Valle d'Aosta/Vallée d'Aoste,45.829612,7.824127
Gressoney-Saint-Jean,Valle d'Aosta/Vallée d'Aoste,45.779297,7.825032
Hône,Valle d'Aosta/Vallée d'Aoste,45.613726,7.737831
Introd,Valle d'Aosta/Vallée d'Aoste,45.690502,7.186625
Issime,Valle d'Aosta/Vallée d'Aoste,45.686623,7.853814
Issogne,Valle d'Aosta/Vallée d'Aoste,45.654378,7.684603
Jovençan,Valle d'Aosta/Vallée d'Aoste,45.715086,7.276343
La Magdeleine,Valle d'Aosta/Vallée d'Aoste,45.814054,7.621875
La Salle,Valle d'Aosta/Vallée d'Aoste,45.745437,7.070565
La Thuile,Valle d'Aosta/Vallée d'Aoste,45.716288,6.948612
Lillianes,Valle d'Aosta/Vallée d'Aoste,45.632642,7.844605
Montjovet,Valle d'Aosta/Vallée d'Aoste,45.712361,7.659041
Morgex,Valle d'Aosta/Vallée d'Aoste,45.758022,7.035433
Nus,Valle d'Aosta/Vallée d'Aoste,45.741240,7.469617
Ollomont,Valle d'Aosta/Vallée d'Aoste,45.849655,7.310644
Oyace,Valle d'Aosta/Vallée d'Aoste,45.850765,7.382866
Perloz,Valle d'Aosta/Vallée d'Aoste,45.613845,7.808409
Pollein,Valle d'Aosta/Vallée d'Aoste,45.727967,7.352221
Pontboset,Valle d'Aosta/Vallée d'Aoste,45.607614,7.686379
Pontey,Valle d'Aosta/Vallée d'Aoste,45.717440,7.583269
Pont-Saint-Martin,Valle d'Aosta/Vallée d'Aoste,45.599440,7.799438
Pré-Saint-Didier,Valle d'Aosta/Vallée d'Aoste,45.763942,6.985347
Quart,Valle d'Aosta/Vallée d'Aoste,45.740958,7.414362
Rhêmes-Notre-Dame,Valle d'Aosta/Vallée d'Aoste,45.568883,7.118171
Rhêmes-Saint-Georges,Valle d'Aosta/Vallée d'Aoste,45.654901,7.155412
Roisan,Valle d'Aosta/Vallée d'Aoste,45.784571,7.311283
Saint-Christophe,Valle d'Aosta/Vallée d'Aoste,45.747420,7.356168
Saint-Denis,Valle d'Aosta/Vallée d'Aoste,45.764714,7.571331
Saint-Marcel,Valle d'Aosta/Vallée d'Aoste,45.734560,7.446196
Saint-Nicolas,Valle d'Aosta/Vallée d'Aoste,45.716078,7.167982
Saint-Oyen,Valle d'Aosta/Vallée d'Aoste,45.824644,7.213175
Saint-Pierre,Valle d'Aosta/Vallée d'Aoste,45.709481,7.229142
Saint-Rhémy-en-Bosses,Valle d'Aosta/Vallée d'Aoste,45.823744,7.182189
Saint-Vincent,Valle d'Aosta/Vallée d'Aoste,45.750386,7.647884
Sarre,Valle d'Aosta/Vallée d'Aoste,45.716798,7.259154
Torgnon,Valle d'Aosta/Vallée d'Aoste,45.823960,7.565728
Valgrisenche,Valle d'Aosta/Vallée d'Aoste,45.631169,7.064741
Valpelline,Valle d'Aosta/Vallée d'Aoste,45.824460,7.324153
Valsavarenche,Valle d'Aosta/Vallée d'Aoste,45.562003,7.226291
Valtournenche,Valle d'Aosta/Vallée d'Aoste,45.911551,7.619255
Verrayes,Valle d'Aosta/Vallée d'Aoste,45.769282,7.523777
Verrès,Valle d'Aosta/Vallée d'Aoste,45.668718,7.690758
Villeneuve,Valle d'Aosta/Vallée d'Aoste,45.702417,7.207496
Agra,Lombardia,46.035046,8.771720
Albizzate,Lombardia,45.723943,8.803131
Angera,Lombardia,45.772188,8.575122
Arcisate,Lombardia,45.860392,8.859618
Arsago Seprio,Lombardia,45.688158,8.731452
Azzate,Lombardia,45.780222,8.793769
Azzio,Lombardia,45.885194,8.710637
Barasso,Lombardia,45.840476,8.756831
Bardello,Lombardia,45.834865,8.698036
Bedero Valcuvia,Lombardia,45.914271,8.794198
Besano,Lombardia,45.889039,8.890388
Besnate,Lombardia,45.700165,8.768315
Besozzo,Lombardia,45.845797,8.666495
Biandronno,Lombardia,45.821512,8.713238
Bisuschio,Lombardia,45.874873,8.871723
Bodio Lomnago,Lombardia,45.791229,8.751004
Brebbia,Lombardia,45.828539,8.650052
Bregano,Lombardia,45.825077,8.688786
Brenta,Lombardia,45.893180,8.685101
Brezzo di Bedero,Lombardia,45.977696,8.717908
Brinzio,Lombardia,45.889110,8.790413
Brissago-Valtravaglia,Lombardia,45.948567,8.747233
Brunello,Lombardia,45.765371,8.797365
Brusimpiano,Lombardia,45.947756,8.889216
Buguggiate,Lombardia,45.785997,8.804990
Busto Arsizio,Lombardia,45.611906,8.852052
Cadegliano-Viconago,Lombardia,45.964600,8.830903
Cairate,Lombardia,45.690919,8.872461
Cantello,Lombardia,45.819946,8.894712
Caravate,Lombardia,45.877893,8.651989
Cardano al Campo,Lombardia,45.645717,8.772498
Carnago,Lombardia,45.722849,8.835848
Caronno Pertusella,Lombardia,45.594935,9.050761
Caronno Varesino,Lombardia,45.738636,8.831226
Casale Litta,Lombardia,45.767332,8.740087
Casalzuigno,Lombardia,45.911648,8.704052
Casciago,Lombardia,45.832797,8.784327
Casorate Sempione,Lombardia,45.673376,8.740521
Cassano Magnago,Lombardia,45.675221,8.825584
Cassano Valcuvia,Lombardia,45.932378,8.768429
Castellanza,Lombardia,45.612374,8.897038
Castello Cabiaglio,Lombardia,45.893405,8.755970
Castelseprio,Lombardia,45.715977,8.862656
Castelveccana,Lombardia,45.944923,8.659784
Castiglione Olona,Lombardia,45.755476,8.866883
Castronno,Lombardia,45.746830,8.814162
Cavaria con Premezzo,Lombardia,45.692682,8.796529
Cazzago Brabbia,Lombardia,45.797686,8.733190
Cislago,Lombardia,45.658776,8.971932
Cittiglio,Lombardia,45.898911,8.660738
Clivio,Lombardia,45.864206,8.929329
Cocquio-Trevisago,Lombardia,45.863436,8.695665
Comabbio,Lombardia,45.771960,8.674392
Comerio,Lombardia,45.839617,8.746441
Cremenaga,Lombardia,45.988923,8.802184
Crosio della Valle,Lombardia,45.759974,8.770432
Cuasso al Monte,Lombardia,45.914773,8.879140
Cugliate-Fabiasco,Lombardia,45.943544,8.818079
Cunardo,Lombardia,45.937476,8.801245
Curiglia con Monteviasco,Lombardia,46.059392,8.826491
Cuveglio,Lombardia,45.911293,8.726136
Cuvio,Lombardia,45.896177,8.734129
Daverio,Lombardia,45.778403,8.771828
Dumenza,Lombardia,46.019164,8.787120
Duno,Lombardia,45.914064,8.737194
Fagnano Olona,Lombardia,45.668948,8.872771
Ferno,Lombardia,45.614147,8.754548
Ferrera di Varese,Lombardia,45.934525,8.785824
Gallarate,Lombardia,45.659895,8.793201
Galliate Lombardo,Lombardia,45.784582,8.770894
Gavirate,Lombardia,45.842826,8.717671
Gazzada Schianno,Lombardia,45.781043,8.832404
Gemonio,Lombardia,45.879217,8.675397
Gerenzano,Lombardia,45.639516,8.998218
Germignaga,Lombardia,45.993507,8.724159
Golasecca,Lombardia,45.696899,8.655650
Gorla Maggiore,Lombardia,45.664137,8.890948
Gorla Minore,Lombardia,45.644331,8.897896
Gornate Olona,Lombardia,45.739598,8.859798
Grantola,Lombardia,45.949179,8.774329
Inarzo,Lombardia,45.785316,8.734475
Induno Olona,Lombardia,45.852448,8.839608
Ispra,Lombardia,45.815457,8.610138
Jerago con Orago,Lombardia,45.708033,8.793964
Lavena Ponte Tresa,Lombardia,45.959734,8.861647
Laveno-Mombello,Lombardia,45.909500,8.611986
Leggiuno,Lombardia,45.875366,8.620454
Lonate Ceppino,Lombardia,45.704503,8.874286
Lonate Pozzolo,Lombardia,45.596772,8.754731
Lozza,Lombardia,45.775675,8.857734
Luino,Lombardia,45.998908,8.739907
Luvinate,Lombardia,45.839307,8.769093
Malgesso,Lombardia,45.828215,8.679464
Malnate,Lombardia,45.800092,8.878168
Marchirolo,Lombardia,45.950050,8.832261
Marnate,Lombardia,45.629323,8.901095
Marzio,Lombardia,45.938681,8.859197
Masciago Primo,Lombardia,45.917778,8.781130
Mercallo,Lombardia,45.749866,8.669572
Mesenzana,Lombardia,45.947817,8.757834
Montegrino Valtravaglia,Lombardia,45.973207,8.768819
Monvalle,Lombardia,45.856932,8.633730
Morazzone,Lombardia,45.764961,8.831500
Mornago,Lombardia,45.747541,8.752299
Oggiona con Santo Stefano,Lombardia,45.699435,8.818381
Olgiate Olona,Lombardia,45631.000000,8.889841
Origgio,Lombardia,45.597693,9.018061
Orino,Lombardia,45.881634,8.715103
Porto Ceresio,Lombardia,45.903067,8.904946
Porto Valtravaglia,Lombardia,45.961370,8.681809
Rancio Valcuvia,Lombardia,45.916006,8.771028
Ranco,Lombardia,45.797591,8.571135
Saltrio,Lombardia,45.873908,8.921668
Samarate,Lombardia,45.628182,8.784305
Saronno,Lombardia,45.625676,9.037328
Sesto Calende,Lombardia,45.723955,8.634362
Solbiate Arno,Lombardia,45.719056,8.814344
Solbiate Olona,Lombardia,45.651379,8.887751
Somma Lombardo,Lombardia,45.683621,8.707087
Sumirago,Lombardia,45.739225,8.781004
Taino,Lombardia,45.764344,8.615061
Ternate,Lombardia,45.782286,8.690318
Tradate,Lombardia,45.714293,8.904146
Travedona-Monate,Lombardia,45.805066,8.674199
Tronzano Lago Maggiore,Lombardia,46.088991,8.733941
Uboldo,Lombardia,45.610905,9.003388
Valganna,Lombardia,45.900037,8.820143
Varano Borghi,Lombardia,45.774630,8.703666
Varese,Lombardia,45.839713,8.754158
Vedano Olona,Lombardia,45.776916,8.885596
Venegono Inferiore,Lombardia,45.738376,8.901107
Venegono Superiore,Lombardia,45.751383,8.904760
Vergiate,Lombardia,45.724847,8.694023
Viggiù,Lombardia,45.872238,8.905862
Vizzola Ticino,Lombardia,45.625599,8.696243
Sangiano,Lombardia,45.875076,8.633327
Maccagno con Pino e Veddasca,Lombardia,46.073685,8.776408
Cadrezzate con Osmate,Lombardia,45.789909,8.649289
Albavilla,Lombardia,45.803117,9.188483
Albese con Cassano,Lombardia,45.797299,9.168256
Albiolo,Lombardia,45.805577,8.939235
Alserio,Lombardia,45.779103,9.199529
Alzate Brianza,Lombardia,45.769778,9.182041
Anzano del Parco,Lombardia,45.768478,9.195442
Appiano Gentile,Lombardia,45.734637,8.979101
Argegno,Lombardia,45.943274,9.128165
Arosio,Lombardia,45.716977,9.208043
Asso,Lombardia,45.860669,9.269749
Barni,Lombardia,45.911283,9.265140
Bene Lario,Lombardia,46.023388,9.171111
Beregazzo con Figliaro,Lombardia,45.771006,8.958279
Binago,Lombardia,45.784412,8.922159
Bizzarone,Lombardia,45.834278,8.942735
Blessagno,Lombardia,45.959522,9.097490
Blevio,Lombardia,45.839942,9.102470
Bregnano,Lombardia,45.698661,9.060961
Brenna,Lombardia,45.742978,9.187142
Brienno,Lombardia,45.911440,9.131272
Brunate,Lombardia,45.819470,9.095990
Bulgarograsso,Lombardia,45.747076,9.006438
Cabiate,Lombardia,45.674176,9.173743
Cadorago,Lombardia,45.724609,9.038219
Caglio,Lombardia,45.871650,9.238268
Campione d'Italia,Lombardia,45.968081,8.971033
Cantù,Lombardia,45.739535,9.129103
Canzo,Lombardia,45.850641,9.274802
Capiago Intimiano,Lombardia,45.770802,9.130032
Carate Urio,Lombardia,45.880520,9.110496
Carbonate,Lombardia,45.683657,8.940016
Carimate,Lombardia,45.702976,9.110641
Carlazzo,Lombardia,46.050003,9.154500
Carugo,Lombardia,45.709225,9.194574
Caslino d'Erba,Lombardia,45.837589,9.230870
Casnate con Bernate,Lombardia,45.760483,9.074278
Cassina Rizzardi,Lombardia,45.750550,9.031200
Castelmarte,Lombardia,45.833229,9.232703
Castelnuovo Bozzente,Lombardia,45.764576,8.943536
Cavargna,Lombardia,46.090086,9.111234
Cerano d'Intelvi,Lombardia,45.943282,9.088836
Cermenate,Lombardia,45.700080,9.080088
Cernobbio,Lombardia,45.841394,9.075905
Cirimido,Lombardia,45.699775,9.012539
Claino con Osteno,Lombardia,46.009489,9.090090
Colonno,Lombardia,45.957602,9.155571
Como,Lombardia,45.939476,9.149410
Corrido,Lombardia,46.045832,9.139771
Cremia,Lombardia,46.087285,9.271480
Cucciago,Lombardia,45.739876,9.095489
Cusino,Lombardia,46.074584,9.152503
Dizzasco,Lombardia,45.943782,9.099736
Domaso,Lombardia,46.150990,9.328142
Dongo,Lombardia,46.122936,9.279079
Dosso del Liro,Lombardia,46.163989,9.272936
Erba,Lombardia,45.809580,9.231242
Eupilio,Lombardia,45.818252,9.264711
Faggeto Lario,Lombardia,45.858079,9.170904
Faloppio,Lombardia,45.808891,8.971173
Fenegrò,Lombardia,45.701637,8.999679
Figino Serenza,Lombardia,45.709780,9.128939
Fino Mornasco,Lombardia,45.742876,9.047639
Garzeno,Lombardia,46.134274,9.248345
Gera Lario,Lombardia,46.171099,9.371899
Grandate,Lombardia,45.775177,9.057838
Grandola ed Uniti,Lombardia,46.050863,9.189892
Griante,Lombardia,45.995284,9.235538
Guanzate,Lombardia,45.723878,9.010799
Inverigo,Lombardia,45.740484,9.223612
Laglio,Lombardia,45.880967,9.138031
Laino,Lombardia,45.984483,9.075435
Lambrugo,Lombardia,45.759191,9.241845
Lasnigo,Lombardia,45.882245,9.267118
Lezzeno,Lombardia,45.945075,9.194112
Limido Comasco,Lombardia,45.689174,8.979838
Lipomo,Lombardia,45.794503,9.121646
Livo,Lombardia,46.168845,9.304510
Locate Varesino,Lombardia,45.688851,8.930679
Lomazzo,Lombardia,45.699240,9.034360
Longone al Segrino,Lombardia,45.819244,9.250424
Luisago,Lombardia,45.762877,9.035438
Lurago d'Erba,Lombardia,45.748640,9.213197
Lurago Marinone,Lombardia,45.705775,8.981338
Lurate Caccivio,Lombardia,45.764583,8.991472
Magreglio,Lombardia,45.920747,9.262095
Mariano Comense,Lombardia,45.697149,9.178344
Maslianico,Lombardia,45.842827,9.047196
Menaggio,Lombardia,46.022565,9.241433
Merone,Lombardia,45.787740,9.246188
Moltrasio,Lombardia,45.859980,9.098438
Monguzzo,Lombardia,45.782867,9.232579
Montano Lucino,Lombardia,45.790331,9.027521
Montemezzo,Lombardia,46.178181,9.374485
Montorfano,Lombardia,45.785458,9.146079
Mozzate,Lombardia,45.675188,8.955762
Musso,Lombardia,46.114256,9.276373
Nesso,Lombardia,45.911422,9.157113
Novedrate,Lombardia,45.698946,9.120498
Olgiate Comasco,Lombardia,45.785326,8.967774
Oltrona di San Mamette,Lombardia,45.756962,8.976296
Orsenigo,Lombardia,45.777379,9.181741
Peglio,Lombardia,46.160389,9.294736
Pianello del Lario,Lombardia,46.102769,9.276633
Pigra,Lombardia,45.957563,9.127695
Plesio,Lombardia,46.046392,9.230285
Pognana Lario,Lombardia,45.881934,9.164584
Ponna,Lombardia,45.995654,9.110843
Ponte Lambro,Lombardia,45.826580,9.225441
Porlezza,Lombardia,46.036072,9.118392
Proserpio,Lombardia,45.828280,9.245542
Pusiano,Lombardia,45.813880,9.281843
Rezzago,Lombardia,45.866781,9.249741
Rodero,Lombardia,45.823977,8.915234
Ronago,Lombardia,45.832278,8.983636
Rovellasca,Lombardia,45.669411,9.050151
Rovello Porro,Lombardia,45.654152,9.041161
Sala Comacina,Lombardia,45.964424,9.166346
San Bartolomeo Val Cavargna,Lombardia,46.083486,9.149127
San Fermo della Battaglia,Lombardia,45.808678,9.047438
San Nazzaro Val Cavargna,Lombardia,46.089386,9.127434
Schignano,Lombardia,45.926245,9.103091
Senna Comasco,Lombardia,45.762977,9.111040
Sorico,Lombardia,46.172005,9.379666
Sormano,Lombardia,45.877782,9.248741
Stazzona,Lombardia,46.138485,9.274682
Tavernerio,Lombardia,45.802426,9.146436
Torno,Lombardia,45.857591,9.116294
Trezzone,Lombardia,46.171143,9.351494
Turate,Lombardia,45.654802,9.002287
Uggiate-Trevano,Lombardia,45.823859,8.964901
Valbrona,Lombardia,45.881055,9.301631
Valmorea,Lombardia,45.817455,8.932232
Val Rezzo,Lombardia,46.070258,9.100887
Valsolda,Lombardia,46.029095,9.043912
Veleso,Lombardia,45.908382,9.182139
Veniano,Lombardia,45.715580,8.983074
Vercana,Lombardia,46.159489,9.335137
Vertemate con Minoprio,Lombardia,45.728215,9.078415
Villa Guardia,Lombardia,45.773784,9.025297
Zelbio,Lombardia,45.904582,9.180539
San Siro,Lombardia,45.478200,9.123964
Gravedona ed Uniti,Lombardia,46.157675,9.184376
Bellagio,Lombardia,45.987255,9.261300
Colverde,Lombardia,45.804718,9.001526
Tremezzina,Lombardia,45.983524,9.191491
Alta Valle Intelvi,Lombardia,45.980864,9.041875
Centro Valle Intelvi,Lombardia,45.950461,9.063741
Solbiate con Cagno,Lombardia,45.800442,8.915405
Albaredo per San Marco,Lombardia,46.103490,9.590044
Albosaggia,Lombardia,46.147232,9.853170
Andalo Valtellino,Lombardia,46.133822,9.473806
Aprica,Lombardia,46.152697,10.151656
Ardenno,Lombardia,46.164292,9.644944
Bema,Lombardia,46.108201,9.564166
Berbenno di Valtellina,Lombardia,46.168878,9.742367
Bianzone,Lombardia,46.188197,10.109354
Bormio,Lombardia,46.469244,10.372216
Buglio in Monte,Lombardia,46.182788,9.674828
Caiolo,Lombardia,46.149994,9.814548
Campodolcino,Lombardia,46.405986,9.351942
Caspoggio,Lombardia,46.263526,9.862576
Castello dell'Acqua,Lombardia,46.145995,10.013553
Castione Andevenno,Lombardia,46.172794,9.800247
Cedrasco,Lombardia,46.149293,9.767047
Cercino,Lombardia,46.158091,9.508141
Chiavenna,Lombardia,46.319979,9.398122
Chiesa in Valmalenco,Lombardia,46.265097,9.848647
Chiuro,Lombardia,46.170821,9.989355
Cino,Lombardia,46.158149,9.486137
Civo,Lombardia,46.154191,9.560642
Colorina,Lombardia,46.153693,9.729346
Cosio Valtellino,Lombardia,46.133741,9.529154
Dazio,Lombardia,46.161270,9.600839
Delebio,Lombardia,46.136090,9.460640
Dubino,Lombardia,46.153343,9.461512
Faedo Valtellino,Lombardia,46.152995,9.906050
Forcola,Lombardia,46.158774,9.670848
Fusine,Lombardia,46.149041,9.749098
Gerola Alta,Lombardia,46.059382,9.550802
Gordona,Lombardia,46.292293,9.365335
Grosio,Lombardia,46.298930,10.274516
Grosotto,Lombardia,46.279862,10.258441
Madesimo,Lombardia,46.436316,9.358401
Lanzada,Lombardia,46.269297,9.869247
Livigno,Lombardia,46.537801,10.136316
Lovero,Lombardia,46.231400,10.228556
Mantello,Lombardia,46.152491,9.488941
Mazzo di Valtellina,Lombardia,46.258600,10.256656
Mello,Lombardia,46.155291,9.547242
Mese,Lombardia,46.306294,9.382335
Montagna in Valtellina,Lombardia,46.178495,9.902950
Morbegno,Lombardia,46.132419,9.569474
Novate Mezzola,Lombardia,46.221592,9.449839
Pedesina,Lombardia,46.082574,9.550664
Piantedo,Lombardia,46.134190,9.429340
Piateda,Lombardia,46.159595,9.934951
Piuro,Lombardia,46.330143,9.420908
Poggiridenti,Lombardia,46.174795,9.926050
Ponte in Valtellina,Lombardia,46.174996,9.977851
Postalesio,Lombardia,46.174094,9.775447
Prata Camportaccio,Lombardia,46.307194,9.395236
Rasura,Lombardia,46.100590,9.552743
Rogolo,Lombardia,46.135746,9.487317
Samolaco,Lombardia,46.246160,9.395079
San Giacomo Filippo,Lombardia,46.337694,9.371235
Sernio,Lombardia,46.224535,10.204097
Sondalo,Lombardia,46.331392,10.324863
Sondrio,Lombardia,46.323362,10.258414
Spriana,Lombardia,46.220302,9.864005
Talamona,Lombardia,46.138492,9.612944
Tartano,Lombardia,46.105891,9.678646
Teglio,Lombardia,46.172675,10.064126
Tirano,Lombardia,46.215672,10.173178
Torre di Santa Maria,Lombardia,46.233529,9.851604
Tovo di Sant'Agata,Lombardia,46.244779,10.246453
Traona,Lombardia,46.149620,9.525796
Tresivio,Lombardia,46.175695,9.942551
Valdidentro,Lombardia,46.489037,10.292304
Valdisotto,Lombardia,46.425215,10.357418
Valfurva,Lombardia,46.416517,10.512516
Val Masino,Lombardia,46.245866,9.637997
Verceia,Lombardia,46.198692,9.454739
Vervio,Lombardia,46.252835,10.240226
Villa di Chiavenna,Lombardia,46.324494,9.493954
Villa di Tirano,Lombardia,46.203898,10.133854
Abbiategrasso,Lombardia,45.398733,8.916230
Albairate,Lombardia,45.421126,8.938136
Arconate,Lombardia,45.540664,8.848162
Arese,Lombardia,45.549040,9.077895
Arluno,Lombardia,45.505070,8.941541
Assago,Lombardia,45.405397,9.131355
Bareggio,Lombardia,45.477726,8.995973
Basiano,Lombardia,45.573588,9.467854
Basiglio,Lombardia,45.349152,9.164589
Bellinzago Lombardo,Lombardia,45.542075,9.445951
Bernate Ticino,Lombardia,45.479342,8.818039
Besate,Lombardia,45.312965,8.969645
Binasco,Lombardia,45.331970,9.099987
Boffalora sopra Ticino,Lombardia,45.467278,8.830608
Bollate,Lombardia,45.543835,9.117708
Bresso,Lombardia,45.536680,9.187730
Bubbiano,Lombardia,45.327266,9.014546
Buccinasco,Lombardia,45.417150,9.109788
Buscate,Lombardia,45.544916,8.812943
Bussero,Lombardia,45.536676,9.372003
Busto Garolfo,Lombardia,45.545558,8.883270
Calvignasco,Lombardia,45.325966,9.027746
Cambiago,Lombardia,45.572544,9.426842
Canegrate,Lombardia,45.570538,8.926792
Carpiano,Lombardia,45.340572,9.272733
Carugate,Lombardia,45.549774,9.343749
Casarile,Lombardia,45.317888,9.104903
Casorezzo,Lombardia,45.524370,8.901540
Cassano d'Adda,Lombardia,45.526333,9.521491
Cassina de' Pecchi,Lombardia,45.519189,9.361976
Cassinetta di Lugagnano,Lombardia,45.423576,8.908314
Castano Primo,Lombardia,45.551594,8.776992
Cernusco sul Naviglio,Lombardia,45.524558,9.330925
Cerro al Lambro,Lombardia,45.329969,9.339053
Cerro Maggiore,Lombardia,45.593012,8.951392
Cesano Boscone,Lombardia,45.447112,9.094054
Cesate,Lombardia,45.596474,9.077308
Cinisello Balsamo,Lombardia,45.556059,9.214317
Cisliano,Lombardia,45.444669,8.990243
Cologno Monzese,Lombardia,45.528554,9.278224
Colturano,Lombardia,45.379770,9.337852
Corbetta,Lombardia,45.465937,8.920090
Cormano,Lombardia,45.544513,9.167621
Cornaredo,Lombardia,45.501685,9.025746
Corsico,Lombardia,45.430722,9.110233
Cuggiono,Lombardia,45.506239,8.815266
Cusago,Lombardia,45.446245,9.033528
Cusano Milanino,Lombardia,45.552184,9.183685
Dairago,Lombardia,45.565972,8.863174
Dresano,Lombardia,45.372970,9.360642
Gaggiano,Lombardia,45.406461,9.034418
Garbagnate Milanese,Lombardia,45.577145,9.080025
Gessate,Lombardia,45.554388,9.435192
Gorgonzola,Lombardia,45.531574,9.404651
Grezzago,Lombardia,45.591865,9.495203
Gudo Visconti,Lombardia,45.372872,8.998828
Inveruno,Lombardia,45.513830,8.851954
Inzago,Lombardia,45.540475,9.482052
Lacchiarella,Lombardia,45.321848,9.137047
Lainate,Lombardia,45.571730,9.028461
Legnano,Lombardia,45.594698,8.918360
Liscate,Lombardia,45.481549,9.409012
Locate di Triulzi,Lombardia,45.357932,9.224641
Magenta,Lombardia,45.465393,8.883843
Magnago,Lombardia,45.578731,8.801851
Marcallo con Casone,Lombardia,45.487220,8.873276
Masate,Lombardia,45.567547,9.463821
Mediglia,Lombardia,45.395370,9.331652
Melegnano,Lombardia,45.358789,9.323976
Melzo,Lombardia,45.498585,9.424251
Mesero,Lombardia,45.501314,8.854202
Milano,Lombardia,45.466800,9.190500
Morimondo,Lombardia,45.352442,8.954811
Motta Visconti,Lombardia,45.288179,8.992487
Nerviano,Lombardia,45.553647,8.970719
Nosate,Lombardia,45.550869,8.726535
Novate Milanese,Lombardia,45.531939,9.140832
Noviglio,Lombardia,45.360159,9.050375
Opera,Lombardia,45.373069,9.211149
Ossona,Lombardia,45.506211,8.901266
Ozzero,Lombardia,45.365848,8.924514
Pantigliate,Lombardia,45.439548,9.352631
Parabiago,Lombardia,45.558611,8.947888
Paullo,Lombardia,45.416787,9.398241
Pero,Lombardia,45.510236,9.089457
Peschiera Borromeo,Lombardia,45.431795,9.311820
Pessano con Bornago,Lombardia,45.548535,9.388324
Pieve Emanuele,Lombardia,45.355913,9.202072
Pioltello,Lombardia,45.501022,9.326335
Pogliano Milanese,Lombardia,45.537305,8.991417
Pozzo d'Adda,Lombardia,45.575666,9.500377
Pozzuolo Martesana,Lombardia,45.513975,9.456252
Pregnana Milanese,Lombardia,45.515849,9.008012
Rescaldina,Lombardia,45.615974,8.948931
Rho,Lombardia,45.528532,9.040180
Robecchetto con Induno,Lombardia,45.532481,8.764558
Robecco sul Naviglio,Lombardia,45.436507,8.887279
Rodano,Lombardia,45.477658,9.353461
Rosate,Lombardia,45.351992,9.017478
Rozzano,Lombardia,45.383237,9.154131
San Colombano al Lambro,Lombardia,45.181716,9.488578
San Donato Milanese,Lombardia,45.418070,9.271650
San Giorgio su Legnano,Lombardia,45.573771,8.913739
San Giuliano Milanese,Lombardia,45.394270,9.291851
Santo Stefano Ticino,Lombardia,45.487263,8.918626
San Vittore Olona,Lombardia,45.586091,8.942696
San Zenone al Lambro,Lombardia,45.327269,9.355253
Sedriano,Lombardia,45.488333,8.968731
Segrate,Lombardia,45.490735,9.294820
Senago,Lombardia,45.576272,9.124548
Sesto San Giovanni,Lombardia,45.535722,9.237655
Settala,Lombardia,45.454413,9.386766
Settimo Milanese,Lombardia,45.480309,9.055356
Solaro,Lombardia,45.617526,9.081021
Trezzano Rosa,Lombardia,45.582777,9.486652
Trezzano sul Naviglio,Lombardia,45.417988,9.069116
Trezzo sull'Adda,Lombardia,45.608718,9.519844
Tribiano,Lombardia,45.413371,9.378952
Truccazzano,Lombardia,45.483874,9.468553
Turbigo,Lombardia,45.529150,8.736666
Vanzago,Lombardia,45.526826,8.994955
Vaprio d'Adda,Lombardia,45.576576,9.529174
Vernate,Lombardia,45.316147,9.060968
Vignate,Lombardia,45.496573,9.376651
Vimodrone,Lombardia,45.512832,9.284672
Vittuone,Lombardia,45.487969,8.952442
Vizzolo Predabissi,Lombardia,45.356360,9.349762
Zibido San Giacomo,Lombardia,45.360000,9.106028
Villa Cortese,Lombardia,45.566752,8.888903
Vanzaghello,Lombardia,45.579253,8.782372
Baranzate,Lombardia,45.527222,9.117601
Vermezzo con Zelo,Lombardia,45.390781,8.982192
Adrara San Martino,Lombardia,45.699945,9.948935
Adrara San Rocco,Lombardia,45.713986,9.958705
Albano Sant'Alessandro,Lombardia,45.686482,9.770656
Albino,Lombardia,45.760814,9.796830
Almè,Lombardia,45.737010,9.614785
Almenno San Bartolomeo,Lombardia,45.742681,9.582251
Almenno San Salvatore,Lombardia,45.749956,9.596368
Alzano Lombardo,Lombardia,45.733603,9.730494
Ambivere,Lombardia,45.719580,9.550150
Antegnate,Lombardia,45.486477,9.791460
Arcene,Lombardia,45.575577,9.614054
Ardesio,Lombardia,45.937512,9.931158
Arzago d'Adda,Lombardia,45.481513,9.561678
Averara,Lombardia,45.988680,9.631398
Aviatico,Lombardia,45.800307,9.771656
Azzano San Paolo,Lombardia,45.661039,9.675180
Azzone,Lombardia,45.978518,10.112647
Bagnatica,Lombardia,45.660881,9.781057
Barbata,Lombardia,45.474977,9.777360
Bariano,Lombardia,45.512646,9.704925
Barzana,Lombardia,45.733986,9.567264
Bedulita,Lombardia,45.791652,9.551550
Berbenno,Lombardia,45.814783,9.571049
Bergamo,Lombardia,45.756656,9.754219
Berzo San Fermo,Lombardia,45.719384,9.903158
Bianzano,Lombardia,45.774503,9.920848
Blello,Lombardia,45.837784,9.571049
Bolgare,Lombardia,45.635081,9.812858
Boltiere,Lombardia,45.600878,9.578453
Bonate Sopra,Lombardia,45.683380,9.559751
Bonate Sotto,Lombardia,45.666784,9.561388
Borgo di Terzo,Lombardia,45.721786,9.894848
Bossico,Lombardia,45.828388,10.045059
Bottanuco,Lombardia,45.639878,9.506451
Bracca,Lombardia,45.823886,9.707871
Branzi,Lombardia,46.005377,9.759974
Brembate,Lombardia,45.603928,9.555598
Brembate di Sopra,Lombardia,45.716763,9.579416
Brignano Gera d'Adda,Lombardia,45.545519,9.648953
Brumano,Lombardia,45.855083,9.500547
Brusaporto,Lombardia,45.670846,9.761354
Calcinate,Lombardia,45.619721,9.798877
Calcio,Lombardia,45.509210,9.850979
Calusco d'Adda,Lombardia,45.691379,9.472649
Calvenzano,Lombardia,45.494981,9.601286
Camerata Cornello,Lombardia,45.898686,9.656349
Canonica d'Adda,Lombardia,45.575677,9.541653
Capizzone,Lombardia,45.784482,9.567750
Capriate San Gervasio,Lombardia,45.612578,9.528752
Caprino Bergamasco,Lombardia,45.745280,9.481748
Caravaggio,Lombardia,45.497260,9.643740
Carobbio degli Angeli,Lombardia,45.665182,9.829158
Carona,Lombardia,46.141084,10.090007
Carvico,Lombardia,45.703779,9.482249
Casazza,Lombardia,45.749184,9.907258
Casirate d'Adda,Lombardia,45.494124,9.567808
Casnigo,Lombardia,45.815986,9.868556
Cassiglio,Lombardia,45.966787,9.612147
Castelli Calepio,Lombardia,45.631966,9.896063
Castel Rozzone,Lombardia,45.552277,9.619855
Castione della Presolana,Lombardia,45.907455,10.035059
Castro,Lombardia,45.802987,10.067060
Cavernago,Lombardia,45.625097,9.761640
Cazzano Sant'Andrea,Lombardia,45.812733,9.884704
Cenate Sopra,Lombardia,45.711865,9.823789
Cenate Sotto,Lombardia,45.698864,9.825711
Cene,Lombardia,45.783670,9.825460
Cerete,Lombardia,45.854348,10.011019
Chignolo d'Isola,Lombardia,45.667579,9.527651
Chiuduno,Lombardia,45.650819,9.848016
Cisano Bergamasco,Lombardia,45.742480,9.470248
Ciserano,Lombardia,45.585281,9.600850
Cividate al Piano,Lombardia,45.554879,9.830960
Clusone,Lombardia,45.887088,9.949656
Colere,Lombardia,45.974292,10.082757
Cologno al Serio,Lombardia,45.579772,9.707725
Colzate,Lombardia,45.816027,9.855865
Comun Nuovo,Lombardia,45.622911,9.663127
Corna Imagna,Lombardia,45.830683,9.544848
Cortenuova,Lombardia,45.538978,9.787859
Costa di Mezzate,Lombardia,45.661981,9.793957
Costa Valle Imagna,Lombardia,45.805010,9.502141
Costa Volpino,Lombardia,45.829888,10.098161
Covo,Lombardia,45.500322,9.770107
Credaro,Lombardia,45.660582,9.931060
Curno,Lombardia,45.691514,9.610966
Cusio,Lombardia,45.990888,9.601746
Dalmine,Lombardia,45.649279,9.603953
Dossena,Lombardia,45.880286,9.696751
Endine Gaiano,Lombardia,45.792486,9.969058
Entratico,Lombardia,45.705615,9.874626
Fara Gera d'Adda,Lombardia,45.555676,9.537853
Fara Olivana con Sola,Lombardia,45.491720,9.737362
Filago,Lombardia,45.637578,9.556352
Fino del Monte,Lombardia,45.892689,9.994057
Fiorano al Serio,Lombardia,45.799841,9.842294
Fontanella,Lombardia,45.469877,9.801961
Fonteno,Lombardia,45.757803,10.020207
Foppolo,Lombardia,46.041890,9.757449
Foresto Sparso,Lombardia,45.690883,9.920059
Fornovo San Giovanni,Lombardia,45.497925,9.676906
Fuipiano Valle Imagna,Lombardia,45.854284,9.528447
Gandellino,Lombardia,45.991550,9.946597
Gandino,Lombardia,45.811533,9.903118
Gandosso,Lombardia,45.658882,9.888859
Gaverina Terme,Lombardia,45.755784,9.886657
Gazzaniga,Lombardia,45.796642,9.834955
Ghisalba,Lombardia,45.594193,9.753914
Gorlago,Lombardia,45.676703,9.827054
Gorle,Lombardia,45.703735,9.719022
Gorno,Lombardia,45.862895,9.843416
Grassobbio,Lombardia,45.657230,9.723107
Gromo,Lombardia,45.963990,9.927054
Grone,Lombardia,45.727504,9.911202
Grumello del Monte,Lombardia,45.637181,9.876759
Isola di Fondra,Lombardia,45.978491,9.746387
Isso,Lombardia,45.476787,9.758419
Lallio,Lombardia,45.666380,9.630053
Leffe,Lombardia,45.800686,9.885456
Lenna,Lombardia,45.943983,9.678696
Levate,Lombardia,45.625179,9.624154
Locatello,Lombardia,45.834502,9.533260
Lovere,Lombardia,45.816882,10.075214
Lurano,Lombardia,45.565677,9.640155
Luzzana,Lombardia,45.716393,9.880496
Madone,Lombardia,45.649957,9.547963
Mapello,Lombardia,45.708965,9.547513
Martinengo,Lombardia,45.570368,9.767376
Mezzoldo,Lombardia,46.012403,9.664874
Misano di Gera d'Adda,Lombardia,45.468775,9.621057
Moio de' Calvi,Lombardia,45.952003,9.700212
Monasterolo del Castello,Lombardia,45.763185,9.931658
Montello,Lombardia,45.672082,9.805657
Morengo,Lombardia,45.533604,9.705278
Mornico al Serio,Lombardia,45.591380,9.809259
Mozzanica,Lombardia,45.476076,9.689258
Mozzo,Lombardia,45.698680,9.608652
Nembro,Lombardia,45.743974,9.759275
Olmo al Brembo,Lombardia,45.969676,9.648649
Oltre il Colle,Lombardia,45.889487,9.769252
Oltressenda Alta,Lombardia,45.916699,9.944232
Oneta,Lombardia,45.871487,9.819354
Onore,Lombardia,45.891169,10.009936
Orio al Serio,Lombardia,45.676227,9.692956
Ornica,Lombardia,45.988971,9.579479
Osio Sopra,Lombardia,45.630787,9.591063
Osio Sotto,Lombardia,45.616078,9.589053
Pagazzano,Lombardia,45.534277,9.671157
Paladina,Lombardia,45.730674,9.607994
Palazzago,Lombardia,45.752115,9.535027
Palosco,Lombardia,45.587549,9.835698
Parre,Lombardia,45.874587,9.890855
Parzanica,Lombardia,45.738026,10.034515
Pedrengo,Lombardia,45.695982,9.734955
Peia,Lombardia,45.799761,9.900355
Pianico,Lombardia,45.809887,10.043060
Piario,Lombardia,45.896488,9.927255
Piazza Brembana,Lombardia,45.947786,9.675623
Piazzatorre,Lombardia,45.989717,9.683798
Piazzolo,Lombardia,45.979783,9.671970
Pognano,Lombardia,45.586378,9.639955
Ponte Nossa,Lombardia,45.866062,9.882974
Ponteranica,Lombardia,45.732077,9.651987
Ponte San Pietro,Lombardia,45.697819,9.587857
Pontida,Lombardia,45.732311,9.498642
Pontirolo Nuovo,Lombardia,45.569175,9.569345
Pradalunga,Lombardia,45.746733,9.783129
Predore,Lombardia,45.680784,10.014361
Premolo,Lombardia,45.870187,9.874655
Presezzo,Lombardia,45.692080,9.570351
Pumenengo,Lombardia,45.479947,9.870128
Ranica,Lombardia,45.726338,9.714663
Ranzanico,Lombardia,45.789229,9.935725
Riva di Solto,Lombardia,45.773570,10.039343
Rogno,Lombardia,45.857665,10.133545
Romano di Lombardia,Lombardia,45.518376,9.755087
Roncobello,Lombardia,45.955688,9.752350
Roncola,Lombardia,45.768007,9.561298
Rota d'Imagna,Lombardia,45.830854,9.512792
Rovetta,Lombardia,45.892989,9.983457
San Giovanni Bianco,Lombardia,45.874075,9.653022
San Paolo d'Argon,Lombardia,45.688557,9.804066
San Pellegrino Terme,Lombardia,45.838631,9.664731
Santa Brigida,Lombardia,45.984547,9.621791
Sarnico,Lombardia,45.670143,9.963513
Scanzorosciate,Lombardia,45.710782,9.735055
Schilpario,Lombardia,46.008793,10.157759
Sedrina,Lombardia,45.781783,9.624051
Selvino,Lombardia,45.781144,9.751675
Seriate,Lombardia,45.684371,9.717998
Serina,Lombardia,45.871941,9.729336
Solto Collina,Lombardia,45.781784,10.025203
Songavazzo,Lombardia,45.879525,9.989516
Sorisole,Lombardia,45.744579,9.661195
Sotto il Monte Giovanni XXIII,Lombardia,45.705467,9.503737
Sovere,Lombardia,45.820724,10.023098
Spinone al Lago,Lombardia,45.767485,9.924158
Spirano,Lombardia,45.582078,9.668856
Stezzano,Lombardia,45.651380,9.653510
Strozza,Lombardia,45.773082,9.577450
Suisio,Lombardia,45.655902,9.500154
Taleggio,Lombardia,45.894385,9.562672
Tavernola Bergamasca,Lombardia,45.709385,10.046262
Telgate,Lombardia,45.628881,9.851659
Terno d'Isola,Lombardia,45.685479,9.530951
Torre Boldone,Lombardia,45.716272,9.708189
Torre de' Busi,Lombardia,45.774566,9.480377
Torre de' Roveri,Lombardia,45.700822,9.773514
Torre Pallavicina,Lombardia,45.446377,9.877063
Trescore Balneario,Lombardia,45.696483,9.842557
Treviglio,Lombardia,45.521724,9.593148
Treviolo,Lombardia,45.671543,9.611742
Ubiale Clanezzo,Lombardia,45.780936,9.605822
Urgnano,Lombardia,45.597197,9.694856
Valbondione,Lombardia,46.034193,10.005855
Valbrembo,Lombardia,45.717833,9.607536
Valgoglio,Lombardia,45.974890,9.913554
Valleve,Lombardia,46.028190,9.743749
Valnegra,Lombardia,45.949410,9.690018
Valtorta,Lombardia,45.977787,9.534945
Vedeseta,Lombardia,45.890870,9.540057
Verdellino,Lombardia,45.603136,9.615610
Verdello,Lombardia,45.604778,9.628954
Vertova,Lombardia,45.810219,9.853507
Viadanica,Lombardia,45.684342,9.962284
Vigano San Martino,Lombardia,45.726531,9.893990
Vigolo,Lombardia,45.715775,10.022717
Villa d'Adda,Lombardia,45.713980,9.461649
Villa d'Almè,Lombardia,45.749682,9.614451
Villa di Serio,Lombardia,45.722665,9.732378
Villa d'Ogna,Lombardia,45.904689,9.930855
Villongo,Lombardia,45.673042,9.933834
Vilminore di Scalve,Lombardia,45.997675,10.092480
Zandobbio,Lombardia,45.687882,9.853358
Zanica,Lombardia,45.639460,9.684126
Zogno,Lombardia,45.793706,9.666203
Costa Serina,Lombardia,45.832420,9.741937
Algua,Lombardia,45.826185,9.722152
Cornalba,Lombardia,45.851729,9.743234
Medolago,Lombardia,45.668579,9.495650
Solza,Lombardia,45.677143,9.488937
Sant'Omobono Terme,Lombardia,45.811687,9.535963
Val Brembilla,Lombardia,45.824643,9.601566
Acquafredda,Lombardia,45.307378,10.414677
Adro,Lombardia,45.622402,9.961376
Agnosine,Lombardia,45.650676,10.353335
Alfianello,Lombardia,45.266975,10.148172
Anfo,Lombardia,45.766390,10.493771
Angolo Terme,Lombardia,45.891036,10.146099
Artogne,Lombardia,45.848982,10.164556
Bagnolo Mella,Lombardia,45.429079,10.184370
Bagolino,Lombardia,45.823561,10.462731
Barbariga,Lombardia,45.405077,10.054367
Barghe,Lombardia,45.681887,10.412170
Bassano Bresciano,Lombardia,45.327176,10.128370
Bedizzole,Lombardia,45.510571,10.423032
Berlingo,Lombardia,45.502980,10.043665
Berzo Demo,Lombardia,46.093418,10.336266
Berzo Inferiore,Lombardia,45.931693,10.280587
Bienno,Lombardia,45.935562,10.294791
Bione,Lombardia,45.672786,10.338869
Borgo San Giacomo,Lombardia,45.346975,9.968467
Borgosatollo,Lombardia,45.477262,10.240811
Borno,Lombardia,45.947330,10.206404
Botticino,Lombardia,45.543262,10.323184
Bovegno,Lombardia,45.793307,10.273756
Bovezzo,Lombardia,45.593137,10.243480
Brandico,Lombardia,45.454178,10.052666
Braone,Lombardia,45.990034,10.343190
Breno,Lombardia,45.956324,10.304040
Brescia,Lombardia,45.779580,10.425873
Brione,Lombardia,45.642923,10.146156
Caino,Lombardia,45.612677,10.315085
Calcinato,Lombardia,45.457182,10.413574
Calvagese della Riviera,Lombardia,45.540040,10.445833
Calvisano,Lombardia,45.348052,10.345921
Capo di Ponte,Lombardia,46.030996,10.345862
Capovalle,Lombardia,45.754435,10.544690
Capriano del Colle,Lombardia,45.454869,10.130348
Capriolo,Lombardia,45.637256,9.933605
Carpenedolo,Lombardia,45.364606,10.429385
Castegnato,Lombardia,45.560714,10.115309
Castelcovati,Lombardia,45.498413,9.943282
Castel Mella,Lombardia,45.499592,10.145008
Castenedolo,Lombardia,45.471576,10.298310
Casto,Lombardia,45.694550,10.321243
Castrezzato,Lombardia,45.512505,9.977855
Cazzago San Martino,Lombardia,45.580508,10.026215
Cedegolo,Lombardia,46.076646,10.350068
Cellatica,Lombardia,45.584106,10.180245
Cerveno,Lombardia,46.002509,10.325791
Ceto,Lombardia,46.002595,10.351963
Cevo,Lombardia,46.081397,10.368562
Chiari,Lombardia,45.536462,9.928846
Cigole,Lombardia,45.308636,10.189375
Cimbergo,Lombardia,46.024096,10.365663
Cividate Camuno,Lombardia,45.942493,10.277462
Coccaglio,Lombardia,45.563448,9.978272
Collebeato,Lombardia,45.581315,10.210271
Collio,Lombardia,45.809312,10.332872
Cologne,Lombardia,45.581520,9.941172
Comezzano-Cizzago,Lombardia,45.471278,9.950064
Concesio,Lombardia,45.605184,10.216967
Corte Franca,Lombardia,45.637417,10.006468
Corteno Golgi,Lombardia,46.166198,10.243457
Corzano,Lombardia,45.443778,10.007366
Darfo Boario Terme,Lombardia,45.883486,10.180707
Dello,Lombardia,45.418110,10.075203
Desenzano del Garda,Lombardia,45.469485,10.538947
Edolo,Lombardia,46.179375,10.330757
Erbusco,Lombardia,45.598500,9.972216
Esine,Lombardia,45.925692,10.250862
Fiesse,Lombardia,45.231475,10.324177
Flero,Lombardia,45.482887,10.175008
Gambara,Lombardia,45.255246,10.293411
Gardone Riviera,Lombardia,45.618785,10.559101
Gardone Val Trompia,Lombardia,45.687914,10.183724
Gargnano,Lombardia,45.688138,10.663501
Gavardo,Lombardia,45.584627,10.438237
Ghedi,Lombardia,45.401081,10.279276
Gianico,Lombardia,45.864530,10.183653
Gottolengo,Lombardia,45.291033,10.269829
Gussago,Lombardia,45.592664,10.153450
Idro,Lombardia,45.737745,10.478326
Incudine,Lombardia,46.220300,10.358759
Irma,Lombardia,45.771317,10.284168
Iseo,Lombardia,45.659555,10.051049
Isorella,Lombardia,45.309153,10.322164
Lavenone,Lombardia,45.739689,10.439070
Leno,Lombardia,45.367012,10.218452
Limone sul Garda,Lombardia,45.814119,10.791579
Lodrino,Lombardia,45.719687,10.277667
Lograto,Lombardia,45.484238,10.053276
Lonato del Garda,Lombardia,45.461039,10.484535
Longhena,Lombardia,45.437678,10.059667
Losine,Lombardia,45.983494,10.316163
Lozio,Lombardia,45.986103,10.260360
Lumezzane,Lombardia,45.648258,10.264546
Maclodio,Lombardia,45.476998,10.042715
Magasa,Lombardia,45.781392,10.615973
Mairano,Lombardia,45.449179,10.079567
Malegno,Lombardia,45.950602,10.273339
Malonno,Lombardia,46.122581,10.319212
Manerba del Garda,Lombardia,45.556043,10.562593
Manerbio,Lombardia,45.355777,10.135170
Marcheno,Lombardia,45.709374,10.215326
Marmentino,Lombardia,45.755450,10.287315
Marone,Lombardia,45.736086,10.093762
Mazzano,Lombardia,45.518804,10.354162
Milzano,Lombardia,45.273575,10.199273
Moniga del Garda,Lombardia,45.528523,10.537573
Monno,Lombardia,46.211571,10.339878
Monte Isola,Lombardia,45.716536,10.080176
Monticelli Brusati,Lombardia,45.632190,10.098570
Montichiari,Lombardia,45.415181,10.390675
Montirone,Lombardia,45.446380,10.228771
Mura,Lombardia,45.713980,10.343650
Muscoline,Lombardia,45.562485,10.461874
Nave,Lombardia,45.587727,10.289235
Niardo,Lombardia,45.975994,10.333263
Nuvolento,Lombardia,45.545784,10.386772
Nuvolera,Lombardia,45.532183,10.369172
Odolo,Lombardia,45.646850,10.388448
Offlaga,Lombardia,45.386133,10.117457
Ome,Lombardia,45.627283,10.121365
Ono San Pietro,Lombardia,46.016895,10.328362
Orzinuovi,Lombardia,45.403976,9.921564
Orzivecchi,Lombardia,45.420660,9.961729
Ospitaletto,Lombardia,45.555222,10.073946
Ossimo,Lombardia,45.946192,10.230561
Padenghe sul Garda,Lombardia,45.509584,10.506376
Paderno Franciacorta,Lombardia,45.589187,10.076411
Paisco Loveno,Lombardia,46.078305,10.290733
Paitone,Lombardia,45.553076,10.401255
Palazzolo sull'Oglio,Lombardia,45.599069,9.884966
Paratico,Lombardia,45.659876,9.955070
Paspardo,Lombardia,46.030996,10.370963
Passirano,Lombardia,45.599487,10.064918
Pavone del Mella,Lombardia,45.301256,10.208401
San Paolo,Lombardia,45.370576,10.026767
Pertica Alta,Lombardia,45.744402,10.343936
Pertica Bassa,Lombardia,45.754489,10.374670
Pezzaze,Lombardia,45.774127,10.237377
Pian Camuno,Lombardia,45.843752,10.157887
Pisogne,Lombardia,45.805731,10.108190
Polaveno,Lombardia,45.661484,10.123964
Polpenazze del Garda,Lombardia,45.551185,10.504875
Pompiano,Lombardia,45.431977,9.989265
Poncarale,Lombardia,45.460663,10.173909
Ponte di Legno,Lombardia,46.258603,10.508662
Pontevico,Lombardia,45.274374,10.092471
Pontoglio,Lombardia,45.569380,9.853460
Pozzolengo,Lombardia,45.405970,10.631373
Pralboino,Lombardia,45.267999,10.217413
Preseglie,Lombardia,45.668287,10.396770
Prevalle,Lombardia,45.551482,10.421857
Provaglio d'Iseo,Lombardia,45.635971,10.044167
Provaglio Val Sabbia,Lombardia,45.684864,10.436601
Puegnago del Garda,Lombardia,45.565692,10.511470
Quinzano d'Oglio,Lombardia,45.310875,10.008568
Remedello,Lombardia,45.279498,10.371743
Rezzato,Lombardia,45.514182,10.316671
Roccafranca,Lombardia,45.464300,9.914056
Rodengo Saiano,Lombardia,45.597646,10.109468
Roè Volciano,Lombardia,45.616764,10.495870
Roncadelle,Lombardia,45.527608,10.149701
Rovato,Lombardia,45.567038,9.998601
Rudiano,Lombardia,45.488578,9.887062
Sabbio Chiese,Lombardia,45.658587,10.420571
Sale Marasino,Lombardia,45.715453,10.111139
Salò,Lombardia,45.605678,10.520069
San Felice del Benaco,Lombardia,45.589546,10.551733
San Gervasio Bresciano,Lombardia,45.307376,10.148671
San Zeno Naviglio,Lombardia,45.491572,10.217058
Sarezzo,Lombardia,45.661870,10.195876
Saviore dell'Adamello,Lombardia,46.080497,10.399663
Sellero,Lombardia,46.055989,10.343990
Seniga,Lombardia,45.242674,10.177973
Serle,Lombardia,45.570284,10.366071
Sirmione,Lombardia,45.468849,10.607824
Soiano del Lago,Lombardia,45.527784,10.512675
Sonico,Lombardia,46.165499,10.352860
Sulzano,Lombardia,45.690385,10.100963
Tavernole sul Mella,Lombardia,45.746987,10.240565
Temù,Lombardia,46.249214,10.468050
Tignale,Lombardia,45.739781,10.721765
Torbole Casaglia,Lombardia,45.505310,10.102464
Toscolano-Maderno,Lombardia,45.634530,10.609521
Travagliato,Lombardia,45.523906,10.079783
Tremosine sul Garda,Lombardia,45.771079,10.760773
Trenzano,Lombardia,45.477279,10.010665
Treviso Bresciano,Lombardia,45.713126,10.463664
Urago d'Oglio,Lombardia,45.515978,9.869661
Vallio Terme,Lombardia,45.610193,10.390175
Valvestino,Lombardia,45.762092,10.594646
Verolanuova,Lombardia,45.328581,10.076086
Verolavecchia,Lombardia,45.327012,10.057256
Vestone,Lombardia,45.710641,10.403471
Vezza d'Oglio,Lombardia,46.240213,10.399732
Villa Carcina,Lombardia,45.632214,10.194442
Villachiara,Lombardia,45.355375,9.930966
Villanuova sul Clisi,Lombardia,45.601680,10.453872
Vione,Lombardia,46.248402,10.447161
Visano,Lombardia,45.318378,10.372376
Vobarno,Lombardia,45.643643,10.499454
Zone,Lombardia,45.763445,10.115882
Piancogno,Lombardia,45.919692,10.225262
Alagna,Lombardia,45.169861,8.889846
Albaredo Arnaboldi,Lombardia,45.115325,9.247959
Albonese,Lombardia,45.294438,8.706322
Albuzzano,Lombardia,45.186626,9.275040
Arena Po,Lombardia,45.096606,9.362846
Badia Pavese,Lombardia,45.120328,9.468797
Bagnaria,Lombardia,44.827262,9.122605
Barbianello,Lombardia,45.076662,9.205155
Bascapè,Lombardia,45.308268,9.313453
Bastida Pancarana,Lombardia,45.086061,9.085152
Battuda,Lombardia,45.274665,9.078048
Belgioioso,Lombardia,45.158565,9.313756
Bereguardo,Lombardia,45.257378,9.027957
Borgarello,Lombardia,45.240665,9.140550
Borgo Priolo,Lombardia,44.966449,9.148504
Borgoratto Mormorolo,Lombardia,44.930658,9.193257
Borgo San Siro,Lombardia,45.234969,8.913361
Bornasco,Lombardia,45.266566,9.217951
Bosnasco,Lombardia,45.064363,9.358477
Brallo di Pregola,Lombardia,44.738186,9.281370
Breme,Lombardia,45.126922,8.623567
Bressana Bottarone,Lombardia,45.083601,9.122253
Broni,Lombardia,45.062162,9.261191
Calvignano,Lombardia,44.982744,9.168163
Campospinoso,Lombardia,45.094424,9.244955
Candia Lomellina,Lombardia,45.178758,8.594840
Canneto Pavese,Lombardia,45.050462,9.278757
Carbonara al Ticino,Lombardia,45.165422,9.061957
Casanova Lonati,Lombardia,45.094464,9.213452
Casatisma,Lombardia,45.049060,9.131954
Casei Gerola,Lombardia,45.006146,8.926989
Casorate Primo,Lombardia,45.312366,9.016846
Cassolnovo,Lombardia,45.365560,8.810088
Castana,Lombardia,45.026761,9.272457
Casteggio,Lombardia,45.014114,9.123578
Castelletto di Branduzzo,Lombardia,45.071839,9.090044
Castello d'Agogna,Lombardia,45.234561,8.687140
Castelnovetto,Lombardia,45.254760,8.611838
Cava Manara,Lombardia,45.140173,9.106860
Cecima,Lombardia,44.850969,9.080238
Ceranova,Lombardia,45.260266,9.243152
Ceretto Lomellina,Lombardia,45.244961,8.672440
Cergnago,Lombardia,45.198201,8.772843
Certosa di Pavia,Lombardia,45.257015,9.148114
Cervesina,Lombardia,45.061259,9.016151
Chignolo Po,Lombardia,45.148166,9.481559
Cigognola,Lombardia,45.032761,9.244856
Cilavegna,Lombardia,45.309752,8.743348
Codevilla,Lombardia,44.963288,9.057385
Confienza,Lombardia,45.332162,8.556336
Copiano,Lombardia,45.196266,9.322455
Corana,Lombardia,45.061659,8.968350
Corvino San Quirico,Lombardia,45.010186,9.162397
Costa de' Nobili,Lombardia,45.132054,9.378904
Cozzo,Lombardia,45.192659,8.611040
Cura Carpignano,Lombardia,45.212072,9.255463
Dorno,Lombardia,45.155085,8.951882
Ferrera Erbognone,Lombardia,45.115059,8.864347
Filighera,Lombardia,45.177065,9.315955
Fortunago,Lombardia,44.921176,9.183875
Frascarolo,Lombardia,45.046656,8.682044
Galliavola,Lombardia,45.097559,8.818846
Gambarana,Lombardia,45.028959,8.762538
Gambolò,Lombardia,45.259030,8.859060
Garlasco,Lombardia,45.197362,8.923746
Gerenzago,Lombardia,45.206566,9.359656
Giussago,Lombardia,45.284766,9.140749
Godiasco Salice Terme,Lombardia,44.890183,9.065673
Golferenzo,Lombardia,44.962021,9.306952
Gravellona Lomellina,Lombardia,45.327664,8.764140
Gropello Cairoli,Lombardia,45.178609,8.994031
Inverno e Monteleone,Lombardia,45.197866,9.385256
Landriano,Lombardia,45.311968,9.260052
Langosco,Lombardia,45.214367,8.563730
Lardirago,Lombardia,45.235341,9.233213
Linarolo,Lombardia,45.160981,9.270910
Lirio,Lombardia,44.993982,9.255568
Lomello,Lombardia,45.121059,8.796245
Lungavilla,Lombardia,45.040660,9.081353
Magherno,Lombardia,45.223566,9.329355
Marcignago,Lombardia,45.253065,9.079349
Marzano,Lombardia,45.247967,9.295054
Mede,Lombardia,45.097858,8.735944
Menconico,Lombardia,44.796364,9.279280
Mezzana Bigli,Lombardia,45.059858,8.848447
Mezzana Rabattone,Lombardia,45.094863,9.031254
Mezzanino,Lombardia,45.124654,9.205338
Miradolo Terme,Lombardia,45.171966,9.445558
Montalto Pavese,Lombardia,44.979273,9.209761
Montebello della Battaglia,Lombardia,45.000959,9.103454
Montecalvo Versiggia,Lombardia,44.971268,9.285541
Montescano,Lombardia,45.032644,9.296167
Montesegale,Lombardia,44.906251,9.127073
Monticelli Pavese,Lombardia,45.110731,9.515049
Montù Beccaria,Lombardia,45.036946,9.315538
Mornico Losana,Lombardia,45.010331,9.205113
Mortara,Lombardia,45.247922,8.736385
Nicorvo,Lombardia,45.285662,8.667939
Olevano di Lomellina,Lombardia,45.212960,8.717269
Oliva Gessi,Lombardia,45.003560,9.179355
Ottobiano,Lombardia,45.152816,8.829209
Palestro,Lombardia,45.301761,8.533436
Pancarana,Lombardia,45.074928,9.050790
Parona,Lombardia,45.282602,8.750845
Pavia,Lombardia,45.036855,9.137825
Pietra de' Giorgi,Lombardia,45.020704,9.230576
Pieve Albignola,Lombardia,45.113111,8.958800
Pieve del Cairo,Lombardia,45.049957,8.804146
Pieve Porto Morone,Lombardia,45.109364,9.435759
Pinarolo Po,Lombardia,45.069861,9.167254
Pizzale,Lombardia,45.036505,9.048212
Ponte Nizza,Lombardia,44.851548,9.097243
Portalbera,Lombardia,45.097563,9.318857
Rea,Lombardia,45.113365,9.154658
Redavalle,Lombardia,45.037446,9.203918
Retorbido,Lombardia,44.949300,9.036174
Rivanazzano Terme,Lombardia,44.930767,9.014159
Robbio,Lombardia,45.289971,8.593278
Robecco Pavese,Lombardia,45.048364,9.150160
Rocca de' Giorgi,Lombardia,44.951562,9.253644
Rocca Susella,Lombardia,44.919153,9.094131
Rognano,Lombardia,45.288466,9.090248
Romagnese,Lombardia,44.839480,9.330068
Roncaro,Lombardia,45.228166,9.275453
Rosasco,Lombardia,45.251060,8.578938
Rovescala,Lombardia,45.011421,9.348753
San Cipriano Po,Lombardia,45.108679,9.282905
San Damiano al Colle,Lombardia,45.024862,9.346559
San Genesio ed Uniti,Lombardia,45.234765,9.178551
San Giorgio di Lomellina,Lombardia,45.174413,8.790098
San Martino Siccomario,Lombardia,45.160963,9.135952
Sannazzaro de' Burgondi,Lombardia,45.102259,8.906348
Santa Cristina e Bissone,Lombardia,45.154392,9.418996
Santa Giuletta,Lombardia,45.033836,9.181503
Sant'Alessio con Vialone,Lombardia,45.224687,9.229855
Santa Margherita di Staffora,Lombardia,44.764840,9.254617
Santa Maria della Versa,Lombardia,44.986177,9.300198
Sant'Angelo Lomellina,Lombardia,45.247061,8.644439
San Zenone al Po,Lombardia,45.108564,9.361758
Sartirana Lomellina,Lombardia,45.113845,8.664244
Scaldasole,Lombardia,45.124984,8.909653
Semiana,Lombardia,45.137475,8.729267
Silvano Pietra,Lombardia,45.040370,8.947606
Siziano,Lombardia,45.314367,9.203150
Sommo,Lombardia,45.130650,9.083384
Spessa,Lombardia,45.112728,9.349430
Stradella,Lombardia,45.077356,9.295017
Suardi,Lombardia,45.034656,8.742945
Torrazza Coste,Lombardia,44.975948,9.087823
Torre Beretti e Castellaro,Lombardia,45.075614,8.690528
Torre d'Arese,Lombardia,45.242767,9.317354
Torre de' Negri,Lombardia,45.149665,9.334556
Torre d'Isola,Lombardia,45.217464,9.076149
Torrevecchia Pia,Lombardia,45.283242,9.296650
Torricella Verzate,Lombardia,45.017926,9.175582
Travacò Siccomario,Lombardia,45.149067,9.159647
Trivolzio,Lombardia,45.258464,9.042748
Tromello,Lombardia,45.209130,8.871731
Trovo,Lombardia,45.282965,9.035447
Val di Nizza,Lombardia,44.870977,9.175823
Valeggio,Lombardia,45.150660,8.859946
Valle Lomellina,Lombardia,45.153058,8.668542
Valle Salimbene,Lombardia,45.171612,9.234493
Varzi,Lombardia,44.823540,9.196904
Velezzo Lomellina,Lombardia,45.163359,8.737243
Vellezzo Bellini,Lombardia,45.270665,9.099249
Verretto,Lombardia,45.039234,9.108476
Verrua Po,Lombardia,45.109649,9.175560
Vidigulfo,Lombardia,45.292267,9.236651
Vigevano,Lombardia,45.317094,8.858603
Villa Biscossi,Lombardia,45.090658,8.787145
Villanova d'Ardenghi,Lombardia,45.171662,9.042349
Villanterio,Lombardia,45.219467,9.364356
Vistarino,Lombardia,45.210766,9.308254
Voghera,Lombardia,44.992840,9.008593
Volpara,Lombardia,44.953036,9.297097
Zavattarello,Lombardia,44.868476,9.265230
Zeccone,Lombardia,45.257869,9.201144
Zeme,Lombardia,45.197302,8.665920
Zenevredo,Lombardia,45.054262,9.325658
Zerbo,Lombardia,45.110464,9.396058
Zerbolò,Lombardia,45.207166,9.012955
Zinasco,Lombardia,45.112799,9.003176
Cornale e Bastida,Lombardia,45.045405,8.912614
Corteolona e Genzone,Lombardia,45.166777,9.364813
Colli Verdi,Lombardia,44.916917,9.248690
Acquanegra Cremonese,Lombardia,45.168436,9.890147
Agnadello,Lombardia,45.444374,9.557056
Annicco,Lombardia,45.244572,9.879466
Azzanello,Lombardia,45.312869,9.921597
Bagnolo Cremasco,Lombardia,45.361172,9.612958
Bonemerse,Lombardia,45.113670,10.077473
Bordolano,Lombardia,45.293985,9.986710
Calvatone,Lombardia,45.128574,10.441281
Camisano,Lombardia,45.443275,9.745760
Campagnola Cremasca,Lombardia,45.398474,9.669459
Capergnanica,Lombardia,45.337572,9.643360
Cappella Cantone,Lombardia,45.246858,9.838366
Cappella de' Picenardi,Lombardia,45.158573,10.229976
Capralba,Lombardia,45.444075,9.643258
Casalbuttano ed Uniti,Lombardia,45.245645,9.973919
Casale Cremasco-Vidolasco,Lombardia,45.436968,9.720895
Casaletto Ceredano,Lombardia,45.318071,9.617559
Casaletto di Sopra,Lombardia,45.419175,9.782561
Casaletto Vaprio,Lombardia,45.408174,9.628758
Casalmaggiore,Lombardia,44.986386,10.415350
Casalmorano,Lombardia,45.286373,9.899666
Casteldidone,Lombardia,45.069472,10.406281
Castel Gabbiano,Lombardia,45.468276,9.716459
Castelleone,Lombardia,45.293813,9.764302
Castelverde,Lombardia,45.188771,9.995570
Castelvisconti,Lombardia,45.305374,9.941067
Cella Dati,Lombardia,45.095271,10.221477
Chieve,Lombardia,45.340472,9.616459
Cicognolo,Lombardia,45.164573,10.194575
Cingia de' Botti,Lombardia,45.085071,10.275478
Corte de' Cortesi con Cignone,Lombardia,45.267444,10.003095
Corte de' Frati,Lombardia,45.220029,10.096684
Credera Rubbiano,Lombardia,45.296063,9.650529
Crema,Lombardia,45.362828,9.687457
Cremona,Lombardia,45.220864,10.037038
Cremosano,Lombardia,45.394917,9.639553
Crotta d'Adda,Lombardia,45.158491,9.854158
Cumignano sul Naviglio,Lombardia,45.355503,9.835562
Derovere,Lombardia,45.109972,10.247977
Dovera,Lombardia,45.365153,9.541688
Fiesco,Lombardia,45.336361,9.777610
Formigara,Lombardia,45.223221,9.771767
Gabbioneta-Binanuova,Lombardia,45.218437,10.207747
Gadesco-Pieve Delmona,Lombardia,45.167703,10.114948
Genivolta,Lombardia,45.332574,9.877265
Gerre de' Caprioli,Lombardia,45.090209,10.051407
Gombito,Lombardia,45.261556,9728.000000
Grontardo,Lombardia,45.201873,10.150773
Grumello Cremonese ed Uniti,Lombardia,45.200730,9.866095
Gussola,Lombardia,45.011263,10.350137
Isola Dovarese,Lombardia,45.176269,10.312957
Izano,Lombardia,45.355385,9.750043
Madignano,Lombardia,45.344300,9.726703
Malagnino,Lombardia,45.134771,10.114774
Martignana di Po,Lombardia,45.011112,10.379751
Monte Cremasco,Lombardia,45.373482,9.572766
Montodine,Lombardia,45.285171,9.707262
Moscazzano,Lombardia,45.292271,9.683461
Motta Baluffi,Lombardia,45.055097,10.259247
Offanengo,Lombardia,45.378874,9.742361
Olmeneta,Lombardia,45.235873,10.022270
Ostiano,Lombardia,45.220775,10.252075
Paderno Ponchielli,Lombardia,45.238872,9.930268
Palazzo Pignano,Lombardia,45.390073,9.569557
Pandino,Lombardia,45.407073,9.553456
Persico Dosimo,Lombardia,45.181365,10.076639
Pescarolo ed Uniti,Lombardia,45.195148,10.187717
Pessina Cremonese,Lombardia,45.185474,10.248676
Pianengo,Lombardia,45.402174,9.694759
Pieranica,Lombardia,45.425794,9.610376
Pieve d'Olmi,Lombardia,45.089570,10.123675
Pieve San Giacomo,Lombardia,45.130272,10.186275
Pizzighettone,Lombardia,45.189070,9.789865
Pozzaglio ed Uniti,Lombardia,45.211016,10.046200
Quintano,Lombardia,45.420474,9.618557
Ricengo,Lombardia,45.405674,9.723960
Ripalta Arpina,Lombardia,45.301872,9.728962
Ripalta Cremasca,Lombardia,45.328560,9.679244
Ripalta Guerina,Lombardia,45.306008,9.705140
Rivarolo del Re ed Uniti,Lombardia,45.027972,10.469783
Rivolta d'Adda,Lombardia,45.470659,9.512551
Robecco d'Oglio,Lombardia,45.259374,10.076571
Romanengo,Lombardia,45.377177,9.784985
Salvirola,Lombardia,45.355543,9.780243
San Bassano,Lombardia,45.243546,9.807876
San Daniele Po,Lombardia,45.063770,10.182276
San Giovanni in Croce,Lombardia,45.078872,10.375180
San Martino del Lago,Lombardia,45.073248,10.316860
Scandolara Ravara,Lombardia,45.053120,10.301700
Scandolara Ripa d'Oglio,Lombardia,45.221074,10.159773
Sergnano,Lombardia,45.428875,9.701659
Sesto ed Uniti,Lombardia,45.186436,9.935128
Solarolo Rainerio,Lombardia,45.081572,10.356280
Soncino,Lombardia,45.398975,9.874424
Soresina,Lombardia,45.286473,9.856965
Sospiro,Lombardia,45.108571,10.157675
Spinadesco,Lombardia,45.148751,9.929672
Spineda,Lombardia,45.060301,10.513381
Spino d'Adda,Lombardia,45.398872,9.492255
Stagno Lombardo,Lombardia,45.073157,10.089205
Ticengo,Lombardia,45.369274,9.827663
Torlino Vimercati,Lombardia,45.417962,9.594702
Tornata,Lombardia,45.104373,10.430781
Torre de' Picenardi,Lombardia,45.143573,10.286877
Torricella del Pizzo,Lombardia,45.019602,10.292653
Trescore Cremasco,Lombardia,45.401573,9.624958
Trigolo,Lombardia,45.329394,9.816401
Vaiano Cremasco,Lombardia,45.371972,9.587158
Vailate,Lombardia,45.463310,9.602816
Vescovato,Lombardia,45.175073,10.164574
Volongo,Lombardia,45.212247,10.301874
Voltido,Lombardia,45.111973,10.332979
Piadena Drizzona,Lombardia,45.135779,10.358068
Acquanegra sul Chiese,Lombardia,45.162475,10.434680
Asola,Lombardia,45.221120,10.413065
Bagnolo San Vito,Lombardia,45.092253,10.880429
Bozzolo,Lombardia,45.102474,10.483982
Canneto sull'Oglio,Lombardia,45.149405,10.379736
Casalmoro,Lombardia,45.259577,10.404478
Casaloldo,Lombardia,45.254777,10.474379
Castelbelforte,Lombardia,45.214712,10.892761
Castel d'Ario,Lombardia,45.189008,10.975130
Castel Goffredo,Lombardia,45.295278,10.472982
Castellucchio,Lombardia,45.147276,10.648485
Castiglione delle Stiviere,Lombardia,45.389677,10.488874
Cavriana,Lombardia,45.347559,10.598522
Commessaggio,Lombardia,45.034443,10.545345
Curtatone,Lombardia,45.109553,10.715842
Dosolo,Lombardia,44.953372,10.637588
Gazoldo degli Ippoliti,Lombardia,45.200277,10.579383
Gazzuolo,Lombardia,45.069175,10.583113
Goito,Lombardia,45.254507,10.672941
Gonzaga,Lombardia,44.952488,10.822623
Guidizzolo,Lombardia,45.320680,10.580481
Magnacavallo,Lombardia,45.005578,11.181100
Mantova,Lombardia,45.169362,10.670616
Marcaria,Lombardia,45.120575,10.532783
Mariana Mantovana,Lombardia,45.192876,10.486881
Marmirolo,Lombardia,45.220563,10.756393
Medole,Lombardia,45.324254,10.514405
Moglia,Lombardia,44.937174,10.913395
Monzambano,Lombardia,45.386139,10.692404
Motteggiana,Lombardia,45.034940,10.764023
Ostiglia,Lombardia,45.070390,11.136410
Pegognaga,Lombardia,44.995988,10.858772
Piubega,Lombardia,45.227309,10.534508
Poggio Rusco,Lombardia,44.975558,11.114649
Pomponesco,Lombardia,44.928756,10.591879
Ponti sul Mincio,Lombardia,45.412515,10.687221
Porto Mantovano,Lombardia,45.192526,10.755221
Quingentole,Lombardia,45.039077,11.045796
Quistello,Lombardia,45.006579,10.980460
Redondesco,Lombardia,45.166376,10.512282
Rivarolo Mantovano,Lombardia,45.070309,10.432104
Rodigo,Lombardia,45.199577,10.624984
Roncoferraro,Lombardia,45.135929,10.951354
Sabbioneta,Lombardia,44.998436,10.488587
San Benedetto Po,Lombardia,45.041924,10.928295
San Giacomo delle Segnate,Lombardia,44.972575,11.033097
San Giorgio Bigarello,Lombardia,45.180530,10.871789
San Giovanni del Dosso,Lombardia,44.966893,11.081617
San Martino dall'Argine,Lombardia,45.099056,10.518348
Schivenoglia,Lombardia,44.995094,11.072981
Sermide e Felonica,Lombardia,44.978330,11.290430
Serravalle a Po,Lombardia,45.072885,11.100535
Solferino,Lombardia,45.368581,10.566679
Sustinente,Lombardia,45.069272,11.019604
Suzzara,Lombardia,44.991873,10.743090
Viadana,Lombardia,44.926786,10.520223
Villimpenta,Lombardia,45.144747,11.030232
Borgo Virgilio,Lombardia,45.088107,10.785801
Borgo Mantovano,Lombardia,45.026484,11.121971
Borgocarbonara,Lombardia,45.034383,11.214786
Abbadia Lariana,Lombardia,45.900045,9.334056
Airuno,Lombardia,45.753880,9.424247
Annone di Brianza,Lombardia,45.807621,9.332414
Ballabio,Lombardia,45.898184,9.423444
Barzago,Lombardia,45.755479,9.314244
Barzanò,Lombardia,45.733474,9.312813
Barzio,Lombardia,45.946095,9.468765
Bellano,Lombardia,46.042957,9.304032
Bosisio Parini,Lombardia,45.802280,9.290743
Brivio,Lombardia,45.741969,9.444142
Bulciago,Lombardia,45.754703,9.291047
Calco,Lombardia,45.724868,9.415905
Calolziocorte,Lombardia,45.801472,9.432979
Carenno,Lombardia,45.803482,9.462047
Casargo,Lombardia,46.039520,9.388244
Casatenovo,Lombardia,45.696378,9.311646
Cassago Brianza,Lombardia,45.738206,9.291088
Cassina Valsassina,Lombardia,45.932085,9.478945
Castello di Brianza,Lombardia,45.756471,9.345355
Cernusco Lombardone,Lombardia,45.692860,9.400698
Cesana Brianza,Lombardia,45.816781,9.299543
Civate,Lombardia,45.828081,9.342944
Colico,Lombardia,46.116215,9.314998
Colle Brianza,Lombardia,45.761661,9.362425
Cortenova,Lombardia,45.999922,9.383165
Costa Masnaga,Lombardia,45.767002,9.278316
Crandola Valsassina,Lombardia,46.022892,9.378763
Cremella,Lombardia,45.741680,9.299885
Cremeno,Lombardia,45.934850,9.473729
Dervio,Lombardia,46.076574,9.304528
Dolzago,Lombardia,45.766980,9.339345
Dorio,Lombardia,46.101812,9.319270
Ello,Lombardia,45.785680,9.365345
Erve,Lombardia,45.821582,9.452846
Esino Lario,Lombardia,45.993939,9.333200
Galbiate,Lombardia,45.817534,9.375015
Garbagnate Monastero,Lombardia,45.772926,9.302566
Garlate,Lombardia,45.806040,9.401970
Imbersago,Lombardia,45.705873,9.444549
Introbio,Lombardia,45.972641,9.453070
Lecco,Lombardia,45.900548,9.412025
Lierna,Lombardia,45.959202,9.302478
Lomagna,Lombardia,45.667978,9.376047
Malgrate,Lombardia,45.852600,9.375298
Mandello del Lario,Lombardia,45.919183,9.319341
Margno,Lombardia,46.030987,9.381641
Merate,Lombardia,45.698679,9.411648
Missaglia,Lombardia,45.708717,9.335754
Moggio,Lombardia,45.932266,9.487907
Molteno,Lombardia,45.780380,9.307444
Monte Marenzo,Lombardia,45.770781,9.454647
Montevecchia,Lombardia,45.705744,9.375436
Monticello Brianza,Lombardia,45.708780,9.314141
Morterone,Lombardia,45.879515,9.486227
Nibionno,Lombardia,45.746479,9.268944
Oggiono,Lombardia,45.791880,9.346745
Olgiate Molgora,Lombardia,45.730279,9.403347
Olginate,Lombardia,45.800938,9.413279
Oliveto Lario,Lombardia,45.929247,9.285912
Osnago,Lombardia,45.675678,9.391148
Paderno d'Adda,Lombardia,45.681458,9.444560
Pagnona,Lombardia,46.059741,9.402893
Parlasco,Lombardia,46.017886,9.344940
Pasturo,Lombardia,45.951783,9.442169
Perledo,Lombardia,46.012835,9.296320
Pescate,Lombardia,45.833482,9.393945
Premana,Lombardia,46.051730,9.423463
Primaluna,Lombardia,45.986971,9.429608
Robbiate,Lombardia,45.691134,9.441322
Rogeno,Lombardia,45.782379,9.274043
Santa Maria Hoè,Lombardia,45.744389,9.375011
Sirone,Lombardia,45.772680,9.322144
Sirtori,Lombardia,45.736579,9.330845
Sueglio,Lombardia,46.086061,9.332360
Suello,Lombardia,45.816781,9.311543
Taceno,Lombardia,46.024486,9.363940
Valgreghentino,Lombardia,45.769871,9.412168
Valmadrera,Lombardia,45.846282,9.358244
Varenna,Lombardia,46.009978,9.283159
Vercurago,Lombardia,45.812946,9.424433
Viganò,Lombardia,45.724635,9.324560
Verderio,Lombardia,45.665698,9.437610
La Valletta Brianza,Lombardia,45.728714,9.369200
Valvarrone,Lombardia,46.084890,9.361448
Abbadia Cerreto,Lombardia,45.311912,9.594212
Bertonico,Lombardia,45.233070,9.668062
Boffalora d'Adda,Lombardia,45.359771,9.494156
Borghetto Lodigiano,Lombardia,45.213268,9.499683
Borgo San Giovanni,Lombardia,45.278042,9.435836
Brembio,Lombardia,45.214568,9.571460
Casaletto Lodigiano,Lombardia,45.293568,9.361954
Casalmaiocco,Lombardia,45.353870,9.374353
Casalpusterlengo,Lombardia,45.179329,9.648396
Caselle Landi,Lombardia,45.102568,9.795567
Caselle Lurani,Lombardia,45.280388,9.360225
Castelnuovo Bocca d'Adda,Lombardia,45.112842,9.867959
Castiglione d'Adda,Lombardia,45.218912,9.694111
Castiraga Vidardo,Lombardia,45.264809,9.392875
Cavenago d'Adda,Lombardia,45.284010,9.601442
Cervignano d'Adda,Lombardia,45.373871,9.424054
Codogno,Lombardia,45.160066,9.704370
Comazzo,Lombardia,45.440973,9.464654
Cornegliano Laudense,Lombardia,45.286169,9.487957
Corno Giovine,Lombardia,45.133291,9.758512
Cornovecchio,Lombardia,45.136668,9.799367
Corte Palasio,Lombardia,45.309610,9.564308
Crespiatica,Lombardia,45.356672,9.575158
Fombio,Lombardia,45.136629,9.684479
Galgagnano,Lombardia,45.357971,9.445355
Graffignana,Lombardia,45.209188,9.452577
Guardamiglio,Lombardia,45.109902,9.679791
Livraga,Lombardia,45.192268,9.546460
Lodi,Lombardia,45.261310,9.491678
Lodi Vecchio,Lombardia,45.301075,9.416599
Maccastorna,Lombardia,45.144330,9.855215
Mairago,Lombardia,45.251769,9.578360
Maleo,Lombardia,45.168938,9.763500
Marudo,Lombardia,45.252967,9.377155
Massalengo,Lombardia,45.264720,9.490245
Meleti,Lombardia,45.118868,9.836968
Merlino,Lombardia,45.433372,9.429853
Montanaso Lombardo,Lombardia,45.335770,9.468656
Mulazzano,Lombardia,45.373492,9.397993
Orio Litta,Lombardia,45.160313,9.554207
Ospedaletto Lodigiano,Lombardia,45.168767,9.578661
Ossago Lodigiano,Lombardia,45.245669,9.537059
Pieve Fissiraga,Lombardia,45.263268,9.458357
Salerano sul Lambro,Lombardia,45.296569,9.385155
San Fiorano,Lombardia,45.136368,9.722165
San Martino in Strada,Lombardia,45.271532,9.528032
San Rocco al Porto,Lombardia,45.081966,9.697165
Sant'Angelo Lodigiano,Lombardia,45.238067,9.408656
Santo Stefano Lodigiano,Lombardia,45.120066,9.735614
Secugnago,Lombardia,45.232869,9.593460
Senna Lodigiana,Lombardia,45.151667,9.593862
Somaglia,Lombardia,45.146720,9.637931
Sordio,Lombardia,45.341143,9.365693
Tavazzano con Villavesco,Lombardia,45.334092,9.403652
Terranova dei Passerini,Lombardia,45.198320,9.677121
Turano Lodigiano,Lombardia,45.248870,9.621461
Valera Fratta,Lombardia,45.256932,9.336008
Villanova del Sillaro,Lombardia,45.237968,9.481858
Zelo Buon Persico,Lombardia,45.411060,9.431757
Castelgerundo,Lombardia,45.200297,9.743802
Agrate Brianza,Lombardia,45.576173,9.350948
Aicurzio,Lombardia,45.639977,9.414949
Albiate,Lombardia,45.658990,9.255796
Arcore,Lombardia,45.626556,9.321465
Barlassina,Lombardia,45.656416,9.130101
Bellusco,Lombardia,45.618748,9.418633
Bernareggio,Lombardia,45.647508,9.406138
Besana in Brianza,Lombardia,45.701804,9.288298
Biassono,Lombardia,45.630987,9.275120
Bovisio-Masciago,Lombardia,45.610900,9.151857
Briosco,Lombardia,45.710077,9.240644
Brugherio,Lombardia,45.550749,9.301222
Burago di Molgora,Lombardia,45.596660,9.377706
Camparada,Lombardia,45.655977,9.319646
Carate Brianza,Lombardia,45.676549,9.237162
Carnate,Lombardia,45.647281,9.379087
Cavenago di Brianza,Lombardia,45.584917,9.416059
Ceriano Laghetto,Lombardia,45.628349,9.080797
Cesano Maderno,Lombardia,45.628189,9.146240
Cogliate,Lombardia,45.645480,9.080732
Concorezzo,Lombardia,45.589675,9.335948
Correzzana,Lombardia,45.665689,9.303626
Desio,Lombardia,45.618310,9.208124
Giussano,Lombardia,45.699381,9.209729
Lazzate,Lombardia,45.672326,9.085220
Lesmo,Lombardia,45.648974,9.305652
Limbiate,Lombardia,45.598605,9.119731
Lissone,Lombardia,45.610770,9.240841
Macherio,Lombardia,45.640116,9.269371
Meda,Lombardia,45.662505,9.156753
Mezzago,Lombardia,45.628977,9.444850
Misinto,Lombardia,45.662375,9.083941
Monza,Lombardia,45.583442,9.273526
Muggiò,Lombardia,45.593195,9.227138
Nova Milanese,Lombardia,45.589290,9.200340
Ornago,Lombardia,45.598404,9.422214
Renate,Lombardia,45.724378,9.279944
Ronco Briantino,Lombardia,45.667563,9.400698
Seregno,Lombardia,45.649723,9.205392
Seveso,Lombardia,45.643466,9.137379
Sovico,Lombardia,45.648556,9.264837
Sulbiate,Lombardia,45.633999,9.420684
Triuggio,Lombardia,45.661364,9.267441
Usmate Velate,Lombardia,45.652458,9.354342
Varedo,Lombardia,45.597444,9.156293
Vedano al Lambro,Lombardia,45.611508,9.275072
Veduggio con Colzano,Lombardia,45.733630,9.262513
Verano Brianza,Lombardia,45.688186,9.230477
Villasanta,Lombardia,45.603981,9.300571
Vimercate,Lombardia,45.613963,9.370060
Busnago,Lombardia,45.616184,9.465670
Caponago,Lombardia,45.565438,9.375441
Cornate d'Adda,Lombardia,45.646699,9.465939
Lentate sul Seveso,Lombardia,45.678405,9.118170
Roncello,Lombardia,45.602443,9.457611
Aldino,Trentino-Alto Adige/Südtirol,46.368675,11.354324
Andriano,Trentino-Alto Adige/Südtirol,46.517616,11.231373
Anterivo,Trentino-Alto Adige/Südtirol,46.279747,11.367961
Appiano sulla strada del vino,Trentino-Alto Adige/Südtirol,46.461908,11.260867
Avelengo,Trentino-Alto Adige/Südtirol,46.644615,11.224384
Badia,Trentino-Alto Adige/Südtirol,46.610124,11.893487
Barbiano,Trentino-Alto Adige/Südtirol,46.603257,11.519816
Bolzano,Trentino-Alto Adige/Südtirol,46.655942,11.229637
Braies,Trentino-Alto Adige/Südtirol,46.688625,12.103757
Brennero,Trentino-Alto Adige/Südtirol,47.003780,11.504557
Bressanone,Trentino-Alto Adige/Südtirol,46.716549,11.657851
Bronzolo,Trentino-Alto Adige/Südtirol,46.404262,11.320055
Brunico,Trentino-Alto Adige/Südtirol,46.796319,11.935512
Caines,Trentino-Alto Adige/Südtirol,46.699480,11.169487
Caldaro sulla strada del vino,Trentino-Alto Adige/Südtirol,46.413259,11.246202
Campo di Trens,Trentino-Alto Adige/Südtirol,46.857187,11.508955
Campo Tures,Trentino-Alto Adige/Südtirol,46.919236,11.955182
Castelbello-Ciardes,Trentino-Alto Adige/Südtirol,46.622161,10.923999
Castelrotto,Trentino-Alto Adige/Südtirol,46.547539,11.608297
Cermes,Trentino-Alto Adige/Südtirol,46.634619,11.146564
Chienes,Trentino-Alto Adige/Südtirol,46.809381,11.840872
Chiusa,Trentino-Alto Adige/Südtirol,46.639687,11.566643
Cornedo all'Isarco,Trentino-Alto Adige/Südtirol,46.489912,11.408388
Cortaccia sulla strada del vino,Trentino-Alto Adige/Südtirol,46.313473,11.223501
Cortina sulla strada del vino,Trentino-Alto Adige/Südtirol,46.268702,11.222685
Corvara in Badia,Trentino-Alto Adige/Südtirol,46.549574,11.874034
Curon Venosta,Trentino-Alto Adige/Südtirol,46.803738,10.555045
Dobbiaco,Trentino-Alto Adige/Südtirol,46.735636,12.223958
Egna,Trentino-Alto Adige/Südtirol,46.316916,11.272570
Falzes,Trentino-Alto Adige/Südtirol,46.811980,11.884006
Fiè allo Sciliar,Trentino-Alto Adige/Südtirol,46.517598,11.502614
Fortezza,Trentino-Alto Adige/Südtirol,46.789626,11.609977
Funes,Trentino-Alto Adige/Südtirol,46.645100,11.696841
Gais,Trentino-Alto Adige/Südtirol,46.833156,11.947484
Gargazzone,Trentino-Alto Adige/Südtirol,46.584781,11.202730
Glorenza,Trentino-Alto Adige/Südtirol,46.671492,10.553913
Laces,Trentino-Alto Adige/Südtirol,46.617344,10.859539
Lagundo,Trentino-Alto Adige/Südtirol,46.682519,11.123069
Laion,Trentino-Alto Adige/Südtirol,46.609229,11.564263
Laives,Trentino-Alto Adige/Südtirol,46.422819,11.334771
Lana,Trentino-Alto Adige/Südtirol,46.616019,11.144859
Lasa,Trentino-Alto Adige/Südtirol,46.616614,10.700159
Lauregno,Trentino-Alto Adige/Südtirol,46.454414,11.062015
Luson,Trentino-Alto Adige/Südtirol,46.746466,11.761084
Magrè sulla strada del vino,Trentino-Alto Adige/Südtirol,46.287388,11.209846
Malles Venosta,Trentino-Alto Adige/Südtirol,46.687919,10.546549
Marebbe,Trentino-Alto Adige/Südtirol,46.648879,12.026938
Marlengo,Trentino-Alto Adige/Südtirol,46.655561,11.140291
Martello,Trentino-Alto Adige/Südtirol,46.515319,10.721431
Meltina,Trentino-Alto Adige/Südtirol,46.586392,11.256156
Merano,Trentino-Alto Adige/Südtirol,46.669555,11.159418
Monguelfo-Tesido,Trentino-Alto Adige/Südtirol,46.781145,12.118922
Montagna,Trentino-Alto Adige/Südtirol,46.330836,11.304634
Moso in Passiria,Trentino-Alto Adige/Südtirol,46.831832,11.167293
Nalles,Trentino-Alto Adige/Südtirol,46.543487,11.204627
Naturno,Trentino-Alto Adige/Südtirol,46.649886,11.004195
Naz-Sciaves,Trentino-Alto Adige/Südtirol,46.763074,11.677935
Nova Levante,Trentino-Alto Adige/Südtirol,46.430234,11.538950
Nova Ponente,Trentino-Alto Adige/Südtirol,46.413993,11.425181
Ora,Trentino-Alto Adige/Südtirol,46.346595,11.298634
Ortisei,Trentino-Alto Adige/Südtirol,46.590462,11.684557
Parcines,Trentino-Alto Adige/Südtirol,46.683848,11.073520
Perca,Trentino-Alto Adige/Südtirol,46.794307,11.982383
Plaus,Trentino-Alto Adige/Südtirol,46.656575,11.041498
Ponte Gardena,Trentino-Alto Adige/Südtirol,46.598216,11.532510
Postal,Trentino-Alto Adige/Südtirol,46.607583,11.193324
Prato allo Stelvio,Trentino-Alto Adige/Südtirol,46.603767,10.581909
Predoi,Trentino-Alto Adige/Südtirol,47.040741,12.105891
Proves,Trentino-Alto Adige/Südtirol,46.477426,11.022437
Racines,Trentino-Alto Adige/Südtirol,46.880128,11.376056
Rasun-Anterselva,Trentino-Alto Adige/Südtirol,46.839015,12.111611
Renon,Trentino-Alto Adige/Südtirol,46.562935,11.441435
Rifiano,Trentino-Alto Adige/Südtirol,46.703640,11.181443
Rio di Pusteria,Trentino-Alto Adige/Südtirol,46.795946,11.666827
Rodengo,Trentino-Alto Adige/Südtirol,46.780775,11.689757
Salorno sulla strada del vino,Trentino-Alto Adige/Südtirol,46.239608,11.211075
San Candido,Trentino-Alto Adige/Südtirol,46.732863,12.282416
San Genesio Atesino,Trentino-Alto Adige/Südtirol,46.535035,11.331384
San Leonardo in Passiria,Trentino-Alto Adige/Südtirol,46.811893,11.247136
San Lorenzo di Sebato,Trentino-Alto Adige/Südtirol,46.783424,11.902640
San Martino in Badia,Trentino-Alto Adige/Südtirol,46.650928,11.841677
San Martino in Passiria,Trentino-Alto Adige/Südtirol,46.783939,11.226799
San Pancrazio,Trentino-Alto Adige/Südtirol,46.586514,11.086361
Santa Cristina Valgardena,Trentino-Alto Adige/Südtirol,46.558875,11.720036
Sarentino,Trentino-Alto Adige/Südtirol,46.695259,11.387379
Scena,Trentino-Alto Adige/Südtirol,46.690046,11.186563
Selva dei Molini,Trentino-Alto Adige/Südtirol,46.890747,11.856660
Selva di Val Gardena,Trentino-Alto Adige/Südtirol,46.552588,11.766541
Senales,Trentino-Alto Adige/Südtirol,46.727724,10.862756
Sesto,Trentino-Alto Adige/Südtirol,46.702743,12.350544
Silandro,Trentino-Alto Adige/Südtirol,46.628069,10.773476
Sluderno,Trentino-Alto Adige/Südtirol,46.664538,10.584817
Stelvio,Trentino-Alto Adige/Südtirol,46.542439,10.557829
Terento,Trentino-Alto Adige/Südtirol,46.828800,11.776016
Terlano,Trentino-Alto Adige/Südtirol,46.529301,11.248678
Termeno sulla strada del vino,Trentino-Alto Adige/Südtirol,46.341512,11.242272
Tesimo,Trentino-Alto Adige/Südtirol,46.563898,11.169497
Tires,Trentino-Alto Adige/Südtirol,46.467348,11.527480
Tirolo,Trentino-Alto Adige/Südtirol,46.708518,11.142386
Trodena nel parco naturale,Trentino-Alto Adige/Südtirol,46.322143,11.349812
Tubre,Trentino-Alto Adige/Südtirol,46.645612,10.464153
Ultimo,Trentino-Alto Adige/Südtirol,46.511994,10.899493
Vadena,Trentino-Alto Adige/Südtirol,46.413995,11.305077
Valdaora,Trentino-Alto Adige/Südtirol,46.759829,12.030987
Val di Vizze,Trentino-Alto Adige/Südtirol,46.948993,11.577499
Valle Aurina,Trentino-Alto Adige/Südtirol,46.988356,11.942898
Valle di Casies,Trentino-Alto Adige/Südtirol,46.824096,12.232504
Vandoies,Trentino-Alto Adige/Südtirol,46.876036,11.720904
Varna,Trentino-Alto Adige/Südtirol,46.740386,11.634569
Verano,Trentino-Alto Adige/Südtirol,46.605366,11.226271
Villabassa,Trentino-Alto Adige/Südtirol,46.739482,12.170006
Villandro,Trentino-Alto Adige/Südtirol,46.632934,11.540101
Vipiteno,Trentino-Alto Adige/Südtirol,46.896324,11.431940
Velturno,Trentino-Alto Adige/Südtirol,46.668674,11.598439
La Valle,Trentino-Alto Adige/Südtirol,46.657719,11.924326
Senale-San Felice,Trentino-Alto Adige/Südtirol,46.509531,11.137327
Ala,Trentino-Alto Adige/Südtirol,45.757901,11.001818
Albiano,Trentino-Alto Adige/Südtirol,46.144906,11.193479
Aldeno,Trentino-Alto Adige/Südtirol,45.976780,11.090857
Andalo,Trentino-Alto Adige/Südtirol,46.166136,11.003402
Arco,Trentino-Alto Adige/Südtirol,45.918133,10.886095
Avio,Trentino-Alto Adige/Südtirol,45.733793,10.937181
Baselga di Pinè,Trentino-Alto Adige/Südtirol,46.131281,11.256837
Bedollo,Trentino-Alto Adige/Südtirol,46.167698,11.301589
Besenello,Trentino-Alto Adige/Südtirol,45.941922,11.109544
Bieno,Trentino-Alto Adige/Südtirol,46.080679,11.554041
Bleggio Superiore,Trentino-Alto Adige/Südtirol,46.006942,10.789644
Bocenago,Trentino-Alto Adige/Südtirol,46.119103,10.758862
Bondone,Trentino-Alto Adige/Südtirol,45.806230,10.551537
Borgo Valsugana,Trentino-Alto Adige/Südtirol,46.053346,11.456600
Brentonico,Trentino-Alto Adige/Südtirol,45.818774,10.956013
Bresimo,Trentino-Alto Adige/Südtirol,46.423298,10.928690
Caderzone Terme,Trentino-Alto Adige/Südtirol,46.130202,10.757470
Calceranica al Lago,Trentino-Alto Adige/Südtirol,46.004241,11.242883
Caldes,Trentino-Alto Adige/Südtirol,46.365389,10.942580
Caldonazzo,Trentino-Alto Adige/Südtirol,45.991523,11.262133
Calliano,Trentino-Alto Adige/Südtirol,45.933851,11.093758
Campitello di Fassa,Trentino-Alto Adige/Südtirol,46.476168,11.741525
Campodenno,Trentino-Alto Adige/Südtirol,46.257827,11.033200
Canal San Bovo,Trentino-Alto Adige/Südtirol,46.154846,11.732955
Canazei,Trentino-Alto Adige/Südtirol,46.476881,11.771075
Capriana,Trentino-Alto Adige/Südtirol,46.261913,11.338584
Carisolo,Trentino-Alto Adige/Südtirol,46.168776,10.759159
Carzano,Trentino-Alto Adige/Südtirol,46.070325,11.493343
Castel Condino,Trentino-Alto Adige/Südtirol,45.914395,10.602770
Castello-Molina di Fiemme,Trentino-Alto Adige/Südtirol,46.256056,11.404439
Castello Tesino,Trentino-Alto Adige/Südtirol,46.064175,11.632171
Castelnuovo,Trentino-Alto Adige/Südtirol,46.052859,11.493282
Cavalese,Trentino-Alto Adige/Südtirol,46.291187,11.460468
Cavareno,Trentino-Alto Adige/Südtirol,46.408412,11.138073
Cavedago,Trentino-Alto Adige/Südtirol,46.184698,11.031416
Cavedine,Trentino-Alto Adige/Südtirol,45.995200,10.973577
Cavizzana,Trentino-Alto Adige/Südtirol,46.367501,10.957923
Cimone,Trentino-Alto Adige/Südtirol,45.979850,11.063017
Cinte Tesino,Trentino-Alto Adige/Südtirol,46.056768,11.614868
Cis,Trentino-Alto Adige/Südtirol,46.399187,11.002960
Civezzano,Trentino-Alto Adige/Südtirol,46.089367,11.180026
Cles,Trentino-Alto Adige/Südtirol,46.365262,11.033245
Commezzadura,Trentino-Alto Adige/Südtirol,46.312990,10.832832
Croviana,Trentino-Alto Adige/Südtirol,46.344779,10.903423
Dambel,Trentino-Alto Adige/Südtirol,46.404712,11.093072
Denno,Trentino-Alto Adige/Südtirol,46.275008,11.049074
Drena,Trentino-Alto Adige/Südtirol,45.969299,10.944477
Dro,Trentino-Alto Adige/Südtirol,45.961471,10.911110
Fai della Paganella,Trentino-Alto Adige/Südtirol,46.179331,11.068930
Fiavè,Trentino-Alto Adige/Südtirol,46.004580,10.842052
Fierozzo,Trentino-Alto Adige/Südtirol,46.108087,11.346310
Folgaria,Trentino-Alto Adige/Südtirol,45.914973,11.173015
Fornace,Trentino-Alto Adige/Südtirol,46.118196,11.206501
Frassilongo,Trentino-Alto Adige/Südtirol,46.080854,11.319519
Garniga Terme,Trentino-Alto Adige/Südtirol,46.002649,11.087054
Giovo,Trentino-Alto Adige/Südtirol,46.185824,11.146814
Giustino,Trentino-Alto Adige/Südtirol,46.148440,10.769479
Grigno,Trentino-Alto Adige/Südtirol,46.017035,11.635942
Imer,Trentino-Alto Adige/Südtirol,46.151060,11.796303
Isera,Trentino-Alto Adige/Südtirol,45.885270,11.009311
Lavarone,Trentino-Alto Adige/Südtirol,45.941289,11.288638
Lavis,Trentino-Alto Adige/Südtirol,46.139742,11.110227
Levico Terme,Trentino-Alto Adige/Südtirol,46.009126,11.301777
Livo,Trentino-Alto Adige/Südtirol,46.404711,11.019271
Lona-Lases,Trentino-Alto Adige/Südtirol,46.149818,11.219168
Luserna,Trentino-Alto Adige/Südtirol,45.921665,11.324290
Malé,Trentino-Alto Adige/Südtirol,46.351607,10.912876
Massimeno,Trentino-Alto Adige/Südtirol,46.141756,10.773134
Mazzin,Trentino-Alto Adige/Südtirol,46.468805,11.700375
Mezzana,Trentino-Alto Adige/Südtirol,46.317316,10.801007
Mezzano,Trentino-Alto Adige/Südtirol,46.154712,11.807993
Mezzocorona,Trentino-Alto Adige/Südtirol,46.215436,11.120786
Mezzolombardo,Trentino-Alto Adige/Südtirol,46.212094,11.093509
Moena,Trentino-Alto Adige/Südtirol,46.376943,11.659266
Molveno,Trentino-Alto Adige/Südtirol,46.142106,10.963777
Mori,Trentino-Alto Adige/Südtirol,45.852444,10.978275
Nago-Torbole,Trentino-Alto Adige/Südtirol,45.851159,10.885079
Nogaredo,Trentino-Alto Adige/Südtirol,45.912089,11.023046
Nomi,Trentino-Alto Adige/Südtirol,45.928599,11.071881
Novaledo,Trentino-Alto Adige/Südtirol,46.022818,11.366434
Ospedaletto,Trentino-Alto Adige/Südtirol,46.043569,11.552958
Ossana,Trentino-Alto Adige/Südtirol,46.306453,10.737701
Palù del Fersina,Trentino-Alto Adige/Südtirol,46.130737,11.366488
Panchià,Trentino-Alto Adige/Südtirol,46.285653,11.542587
Ronzo-Chienis,Trentino-Alto Adige/Südtirol,45.889597,10.950079
Peio,Trentino-Alto Adige/Südtirol,46.362886,10.673244
Pellizzano,Trentino-Alto Adige/Südtirol,46.309824,10.760451
Pelugo,Trentino-Alto Adige/Südtirol,46.088500,10.723870
Pergine Valsugana,Trentino-Alto Adige/Südtirol,46.060529,11.240675
Pieve Tesino,Trentino-Alto Adige/Südtirol,46.069309,11.608091
Pinzolo,Trentino-Alto Adige/Südtirol,46.161732,10.765004
Pomarolo,Trentino-Alto Adige/Südtirol,45.928099,11.043080
Predazzo,Trentino-Alto Adige/Südtirol,46.312361,11.602694
Rabbi,Trentino-Alto Adige/Südtirol,46.400901,10.824948
Riva del Garda,Trentino-Alto Adige/Südtirol,45.884771,10.839694
Romeno,Trentino-Alto Adige/Südtirol,46.393997,11.120273
Roncegno Terme,Trentino-Alto Adige/Südtirol,46.051623,11.410302
Ronchi Valsugana,Trentino-Alto Adige/Südtirol,46.068406,11.435186
Ronzone,Trentino-Alto Adige/Südtirol,46.423073,11.148899
Roverè della Luna,Trentino-Alto Adige/Südtirol,46.249988,11.169348
Rovereto,Trentino-Alto Adige/Südtirol,45.886548,11.045237
Ruffrè-Mendola,Trentino-Alto Adige/Südtirol,46.424630,11.194100
Rumo,Trentino-Alto Adige/Südtirol,46.461057,10.988246
Sagron Mis,Trentino-Alto Adige/Südtirol,46.191396,11.933561
Samone,Trentino-Alto Adige/Südtirol,46.081607,11.522588
San Michele all'Adige,Trentino-Alto Adige/Südtirol,46.192907,11.133577
Sant'Orsola Terme,Trentino-Alto Adige/Südtirol,46.108138,11.302706
Sanzeno,Trentino-Alto Adige/Südtirol,46.379233,11.071511
Sarnonico,Trentino-Alto Adige/Südtirol,46.418728,11.140792
Scurelle,Trentino-Alto Adige/Südtirol,46.064466,11.505931
Segonzano,Trentino-Alto Adige/Südtirol,46.192637,11.281873
Sfruz,Trentino-Alto Adige/Südtirol,46.337155,11.115757
Soraga di Fassa,Trentino-Alto Adige/Südtirol,46.394607,11.666168
Sover,Trentino-Alto Adige/Südtirol,46.221709,11.315681
Spiazzo,Trentino-Alto Adige/Südtirol,46.103601,10.739370
Spormaggiore,Trentino-Alto Adige/Südtirol,46.217752,11.048268
Sporminore,Trentino-Alto Adige/Südtirol,46.236807,11.030274
Stenico,Trentino-Alto Adige/Südtirol,46.052168,10.854089
Storo,Trentino-Alto Adige/Südtirol,45.849075,10.579914
Strembo,Trentino-Alto Adige/Südtirol,46.119912,10.751452
Telve,Trentino-Alto Adige/Südtirol,46.071328,11.479592
Telve di Sopra,Trentino-Alto Adige/Südtirol,46.071352,11.471672
Tenna,Trentino-Alto Adige/Südtirol,46.015703,11.264283
Tenno,Trentino-Alto Adige/Südtirol,45.918797,10.832775
Terragnolo,Trentino-Alto Adige/Südtirol,45.865249,11.177422
Terzolas,Trentino-Alto Adige/Südtirol,46.361605,10.926088
Tesero,Trentino-Alto Adige/Südtirol,46.290416,11.511977
Tione di Trento,Trentino-Alto Adige/Südtirol,46.036304,10.726909
Ton,Trentino-Alto Adige/Südtirol,46.259156,11.101655
Torcegno,Trentino-Alto Adige/Südtirol,46.074307,11.449787
Trambileno,Trentino-Alto Adige/Südtirol,45.834845,11.139211
Trento,Trentino-Alto Adige/Südtirol,46.066423,11.125760
Valfloriana,Trentino-Alto Adige/Südtirol,46.246883,11.348673
Vallarsa,Trentino-Alto Adige/Südtirol,45.803355,11.105110
Vermiglio,Trentino-Alto Adige/Südtirol,46.296905,10.691365
Vignola-Falesina,Trentino-Alto Adige/Südtirol,46.055220,11.281637
Villa Lagarina,Trentino-Alto Adige/Südtirol,45.914990,11.033002
Volano,Trentino-Alto Adige/Südtirol,45.917179,11.060803
Ziano di Fiemme,Trentino-Alto Adige/Südtirol,46.286517,11.565976
Comano Terme,Trentino-Alto Adige/Südtirol,46.009118,10.883621
Ledro,Trentino-Alto Adige/Südtirol,45.886414,10.715385
Predaia,Trentino-Alto Adige/Südtirol,46.335273,11.089700
San Lorenzo Dorsino,Trentino-Alto Adige/Südtirol,46.112129,10.900078
Valdaone,Trentino-Alto Adige/Südtirol,46.024913,10.525130
Dimaro Folgarida,Trentino-Alto Adige/Südtirol,46.302192,10.886908
Pieve di Bono-Prezzo,Trentino-Alto Adige/Südtirol,45.945200,10.673201
Altavalle,Trentino-Alto Adige/Südtirol,46.216653,11.252950
Altopiano della Vigolana,Trentino-Alto Adige/Südtirol,45.984533,11.199754
Amblar-Don,Trentino-Alto Adige/Südtirol,46.385024,11.172159
Borgo Chiese,Trentino-Alto Adige/Südtirol,45.892362,10.561974
Borgo Lares,Trentino-Alto Adige/Südtirol,46.004610,10.727320
Castel Ivano,Trentino-Alto Adige/Südtirol,46.063059,11.541825
Cembra Lisignago,Trentino-Alto Adige/Südtirol,46.180668,11.200776
Contà,Trentino-Alto Adige/Südtirol,46.295114,11.018913
Madruzzo,Trentino-Alto Adige/Südtirol,46.032884,11.003484
Porte di Rendena,Trentino-Alto Adige/Südtirol,46.073237,10.673098
Primiero San Martino di Castrozza,Trentino-Alto Adige/Südtirol,46.243723,11.836028
Sella Giudicarie,Trentino-Alto Adige/Südtirol,46.022676,10.633704
Tre Ville,Trentino-Alto Adige/Südtirol,46.074324,10.771100
Vallelaghi,Trentino-Alto Adige/Südtirol,46.099827,11.016219
Ville d'Anaunia,Trentino-Alto Adige/Südtirol,46.273817,10.940222
San Giovanni di Fassa,Trentino-Alto Adige/Südtirol,46.422876,11.720760
Terre d'Adige,Trentino-Alto Adige/Südtirol,46.163901,11.069240
Borgo d'Anaunia,Trentino-Alto Adige/Südtirol,46.463185,11.149124
Novella,Trentino-Alto Adige/Südtirol,46.436999,11.078127
Ville di Fiemme,Trentino-Alto Adige/Südtirol,46.316430,11.445446
Affi,Veneto,45.554091,10.776424
Albaredo d'Adige,Veneto,45.317046,11.274488
Angiari,Veneto,45.218142,11.283908
Arcole,Veneto,45.358211,11.286092
Badia Calavena,Veneto,45.566086,11.152393
Bardolino,Veneto,45.547560,10.724214
Belfiore,Veneto,45.379623,11.208976
Bevilacqua,Veneto,45.231785,11.392500
Bonavigo,Veneto,45.257573,11.279332
Boschi Sant'Anna,Veneto,45.218910,11.358328
Bosco Chiesanuova,Veneto,45.622102,11.029517
Bovolone,Veneto,45.257810,11.120366
Brentino Belluno,Veneto,45.667941,10.881419
Brenzone sul Garda,Veneto,45.692861,10.772012
Bussolengo,Veneto,45.474131,10.846248
Buttapietra,Veneto,45.342090,10.998590
Caldiero,Veneto,45.414388,11.177392
Caprino Veronese,Veneto,45.605938,10.795132
Casaleone,Veneto,45.170669,11.199365
Castagnaro,Veneto,45.120755,11.410750
Castel d'Azzano,Veneto,45.355884,10.952988
Castelnuovo del Garda,Veneto,45.438400,10.760479
Cavaion Veronese,Veneto,45.540293,10.770187
Cazzano di Tramigna,Veneto,45.473089,11.202892
Cerea,Veneto,45.192043,11.212924
Cerro Veronese,Veneto,45.575292,11.041086
Cologna Veneta,Veneto,45.310287,11.384399
Colognola ai Colli,Veneto,45.434631,11.186701
Concamarise,Veneto,45.207283,11.138501
Costermano sul Garda,Veneto,45.585664,10.739974
Dolcè,Veneto,45.600689,10.852482
Erbè,Veneto,45.240929,10.968485
Erbezzo,Veneto,45.639788,11.001410
Ferrara di Monte Baldo,Veneto,45.676916,10.854340
Fumane,Veneto,45.542953,10.883974
Garda,Veneto,45.575651,10.708530
Gazzo Veronese,Veneto,45.130336,11.096079
Grezzana,Veneto,45.518531,11.016159
Isola della Scala,Veneto,45.273105,11.006889
Isola Rizza,Veneto,45.291198,11.198180
Lavagno,Veneto,45.447398,11.134941
Lazise,Veneto,45.505200,10.733024
Legnago,Veneto,45.192498,11.311127
Malcesine,Veneto,45.764344,10.810060
Marano di Valpolicella,Veneto,45.556047,10.915684
Mezzane di Sotto,Veneto,45.482006,11.128153
Minerbe,Veneto,45.240862,11.334839
Montecchia di Crosara,Veneto,45.484518,11.253425
Monteforte d'Alpone,Veneto,45.417254,11.283666
Mozzecane,Veneto,45.309983,10.818531
Negrar di Valpolicella,Veneto,45.529671,10.940022
Nogara,Veneto,45.179012,11.063733
Nogarole Rocca,Veneto,45.291882,10.883788
Oppeano,Veneto,45.306214,11.182340
Palù,Veneto,45.325834,11.155173
Pastrengo,Veneto,45.492457,10.799713
Pescantina,Veneto,45.483372,10.869101
Peschiera del Garda,Veneto,45.438945,10.692017
Povegliano Veronese,Veneto,45.348398,10.882438
Pressana,Veneto,45.284749,11.402090
Rivoli Veronese,Veneto,45.571982,10.811761
Roncà,Veneto,45.478892,11.288918
Ronco all'Adige,Veneto,45.337766,11.242452
Roverchiara,Veneto,45.272316,11.247800
Roveredo di Guà,Veneto,45.273751,11.444988
Roverè Veronese,Veneto,45.593326,11.065709
Salizzole,Veneto,45.242790,11.084444
San Bonifacio,Veneto,45.395642,11.270082
San Giovanni Ilarione,Veneto,45.524054,11.234894
San Giovanni Lupatoto,Veneto,45.381968,11.044886
Sanguinetto,Veneto,45.184501,11.151136
San Martino Buon Albergo,Veneto,45.421687,11.096890
San Mauro di Saline,Veneto,45.565796,11.114376
San Pietro di Morubio,Veneto,45.242986,11.228187
San Pietro in Cariano,Veneto,45.520913,10.886377
Sant'Ambrogio di Valpolicella,Veneto,45.522113,10.834443
Sant'Anna d'Alfaedo,Veneto,45.627457,10.951550
San Zeno di Montagna,Veneto,45.631445,10.725449
Selva di Progno,Veneto,45.611390,11.138603
Soave,Veneto,45.420230,11.247722
Sommacampagna,Veneto,45.407784,10.840853
Sona,Veneto,45.433438,10.832737
Sorgà,Veneto,45.213400,10.979362
Terrazzo,Veneto,45.173309,11.398613
Torri del Benaco,Veneto,45.609449,10.687387
Tregnago,Veneto,45.513977,11.165641
Trevenzuolo,Veneto,45.268649,10.932184
Velo Veronese,Veneto,45.605150,11.095691
Veronella,Veneto,45.324969,11.322261
Vestenanova,Veneto,45.573467,11.227722
Villa Bartolomea,Veneto,45.158717,11.353377
Agugliaro,Veneto,45.325389,11.584203
Albettone,Veneto,45.358150,11.581474
Alonte,Veneto,45.365037,11.427363
Altavilla Vicentina,Veneto,45.508429,11.470686
Altissimo,Veneto,45.614739,11.251258
Arcugnano,Veneto,45.500472,11.535699
Arsiero,Veneto,45.803517,11.350404
Arzignano,Veneto,45.519292,11.338594
Asiago,Veneto,45.875377,11.510700
Asigliano Veneto,Veneto,45.304512,11.446266
Bassano del Grappa,Veneto,45.766911,11.734347
Bolzano Vicentino,Veneto,45.600710,11.622101
Breganze,Veneto,45.708144,11.564767
Brendola,Veneto,45.472122,11.446970
Bressanvido,Veneto,45.645976,11.632999
Brogliano,Veneto,45.588786,11.364543
Caldogno,Veneto,45.611836,11.507580
Caltrano,Veneto,45.770615,11.460801
Calvene,Veneto,45.766846,11.513017
Camisano Vicentino,Veneto,45.522021,11.713344
Campiglia dei Berici,Veneto,45.336242,11.539489
Carrè,Veneto,45.748384,11.459298
Cartigliano,Veneto,45.713054,11.694064
Cassola,Veneto,45.732407,11.794256
Castegnero,Veneto,45.442475,11.584448
Castelgomberto,Veneto,45.585285,11.394497
Chiampo,Veneto,45.544573,11.280896
Chiuppano,Veneto,45.762173,11.465076
Cogollo del Cengio,Veneto,45.785221,11.426095
Cornedo Vicentino,Veneto,45.611106,11.343405
Costabissara,Veneto,45.585542,11.487744
Creazzo,Veneto,45.532053,11.478581
Crespadoro,Veneto,45.620193,11.225890
Dueville,Veneto,45.635517,11.548598
Enego,Veneto,45.940493,11.709612
Fara Vicentino,Veneto,45.739593,11.548287
Foza,Veneto,45.896266,11.630726
Gallio,Veneto,45.892626,11.547102
Gambellara,Veneto,45.462509,11.339840
Gambugliano,Veneto,45.588874,11.440015
Grisignano di Zocco,Veneto,45.475340,11.698950
Grumolo delle Abbadesse,Veneto,45.516264,11.658742
Isola Vicentina,Veneto,45.628668,11.443148
Laghi,Veneto,45.824387,11.272312
Lastebasse,Veneto,45.915101,11.273886
Longare,Veneto,45.474634,11.611049
Lonigo,Veneto,45.388116,11.387990
Lugo di Vicenza,Veneto,45.751391,11.522901
Malo,Veneto,45.660296,11.407493
Marano Vicentino,Veneto,45.692549,11.428756
Marostica,Veneto,45.745392,11.656894
Montebello Vicentino,Veneto,45.457216,11.385366
Montecchio Maggiore,Veneto,45.505079,11.408445
Montecchio Precalcino,Veneto,45.665781,11.563302
Monte di Malo,Veneto,45.660464,11.362566
Montegalda,Veneto,45.443775,11.673211
Montegaldella,Veneto,45.436355,11.670826
Monteviale,Veneto,45.560525,11.458072
Monticello Conte Otto,Veneto,45.595180,11.580579
Montorso Vicentino,Veneto,45.489834,11.362271
Mussolente,Veneto,45.778952,11.801272
Nanto,Veneto,45.421995,11.605006
Nogarole Vicentino,Veneto,45.559360,11.288430
Nove,Veneto,45.725675,11.680058
Noventa Vicentina,Veneto,45.290628,11.539884
Orgiano,Veneto,45.351043,11.466029
Pedemonte,Veneto,45.503234,10.918720
Pianezze,Veneto,45.739997,11.626747
Piovene Rocchette,Veneto,45.758826,11.430127
Pojana Maggiore,Veneto,45.291381,11.501347
Posina,Veneto,45.791088,11.262517
Pove del Grappa,Veneto,45.799117,11.729102
Pozzoleone,Veneto,45.648956,11.679090
Quinto Vicentino,Veneto,45.573798,11.627719
Recoaro Terme,Veneto,45.705171,11.224935
Roana,Veneto,45.875619,11.462687
Romano d'Ezzelino,Veneto,45.796237,11.758391
Rosà,Veneto,45.724416,11.762686
Rossano Veneto,Veneto,45.705273,11.799787
Rotzo,Veneto,45.863467,11.399382
Salcedo,Veneto,45.758780,11.564978
Sandrigo,Veneto,45.660608,11.602928
San Pietro Mussolino,Veneto,45.586304,11.256077
Santorso,Veneto,45.737299,11.390321
San Vito di Leguzzano,Veneto,45.681552,11.376290
Sarcedo,Veneto,45.707921,11.526038
Sarego,Veneto,45.408121,11.405559
Schiavon,Veneto,45.697709,11.644283
Schio,Veneto,45.711351,11.355359
Solagna,Veneto,45.816721,11.718170
Sossano,Veneto,45.358777,11.510029
Sovizzo,Veneto,45.528028,11.445634
Tezze sul Brenta,Veneto,45.686178,11.704184
Thiene,Veneto,45.705767,11.480256
Tonezza del Cimone,Veneto,45.857190,11.346038
Torrebelvicino,Veneto,45.718939,11.308834
Torri di Quartesolo,Veneto,45.519266,11.617120
Trissino,Veneto,45.564041,11.374852
Valdagno,Veneto,45.641321,11.304060
Valdastico,Veneto,45.882447,11.344561
Valli del Pasubio,Veneto,45.740774,11.262167
Velo d'Astico,Veneto,45.788399,11.367690
Vicenza,Veneto,45.634859,11.406354
Villaga,Veneto,45.402477,11.533720
Villaverla,Veneto,45.651210,11.494074
Zanè,Veneto,45.720119,11.460827
Zermeghedo,Veneto,45.474991,11.369496
Zovencedo,Veneto,45.428491,11.503199
Zugliano,Veneto,45.733953,11.524736
Val Liona,Veneto,45.410202,11.472079
Barbarano Mossano,Veneto,45.408342,11.567659
Valbrenta,Veneto,45.881372,11.701764
Colceresa,Veneto,45.718116,11.607036
Lusiana Conco,Veneto,45.808073,11.587935
Agordo,Veneto,46.282147,12.034981
Alano di Piave,Veneto,45.907803,11.908195
Alleghe,Veneto,46.406637,12.021464
Arsiè,Veneto,45.983519,11.757780
Auronzo di Cadore,Veneto,46.551169,12.443206
Belluno,Veneto,46.280541,12.078914
Borca di Cadore,Veneto,46.436423,12.219598
Calalzo di Cadore,Veneto,46.446715,12.380385
Cencenighe Agordino,Veneto,46.352309,11.967348
Cesiomaggiore,Veneto,46.088816,11.987639
Chies d'Alpago,Veneto,46.165328,12.392472
Cibiana di Cadore,Veneto,46.391613,12.290800
Colle Santa Lucia,Veneto,46.447046,12.014025
Comelico Superiore,Veneto,46.626931,12.469051
Cortina d'Ampezzo,Veneto,46.538333,12.137351
Danta di Cadore,Veneto,46.566029,12.517302
Domegge di Cadore,Veneto,46.460376,12.415824
Falcade,Veneto,46.358029,11.872136
Feltre,Veneto,46.016376,11.906254
Fonzaso,Veneto,46.017903,11.799754
Canale d'Agordo,Veneto,46.360668,11.914832
Gosaldo,Veneto,46.212841,11.974516
Lamon,Veneto,46.047151,11.748632
La Valle Agordina,Veneto,46.282273,12.069510
Limana,Veneto,46.102814,12.186303
Livinallongo del Col di Lana,Veneto,46.506634,11.936812
Lorenzago di Cadore,Veneto,46.479626,12.459403
Lozzo di Cadore,Veneto,46.484572,12.443341
Ospitale di Cadore,Veneto,46.330524,12.322888
Pedavena,Veneto,46.039624,11.880433
Perarolo di Cadore,Veneto,46.397031,12.355550
Pieve di Cadore,Veneto,46.428709,12.375297
Ponte nelle Alpi,Veneto,46.161780,12.298805
Rivamonte Agordino,Veneto,46.251887,12.023608
Rocca Pietore,Veneto,46.433868,11.977162
San Gregorio nelle Alpi,Veneto,46.103065,12.025584
San Nicolò di Comelico,Veneto,46.582529,12.527302
San Pietro di Cadore,Veneto,46.571176,12.586118
Santa Giustina,Veneto,46.083884,12.043238
San Tomaso Agordino,Veneto,46.388481,11.972806
Santo Stefano di Cadore,Veneto,46.557938,12.549142
San Vito di Cadore,Veneto,46.458966,12.205742
Sedico,Veneto,46.110980,12.097154
Selva di Cadore,Veneto,46.451386,12.034525
Seren del Grappa,Veneto,45.989755,11.844900
Sospirolo,Veneto,46.142372,12.074176
Soverzene,Veneto,46.203575,12.303055
Sovramonte,Veneto,46.056824,11.788162
Taibon Agordino,Veneto,46.298782,12.012654
Tambre,Veneto,46.129473,12.422713
Vallada Agordina,Veneto,46.375603,11.936955
Valle di Cadore,Veneto,46.417356,12.331983
Vigo di Cadore,Veneto,46.500273,12.472522
Vodo Cadore,Veneto,46.420006,12.246864
Voltago Agordino,Veneto,46.272016,12.005196
Zoppè di Cadore,Veneto,46.386081,12.173940
Quero Vas,Veneto,45.954615,11.913206
Longarone,Veneto,46.265786,12.299937
Alpago,Veneto,46.130668,12.354894
Val di Zoldo,Veneto,46.342294,12.156312
Borgo Valbelluna,Veneto,46.061795,12.079349
Altivole,Veneto,45.754003,11.955362
Arcade,Veneto,45.785053,12.219408
Asolo,Veneto,45.800726,11.914244
Borso del Grappa,Veneto,45.821025,11.799316
Breda di Piave,Veneto,45.723727,12.331235
Caerano di San Marco,Veneto,45.785910,12.001038
Cappella Maggiore,Veneto,45.969540,12.361669
Carbonera,Veneto,45.684838,12.285944
Casale sul Sile,Veneto,45.597766,12.325734
Casier,Veneto,45.628336,12.265160
Castelcucco,Veneto,45.833324,11.883969
Castelfranco Veneto,Veneto,45.672811,11.925245
Castello di Godego,Veneto,45.692380,11.881044
Cavaso del Tomba,Veneto,45.858400,11.908980
Cessalto,Veneto,45.712596,12.612314
Chiarano,Veneto,45.730041,12.581279
Cison di Valmarino,Veneto,45.969987,12.143137
Codognè,Veneto,45.866795,12.433908
Colle Umberto,Veneto,45.940984,12.340972
Conegliano,Veneto,45.886217,12.297757
Cordignano,Veneto,45.948970,12.416020
Cornuda,Veneto,45.831731,12.007666
Crocetta del Montello,Veneto,45.833996,12.032327
Farra di Soligo,Veneto,45.905381,12.125430
Follina,Veneto,45.953073,12.118137
Fontanelle,Veneto,45.831333,12.467546
Fonte,Veneto,45.787158,11.867507
Fregona,Veneto,46.000218,12.338962
Gaiarine,Veneto,45.880504,12.481591
Giavera del Montello,Veneto,45.793974,12.169567
Godega di Sant'Urbano,Veneto,45.929848,12.398110
Gorgo al Monticano,Veneto,45.786953,12.550420
Istrana,Veneto,45.678616,12.099794
Loria,Veneto,45.728424,11.865585
Mansuè,Veneto,45.822390,12.537712
Mareno di Piave,Veneto,45.840856,12.351255
Maser,Veneto,45.807541,11.972487
Maserada sul Piave,Veneto,45.749411,12.319333
Meduna di Livenza,Veneto,45.806443,12.612685
Miane,Veneto,45.944321,12.093856
Mogliano Veneto,Veneto,45.561289,12.237697
Monastier di Treviso,Veneto,45.650076,12.433770
Monfumo,Veneto,45.830373,11.921118
Montebelluna,Veneto,45.775996,12.045065
Morgano,Veneto,45.643398,12.112628
Moriago della Battaglia,Veneto,45.867358,12.103767
Motta di Livenza,Veneto,45.776630,12.610548
Nervesa della Battaglia,Veneto,45.825368,12.209202
Oderzo,Veneto,45.783371,12.493778
Ormelle,Veneto,45.779103,12.420337
Orsago,Veneto,45.930861,12.423587
Paese,Veneto,45.672731,12.153611
Pederobba,Veneto,45.869520,11.969551
Pieve di Soligo,Veneto,45.899761,12.173081
Ponte di Piave,Veneto,45.716153,12.465227
Ponzano Veneto,Veneto,45.723851,12.194218
Portobuffolè,Veneto,45.853838,12.538337
Possagno,Veneto,45.854879,11.881570
Povegliano,Veneto,45.759192,12.208500
Preganziol,Veneto,45.602530,12.235314
Quinto di Treviso,Veneto,45.642010,12.149845
Refrontolo,Veneto,45.924858,12.207830
Resana,Veneto,45.634024,11.955293
Revine Lago,Veneto,46.001033,12.225549
Riese Pio X,Veneto,45.729222,11.917005
Roncade,Veneto,45.627908,12.374780
Salgareda,Veneto,45.704123,12.492587
San Biagio di Callalta,Veneto,45.684872,12.377347
San Fior,Veneto,45.920753,12.358151
San Pietro di Feletto,Veneto,45.908889,12.240595
San Polo di Piave,Veneto,45.790108,12.394775
Santa Lucia di Piave,Veneto,45.849186,12.284264
San Vendemiano,Veneto,45.890746,12.333844
San Zenone degli Ezzelini,Veneto,45.778944,11.840513
Sarmede,Veneto,45.978878,12.386088
Segusino,Veneto,45.916678,11.953895
Sernaglia della Battaglia,Veneto,45.874731,12.133162
Silea,Veneto,45.653350,12.296098
Spresiano,Veneto,45.780391,12.259346
Susegana,Veneto,45.850913,12.250013
Tarzo,Veneto,45.973522,12.231610
Trevignano,Veneto,45.733501,12.094016
Treviso,Veneto,45.806691,12.206316
Valdobbiadene,Veneto,45.901413,11.995512
Vazzola,Veneto,45.837767,12.384064
Vedelago,Veneto,45.686695,12.018037
Vidor,Veneto,45.861641,12.038749
Villorba,Veneto,45.729249,12.256246
Volpago del Montello,Veneto,45.778058,12.119815
Zenson di Piave,Veneto,45.678973,12.492099
Zero Branco,Veneto,45.601701,12.165212
Pieve del Grappa,Veneto,45.827223,11.838844
Annone Veneto,Veneto,45.795510,12.684220
Campolongo Maggiore,Veneto,45.330536,12.048313
Camponogara,Veneto,45.385068,12.072122
Caorle,Veneto,45.599004,12.888008
Cavarzere,Veneto,45.136099,12.081285
Ceggia,Veneto,45.686437,12.637529
Chioggia,Veneto,45.218894,12.278580
Cinto Caomaggiore,Veneto,45.825893,12.785572
Cona,Veneto,45.180071,12.078695
Concordia Sagittaria,Veneto,45.756104,12.844956
Dolo,Veneto,45.424996,12.076313
Eraclea,Veneto,45.577034,12.673818
Fiesso d'Artico,Veneto,45.417348,12.033181
Fossalta di Piave,Veneto,45.645747,12.513256
Fossalta di Portogruaro,Veneto,45.791747,12.909023
Fossò,Veneto,45.385650,12.048577
Gruaro,Veneto,45.833496,12.843709
Marcon,Veneto,45.554328,12.299382
Martellago,Veneto,45.546645,12.157678
Meolo,Veneto,45.619429,12.453057
Mira,Veneto,45.437774,12.132805
Mirano,Veneto,45.492770,12.109877
Musile di Piave,Veneto,45.617359,12.561887
Noale,Veneto,45.550123,12.072088
Noventa di Piave,Veneto,45.661888,12.529942
Pianiga,Veneto,45.456096,12.030173
Portogruaro,Veneto,45.775598,12.837457
Pramaggiore,Veneto,45.814565,12.738813
Quarto d'Altino,Veneto,45.580451,12.370500
Salzano,Veneto,45.521344,12.106370
San Donà di Piave,Veneto,45.629481,12.564106
Santa Maria di Sala,Veneto,45.505036,12.033868
San Stino di Livenza,Veneto,45.731078,12.680008
Scorzè,Veneto,45.571354,12.108383
Spinea,Veneto,45.491160,12.165018
Stra,Veneto,45.416845,12.002304
Teglio Veneto,Veneto,45.817512,12.885024
Torre di Mosto,Veneto,45.690543,12.710420
Venezia,Veneto,45.437191,12.334590
Vigonovo,Veneto,45.387011,12.007514
Cavallino-Treporti,Veneto,45.479217,12.515257
Abano Terme,Veneto,45.360314,11.789783
Agna,Veneto,45.170164,11.960731
Albignasego,Veneto,45.347492,11.867209
Anguillara Veneta,Veneto,45.139355,11.887746
Arquà Petrarca,Veneto,45.270044,11.716515
Arre,Veneto,45.216319,11.930495
Arzergrande,Veneto,45.272860,12.053944
Bagnoli di Sopra,Veneto,45.184841,11.883486
Baone,Veneto,45.243863,11.687946
Barbona,Veneto,45.111681,11.682407
Battaglia Terme,Veneto,45.288143,11.781834
Boara Pisani,Veneto,45.108085,11.782711
Borgoricco,Veneto,45.533561,11.965879
Bovolenta,Veneto,45.270375,11.935086
Brugine,Veneto,45.296592,11.995113
Cadoneghe,Veneto,45.458648,11.920175
Campodarsego,Veneto,45.502855,11.907496
Campodoro,Veneto,45.490294,11.752004
Camposampiero,Veneto,45.571760,11.931929
Campo San Martino,Veneto,45.544396,11.810404
Carceri,Veneto,45.195001,11.620841
Carmignano di Brenta,Veneto,45.628771,11.699861
Cartura,Veneto,45.268390,11.856810
Casale di Scodosia,Veneto,45.187494,11.468636
Casalserugo,Veneto,45.316226,11.913545
Castelbaldo,Veneto,45.121172,11.453502
Cervarese Santa Croce,Veneto,45.424392,11.687904
Cinto Euganeo,Veneto,45.289467,11.672376
Cittadella,Veneto,45.648794,11.783580
Codevigo,Veneto,45.267352,12.101301
Conselve,Veneto,45.233744,11.874013
Correzzola,Veneto,45.235382,12.067762
Curtarolo,Veneto,45.522255,11.832017
Este,Veneto,45.224007,11.659796
Fontaniva,Veneto,45.637629,11.752198
Galliera Veneta,Veneto,45.662840,11.828488
Galzignano Terme,Veneto,45.306808,11.733968
Gazzo,Veneto,45581.000000,11.706548
Grantorto,Veneto,45.600775,11.730956
Granze,Veneto,45.154289,11.713485
Legnaro,Veneto,45.345648,11.963935
Limena,Veneto,45.474376,11.844933
Loreggia,Veneto,45.594524,11.944612
Lozzo Atestino,Veneto,45.290918,11.630411
Maserà di Padova,Veneto,45.320711,11.870985
Masi,Veneto,45.108819,11.491912
Massanzago,Veneto,45.555512,12.007434
Megliadino San Vitale,Veneto,45.192140,11.524237
Merlara,Veneto,45.167068,11.441878
Mestrino,Veneto,45.442758,11.758254
Monselice,Veneto,45.241768,11.750853
Montagnana,Veneto,45.233321,11.465778
Montegrotto Terme,Veneto,45.331491,11.791208
Noventa Padovana,Veneto,45.414232,11.950800
Ospedaletto Euganeo,Veneto,45.222695,11.610901
Padova,Veneto,45.407717,11.873446
Pernumia,Veneto,45.258989,11.787209
Piacenza d'Adige,Veneto,45.127462,11.547701
Piazzola sul Brenta,Veneto,45.541496,11.784404
Piombino Dese,Veneto,45.607520,11.999415
Piove di Sacco,Veneto,45.297692,12.036814
Polverara,Veneto,45.309392,11.956012
Ponso,Veneto,45.195057,11.588255
Pontelongo,Veneto,45.245489,12.025183
Ponte San Nicolò,Veneto,45.365239,11.937270
Pozzonovo,Veneto,45.196597,11.792650
Rovolon,Veneto,45.378027,11.644403
Rubano,Veneto,45.428729,11.788274
Saccolongo,Veneto,45.403105,11.747553
San Giorgio delle Pertiche,Veneto,45.541670,11.911237
San Giorgio in Bosco,Veneto,45.591851,11.805959
San Martino di Lupari,Veneto,45.648659,11.856980
San Pietro in Gu,Veneto,45.614086,11.669394
San Pietro Viminario,Veneto,45.245244,11.818641
Santa Giustina in Colle,Veneto,45.563698,11.906406
Sant'Angelo di Piove di Sacco,Veneto,45.345315,12.007022
Sant'Elena,Veneto,45.187341,11.712050
Sant'Urbano,Veneto,45.133050,11.635956
Saonara,Veneto,45.370221,11.984066
Selvazzano Dentro,Veneto,45.389790,11.785892
Solesino,Veneto,45.177332,11.743372
Stanghella,Veneto,45.134624,11.756048
Teolo,Veneto,45.365421,11.688606
Terrassa Padovana,Veneto,45.245268,11.903381
Tombolo,Veneto,45.647028,11.830422
Torreglia,Veneto,45.335667,11.733640
Trebaseleghe,Veneto,45.591812,12.050999
Tribano,Veneto,45.210010,11.832142
Urbana,Veneto,45.194131,11.445349
Veggiano,Veneto,45.448322,11.710822
Vescovana,Veneto,45.134514,11.708435
Vighizzolo d'Este,Veneto,45.177003,11.625568
Vigodarzere,Veneto,45.458193,11.882864
Vigonza,Veneto,45.442954,11.983149
Villa del Conte,Veneto,45.586598,11.859005
Villa Estense,Veneto,45.172108,11.666979
Villafranca Padovana,Veneto,45.494851,11.797524
Villanova di Camposampiero,Veneto,45.490456,11.973020
Vo',Veneto,45.328899,11.641735
Due Carrare,Veneto,45.290505,11.821753
Borgo Veneto,Veneto,45.213452,11.541421
Adria,Veneto,45.053123,12.057200
Arquà Polesine,Veneto,45.010388,11.740941
Badia Polesine,Veneto,45.094056,11.493462
Bagnolo di Po,Veneto,45.016008,11.501192
Bergantino,Veneto,45.060169,11.252900
Bosaro,Veneto,45.000800,11.766536
Calto,Veneto,44.991498,11.356471
Canaro,Veneto,44.935472,11.676738
Canda,Veneto,45.034356,11.505648
Castelguglielmo,Veneto,45.025181,11.537334
Castelmassa,Veneto,45.016852,11.310498
Castelnovo Bariano,Veneto,45.027827,11.287445
Ceneselli,Veneto,45.013695,11.369156
Ceregnano,Veneto,45.049471,11.870854
Corbola,Veneto,45.005685,12.078520
Costa di Rovigo,Veneto,45.048688,11.694531
Crespino,Veneto,44.982558,11.886188
Ficarolo,Veneto,44.953799,11.435729
Fiesso Umbertiano,Veneto,44.961184,11.604642
Frassinelle Polesine,Veneto,44.995182,11.698811
Fratta Polesine,Veneto,45.029282,11.645010
Gaiba,Veneto,44.946179,11.480207
Gavello,Veneto,45.021915,11.914413
Giacciano con Baruchella,Veneto,45.060423,11.433427
Guarda Veneta,Veneto,44.980399,11.802852
Lendinara,Veneto,45.083259,11.604164
Loreo,Veneto,45.061995,12.188925
Lusia,Veneto,45.100535,11.662780
Melara,Veneto,45.063185,11.198458
Occhiobello,Veneto,44.921250,11.581400
Papozze,Veneto,44.988248,12.031812
Pettorazza Grimani,Veneto,45.136088,11.986816
Pincara,Veneto,44.991381,11.608809
Polesella,Veneto,44.964082,11.750177
Pontecchio Polesine,Veneto,45.019111,11.811926
Porto Tolle,Veneto,44.917713,12.402186
Rosolina,Veneto,45.075572,12.246084
Rovigo,Veneto,44.977206,12.274190
Salara,Veneto,44.982537,11.427149
San Bellino,Veneto,45.029552,11.589812
San Martino di Venezze,Veneto,45.131203,11.868523
Stienta,Veneto,44.937837,11.544413
Taglio di Po,Veneto,45.005777,12.210798
Trecenta,Veneto,45.030944,11.460521
Villadose,Veneto,45.068916,11.893738
Villamarzana,Veneto,45.014404,11.693308
Villanova del Ghebbo,Veneto,45.059183,11.639009
Villanova Marchesana,Veneto,44.992284,11.964718
Porto Viro,Veneto,45.025311,12.225237
Aiello del Friuli,Friuli-Venezia Giulia,45.872922,13.363628
Amaro,Friuli-Venezia Giulia,46.374031,13.095360
Ampezzo,Friuli-Venezia Giulia,46.417086,12.790274
Aquileia,Friuli-Venezia Giulia,45.769614,13.369798
Arta Terme,Friuli-Venezia Giulia,46.472380,13.026675
Artegna,Friuli-Venezia Giulia,46.239096,13.155651
Attimis,Friuli-Venezia Giulia,46.189326,13.307128
Bagnaria Arsa,Friuli-Venezia Giulia,45.883590,13.284961
Basiliano,Friuli-Venezia Giulia,46.016319,13.107126
Bertiolo,Friuli-Venezia Giulia,45.942667,13.049180
Bicinicco,Friuli-Venezia Giulia,45.935713,13.251166
Bordano,Friuli-Venezia Giulia,46.315327,13.104621
Buja,Friuli-Venezia Giulia,46.206677,13.118557
Buttrio,Friuli-Venezia Giulia,46.010421,13.333831
Camino al Tagliamento,Friuli-Venezia Giulia,45.927016,12.945124
Campoformido,Friuli-Venezia Giulia,46.019320,13.162427
Carlino,Friuli-Venezia Giulia,45.802250,13.188223
Cassacco,Friuli-Venezia Giulia,46.173595,13.187934
Castions di Strada,Friuli-Venezia Giulia,45.908309,13.185337
Cavazzo Carnico,Friuli-Venezia Giulia,46.367490,13.039965
Cercivento,Friuli-Venezia Giulia,46.527270,12.989234
Cervignano del Friuli,Friuli-Venezia Giulia,45.822834,13.336382
Chiopris-Viscone,Friuli-Venezia Giulia,45.931403,13.381110
Chiusaforte,Friuli-Venezia Giulia,46.408334,13.309025
Cividale del Friuli,Friuli-Venezia Giulia,46.093623,13.430328
Codroipo,Friuli-Venezia Giulia,45.961117,12.978952
Colloredo di Monte Albano,Friuli-Venezia Giulia,46.166405,13.139017
Comeglians,Friuli-Venezia Giulia,46.515234,12.867804
Corno di Rosazzo,Friuli-Venezia Giulia,45.997061,13.441595
Coseano,Friuli-Venezia Giulia,46.097007,13.019388
Dignano,Friuli-Venezia Giulia,46.085028,12.939294
Dogna,Friuli-Venezia Giulia,46.447932,13.315023
Drenchia,Friuli-Venezia Giulia,46.174173,13.636537
Enemonzo,Friuli-Venezia Giulia,46.410902,12.878716
Faedis,Friuli-Venezia Giulia,46.150325,13.346429
Fagagna,Friuli-Venezia Giulia,46.113440,13.084572
Flaibano,Friuli-Venezia Giulia,46.058333,12.983642
Forni Avoltri,Friuli-Venezia Giulia,46.586831,12.776908
Forni di Sopra,Friuli-Venezia Giulia,46.420227,12.585596
Forni di Sotto,Friuli-Venezia Giulia,46.395045,12.670226
Gemona del Friuli,Friuli-Venezia Giulia,46.277007,13.140105
Gonars,Friuli-Venezia Giulia,45.895917,13.237131
Grimacco,Friuli-Venezia Giulia,46.167449,13.581181
Latisana,Friuli-Venezia Giulia,45.778488,12.996219
Lauco,Friuli-Venezia Giulia,46.424042,12.933029
Lestizza,Friuli-Venezia Giulia,45.954947,13.141735
Lignano Sabbiadoro,Friuli-Venezia Giulia,45.689368,13.138566
Lusevera,Friuli-Venezia Giulia,46.275828,13.269325
Magnano in Riviera,Friuli-Venezia Giulia,46.231330,13.176769
Majano,Friuli-Venezia Giulia,46.185205,13.068214
Malborghetto Valbruna,Friuli-Venezia Giulia,46.497849,13.433150
Manzano,Friuli-Venezia Giulia,45.990512,13.381504
Martignacco,Friuli-Venezia Giulia,46.097922,13.136825
Mereto di Tomba,Friuli-Venezia Giulia,46.049752,13.042751
Moggio Udinese,Friuli-Venezia Giulia,46.409703,13.195142
Moimacco,Friuli-Venezia Giulia,46.091324,13.377031
Montenars,Friuli-Venezia Giulia,46.255026,13.178824
Mortegliano,Friuli-Venezia Giulia,45.945806,13.172796
Moruzzo,Friuli-Venezia Giulia,46.120241,13.123152
Muzzana del Turgnano,Friuli-Venezia Giulia,45.818109,13.129263
Nimis,Friuli-Venezia Giulia,46.200671,13.266254
Osoppo,Friuli-Venezia Giulia,46.255978,13.080860
Ovaro,Friuli-Venezia Giulia,46.482943,12.865389
Pagnacco,Friuli-Venezia Giulia,46.124280,13.186975
Palazzolo dello Stella,Friuli-Venezia Giulia,45.804827,13.079579
Palmanova,Friuli-Venezia Giulia,45.905464,13.309932
Paluzza,Friuli-Venezia Giulia,46.530815,13.018206
Pasian di Prato,Friuli-Venezia Giulia,46.048513,13.187597
Paularo,Friuli-Venezia Giulia,46.530346,13.116560
Pavia di Udine,Friuli-Venezia Giulia,45.996317,13.304137
Pocenia,Friuli-Venezia Giulia,45.835515,13.100829
Pontebba,Friuli-Venezia Giulia,46.506531,13.306426
Porpetto,Friuli-Venezia Giulia,45.858174,13.217853
Povoletto,Friuli-Venezia Giulia,46.118179,13.298797
Pozzuolo del Friuli,Friuli-Venezia Giulia,45.986019,13.195029
Pradamano,Friuli-Venezia Giulia,46.033822,13.302630
Prato Carnico,Friuli-Venezia Giulia,46.520705,12.809361
Precenicco,Friuli-Venezia Giulia,45.788913,13.077429
Premariacco,Friuli-Venezia Giulia,46.060687,13.394778
Preone,Friuli-Venezia Giulia,46.393684,12.866201
Prepotto,Friuli-Venezia Giulia,46.045723,13.479434
Pulfero,Friuli-Venezia Giulia,46.179275,13.477993
Ragogna,Friuli-Venezia Giulia,46.173522,12.982420
Ravascletto,Friuli-Venezia Giulia,46.522936,12.922115
Raveo,Friuli-Venezia Giulia,46.434428,12.871113
Reana del Rojale,Friuli-Venezia Giulia,46.145736,13.235120
Remanzacco,Friuli-Venezia Giulia,46.085584,13.324322
Resia,Friuli-Venezia Giulia,46.347373,13.336066
Resiutta,Friuli-Venezia Giulia,46.393086,13.218578
Rigolato,Friuli-Venezia Giulia,46.552831,12.852110
Rive d'Arcano,Friuli-Venezia Giulia,46.126065,13.031579
Ronchis,Friuli-Venezia Giulia,45.806610,12.997825
Ruda,Friuli-Venezia Giulia,45.838231,13.401930
San Daniele del Friuli,Friuli-Venezia Giulia,46.153241,13.009034
San Giorgio di Nogaro,Friuli-Venezia Giulia,45.832024,13.211145
San Giovanni al Natisone,Friuli-Venezia Giulia,45.977920,13.401081
San Leonardo,Friuli-Venezia Giulia,46.127459,13.538374
San Pietro al Natisone,Friuli-Venezia Giulia,46.126725,13.485233
Santa Maria la Longa,Friuli-Venezia Giulia,45.933052,13.288023
San Vito al Torre,Friuli-Venezia Giulia,45.895798,13.370587
San Vito di Fagagna,Friuli-Venezia Giulia,46.090621,13.067024
Sauris,Friuli-Venezia Giulia,46.465366,12.708717
Savogna,Friuli-Venezia Giulia,46.180223,13.552163
Sedegliano,Friuli-Venezia Giulia,46.014371,12.977430
Socchieve,Friuli-Venezia Giulia,46.397070,12.848054
Stregna,Friuli-Venezia Giulia,46.131549,13.603598
Sutrio,Friuli-Venezia Giulia,46.512002,12.990757
Taipana,Friuli-Venezia Giulia,46.258683,13.345916
Talmassons,Friuli-Venezia Giulia,45.929558,13.117064
Tarcento,Friuli-Venezia Giulia,46.215273,13.221658
Tarvisio,Friuli-Venezia Giulia,46.505262,13.578373
Tavagnacco,Friuli-Venezia Giulia,46.127394,13.214100
Terzo d'Aquileia,Friuli-Venezia Giulia,45.800855,13.345754
Tolmezzo,Friuli-Venezia Giulia,46.429503,13.056167
Torreano,Friuli-Venezia Giulia,46.128525,13.431132
Torviscosa,Friuli-Venezia Giulia,45.822216,13.276933
Trasaghis,Friuli-Venezia Giulia,46.282180,13.075445
Treppo Grande,Friuli-Venezia Giulia,46.190624,13.158124
Tricesimo,Friuli-Venezia Giulia,46.160562,13.212536
Trivignano Udinese,Friuli-Venezia Giulia,45.943415,13.340641
Udine,Friuli-Venezia Giulia,46.063463,13.235838
Varmo,Friuli-Venezia Giulia,45.887015,12.987726
Venzone,Friuli-Venezia Giulia,46.333676,13.139400
Verzegnis,Friuli-Venezia Giulia,46.385147,12.987202
Villa Santina,Friuli-Venezia Giulia,46.414096,12.920748
Visco,Friuli-Venezia Giulia,45.892172,13.346861
Zuglio,Friuli-Venezia Giulia,46.461796,13.026040
Forgaria nel Friuli,Friuli-Venezia Giulia,46.222822,12.973486
Campolongo Tapogliano,Friuli-Venezia Giulia,45.868490,13.403755
Rivignano Teor,Friuli-Venezia Giulia,45.861300,13.047569
Sappada,Friuli-Venezia Giulia,46.567794,12.686380
Fiumicello Villa Vicentina,Friuli-Venezia Giulia,45.783608,13.413019
Treppo Ligosullo,Friuli-Venezia Giulia,46.544332,13.058904
Capriva del Friuli,Friuli-Venezia Giulia,45.941416,13.513629
Cormons,Friuli-Venezia Giulia,45.957791,13.470954
Doberdò del Lago,Friuli-Venezia Giulia,45.844630,13.540142
Dolegna del Collio,Friuli-Venezia Giulia,46.031323,13.479335
Farra d'Isonzo,Friuli-Venezia Giulia,45.908020,13.516538
Fogliano Redipuglia,Friuli-Venezia Giulia,45.856486,13.492933
Gorizia,Friuli-Venezia Giulia,45.944128,13.625229
Gradisca d'Isonzo,Friuli-Venezia Giulia,45.889551,13.500329
Mariano del Friuli,Friuli-Venezia Giulia,45.916061,13.458748
Medea,Friuli-Venezia Giulia,45.917715,13.422532
Monfalcone,Friuli-Venezia Giulia,45.804945,13.533059
Moraro,Friuli-Venezia Giulia,45.930571,13.496530
Mossa,Friuli-Venezia Giulia,45.938593,13.548240
Romans d'Isonzo,Friuli-Venezia Giulia,45.890606,13.438219
Ronchi dei Legionari,Friuli-Venezia Giulia,45.827808,13.501845
Sagrado,Friuli-Venezia Giulia,45.875843,13.485523
San Canzian d'Isonzo,Friuli-Venezia Giulia,45.798617,13.466138
San Floriano del Collio,Friuli-Venezia Giulia,45.983108,13.587083
San Lorenzo Isontino,Friuli-Venezia Giulia,45.931217,13.528549
San Pier d'Isonzo,Friuli-Venezia Giulia,45.846918,13.460137
Savogna d'Isonzo,Friuli-Venezia Giulia,45.905882,13.574864
Staranzano,Friuli-Venezia Giulia,45.805821,13.500260
Turriaco,Friuli-Venezia Giulia,45.819981,13.446686
Villesse,Friuli-Venezia Giulia,45.863908,13.440230
Duino Aurisina,Friuli-Venezia Giulia,45.770377,13.675305
Monrupino,Friuli-Venezia Giulia,45.717812,13.797445
Muggia,Friuli-Venezia Giulia,45.595848,13.782856
San Dorligo della Valle,Friuli-Venezia Giulia,45.612602,13.853506
Sgonico,Friuli-Venezia Giulia,45.736024,13.748245
Trieste,Friuli-Venezia Giulia,45.650481,13.793126
Andreis,Friuli-Venezia Giulia,46.200500,12.613670
Arba,Friuli-Venezia Giulia,46.144980,12.791400
Aviano,Friuli-Venezia Giulia,46.068544,12.589114
Azzano Decimo,Friuli-Venezia Giulia,45.881420,12.714314
Barcis,Friuli-Venezia Giulia,46.190251,12.558210
Brugnera,Friuli-Venezia Giulia,45.903510,12.525989
Budoia,Friuli-Venezia Giulia,46.042962,12.532586
Caneva,Friuli-Venezia Giulia,45.968662,12.448097
Casarsa della Delizia,Friuli-Venezia Giulia,45.955937,12.842693
Castelnovo del Friuli,Friuli-Venezia Giulia,46.213832,12.883104
Cavasso Nuovo,Friuli-Venezia Giulia,46.196556,12.770308
Chions,Friuli-Venezia Giulia,45.847186,12.711062
Cimolais,Friuli-Venezia Giulia,46.287639,12.438053
Claut,Friuli-Venezia Giulia,46.266675,12.515709
Clauzetto,Friuli-Venezia Giulia,46.229901,12.915554
Cordenons,Friuli-Venezia Giulia,46.003731,12.718653
Cordovado,Friuli-Venezia Giulia,45.845777,12.880665
Erto e Casso,Friuli-Venezia Giulia,46.277092,12.359555
Fanna,Friuli-Venezia Giulia,46.187118,12.753083
Fiume Veneto,Friuli-Venezia Giulia,45.927943,12.732176
Fontanafredda,Friuli-Venezia Giulia,45.973397,12.569123
Frisanco,Friuli-Venezia Giulia,46.212776,12.727062
Maniago,Friuli-Venezia Giulia,46.170974,12.707399
Meduno,Friuli-Venezia Giulia,46.216779,12.785867
Montereale Valcellina,Friuli-Venezia Giulia,46.160509,12.662136
Morsano al Tagliamento,Friuli-Venezia Giulia,45.858141,12.929336
Pasiano di Pordenone,Friuli-Venezia Giulia,45.849754,12.626509
Pinzano al Tagliamento,Friuli-Venezia Giulia,46.183104,12.945448
Polcenigo,Friuli-Venezia Giulia,46.030700,12.501626
Porcia,Friuli-Venezia Giulia,45.946555,12.601781
Pordenone,Friuli-Venezia Giulia,45.956250,12.659720
Prata di Pordenone,Friuli-Venezia Giulia,45.893311,12.596294
Pravisdomini,Friuli-Venezia Giulia,45.818909,12.694425
Roveredo in Piano,Friuli-Venezia Giulia,46.011058,12.620291
Sacile,Friuli-Venezia Giulia,45.953860,12.503368
San Giorgio della Richinvelda,Friuli-Venezia Giulia,46.039508,12.882333
San Martino al Tagliamento,Friuli-Venezia Giulia,46.020829,12.863761
San Quirino,Friuli-Venezia Giulia,46.036167,12.680040
San Vito al Tagliamento,Friuli-Venezia Giulia,45.914504,12.856596
Sequals,Friuli-Venezia Giulia,46.165522,12.828776
Sesto al Reghena,Friuli-Venezia Giulia,45.847642,12.815531
Spilimbergo,Friuli-Venezia Giulia,46.111335,12.901629
Tramonti di Sopra,Friuli-Venezia Giulia,46.308862,12.788497
Tramonti di Sotto,Friuli-Venezia Giulia,46.284930,12.795646
Travesio,Friuli-Venezia Giulia,46.196536,12.870994
Vito d'Asio,Friuli-Venezia Giulia,46.227815,12.938303
Vivaro,Friuli-Venezia Giulia,46.078002,12.775846
Zoppola,Friuli-Venezia Giulia,45.966254,12.771564
Vajont,Friuli-Venezia Giulia,46.146136,12.697447
Valvasone Arzene,Friuli-Venezia Giulia,45.995211,12.866310
Airole,Liguria,43.871038,7.554181
Apricale,Liguria,43.880389,7.660210
Aquila d'Arroscia,Liguria,44.085927,8.005247
Armo,Liguria,44.087965,7.914783
Aurigo,Liguria,43.982724,7.922447
Badalucco,Liguria,43.915557,7.847295
Bajardo,Liguria,43.903197,7.716921
Bordighera,Liguria,43.785051,7.659109
Borghetto d'Arroscia,Liguria,44.057726,7.981747
Borgomaro,Liguria,43.974924,7.945147
Camporosso,Liguria,43.815101,7.628418
Caravonica,Liguria,43.993025,7.958047
Castellaro,Liguria,43.865221,7.868748
Castel Vittorio,Liguria,43.928557,7.674434
Ceriana,Liguria,43.880703,7.774564
Cervo,Liguria,43.925858,8.113929
Cesio,Liguria,44.007296,7.973536
Chiusanico,Liguria,43.972565,7.990880
Chiusavecchia,Liguria,43.968424,7.983548
Cipressa,Liguria,43.851016,7.930950
Civezza,Liguria,43.879822,7.951649
Cosio d'Arroscia,Liguria,44.077122,7.833008
Costarainera,Liguria,43.855421,7.938749
Diano Arentino,Liguria,43.949625,8.041550
Diano Castello,Liguria,43.923741,8.067186
Diano Marina,Liguria,43.908014,8.066675
Diano San Pietro,Liguria,43.931424,8.071651
Dolceacqua,Liguria,43.851718,7.622643
Dolcedo,Liguria,43.907439,7.951098
Imperia,Liguria,43.958375,7.866743
Isolabona,Liguria,43.878988,7.639846
Lucinasco,Liguria,43.968021,7.963980
Mendatica,Liguria,44.076379,7.805641
Molini di Triora,Liguria,43.990607,7.774463
Montegrosso Pian Latte,Liguria,44.066889,7.817209
Olivetta San Michele,Liguria,43.869399,7.523978
Ospedaletti,Liguria,43.802080,7.718166
Perinaldo,Liguria,43.867440,7.666548
Pietrabruna,Liguria,43.889722,7.902948
Pieve di Teco,Liguria,44.047026,7.914946
Pigna,Liguria,43.932268,7.662644
Pompeiana,Liguria,43.853721,7.889848
Pontedassio,Liguria,43.940324,8.013850
Pornassio,Liguria,44.069878,7.871289
Prelà,Liguria,43.926158,7.936869
Ranzo,Liguria,44.059627,8.014947
Rezzo,Liguria,44.021425,7.871445
Riva Ligure,Liguria,43.837921,7.879649
Rocchetta Nervina,Liguria,43.890619,7.599642
San Bartolomeo al Mare,Liguria,43.922924,8.101152
San Biagio della Cima,Liguria,43.818242,7.648820
San Lorenzo al Mare,Liguria,43.854711,7.963708
Sanremo,Liguria,43.819825,7.774883
Santo Stefano al Mare,Liguria,43.838321,7.893249
Seborga,Liguria,43.826419,7.694545
Soldano,Liguria,43.829118,7.654844
Taggia,Liguria,43.869607,7.836458
Terzorio,Liguria,43.852321,7.898349
Triora,Liguria,43.992523,7.766243
Vallebona,Liguria,43.812718,7.666544
Vallecrosia,Liguria,43.788827,7.643411
Vasia,Liguria,43.932023,7.952948
Ventimiglia,Liguria,43.791762,7.603313
Vessalico,Liguria,44.045937,7.960853
Villa Faraldi,Liguria,43.968528,8.085229
Montalto Carpasio,Liguria,43.947721,7.861919
Alassio,Liguria,44.008011,8.173027
Albenga,Liguria,44.049250,8.213124
Albissola Marina,Liguria,44.327279,8.503102
Albisola Superiore,Liguria,44.339838,8.509353
Altare,Liguria,44.335982,8.339931
Andora,Liguria,43.951929,8.145649
Arnasco,Liguria,44.078228,8.107449
Balestrino,Liguria,44.125130,8.171520
Bardineto,Liguria,44.193123,8.132452
Bergeggi,Liguria,44.249735,8.443353
Boissano,Liguria,44.135768,8.221754
Borghetto Santo Spirito,Liguria,44.114446,8.235328
Borgio Verezzi,Liguria,44.164968,8.306662
Bormida,Liguria,44.278261,8.234199
Cairo Montenotte,Liguria,44.399268,8.274561
Calice Ligure,Liguria,44.204933,8.295351
Calizzano,Liguria,44.236881,8.114470
Carcare,Liguria,44.357473,8.290162
Casanova Lerrone,Liguria,44.032116,8.050223
Castelbianco,Liguria,44.111817,8.070908
Castelvecchio di Rocca Barbena,Liguria,44.129829,8.116648
Celle Ligure,Liguria,44.346322,8.544321
Cengio,Liguria,44.390259,8.207952
Ceriale,Liguria,44.091629,8.223251
Cisano sul Neva,Liguria,44.086402,8.147418
Cosseria,Liguria,44.368314,8.234866
Dego,Liguria,44.443038,8.305947
Erli,Liguria,44.137529,8.103148
Finale Ligure,Liguria,44.168905,8.343652
Garlenda,Liguria,44.034227,8.095650
Giustenice,Liguria,44.172551,8.247188
Giusvalla,Liguria,44.447939,8.394149
Laigueglia,Liguria,43.978826,8.157351
Loano,Liguria,44.128754,8.259371
Magliolo,Liguria,44.191486,8.250396
Mallare,Liguria,44.290982,8.296649
Massimino,Liguria,44.299575,8.070620
Millesimo,Liguria,44.367536,8.201746
Mioglia,Liguria,44.490460,8.412473
Murialdo,Liguria,44.316580,8.164297
Nasino,Liguria,44.113750,8.031713
Noli,Liguria,44.205883,8.416419
Onzo,Liguria,44.070289,8.050019
Orco Feglino,Liguria,44.221643,8.323557
Ortovero,Liguria,44.053427,8.096649
Osiglia,Liguria,44.282632,8.202144
Pallare,Liguria,44.327275,8.275435
Piana Crixia,Liguria,44.486179,8.306101
Pietra Ligure,Liguria,44.152931,8.286552
Plodio,Liguria,44.351194,8.256452
Pontinvrea,Liguria,44.444626,8.434460
Quiliano,Liguria,44.292536,8.412652
Rialto,Liguria,44.225818,8.263108
Roccavignale,Liguria,44.347172,8.164682
Sassello,Liguria,44.478970,8.490171
Savona,Liguria,44.233424,8.252573
Spotorno,Liguria,44.227257,8.419177
Stella,Liguria,44.404721,8.501565
Stellanello,Liguria,44.000420,8.058039
Testico,Liguria,44.005626,8.029249
Toirano,Liguria,44.127530,8.204850
Tovo San Giacomo,Liguria,44.175932,8.270451
Urbe,Liguria,44.477256,8.631393
Vado Ligure,Liguria,44.271440,8.438220
Varazze,Liguria,44.359300,8.575327
Vendone,Liguria,44.074706,8.073930
Vezzi Portio,Liguria,44.229643,8.365219
Villanova d'Albenga,Liguria,44.046836,8.142846
Zuccarello,Liguria,44.111029,8.115849
Arenzano,Liguria,44.402518,8.683132
Avegno,Liguria,44.391336,9.156316
Bargagli,Liguria,44.447802,9.087661
Bogliasco,Liguria,44.379056,9.067951
Borzonasca,Liguria,44.422248,9.386570
Busalla,Liguria,44.573483,8.943300
Camogli,Liguria,44.349247,9.158863
Campo Ligure,Liguria,44.537644,8.698153
Campomorone,Liguria,44.507337,8.890110
Carasco,Liguria,44.349756,9.345650
Casarza Ligure,Liguria,44.273546,9.449771
Casella,Liguria,44.535586,8.996786
Castiglione Chiavarese,Liguria,44.274090,9.514675
Ceranesi,Liguria,44.511270,8.878941
Chiavari,Liguria,44.316449,9.323338
Cicagna,Liguria,44.409323,9.235533
Cogoleto,Liguria,44.389342,8.642860
Cogorno,Liguria,44.333081,9.372461
Coreglia Ligure,Liguria,44.382900,9.264314
Crocefieschi,Liguria,44.579748,9.023965
Davagna,Liguria,44.466953,9.090958
Fascia,Liguria,44.571968,9.235640
Favale di Malvaro,Liguria,44.452997,9.259560
Fontanigorda,Liguria,44.546050,9.304466
Gorreto,Liguria,44.604846,9.291264
Isola del Cantone,Liguria,44.645644,8.957558
Lavagna,Liguria,44.312154,9.341706
Leivi,Liguria,44.354465,9.315179
Lorsica,Liguria,44.445276,9.284311
Lumarzo,Liguria,44.452888,9.132620
Masone,Liguria,44.501336,8.716348
Mele,Liguria,44.447550,8.747769
Mezzanego,Liguria,44.392008,9.407722
Mignanego,Liguria,44.548330,8.915657
Moconesi,Liguria,44.437600,9.214708
Moneglia,Liguria,44.238500,9.489977
Montebruno,Liguria,44.525742,9.247567
Montoggio,Liguria,44.515436,9.044274
Ne,Liguria,44.351926,9.440257
Neirone,Liguria,44.454664,9.190511
Orero,Liguria,44.417212,9.289038
Pieve Ligure,Liguria,44.376248,9.086161
Portofino,Liguria,44.303665,9.209345
Propata,Liguria,44.565570,9.185940
Recco,Liguria,44.365240,9.146300
Rezzoaglio,Liguria,44.525997,9.387267
Ronco Scrivia,Liguria,44.613299,8.952368
Rondanina,Liguria,44.563245,9.218071
Rossiglione,Liguria,44.563961,8.668513
Rovegno,Liguria,44.576748,9.279162
San Colombano Certenoli,Liguria,44.399253,9.328805
Santa Margherita Ligure,Liguria,44.333976,9.211127
Sant'Olcese,Liguria,44.490864,8.970540
Santo Stefano d'Aveto,Liguria,44.547330,9.450177
Savignone,Liguria,44.564143,8.989596
Serra Riccò,Liguria,44.518713,8.951623
Sestri Levante,Liguria,44.271453,9.395863
Sori,Liguria,44.373374,9.104447
Tiglieto,Liguria,44.524558,8.619257
Torriglia,Liguria,44.519395,9.158352
Tribogna,Liguria,44.416146,9.195587
Uscio,Liguria,44.413343,9.162563
Valbrevenna,Liguria,44.560577,9.091603
Vobbia,Liguria,44.601245,9.038668
Zoagli,Liguria,44.336762,9.266956
Ameglia,Liguria,44.065929,9.957410
Arcola,Liguria,44.114382,9.905967
Beverino,Liguria,44.205951,9.785730
Bolano,Liguria,44.187649,9.895616
Bonassola,Liguria,44.183546,9.582526
Borghetto di Vara,Liguria,44.223847,9.721518
Brugnato,Liguria,44.237097,9.724035
Calice al Cornoviglio,Liguria,44.243152,9.836671
Carro,Liguria,44.272824,9.607479
Carrodano,Liguria,44.241962,9.655873
Castelnuovo Magra,Liguria,44.099852,10.016942
Deiva Marina,Liguria,44.218231,9.520046
Follo,Liguria,44.172831,9.832864
Framura,Liguria,44.208745,9.554544
La Spezia,Liguria,44.238366,9.691233
Lerici,Liguria,44.073607,9.909914
Levanto,Liguria,44.169906,9.612040
Maissana,Liguria,44.337313,9.536328
Monterosso al Mare,Liguria,44.146522,9.655558
Luni,Liguria,44.077827,10.030189
Pignone,Liguria,44.178185,9.723508
Portovenere,Liguria,44.050660,9.834458
Riccò del Golfo di Spezia,Liguria,44.153719,9.763862
Riomaggiore,Liguria,44.098975,9.738670
Rocchetta di Vara,Liguria,44.251273,9.757284
Santo Stefano di Magra,Liguria,44.165099,9.917330
Sarzana,Liguria,44.111872,9.958746
Sesta Godano,Liguria,44.293966,9.675716
Varese Ligure,Liguria,44.376053,9.592699
Vernazza,Liguria,44.134941,9.682776
Vezzano Ligure,Liguria,44.146775,9.876327
Zignago,Liguria,44.297246,9.749064
Agazzano,Emilia-Romagna,44.944370,9.517685
Alseno,Emilia-Romagna,44.898364,9.961374
Besenzone,Emilia-Romagna,44.986432,9.954909
Bettola,Emilia-Romagna,44.776446,9.606280
Bobbio,Emilia-Romagna,44.769273,9.386281
Borgonovo Val Tidone,Emilia-Romagna,45.014362,9.443461
Cadeo,Emilia-Romagna,44.975365,9.831070
Calendasco,Emilia-Romagna,45.087265,9.596063
Caorso,Emilia-Romagna,45.049600,9.874375
Carpaneto Piacentino,Emilia-Romagna,44.915212,9.788095
Castell'Arquato,Emilia-Romagna,44.851180,9.867118
Castel San Giovanni,Emilia-Romagna,45.059067,9.434178
Castelvetro Piacentino,Emilia-Romagna,45.100335,9.986716
Cerignale,Emilia-Romagna,44.677853,9.350765
Coli,Emilia-Romagna,44.744756,9.414565
Corte Brugnatella,Emilia-Romagna,44.715767,9.360289
Cortemaggiore,Emilia-Romagna,44.996353,9.931072
Farini,Emilia-Romagna,44.712837,9.569286
Ferriere,Emilia-Romagna,44.644144,9.497457
Fiorenzuola d'Arda,Emilia-Romagna,44.928084,9.910722
Gazzola,Emilia-Romagna,44.960062,9.548964
Gossolengo,Emilia-Romagna,44.999960,9.613788
Gragnano Trebbiense,Emilia-Romagna,45.013163,9.568964
Gropparello,Emilia-Romagna,44.832706,9.729894
Lugagnano Val d'Arda,Emilia-Romagna,44.821994,9.828482
Monticelli d'Ongina,Emilia-Romagna,45.089511,9.933165
Morfasso,Emilia-Romagna,44.722749,9.702861
Ottone,Emilia-Romagna,44.623249,9.332660
Piacenza,Emilia-Romagna,44.847635,9.666531
Pianello Val Tidone,Emilia-Romagna,44.946660,9.405161
Piozzano,Emilia-Romagna,44.926261,9.496064
Podenzano,Emilia-Romagna,44.956363,9.684967
Ponte dell'Olio,Emilia-Romagna,44.867361,9.642268
Pontenure,Emilia-Romagna,44.999165,9.788569
Rottofreno,Emilia-Romagna,45.057464,9.547763
San Giorgio Piacentino,Emilia-Romagna,44.954163,9.736869
San Pietro in Cerro,Emilia-Romagna,45.021367,9.949872
Sarmato,Emilia-Romagna,45.059814,9.491398
Travo,Emilia-Romagna,44.862460,9.545366
Vernasca,Emilia-Romagna,44.799438,9.830668
Vigolzone,Emilia-Romagna,44.914662,9.669368
Villanova sull'Arda,Emilia-Romagna,45.026005,9.997061
Zerba,Emilia-Romagna,44.666153,9.287164
Ziano Piacentino,Emilia-Romagna,45.001462,9.401560
Alta Val Tidone,Emilia-Romagna,44.919977,9.347182
Albareto,Emilia-Romagna,44.446551,9.699977
Bardi,Emilia-Romagna,44.632211,9.731203
Bedonia,Emilia-Romagna,44.503631,9.629885
Berceto,Emilia-Romagna,44.510608,9.989655
Bore,Emilia-Romagna,44.718658,9.792074
Borgo Val di Taro,Emilia-Romagna,44.487053,9.765777
Busseto,Emilia-Romagna,44.980567,10.042075
Calestano,Emilia-Romagna,44.600700,10.122994
Collecchio,Emilia-Romagna,44.752020,10.216691
Colorno,Emilia-Romagna,44.926532,10.377117
Compiano,Emilia-Romagna,44.496049,9.662079
Corniglio,Emilia-Romagna,44.475900,10.088926
Fidenza,Emilia-Romagna,44.866522,10.061194
Fontanellato,Emilia-Romagna,44.881666,10.172179
Fontevivo,Emilia-Romagna,44.858765,10.175180
Fornovo di Taro,Emilia-Romagna,44.691962,10.100985
Lesignano de' Bagni,Emilia-Romagna,44.643428,10.300484
Montechiarugolo,Emilia-Romagna,44.693401,10.422480
Neviano degli Arduini,Emilia-Romagna,44.582365,10.315689
Palanzano,Emilia-Romagna,44.437437,10.194462
Parma,Emilia-Romagna,44.801368,10.328083
Pellegrino Parmense,Emilia-Romagna,44.733168,9.927556
Roccabianca,Emilia-Romagna,45.009369,10.219378
Sala Baganza,Emilia-Romagna,44.713950,10.226334
Salsomaggiore Terme,Emilia-Romagna,44.814762,9.979576
San Secondo Parmense,Emilia-Romagna,44.920160,10.229558
Solignano,Emilia-Romagna,44.613057,9.975480
Soragna,Emilia-Romagna,44.926266,10.124178
Terenzo,Emilia-Romagna,44.609958,10.089682
Tizzano Val Parma,Emilia-Romagna,44.520544,10.199199
Tornolo,Emilia-Romagna,44.485251,9.625274
Torrile,Emilia-Romagna,44.898850,10.339497
Traversetolo,Emilia-Romagna,44.639212,10.381795
Valmozzola,Emilia-Romagna,44.585508,9.869151
Varano de' Melegari,Emilia-Romagna,44.688060,10.011479
Varsi,Emilia-Romagna,44.662157,9.846676
Sissa Trecasali,Emilia-Romagna,44.945594,10.279947
Polesine Zibello,Emilia-Romagna,45.010809,10.098713
Sorbolo Mezzani,Emilia-Romagna,44.900097,10.442160
Albinea,Emilia-Romagna,44.620182,10.601926
Bagnolo in Piano,Emilia-Romagna,44.762967,10.673293
Baiso,Emilia-Romagna,44.496827,10.601678
Bibbiano,Emilia-Romagna,44.663430,10.472719
Boretto,Emilia-Romagna,44.901870,10.554287
Brescello,Emilia-Romagna,44.901224,10.515728
Cadelbosco di Sopra,Emilia-Romagna,44.763319,10.595182
Campagnola Emilia,Emilia-Romagna,44.839270,10.757093
Campegine,Emilia-Romagna,44.781734,10.528419
Carpineti,Emilia-Romagna,44.455961,10.519698
Casalgrande,Emilia-Romagna,44.588009,10.737321
Casina,Emilia-Romagna,44.510260,10.501593
Castellarano,Emilia-Romagna,44.510281,10.728640
Castelnovo di Sotto,Emilia-Romagna,44.810863,10.563295
Castelnovo ne' Monti,Emilia-Romagna,44.435562,10.403295
Cavriago,Emilia-Romagna,44.694194,10.526898
Canossa,Emilia-Romagna,44.553560,10.411914
Correggio,Emilia-Romagna,44.770561,10.779783
Fabbrico,Emilia-Romagna,44.872091,10.810062
Gattatico,Emilia-Romagna,44.795684,10.444557
Gualtieri,Emilia-Romagna,44.905013,10.630226
Guastalla,Emilia-Romagna,44.921152,10.653998
Luzzara,Emilia-Romagna,44.961655,10.687068
Montecchio Emilia,Emilia-Romagna,44.700451,10.446413
Novellara,Emilia-Romagna,44.842970,10.727492
Poviglio,Emilia-Romagna,44.841670,10.541615
Quattro Castella,Emilia-Romagna,44.635605,10.472425
Reggiolo,Emilia-Romagna,44.918534,10.804211
Reggio nell'Emilia,Emilia-Romagna,44.608664,10.594797
Rio Saliceto,Emilia-Romagna,44.810010,10.803099
Rolo,Emilia-Romagna,44.886656,10.858208
Rubiera,Emilia-Romagna,44.653201,10.781081
San Martino in Rio,Emilia-Romagna,44.732802,10.783988
San Polo d'Enza,Emilia-Romagna,44.625862,10.422287
Sant'Ilario d'Enza,Emilia-Romagna,44.760505,10.449892
Scandiano,Emilia-Romagna,44.599345,10.687838
Toano,Emilia-Romagna,44.376357,10.561197
Vetto,Emilia-Romagna,44.484158,10.337490
Vezzano sul Crostolo,Emilia-Romagna,44.602584,10.546853
Viano,Emilia-Romagna,44.543729,10.621620
Villa Minozzo,Emilia-Romagna,44.365056,10.465995
Ventasso,Emilia-Romagna,44.368830,10.269310
Bastiglia,Emilia-Romagna,44.726969,10.998600
Bomporto,Emilia-Romagna,44.729770,11.038401
Campogalliano,Emilia-Romagna,44.690512,10.840734
Camposanto,Emilia-Romagna,44.790101,11.137808
Carpi,Emilia-Romagna,44.783570,10.885452
Castelfranco Emilia,Emilia-Romagna,44.595024,11.052901
Castelnuovo Rangone,Emilia-Romagna,44.551334,10.935016
Castelvetro di Modena,Emilia-Romagna,44.503462,10.943300
Cavezzo,Emilia-Romagna,44.836500,11.029435
Concordia sulla Secchia,Emilia-Romagna,44.913174,10.983297
Fanano,Emilia-Romagna,44.207737,10.793837
Finale Emilia,Emilia-Romagna,44.834574,11.293905
Fiorano Modenese,Emilia-Romagna,44.539143,10.811848
Fiumalbo,Emilia-Romagna,44.179951,10.647733
Formigine,Emilia-Romagna,44.575143,10.847028
Frassinoro,Emilia-Romagna,44.295555,10.570198
Guiglia,Emilia-Romagna,44.424132,10.962119
Lama Mocogno,Emilia-Romagna,44.307263,10.731777
Maranello,Emilia-Romagna,44.525522,10.866361
Marano sul Panaro,Emilia-Romagna,44.455898,10.966384
Medolla,Emilia-Romagna,44.846673,11.067600
Mirandola,Emilia-Romagna,44.887207,11.066106
Modena,Emilia-Romagna,44.538473,10.935961
Montecreto,Emilia-Romagna,44.245955,10.717602
Montefiorino,Emilia-Romagna,44.352857,10.625599
Montese,Emilia-Romagna,44.268506,10.941189
Nonantola,Emilia-Romagna,44.677608,11.043624
Novi di Modena,Emilia-Romagna,44.893439,10.901254
Palagano,Emilia-Romagna,44.320957,10.646100
Pavullo nel Frignano,Emilia-Romagna,44.339694,10.834113
Pievepelago,Emilia-Romagna,44.204754,10.616601
Polinago,Emilia-Romagna,44.344758,10.723501
Prignano sulla Secchia,Emilia-Romagna,44.438360,10.691899
Ravarino,Emilia-Romagna,44.721170,11.098403
Riolunato,Emilia-Romagna,44.229974,10.651565
San Cesario sul Panaro,Emilia-Romagna,44.561136,11.033218
San Felice sul Panaro,Emilia-Romagna,44.839415,11.143165
San Possidonio,Emilia-Romagna,44.892089,10.996136
San Prospero,Emilia-Romagna,44.789671,11.022100
Sassuolo,Emilia-Romagna,44.540977,10.782902
Savignano sul Panaro,Emilia-Romagna,44.480538,11.035109
Serramazzoni,Emilia-Romagna,44.422462,10.789147
Sestola,Emilia-Romagna,44.230455,10.771404
Soliera,Emilia-Romagna,44.738103,10.924393
Spilamberto,Emilia-Romagna,44.533413,11.024083
Vignola,Emilia-Romagna,44.478414,11.009093
Zocca,Emilia-Romagna,44.347264,10.990407
Anzola dell'Emilia,Emilia-Romagna,44.546684,11.193326
Argelato,Emilia-Romagna,44.641570,11.347810
Baricella,Emilia-Romagna,44.646165,11.533295
Bentivoglio,Emilia-Romagna,44.635792,11.417193
Bologna,Emilia-Romagna,44.493758,11.343031
Borgo Tossignano,Emilia-Romagna,44.275690,11.589844
Budrio,Emilia-Romagna,44.537863,11.535498
Calderara di Reno,Emilia-Romagna,44.563052,11.271693
Camugnano,Emilia-Romagna,44.170457,11.088812
Casalecchio di Reno,Emilia-Romagna,44.476018,11.275686
Casalfiumanese,Emilia-Romagna,44.296864,11.624022
Castel d'Aiano,Emilia-Romagna,44.275859,10.999408
Castel del Rio,Emilia-Romagna,44.214292,11.504082
Castel di Casio,Emilia-Romagna,44.162956,11.035811
Castel Guelfo di Bologna,Emilia-Romagna,44.431140,11.677410
Castello d'Argile,Emilia-Romagna,44.681321,11.296169
Castel Maggiore,Emilia-Romagna,44.575685,11.364810
Castel San Pietro Terme,Emilia-Romagna,44.401270,11.585499
Castenaso,Emilia-Romagna,44.508870,11.469811
Castiglione dei Pepoli,Emilia-Romagna,44.142505,11.166508
Crevalcore,Emilia-Romagna,44.720570,11.149804
Dozza,Emilia-Romagna,44.359391,11.628879
Fontanelice,Emilia-Romagna,44.260098,11.559736
Gaggio Montano,Emilia-Romagna,44.196956,10.932908
Galliera,Emilia-Romagna,44.749163,11.426533
Granarolo dell'Emilia,Emilia-Romagna,44.553210,11.443208
Grizzana Morandi,Emilia-Romagna,44.257360,11.152890
Imola,Emilia-Romagna,44.353514,11.714123
Lizzano in Belvedere,Emilia-Romagna,44.161829,10.894044
Loiano,Emilia-Romagna,44.266157,11.325534
Malalbergo,Emilia-Romagna,44.718674,11.532212
Marzabotto,Emilia-Romagna,44.340988,11.204782
Medicina,Emilia-Romagna,44.476674,11.638338
Minerbio,Emilia-Romagna,44.624199,11.490697
Molinella,Emilia-Romagna,44.620853,11.670237
Monghidoro,Emilia-Romagna,44.219859,11.318747
Monterenzio,Emilia-Romagna,44.326882,11.406144
Monte San Pietro,Emilia-Romagna,44.428404,11.151220
Monzuno,Emilia-Romagna,44.279263,11.266408
Mordano,Emilia-Romagna,44.397426,11.810857
Ozzano dell'Emilia,Emilia-Romagna,44.444980,11.476050
Pianoro,Emilia-Romagna,44.392964,11.342314
Pieve di Cento,Emilia-Romagna,44.713209,11.306598
Sala Bolognese,Emilia-Romagna,44.629603,11.272748
San Benedetto Val di Sambro,Emilia-Romagna,44.215259,11.232914
San Giorgio di Piano,Emilia-Romagna,44.646793,11.375449
San Giovanni in Persiceto,Emilia-Romagna,44.638978,11.187131
San Lazzaro di Savena,Emilia-Romagna,44.471567,11.404859
San Pietro in Casale,Emilia-Romagna,44.699052,11.402926
Sant'Agata Bolognese,Emilia-Romagna,44.664169,11.134004
Sasso Marconi,Emilia-Romagna,44.399632,11.247554
Vergato,Emilia-Romagna,44.282660,11.107310
Zola Predosa,Emilia-Romagna,44.489665,11.218309
Valsamoggia,Emilia-Romagna,44.439824,11.059275
Alto Reno Terme,Emilia-Romagna,44.123954,10.937306
Argenta,Emilia-Romagna,44.614338,11.833842
Bondeno,Emilia-Romagna,44.886177,11.410807
Cento,Emilia-Romagna,44.727440,11.290303
Codigoro,Emilia-Romagna,44.831581,12.109524
Comacchio,Emilia-Romagna,44.696379,12.180427
Copparo,Emilia-Romagna,44.894183,11.827889
Ferrara,Emilia-Romagna,44.766764,11.827939
Jolanda di Savoia,Emilia-Romagna,44.882408,11.979349
Lagosanto,Emilia-Romagna,44.761980,12.142825
Masi Torello,Emilia-Romagna,44.794578,11.801817
Mesola,Emilia-Romagna,44.920782,12.229224
Ostellato,Emilia-Romagna,44.745678,11.943521
Poggio Renatico,Emilia-Romagna,44.765974,11.490111
Portomaggiore,Emilia-Romagna,44.699258,11.804078
Vigarano Mainarda,Emilia-Romagna,44.843422,11.494436
Voghiera,Emilia-Romagna,44.759074,11.751132
Goro,Emilia-Romagna,44.850883,12.294927
Fiscaglia,Emilia-Romagna,44.794133,12.029515
Terre del Reno,Emilia-Romagna,44.812155,11.404388
Riva del Po,Emilia-Romagna,44.960470,11.894394
Tresignana,Emilia-Romagna,44.828937,11.878917
Alfonsine,Emilia-Romagna,44.505385,12.041180
Bagnacavallo,Emilia-Romagna,44.416148,11.976550
Bagnara di Romagna,Emilia-Romagna,44.389169,11.826451
Brisighella,Emilia-Romagna,44.222140,11.772226
Casola Valsenio,Emilia-Romagna,44.223187,11.623110
Castel Bolognese,Emilia-Romagna,44.320487,11.799258
Cervia,Emilia-Romagna,44.260984,12.349546
Conselice,Emilia-Romagna,44.512758,11.829174
Cotignola,Emilia-Romagna,44.383843,11.940217
Faenza,Emilia-Romagna,44.285556,11.883205
Fusignano,Emilia-Romagna,44.467503,11.960192
Lugo,Emilia-Romagna,44.418878,11.908231
Massa Lombarda,Emilia-Romagna,44.447386,11.826091
Ravenna,Emilia-Romagna,44.364061,12.059009
Riolo Terme,Emilia-Romagna,44.277084,11.724520
Russi,Emilia-Romagna,44.370054,12.030417
Sant'Agata sul Santerno,Emilia-Romagna,44.442170,11.860124
Solarolo,Emilia-Romagna,44.360368,11.844525
Bagno di Romagna,Emilia-Romagna,43.835227,11.959598
Bertinoro,Emilia-Romagna,44.148665,12.134235
Borghi,Emilia-Romagna,44.031591,12.354389
Castrocaro Terme e Terra del Sole,Emilia-Romagna,44.182365,11.955631
Cesena,Emilia-Romagna,44.136352,12.242244
Cesenatico,Emilia-Romagna,44.199928,12.396969
Civitella di Romagna,Emilia-Romagna,44.007171,11.941346
Dovadola,Emilia-Romagna,44.122574,11.888255
Forlì,Emilia-Romagna,44.222728,12.041273
Forlimpopoli,Emilia-Romagna,44.187305,12.125906
Galeata,Emilia-Romagna,43.996663,11.912006
Gambettola,Emilia-Romagna,44.116946,12.338764
Gatteo,Emilia-Romagna,44.109466,12.386042
Longiano,Emilia-Romagna,44.074378,12.327473
Meldola,Emilia-Romagna,44.126721,12.061153
Mercato Saraceno,Emilia-Romagna,43.956744,12.195766
Modigliana,Emilia-Romagna,44.161163,11.793528
Montiano,Emilia-Romagna,44.082965,12.304440
Portico e San Benedetto,Emilia-Romagna,44.003714,11.720184
Predappio,Emilia-Romagna,44.102215,11.981620
Premilcuore,Emilia-Romagna,43.975908,11.777527
Rocca San Casciano,Emilia-Romagna,44.059096,11.842061
Roncofreddo,Emilia-Romagna,44.042240,12.318260
San Mauro Pascoli,Emilia-Romagna,44.106463,12.414898
Santa Sofia,Emilia-Romagna,43.947267,11.908451
Sarsina,Emilia-Romagna,43.918758,12.143258
Savignano sul Rubicone,Emilia-Romagna,44.092512,12.399131
Sogliano al Rubicone,Emilia-Romagna,44.004663,12.300541
Tredozio,Emilia-Romagna,44.081042,11.744208
Verghereto,Emilia-Romagna,43.792956,12.003938
Bellaria-Igea Marina,Emilia-Romagna,44.142108,12.469694
Cattolica,Emilia-Romagna,43.963993,12.744152
Coriano,Emilia-Romagna,43.965186,12.602374
Gemmano,Emilia-Romagna,43.904162,12.583058
Misano Adriatico,Emilia-Romagna,43.977495,12.698695
Mondaino,Emilia-Romagna,43.855706,12.671392
Montefiore Conca,Emilia-Romagna,43.890236,12.610315
Montegridolfo,Emilia-Romagna,43859.000000,12.688511
Morciano di Romagna,Emilia-Romagna,43.913748,12.646067
Riccione,Emilia-Romagna,43.998274,12.647437
Rimini,Emilia-Romagna,43.947098,12.630769
Saludecio,Emilia-Romagna,43.872685,12.668507
San Clemente,Emilia-Romagna,43.932205,12.625693
San Giovanni in Marignano,Emilia-Romagna,43.938668,12.712494
Santarcangelo di Romagna,Emilia-Romagna,44.063382,12.446702
Verucchio,Emilia-Romagna,43.983611,12.421163
Casteldelci,Emilia-Romagna,43.791150,12.155126
Maiolo,Emilia-Romagna,43.873960,12.311144
Novafeltria,Emilia-Romagna,43.895727,12.290398
Pennabilli,Emilia-Romagna,43.817054,12.265276
San Leo,Emilia-Romagna,43.896961,12.343644
Sant'Agata Feltria,Emilia-Romagna,43.864302,12.207999
Talamello,Emilia-Romagna,43.904990,12.285898
Poggio Torriana,Emilia-Romagna,43.999848,12.392660
Montescudo-Monte Colombo,Emilia-Romagna,43.931376,12.542230
Aulla,Toscana,44.214548,9.967787
Carrara,Toscana,44.079180,10.102353
Casola in Lunigiana,Toscana,44.199961,10.175460
Filattiera,Toscana,44.330791,9.934823
Fosdinovo,Toscana,44.133820,10.018869
Massa,Toscana,44.035932,10.139552
Montignoso,Toscana,44.024050,10.172591
Mulazzo,Toscana,44.315926,9.889626
Podenzana,Toscana,44.206248,9.941986
Pontremoli,Toscana,44.375151,9.878882
Tresana,Toscana,44.254248,9.912885
Villafranca in Lunigiana,Toscana,44.294670,9.949656
Zeri,Toscana,44.353717,9.763228
Altopascio,Toscana,43.815041,10.674396
Bagni di Lucca,Toscana,44.009982,10.590633
Borgo a Mozzano,Toscana,43.978948,10.545703
Camaiore,Toscana,43.938061,10.303955
Camporgiano,Toscana,44.158056,10.335151
Capannori,Toscana,43.842039,10.573525
Careggine,Toscana,44.119949,10.325396
Castelnuovo di Garfagnana,Toscana,44.110022,10.411786
Castiglione di Garfagnana,Toscana,44.149950,10.410897
Coreglia Antelminelli,Toscana,44.063653,10.525509
Forte dei Marmi,Toscana,43.959589,10.169939
Fosciandora,Toscana,44.116476,10.459489
Gallicano,Toscana,44.060651,10.435668
Lucca,Toscana,44.017764,10.454430
Massarosa,Toscana,43.867650,10.339716
Minucciano,Toscana,44.170449,10.207592
Molazzana,Toscana,44.071749,10.417799
Montecarlo,Toscana,43.851186,10.667621
Pescaglia,Toscana,43.966246,10.411100
Piazza al Serchio,Toscana,44.183484,10.300924
Pietrasanta,Toscana,43.958903,10.233203
Pieve Fosciana,Toscana,44.132270,10.410797
Porcari,Toscana,43.840902,10.617621
San Romano in Garfagnana,Toscana,44.169669,10.347051
Seravezza,Toscana,43.994721,10.225772
Stazzema,Toscana,44.011555,10.313534
Vagli Sotto,Toscana,44.109248,10.288795
Viareggio,Toscana,43.867239,10.250605
Villa Basilica,Toscana,43.927516,10.644575
Villa Collemandina,Toscana,44.158759,10.397742
Fabbriche di Vergemoli,Toscana,44.014836,10.391052
Sillano Giuncugnano,Toscana,44.254506,10.315717
Agliana,Toscana,43.903816,11.003396
Buggiano,Toscana,43.899935,10.726569
Lamporecchio,Toscana,43.816380,10.896283
Larciano,Toscana,43.825040,10.856367
Marliana,Toscana,43.933700,10.769276
Massa e Cozzile,Toscana,43.917410,10.753727
Monsummano Terme,Toscana,43.870744,10.814016
Montale,Toscana,43.935240,11.015879
Montecatini-Terme,Toscana,43.883179,10.770953
Pescia,Toscana,43.901710,10.689781
Pieve a Nievole,Toscana,43.879112,10.796112
Pistoia,Toscana,43.974096,10.868708
Ponte Buggianese,Toscana,43.840935,10.747548
Quarrata,Toscana,43.847500,10.977701
Sambuca Pistoiese,Toscana,44.054873,11.002508
Serravalle Pistoiese,Toscana,43.905850,10.833020
Uzzano,Toscana,43.892628,10.706057
Chiesina Uzzanese,Toscana,43.839100,10.719342
Abetone Cutigliano,Toscana,44.124864,10.711228
San Marcello Piteglio,Toscana,44.067673,10.812002
Bagno a Ripoli,Toscana,43.752172,11.319995
Barberino di Mugello,Toscana,44.000541,11.238381
Borgo San Lorenzo,Toscana,43.954248,11.386468
Calenzano,Toscana,43.865249,11.167368
Capraia e Limite,Toscana,43.759563,10.999700
Castelfiorentino,Toscana,43.605607,10.971248
Cerreto Guidi,Toscana,43.758922,10.879013
Certaldo,Toscana,43.547853,11.041199
Empoli,Toscana,43.719488,10.945856
Fiesole,Toscana,43.806669,11.293074
Firenze,Toscana,43.769871,11.255576
Firenzuola,Toscana,44.119079,11.379227
Fucecchio,Toscana,43.729202,10.808205
Gambassi Terme,Toscana,43.539113,10.954075
Greve in Chianti,Toscana,43.582460,11.316873
Impruneta,Toscana,43.685345,11.254664
Lastra a Signa,Toscana,43.770985,11.107215
Londa,Toscana,43.860567,11.566812
Marradi,Toscana,44.075738,11.612896
Montaione,Toscana,43.552937,10.912773
Montelupo Fiorentino,Toscana,43.733153,11.020877
Montespertoli,Toscana,43.643550,11.075141
Palazzuolo sul Senio,Toscana,44.112297,11.547740
Pelago,Toscana,43.771824,11.504630
Pontassieve,Toscana,43.775426,11.439991
Reggello,Toscana,43.683088,11.536896
Rignano sull'Arno,Toscana,43.721050,11.451427
Rufina,Toscana,43.826668,11.490078
San Casciano in Val di Pesa,Toscana,43.656960,11.185668
San Godenzo,Toscana,43.925556,11.618428
Scandicci,Toscana,43.756710,11.184762
Sesto Fiorentino,Toscana,43.831721,11.199224
Signa,Toscana,43.780693,11.096453
Vaglia,Toscana,43.907149,11.281814
Vicchio,Toscana,43.933235,11.465290
Vinci,Toscana,43.787397,10.927106
Figline e Incisa Valdarno,Toscana,43.630795,11.462946
Scarperia e San Piero,Toscana,44.010965,11.331350
Barberino Tavarnelle,Toscana,43.545562,11.204681
Bibbona,Toscana,43.269784,10.597270
Campiglia Marittima,Toscana,43.060628,10.615496
Campo nell'Elba,Toscana,42.758772,10.198970
Capoliveri,Toscana,42.743452,10.378780
Capraia Isola,Toscana,43.048180,9.843401
Castagneto Carducci,Toscana,43.160742,10.611006
Cecina,Toscana,43.311345,10.517344
Collesalvetti,Toscana,43.588912,10.476264
Livorno,Toscana,42.790219,10.340281
Marciana,Toscana,42.789422,10.168535
Marciana Marina,Toscana,42.803608,10.196768
Piombino,Toscana,42.923166,10.526819
Porto Azzurro,Toscana,42.766298,10.395753
Portoferraio,Toscana,42.811582,10.313053
Rosignano Marittimo,Toscana,43.406786,10.473366
San Vincenzo,Toscana,43.100695,10.538791
Sassetta,Toscana,43.128991,10.643908
Suvereto,Toscana,43.079015,10.678681
Rio,Toscana,42.832548,10.411777
Bientina,Toscana,43.710184,10.620321
Buti,Toscana,43.727302,10.587717
Calci,Toscana,43.725799,10.515281
Calcinaia,Toscana,43.683201,10.615308
Capannoli,Toscana,43.586731,10.674457
Casale Marittimo,Toscana,43.297061,10.615308
Cascina,Toscana,43.676674,10.549224
Castelfranco di Sotto,Toscana,43.699715,10.745178
Castellina Marittima,Toscana,43.412569,10.576177
Castelnuovo di Val di Cecina,Toscana,43.207998,10.906051
Chianni,Toscana,43.486120,10.642362
Fauglia,Toscana,43.570638,10.514409
Guardistallo,Toscana,43.312708,10.632840
Lajatico,Toscana,43.475418,10.728284
Montecatini Val di Cecina,Toscana,43.392816,10.749093
Montescudaio,Toscana,43.326278,10.626995
Monteverdi Marittimo,Toscana,43.177439,10.714408
Montopoli in Val d'Arno,Toscana,43.670299,10.760832
Orciano Pisano,Toscana,43.494436,10.511510
Palaia,Toscana,43.605041,10.772014
Peccioli,Toscana,43.548027,10.720848
Pisa,Toscana,43.715940,10.401862
Pomarance,Toscana,43.299237,10.872401
Ponsacco,Toscana,43.620713,10.630829
Pontedera,Toscana,43.663454,10.635485
Riparbella,Toscana,43.364625,10.599529
San Miniato,Toscana,43.679750,10.850095
Santa Croce sull'Arno,Toscana,43.710108,10.781941
Santa Luce,Toscana,43.472336,10.563512
Santa Maria a Monte,Toscana,43.698064,10.692998
Terricciola,Toscana,43.524738,10.680114
Vecchiano,Toscana,43.783342,10.384403
Vicopisano,Toscana,43.699832,10.584695
Volterra,Toscana,43.400337,10.860019
Casciana Terme Lari,Toscana,43.552159,10.594206
Crespina Lorenzana,Toscana,43.587912,10.554653
Anghiari,Toscana,43.540966,12.054582
Arezzo,Toscana,43.517202,11.763879
Badia Tedalda,Toscana,43.709208,12.184876
Bibbiena,Toscana,43.695548,11.817341
Bucine,Toscana,43.479199,11.616975
Capolona,Toscana,43.563998,11.858786
Caprese Michelangelo,Toscana,43.639852,11.984840
Castel Focognano,Toscana,43.654028,11.788439
Castel San Niccolò,Toscana,43.722917,11.656598
Castiglion Fibocchi,Toscana,43.527965,11.763176
Castiglion Fiorentino,Toscana,43.341715,11.923780
Cavriglia,Toscana,43.521874,11.488972
Chitignano,Toscana,43.662352,11.881338
Chiusi della Verna,Toscana,43.695024,11.938632
Civitella in Val di Chiana,Toscana,43.402527,11.735586
Cortona,Toscana,43.275298,11.985062
Foiano della Chiana,Toscana,43.252454,11.818760
Loro Ciuffenna,Toscana,43.592286,11.633007
Lucignano,Toscana,43.274463,11746.000000
Marciano della Chiana,Toscana,43.305227,11.786366
Montemignaio,Toscana,43.739895,11.620012
Monterchi,Toscana,43.485631,12.111681
Monte San Savino,Toscana,43.331423,11.725351
Montevarchi,Toscana,43.523500,11.567591
Ortignano Raggiolo,Toscana,43.672777,11.715607
Pieve Santo Stefano,Toscana,43.669357,12.041589
Poppi,Toscana,43.722760,11.766070
San Giovanni Valdarno,Toscana,43.564930,11.530595
Sansepolcro,Toscana,43.570078,12.140377
Sestino,Toscana,43.708350,12.296534
Talla,Toscana,43.601541,11.788020
Terranuova Bracciolini,Toscana,43.551208,11.585827
Castelfranco Piandiscò,Toscana,43.639512,11.564623
Pratovecchio Stia,Toscana,43.822039,11.699291
Laterina Pergine Valdarno,Toscana,43.492534,11.688080
Abbadia San Salvatore,Toscana,42.880972,11.672420
Asciano,Toscana,43.234857,11.559460
Buonconvento,Toscana,43.137583,11.481320
Casole d'Elsa,Toscana,43.341697,11.042949
Castellina in Chianti,Toscana,43.469179,11.287286
Castelnuovo Berardenga,Toscana,43.346341,11.503334
Castiglione d'Orcia,Toscana,43.007117,11.615541
Cetona,Toscana,42.964739,11.900411
Chianciano Terme,Toscana,43.058255,11.828429
Chiusdino,Toscana,43.154634,11.084228
Chiusi,Toscana,43.016047,11.947524
Colle di Val d'Elsa,Toscana,43.422646,11.126394
Gaiole in Chianti,Toscana,43.468295,11.434200
Montepulciano,Toscana,43.092723,11.780972
Monteriggioni,Toscana,43.390059,11.223389
Monteroni d'Arbia,Toscana,43.229334,11.420933
Monticiano,Toscana,43.139670,11.180126
Murlo,Toscana,43.160765,11.387924
Piancastagnaio,Toscana,42.848967,11.692881
Pienza,Toscana,43.076546,11.678908
Poggibonsi,Toscana,43.465028,11.148337
Radda in Chianti,Toscana,43.487052,11.374700
Radicofani,Toscana,42.896507,11.769706
Radicondoli,Toscana,43.261250,11.042082
Rapolano Terme,Toscana,43.287251,11.602927
San Casciano dei Bagni,Toscana,42.871756,11.874953
San Gimignano,Toscana,43.467799,11.043212
San Quirico d'Orcia,Toscana,43.059335,11.604409
Sarteano,Toscana,42.989911,11.868732
Siena,Toscana,43.167225,11.467181
Sinalunga,Toscana,43.212124,11.736483
Sovicille,Toscana,43.280602,11.228176
Torrita di Siena,Toscana,43.166760,11.771647
Trequanda,Toscana,43.188939,11.667385
Montalcino,Toscana,43.058300,11.490066
Arcidosso,Toscana,42.871631,11.538343
Campagnatico,Toscana,42.883729,11.273537
Capalbio,Toscana,42.454879,11.419515
Castel del Piano,Toscana,42.893235,11.538380
Castell'Azzara,Toscana,42.771630,11.699248
Castiglione della Pescaia,Toscana,42.763930,10.879092
Cinigiano,Toscana,42.890407,11.392892
Civitella Paganico,Toscana,43.024126,11.289310
Follonica,Toscana,42.926326,10.761625
Gavorrano,Toscana,42.925374,10.905803
Grosseto,Toscana,42.775110,11.287804
Isola del Giglio,Toscana,42.353169,10.896463
Magliano in Toscana,Toscana,42.599442,11.291739
Manciano,Toscana,42.587336,11.515988
Massa Marittima,Toscana,43.050103,10.888059
Monte Argentario,Toscana,42.407352,11.150384
Montieri,Toscana,43.130677,11.016279
Orbetello,Toscana,42.438094,11.210743
Pitigliano,Toscana,42.634827,11.673549
Roccalbegna,Toscana,42.785975,11.507682
Roccastrada,Toscana,43.009931,11.166532
Santa Fiora,Toscana,42.831581,11.585866
Scansano,Toscana,42.688369,11.335453
Scarlino,Toscana,42.907402,10.851975
Seggiano,Toscana,42.928832,11.558242
Sorano,Toscana,42.681466,11.713572
Monterotondo Marittimo,Toscana,43.145553,10.855834
Semproniano,Toscana,42.730658,11.540346
Cantagallo,Toscana,44.022193,11.079774
Carmignano,Toscana,43.814065,11.019030
Montemurlo,Toscana,43.926966,11.037440
Poggio a Caiano,Toscana,43.816089,11.054650
Prato,Toscana,43.935718,11.094147
Vaiano,Toscana,43.969012,11.124072
Vernio,Toscana,44.044051,11.149880
Assisi,Umbria,43.071195,12.614667
Bastia Umbra,Umbria,43.067755,12.549582
Bettona,Umbria,43.013614,12.484756
Bevagna,Umbria,42.934075,12.609121
Campello sul Clitunno,Umbria,42.822868,12.776263
Cannara,Umbria,42.994742,12.579363
Cascia,Umbria,42.717008,13.013502
Castel Ritaldi,Umbria,42.823260,12.672287
Castiglione del Lago,Umbria,43.127141,12.045250
Cerreto di Spoleto,Umbria,42.821042,12.917629
Citerna,Umbria,43.498407,12.115516
Città della Pieve,Umbria,42.952734,12.004326
Città di Castello,Umbria,43.457421,12.240312
Collazzone,Umbria,42.900468,12.435186
Corciano,Umbria,43.129027,12.287718
Costacciaro,Umbria,43.360409,12.712378
Deruta,Umbria,42.982290,12.419588
Foligno,Umbria,42.956183,12.703334
Fossato di Vico,Umbria,43.297628,12.759880
Fratta Todina,Umbria,42.857978,12.364672
Giano dell'Umbria,Umbria,42.833467,12.577711
Gualdo Cattaneo,Umbria,42.909409,12.555816
Gualdo Tadino,Umbria,43.231652,12.780962
Gubbio,Umbria,43.351788,12.577267
Lisciano Niccone,Umbria,43.246844,12.143050
Magione,Umbria,43.142737,12.203496
Massa Martana,Umbria,42.773137,12.524966
Monte Castello di Vibio,Umbria,42.840694,12.352286
Montefalco,Umbria,42.891874,12.650067
Monteleone di Spoleto,Umbria,42.651006,12.951560
Monte Santa Maria Tiberina,Umbria,43.437781,12.162544
Montone,Umbria,43.362337,12.326328
Nocera Umbra,Umbria,43.113619,12.788608
Norcia,Umbria,42.792412,13.092928
Paciano,Umbria,43.022434,12.070523
Panicale,Umbria,43.029059,12.098364
Passignano sul Trasimeno,Umbria,43.184742,12.136838
Perugia,Umbria,43.107032,12.402996
Piegaro,Umbria,42.969772,12.086347
Pietralunga,Umbria,43.442205,12.437194
Poggiodomo,Umbria,42.711239,12.933876
Preci,Umbria,42.878489,13.039082
San Giustino,Umbria,43.548980,12.175830
Sant'Anatolia di Narco,Umbria,42.733758,12.835586
Scheggia e Pascelupo,Umbria,43.418266,12.712678
Scheggino,Umbria,42.712556,12.831366
Sellano,Umbria,42.888409,12.926329
Sigillo,Umbria,43.331350,12.742284
Spello,Umbria,42.990945,12.671775
Spoleto,Umbria,42.735512,12.736336
Todi,Umbria,42.782443,12.406255
Torgiano,Umbria,43.028542,12.441360
Trevi,Umbria,42.877497,12.747455
Tuoro sul Trasimeno,Umbria,43.206848,12.074615
Umbertide,Umbria,43.305636,12.336622
Valfabbrica,Umbria,43.158897,12.600896
Vallo di Nera,Umbria,42.754621,12.863760
Valtopina,Umbria,43.058283,12.754656
Acquasparta,Umbria,42.691172,12.546451
Allerona,Umbria,42.812033,11.973053
Alviano,Umbria,42.588208,12.295936
Arrone,Umbria,42.583433,12.769865
Attigliano,Umbria,42.514334,12.292508
Baschi,Umbria,42.670284,12.216135
Calvi dell'Umbria,Umbria,42.403124,12.567432
Castel Giorgio,Umbria,42.707894,11.979391
Castel Viscardo,Umbria,42.754674,12.001303
Fabro,Umbria,42.863480,12.012882
Ferentillo,Umbria,42.620768,12.788726
Ficulle,Umbria,42.836274,12.065609
Giove,Umbria,43.081478,12.775591
Guardea,Umbria,42.623382,12.297664
Lugnano in Teverina,Umbria,42.574226,12.330785
Montecastrilli,Umbria,42.652434,12.488567
Montecchio,Umbria,42.663533,12.286862
Montefranco,Umbria,42.597735,12.765260
Montegabbione,Umbria,42.921006,12.092364
Monteleone d'Orvieto,Umbria,42.918494,12.051145
Narni,Umbria,42.519589,12.515226
Orvieto,Umbria,42.718615,12.108791
Otricoli,Umbria,42.423023,12.477686
Parrano,Umbria,42.863933,12.106128
Penna in Teverina,Umbria,42.492952,12.355648
Polino,Umbria,42.584824,12.842802
Porano,Umbria,42.681710,12.102062
San Gemini,Umbria,42.612701,12.546505
San Venanzo,Umbria,42.869337,12.269859
Stroncone,Umbria,42.502332,12.659973
Terni,Umbria,42.653752,12.439812
Avigliano Umbro,Umbria,42.654834,12.426165
Acqualagna,Marche,43.625884,12.675974
Apecchio,Marche,43.558554,12.420951
Belforte all'Isauro,Marche,43.716553,12.376048
Borgo Pace,Marche,43.657084,12.293588
Cagli,Marche,43.545737,12.651788
Cantiano,Marche,43.474309,12.628815
Carpegna,Marche,43.781434,12.336446
Cartoceto,Marche,43.765663,12.883458
Fano,Marche,43.842417,13.014663
Fermignano,Marche,43.676758,12.645373
Fossombrone,Marche,43.690797,12.812612
Fratte Rosa,Marche,43.631954,12.901843
Frontino,Marche,43.764558,12.376747
Frontone,Marche,43.513723,12.734482
Gabicce Mare,Marche,43.966874,12.756310
Gradara,Marche,43.938866,12.771253
Isola del Piano,Marche,43.737761,12.784057
Lunano,Marche,43.730475,12.441417
Macerata Feltria,Marche,43.803364,12.443415
Mercatello sul Metauro,Marche,43.647355,12.336648
Mercatino Conca,Marche,43.870162,12.491148
Mombaroccio,Marche,43.795063,12.854757
Mondavio,Marche,43.674205,12.968771
Mondolfo,Marche,43.750769,13.096891
Montecalvo in Foglia,Marche,43.811562,12.631052
Monte Cerignone,Marche,43.840460,12.414747
Montecopiolo,Emilia-Romagna,43.891962,12.510183
Montefelcino,Marche,43.734761,12.833958
Monte Grimano Terme,Marche,43.867661,12.471247
Montelabbate,Marche,43.848864,12.787955
Monte Porzio,Marche,43.689697,13.045690
Peglio,Marche,43.696458,12.497851
Pergola,Marche,43.563210,12.836317
Pesaro,Marche,43.909811,12.913123
Petriano,Marche,43.779162,12.733355
Piandimeleto,Marche,43.724158,12.411048
Pietrarubbia,Marche,43.797747,12.382665
Piobbico,Marche,43.589272,12.509430
San Costanzo,Marche,43.766164,13.072763
San Lorenzo in Campo,Marche,43.604117,12.945724
Sant'Angelo in Vado,Marche,43.663161,12.405361
Sant'Ippolito,Marche,43.685715,12.871689
Serra Sant'Abbondio,Marche,43.491387,12.772197
Tavoleto,Marche,43.843850,12.593924
Tavullia,Marche,43.897756,12.754790
Urbania,Marche,43.668257,12.524113
Urbino,Marche,43.726261,12.636314
Vallefoglia,Marche,43.828405,12.724700
Colli al Metauro,Marche,43.742315,12.908919
Terre Roveresche,Marche,43.700587,12.957708
Sassocorvaro Auditore,Marche,43.810262,12.540175
Agugliano,Marche,43.543375,13.386587
Ancona,Marche,43.480120,13.218791
Arcevia,Marche,43.499450,12.940096
Barbara,Marche,43.581154,13.026481
Belvedere Ostrense,Marche,43.580495,13.166127
Camerano,Marche,43.531268,13.551574
Camerata Picena,Marche,43.578135,13.352735
Castelbellino,Marche,43.486758,13.144668
Castelfidardo,Marche,43.464574,13.546700
Castelleone di Suasa,Marche,43.607765,12.976126
Castelplanio,Marche,43.493058,13.081867
Cerreto d'Esi,Marche,43.316789,12.987124
Chiaravalle,Marche,43.602662,13.324571
Corinaldo,Marche,43.648816,13.047659
Cupramontana,Marche,43.445554,13.115600
Fabriano,Marche,43.335841,12.904619
Falconara Marittima,Marche,43.629397,13.396676
Filottrano,Marche,43.436659,13.354474
Genga,Marche,43.429655,12.934965
Jesi,Marche,43.521980,13.244376
Loreto,Marche,43.439498,13.607021
Maiolati Spontini,Marche,43.477658,13.121768
Mergo,Marche,43.472357,13.036766
Monsano,Marche,43.562561,13.250070
Montecarotto,Marche,43.526311,13.063010
Montemarciano,Marche,43.638863,13.307470
Monte Roberto,Marche,43.481350,13.138378
Monte San Vito,Marche,43.600562,13.268170
Morro d'Alba,Marche,43.601097,13.213846
Numana,Marche,43.510344,13.622637
Offagna,Marche,43.527682,13.441472
Osimo,Marche,43.486136,13.482407
Ostra,Marche,43.612527,13.158061
Ostra Vetere,Marche,43.603749,13.058186
Poggio San Marcello,Marche,43.511158,13.073667
Polverigi,Marche,43.525561,13.392073
Rosora,Marche,43.483258,13.068867
San Marcello,Marche,43.576061,13.206068
San Paolo di Jesi,Marche,43.454558,13.172770
Santa Maria Nuova,Marche,43.494060,13.311672
Sassoferrato,Marche,43.432655,12.857263
Senigallia,Marche,43.714906,13.217742
Serra de' Conti,Marche,43.543310,13.037191
Serra San Quirico,Marche,43.447683,13.013860
Sirolo,Marche,43.524689,13.617846
Staffolo,Marche,43.433074,13.186200
Trecastelli,Marche,43.686813,13.109822
Apiro,Marche,43.392256,13.131157
Appignano,Marche,43.363732,13.346596
Belforte del Chienti,Marche,43.162552,13.245376
Bolognola,Marche,42.994056,13.227769
Caldarola,Marche,43.138534,13.224835
Camerino,Marche,43.135764,13.068309
Camporotondo di Fiastrone,Marche,43.132451,13.265977
Castelraimondo,Marche,43.208151,13.053671
Castelsantangelo sul Nera,Marche,42.894492,13.153930
Cessapalombo,Marche,43.108789,13.258026
Cingoli,Marche,43.373841,13.216313
Civitanova Marche,Marche,43.305523,13.722930
Colmurano,Marche,43.163850,13.356982
Corridonia,Marche,43.248458,13.509212
Esanatoglia,Marche,43.252208,12.947827
Fiastra,Marche,43.036141,13.155455
Fiuminata,Marche,43.187450,12.932168
Gagliole,Marche,43.238301,13.067304
Gualdo,Marche,43.066828,13.341016
Loro Piceno,Marche,43.166120,13.416403
Macerata,Marche,43.152978,13.150882
Matelica,Marche,43.256560,13.010514
Mogliano,Marche,43.186461,13.480970
Montecassiano,Marche,43.363832,13.435709
Monte Cavallo,Marche,42.955117,12.973869
Montecosaro,Marche,43.317009,13.635306
Montefano,Marche,43.411159,13.438376
Montelupone,Marche,43.344190,13.567594
Monte San Giusto,Marche,43.236431,13.595124
Monte San Martino,Marche,43.031950,13.438682
Morrovalle,Marche,43.314553,13.579508
Muccia,Marche,43.081701,13.042968
Penna San Giovanni,Marche,43.056915,13.425452
Petriolo,Marche,43.221693,13.465335
Pieve Torina,Marche,43.043287,13.048911
Pioraco,Marche,43.179050,12.985670
Poggio San Vicino,Marche,43.375155,13.079069
Pollenza,Marche,43.267775,13.347792
Porto Recanati,Marche,43.435082,13.663008
Potenza Picena,Marche,43.366409,13.620695
Recanati,Marche,43.403508,13.548602
Ripe San Ginesio,Marche,43.142983,13.367329
San Ginesio,Marche,43.530090,12.961252
San Severino Marche,Marche,43.229021,13.177966
Sant'Angelo in Pontano,Marche,43.098644,13.396756
Sarnano,Marche,43.035380,13.298310
Sefro,Marche,43.147246,12.948630
Serrapetrona,Marche,43.177430,13.189752
Serravalle di Chienti,Marche,43.071675,12.952386
Tolentino,Marche,43.208755,13.284410
Urbisaglia,Marche,43.196608,13.376571
Ussita,Marche,42.943760,13.137908
Visso,Marche,42.931232,13.087449
Valfornace,Marche,43.066925,13.114974
Acquasanta Terme,Marche,42.769944,13.410185
Acquaviva Picena,Marche,42.944936,13.815114
Appignano del Tronto,Marche,42.898670,13.666387
Arquata del Tronto,Marche,42.772361,13.296583
Ascoli Piceno,Marche,42.883420,13.539593
Carassai,Marche,43.032052,13.684987
Castel di Lama,Marche,42.869382,13.713294
Castignano,Marche,42.939350,13.623987
Castorano,Marche,42.898087,13.728042
Colli del Tronto,Marche,42.876974,13.748355
Comunanza,Marche,42.956852,13.412872
Cossignano,Marche,42.984251,13.689988
Cupra Marittima,Marche,43.025023,13.858764
Folignano,Marche,42.820247,13.634289
Force,Marche,42.963257,13.490948
Grottammare,Marche,42.990497,13.868760
Maltignano,Marche,42.832248,13.687990
Massignano,Marche,43.050650,13.797209
Monsampolo del Tronto,Marche,42.896950,13.793892
Montalto delle Marche,Marche,42.989851,13.609186
Montedinove,Marche,42.970733,13.587305
Montefiore dell'Aso,Marche,43.051895,13.752790
Montegallo,Marche,42.847389,13.343496
Montemonaco,Marche,42.899155,13.326859
Monteprandone,Marche,42.919939,13.834816
Offida,Marche,42.934821,13.691044
Palmiano,Marche,42.899338,13.458377
Ripatransone,Marche,42.996178,13.761796
Roccafluvione,Marche,42.859947,13.476785
Rotella,Marche,42.954173,13.559359
San Benedetto del Tronto,Marche,42.952533,13.880714
Spinetoli,Marche,42.889126,13.772983
Venarotta,Marche,42.882947,13.492285
Altidona,Marche,43.109225,13.799878
Amandola,Marche,42.979965,13.356085
Belmonte Piceno,Marche,43.091441,13.539652
Campofilone,Marche,43.079469,13.814786
Falerone,Marche,43.107052,13.471682
Fermo,Marche,43.092249,13.638768
Francavilla d'Ete,Marche,43.187355,13.540682
Grottazzolina,Marche,43.111711,13.602981
Lapedona,Marche,43.109981,13.772857
Magliano di Tenna,Marche,43.137954,13.587184
Massa Fermana,Marche,43.149772,13.475407
Monsampietro Morico,Marche,43.067752,13.555684
Montappone,Marche,43.136453,13.468481
Montefalcone Appennino,Marche,42.990049,13.456883
Montefortino,Marche,42.943095,13.344831
Monte Giberto,Marche,43.091253,13.630685
Montegiorgio,Marche,43.132253,13.536383
Montegranaro,Marche,43.232523,13.631580
Monteleone di Fermo,Marche,43.047904,13.528534
Montelparo,Marche,43.017838,13.537432
Monte Rinaldo,Marche,43.028260,13.580155
Monterubbiano,Marche,43.084754,13.719887
Monte San Pietrangeli,Marche,43.189355,13.575383
Monte Urano,Marche,43.202656,13.672885
Monte Vidon Combatte,Marche,43.050066,13.631002
Monte Vidon Corrado,Marche,43.120653,13.487582
Montottone,Marche,43.062052,13.590085
Moresco,Marche,43.085554,13.730988
Ortezzano,Marche,43.030052,13.605986
Pedaso,Marche,43.099164,13.840777
Petritoli,Marche,43.067741,13.659214
Ponzano di Fermo,Marche,43.101077,13.656781
Porto San Giorgio,Marche,43.182656,13.793386
Porto Sant'Elpidio,Marche,43.258962,13.756983
Rapagnano,Marche,43.161253,13.592905
Santa Vittoria in Matenano,Marche,43.019379,13.496035
Sant'Elpidio a Mare,Marche,43.234740,13.687852
Servigliano,Marche,43.081621,13.493764
Smerillo,Marche,43.005150,13.444982
Torre San Patrizio,Marche,43.182855,13.612784
Acquapendente,Lazio,42.743996,11.864988
Arlena di Castro,Lazio,42.462824,11.820655
Bagnoregio,Lazio,42.626980,12.090872
Barbarano Romano,Lazio,42.249834,12.067374
Bassano Romano,Lazio,42.218392,12.193006
Bassano in Teverina,Lazio,42.466074,12.313034
Blera,Lazio,42.272522,12.031662
Bolsena,Lazio,42.644107,11.984955
Bomarzo,Lazio,42.481928,12.248764
Calcata,Lazio,42.219726,12.425942
Canepina,Lazio,42.380961,12.233652
Canino,Lazio,42.463963,11.749509
Capodimonte,Lazio,42.546527,11.904755
Capranica,Lazio,42.256492,12.177611
Caprarola,Lazio,42.326625,12.235766
Carbognano,Lazio,42.331625,12.264366
Castel Sant'Elia,Lazio,42.251776,12.371796
Castiglione in Teverina,Lazio,42.644972,12.203898
Celleno,Lazio,42.559768,12.125758
Cellere,Lazio,42.510425,11.771653
Civita Castellana,Lazio,42.295226,12.409170
Civitella d'Agliano,Lazio,42.605362,12.187658
Corchiano,Lazio,42.344926,12.355668
Fabrica di Roma,Lazio,42.335126,12.299767
Faleria,Lazio,42.226179,12.443181
Farnese,Lazio,42.549426,11.725652
Gallese,Lazio,42.373287,12.402804
Gradoli,Lazio,42.643692,11.854888
Graffignano,Lazio,42.574812,12.204398
Grotte di Castro,Lazio,42.674529,11.872253
Ischia di Castro,Lazio,42.544655,11.754014
Latera,Lazio,42.629028,11.827453
Lubriano,Lazio,42.636231,12.108759
Marta,Lazio,42.533911,11.924912
Montalto di Castro,Lazio,42.353460,11.606312
Montefiascone,Lazio,42.537925,12.030997
Monte Romano,Lazio,42.266521,11.893759
Monterosi,Lazio,42.195823,12.308469
Nepi,Lazio,42.242824,12.345570
Onano,Lazio,42.692856,11.816400
Oriolo Romano,Lazio,42.159303,12.138349
Orte,Lazio,42.460598,12.385606
Piansano,Lazio,42.517932,11.828273
Proceno,Lazio,42.757160,11.830261
Ronciglione,Lazio,42.290242,12.213806
Villa San Giovanni in Tuscia,Lazio,42.282669,12.052525
San Lorenzo Nuovo,Lazio,42.686730,11.906653
Soriano nel Cimino,Lazio,42.418761,12.234308
Sutri,Lazio,42.247023,12.215067
Tarquinia,Lazio,42.253239,11.759175
Tessennano,Lazio,42.478206,11.790486
Tuscania,Lazio,42.420214,11.870261
Valentano,Lazio,42.569098,11.818330
Vallerano,Lazio,42.383970,12.262790
Vasanello,Lazio,42.413728,12.346567
Vejano,Lazio,42.216757,12.095202
Vetralla,Lazio,42.320534,12.057500
Vignanello,Lazio,42.383826,12.276766
Viterbo,Lazio,42.493689,11.945068
Vitorchiano,Lazio,42.465427,12.172462
Accumoli,Lazio,42.694141,13.247683
Amatrice,Lazio,42.629237,13.289176
Antrodoco,Lazio,42.416134,13.078683
Ascrea,Lazio,42.196228,12.996584
Belmonte in Sabina,Lazio,42.317654,12.892779
Borbona,Lazio,42.512536,13.135983
Borgorose,Lazio,42.193354,13.233818
Borgo Velino,Lazio,42.406033,13.059283
Cantalice,Lazio,42.467388,12.903792
Cantalupo in Sabina,Lazio,42.304732,12.650053
Casaprota,Lazio,42.251028,12.804279
Casperia,Lazio,42.339729,12.670775
Castel di Tora,Lazio,42.215328,12.964183
Castelnuovo di Farfa,Lazio,42.231524,12.742999
Castel Sant'Angelo,Lazio,42.393869,13.023455
Cittaducale,Lazio,42.386834,12.948341
Cittareale,Lazio,42.618254,13.159684
Collalto Sabino,Lazio,42.135952,13.047980
Colle di Tora,Lazio,42.211628,12.947983
Collegiove,Lazio,42.175528,13.038986
Collevecchio,Lazio,42.334977,12.552953
Colli sul Velino,Lazio,42.498223,12.778689
Concerviano,Lazio,42.322961,12.985510
Configni,Lazio,42.423530,12.642173
Contigliano,Lazio,42.409359,12.766539
Cottanello,Lazio,42.405966,12.685971
Fara in Sabina,Lazio,42.209558,12.729370
Fiamignano,Lazio,42.265033,13.126363
Forano,Lazio,42.296584,12.595375
Frasso Sabino,Lazio,42.229827,12.805580
Greccio,Lazio,42.444796,12.751808
Labro,Lazio,42.526012,12.800053
Leonessa,Lazio,42.563150,12.963850
Longone Sabino,Lazio,42.273130,12.967383
Magliano Sabina,Lazio,42.361357,12.481170
Marcetelli,Lazio,42.226602,13.046944
Micigliano,Lazio,42.451339,13.054728
Mompeo,Lazio,42.248310,12.752236
Montasola,Lazio,42.386430,12.681875
Montebuono,Lazio,42.366655,12.597059
Monteleone Sabino,Lazio,42.234336,12.856155
Montenero Sabino,Lazio,42.281229,12.813579
Monte San Giovanni in Sabina,Lazio,42.328516,12.777371
Montopoli di Sabina,Lazio,42.245927,12.692077
Morro Reatino,Lazio,42.526651,12.832321
Nespolo,Lazio,42.156158,13.070082
Paganico Sabino,Lazio,42.189628,12.996885
Pescorocchiano,Lazio,42.208895,13.181641
Petrella Salto,Lazio,42.295431,13.068285
Poggio Bustone,Lazio,42.501834,12.888178
Poggio Catino,Lazio,42.294999,12.691922
Poggio Mirteto,Lazio,42.264368,12.684788
Poggio Moiano,Lazio,42.202627,12.879382
Poggio Nativo,Lazio,42.215427,12.796580
Poggio San Lorenzo,Lazio,42.252428,12.844180
Posta,Lazio,42.523551,13.096014
Pozzaglia Sabina,Lazio,42.158771,12.964833
Rieti,Lazio,42.414736,12.885888
Rivodutri,Lazio,42.516434,12.854977
Roccantica,Lazio,42.320728,12.693976
Rocca Sinibalda,Lazio,42.274429,12.925582
Salisano,Lazio,42.257251,12.745518
Scandriglia,Lazio,42.165533,12.841925
Selci,Lazio,42.320677,12.621188
Stimigliano,Lazio,42.299330,12.565727
Tarano,Lazio,42.355928,12.594973
Toffia,Lazio,42.212404,12.751474
Torricella in Sabina,Lazio,42.263329,12.870081
Torri in Sabina,Lazio,42.353029,12.638574
Turania,Lazio,42.138027,13.009286
Vacone,Lazio,42.384836,12.644458
Varco Sabino,Lazio,42.239829,13.019884
Affile,Lazio,41.884122,13.095391
Agosta,Lazio,41.981624,13.032688
Albano Laziale,Lazio,41.728889,12.658269
Allumiere,Lazio,42.156218,11.903832
Anguillara Sabazia,Lazio,42.083709,12.282982
Anticoli Corrado,Lazio,42.009524,12.989087
Anzio,Lazio,41.447101,12.628562
Arcinazzo Romano,Lazio,41.879722,13.114392
Ariccia,Lazio,41.720709,12.671348
Arsoli,Lazio,42.040525,13.018387
Artena,Lazio,41.741915,12.912174
Bellegra,Lazio,41.883422,13.026790
Bracciano,Lazio,42.101095,12.173857
Camerata Nuova,Lazio,42.019071,13.107942
Campagnano di Roma,Lazio,42.141078,12.383669
Canale Monterano,Lazio,42.136043,12.103066
Canterano,Lazio,41.942076,13.037315
Capena,Lazio,42.140150,12.540201
Capranica Prenestina,Lazio,41.862997,12.951802
Carpineto Romano,Lazio,41.604413,13.084796
Casape,Lazio,41.906517,12.885287
Castel Gandolfo,Lazio,41.742522,12.648877
Castel Madama,Lazio,41.976936,12.869190
Castelnuovo di Porto,Lazio,42.125399,12.500737
Castel San Pietro Romano,Lazio,41.845720,12.894887
Cave,Lazio,41.817923,12.928367
Cerreto Laziale,Lazio,41.944403,12.982805
Cervara di Roma,Lazio,41.988224,13.067989
Cerveteri,Lazio,41.998360,12.098851
Ciciliano,Lazio,41.961617,12.940932
Cineto Romano,Lazio,42.049810,12.963073
Civitavecchia,Lazio,42.093752,11.792246
Civitella San Paolo,Lazio,42.198525,12.576475
Colleferro,Lazio,41.727033,13.004158
Colonna,Lazio,41.833718,12.753184
Fiano Romano,Lazio,42.171913,12.592726
Filacciano,Lazio,42.254826,12.597675
Formello,Lazio,42.082521,12.400273
Frascati,Lazio,41.808245,12.680368
Gallicano nel Lazio,Lazio,41.872070,12.818534
Gavignano,Lazio,41.699118,13.051793
Genazzano,Lazio,41.829673,12.972246
Genzano di Roma,Lazio,41.706989,12.691118
Gerano,Lazio,41.933119,12.993776
Gorga,Lazio,41.655017,13.109095
Grottaferrata,Lazio,41.788616,12.666741
Guidonia Montecelio,Lazio,41.984273,12.695319
Jenne,Lazio,41.888823,13.169593
Labico,Lazio,41.789519,12.880888
Lanuvio,Lazio,41.674528,12.697243
Licenza,Lazio,42.073113,12.901468
Magliano Romano,Lazio,42.159893,12.436900
Mandela,Lazio,42.030807,12.923323
Manziana,Lazio,42.130344,12.130271
Marano Equo,Lazio,41.994024,13.015988
Marcellina,Lazio,42.023690,12.807045
Marino,Lazio,41.769788,12.658608
Mazzano Romano,Lazio,42.204652,12.399631
Mentana,Lazio,42.035022,12.642272
Monte Compatri,Lazio,41.808918,12.737784
Monteflavio,Lazio,42.108178,12.830382
Montelanico,Lazio,41.651117,13.039893
Montelibretti,Lazio,42.140933,12.735332
Monte Porzio Catone,Lazio,41.816426,12.715341
Monterotondo,Lazio,42.051799,12.618397
Montorio Romano,Lazio,42.138411,12.807477
Moricone,Lazio,42.117096,12.771639
Morlupo,Lazio,42.148856,12.503013
Nazzano,Lazio,42.229257,12.597639
Nemi,Lazio,41.720022,12.713395
Nerola,Lazio,42.160548,12.786680
Nettuno,Lazio,41.457538,12.661425
Olevano Romano,Lazio,41.860621,13.033090
Palestrina,Lazio,41.838966,12.891249
Palombara Sabina,Lazio,42.066633,12.765812
Percile,Lazio,42.094568,12.908485
Pisoniano,Lazio,41.906052,12.958888
Poli,Lazio,41.887327,12.893126
Pomezia,Lazio,41.667529,12.504786
Ponzano Romano,Lazio,42.257797,12.571627
Riano,Lazio,42.100122,12.505675
Rignano Flaminio,Lazio,42.210014,12.481122
Riofreddo,Lazio,42.060517,13.000334
Rocca Canterano,Lazio,41.956523,13.021788
Rocca di Cave,Lazio,41.846420,12.945488
Rocca di Papa,Lazio,41.760761,12.709614
Roccagiovine,Lazio,42.049802,12.900257
Rocca Priora,Lazio,41.791089,12.761993
Rocca Santo Stefano,Lazio,41.910522,13.023789
Roiate,Lazio,41.872322,13.067291
Roma,Lazio,41.893320,12.482932
Roviano,Lazio,42.025900,12.994384
Sacrofano,Lazio,42.104946,12.445460
Sambuci,Lazio,41.986123,12.937986
San Gregorio da Sassola,Lazio,41.917121,12.870786
San Polo dei Cavalieri,Lazio,42.009533,12.838404
Santa Marinella,Lazio,42.035340,11.868308
Sant'Angelo Romano,Lazio,42.035122,12.712681
Sant'Oreste,Lazio,42.234792,12.518905
San Vito Romano,Lazio,41.879821,12.979389
Saracinesco,Lazio,42.003863,12.952870
Segni,Lazio,41.692025,13.023349
Subiaco,Lazio,41.926715,13.094432
Tivoli,Lazio,41.960922,12.798884
Tolfa,Lazio,42.149613,11.938195
Torrita Tiberina,Lazio,42.235910,12.618977
Trevignano Romano,Lazio,42.155917,12.246177
Vallepietra,Lazio,41.926989,13.230667
Vallinfreda,Lazio,42.084282,12.996612
Valmontone,Lazio,41.778819,12.917489
Velletri,Lazio,41.686702,12.777043
Vicovaro,Lazio,42.017941,12.897230
Vivaro Romano,Lazio,42.099826,13.006686
Zagarolo,Lazio,41.838384,12.831050
Lariano,Lazio,41.725114,12.831276
Ladispoli,Lazio,41.953722,12.073465
Ardea,Lazio,41.608712,12.519382
Ciampino,Lazio,41.800289,12.600471
San Cesareo,Lazio,41.819196,12.800334
Fiumicino,Lazio,41.767566,12.233947
Fonte Nuova,Lazio,41.996254,12.623621
Aprilia,Lazio,41.594202,12.648576
Bassiano,Lazio,41.549755,13.032233
Campodimele,Lazio,41.390446,13.530336
Castelforte,Lazio,41.299016,13.824015
Cisterna di Latina,Lazio,41.590639,12.829048
Cori,Lazio,41.643104,12.915851
Fondi,Lazio,41.357285,13.430031
Formia,Lazio,41.259308,13.608021
Itri,Lazio,41.297359,13.551421
Latina,Lazio,41.459526,13.012591
Lenola,Lazio,41.406115,13.459406
Maenza,Lazio,41.523361,13.180549
Minturno,Lazio,41.262974,13.746522
Monte San Biagio,Lazio,41.352513,13.352204
Norma,Lazio,41.588015,12.969392
Pontinia,Lazio,41.408456,13.044337
Ponza,Lazio,40.893237,12.963062
Priverno,Lazio,41.472616,13.179839
Prossedi,Lazio,41.516216,13.260700
Roccagorga,Lazio,41.525315,13.155925
Rocca Massima,Lazio,41.679415,12.919415
Roccasecca dei Volsci,Lazio,41.479872,13.212363
Sabaudia,Lazio,41.301567,13.025873
San Felice Circeo,Lazio,41.232617,13.089398
Santi Cosma e Damiano,Lazio,41.892085,12.487480
Sermoneta,Lazio,41.549314,12.984893
Sezze,Lazio,41.498414,13.059217
Sonnino,Lazio,41.414272,13.241530
Sperlonga,Lazio,41.260212,13.433107
Spigno Saturnia,Lazio,41.311515,13.735713
Terracina,Lazio,41.287120,13.249201
Ventotene,Lazio,40.796002,13.431213
Acquafondata,Lazio,41.542822,13.952815
Acuto,Lazio,41.791521,13.174394
Alatri,Lazio,41.726503,13.342303
Alvito,Lazio,41.688464,13.743264
Amaseno,Lazio,41.467815,13.336002
Anagni,Lazio,41.744720,13.152694
Aquino,Lazio,41.491119,13.704710
Arce,Lazio,41.587716,13.575429
Arnara,Lazio,41.584518,13.388402
Arpino,Lazio,41.647983,13.610141
Atina,Lazio,41.620199,13.799978
Ausonia,Lazio,41.354461,13.748748
Belmonte Castello,Lazio,41.577421,13.815811
Boville Ernica,Lazio,41.642520,13.472703
Broccostella,Lazio,41.699723,13.635305
Campoli Appennino,Lazio,41.737917,13.678480
Casalattico,Lazio,41.622412,13.725559
Casalvieri,Lazio,41.631402,13.712993
Cassino,Lazio,41.492558,13.830530
Castelliri,Lazio,41.679221,13.551404
Castelnuovo Parano,Lazio,41.378874,13.755385
Castrocielo,Lazio,41.529283,13.693938
Castro dei Volsci,Lazio,41.508217,13.406303
Ceccano,Lazio,41.567717,13.333301
Ceprano,Lazio,41.540418,13.512205
Cervaro,Lazio,41.481158,13.905113
Colfelice,Lazio,41.554919,13.603407
Collepardo,Lazio,41.764322,13.369499
Colle San Magno,Lazio,41.551220,13.694909
Coreno Ausonio,Lazio,41.346321,13.779672
Esperia,Lazio,41.383949,13.680610
Falvaterra,Lazio,41.505118,13.523806
Ferentino,Lazio,41.692932,13.253422
Filettino,Lazio,41.891424,13.327496
Fiuggi,Lazio,41.798561,13.220489
Fontana Liri,Lazio,41.610020,13.550305
Fontechiari,Lazio,41.667966,13.675576
Frosinone,Lazio,41.628259,13.576332
Fumone,Lazio,41.727340,13.289909
Gallinaro,Lazio,41.653423,13.797810
Giuliano di Roma,Lazio,41.539323,13.279647
Guarcino,Lazio,41.799022,13.313397
Isola del Liri,Lazio,41.679248,13.573077
Monte San Giovanni Campano,Lazio,41.640620,13.513704
Morolo,Lazio,41.638218,13.197097
Paliano,Lazio,41.806023,13.058068
Pastena,Lazio,41.468244,13.491737
Patrica,Lazio,41.592217,13.243998
Pescosolido,Lazio,41.748124,13.656605
Picinisco,Lazio,41.646263,13.867783
Pico,Lazio,41.450817,13.559607
Piedimonte San Germano,Lazio,41.498319,13.752311
Piglio,Lazio,41.830850,13.146399
Pofi,Lazio,41.565274,13.415532
Pontecorvo,Lazio,41.461618,13.666709
Posta Fibreno,Lazio,41.690323,13.697407
Ripi,Lazio,41.612256,13.424749
Rocca d'Arce,Lazio,41.587120,13.585106
Roccasecca,Lazio,41.552321,13.667258
San Biagio Saracinisco,Lazio,41.613272,13.927877
San Donato Val di Comino,Lazio,41.708124,13.812609
San Giorgio a Liri,Lazio,41.404117,13.761312
San Giovanni Incarico,Lazio,41.501718,13.557906
Sant'Ambrogio sul Garigliano,Lazio,41.389018,13.871515
Sant'Andrea del Garigliano,Lazio,41.367217,13.840915
Sant'Apollinare,Lazio,41.402718,13.831614
Sant'Elia Fiumerapido,Lazio,41.539107,13.866147
Santopadre,Lazio,41.603066,13.634960
San Vittore del Lazio,Lazio,41.461148,13.931401
Serrone,Lazio,41.842121,13.095192
Settefrati,Lazio,41.669624,13.850011
Sgurgola,Lazio,41.670948,13.148909
Sora,Lazio,41.720336,13.613958
Strangolagalli,Lazio,41.600719,13.493904
Supino,Lazio,41.610209,13.224731
Terelle,Lazio,41.552121,13.778411
Torre Cajetani,Lazio,41.787720,13.267297
Torrice,Lazio,41.629719,13.398401
Trevi nel Lazio,Lazio,41.862959,13.246313
Trivigliano,Lazio,41.775721,13.272296
Vallecorsa,Lazio,41.444615,13.405204
Vallemaio,Lazio,41.366239,13.811748
Vallerotonda,Lazio,41.549691,13.914585
Veroli,Lazio,41.691272,13.417632
Vicalvi,Lazio,41.676723,13.706407
Vico nel Lazio,Lazio,41.777150,13.341924
Villa Latina,Lazio,41.619354,13.836161
Villa Santa Lucia,Lazio,41.512420,13.770011
Villa Santo Stefano,Lazio,41.517416,13.310201
Viticuso,Lazio,41.524321,13.971115
Acciano,Abruzzo,42.176500,13.717900
Aielli,Abruzzo,42.080283,13.590543
Alfedena,Abruzzo,41.733938,14.034394
Anversa degli Abruzzi,Abruzzo,41.994018,13.804052
Ateleta,Abruzzo,41.855430,14.197516
Avezzano,Abruzzo,42.034796,13.426505
Balsorano,Abruzzo,41.809824,13.559802
Barete,Abruzzo,42.448525,13.282023
Barisciano,Abruzzo,42.325130,13.591609
Barrea,Abruzzo,41.758490,13.990730
Bisegna,Abruzzo,41.921128,13.757605
Bugnara,Abruzzo,42.022132,13.861598
Cagnano Amiterno,Abruzzo,42.455168,13.232189
Calascio,Abruzzo,42.325950,13.697360
Campo di Giove,Abruzzo,42.010132,14.039410
Campotosto,Abruzzo,42.558839,13.367987
Canistro,Abruzzo,41.932679,13.392085
Cansano,Abruzzo,42.004432,14.011910
Capestrano,Abruzzo,42.267579,13.768656
Capistrello,Abruzzo,41.972727,13.399096
Capitignano,Abruzzo,42.520203,13.300948
Caporciano,Abruzzo,42.250317,13.673536
Cappadocia,Abruzzo,41.981572,13.276609
Carapelle Calvisio,Abruzzo,42.298647,13.683958
Carsoli,Abruzzo,42.098927,13.084888
Castel del Monte,Abruzzo,42.364995,13.726572
Castel di Ieri,Abruzzo,42.115232,13.742602
Castel di Sangro,Abruzzo,41.784273,14.108064
Castellafiume,Abruzzo,41.989126,13.334395
Castelvecchio Calvisio,Abruzzo,42.310649,13.688615
Castelvecchio Subequo,Abruzzo,42.130233,13.727801
Celano,Abruzzo,42.084324,13.546207
Cerchio,Abruzzo,42.063785,13.600135
Civita d'Antino,Abruzzo,41.886105,13.471126
Civitella Alfedena,Abruzzo,41.765326,13.942711
Civitella Roveto,Abruzzo,41.916026,13.426898
Cocullo,Abruzzo,42.032892,13.774668
Collarmele,Abruzzo,42.059030,13.625700
Collelongo,Abruzzo,41.886298,13.583343
Collepietro,Abruzzo,42.221617,13.780060
Corfinio,Abruzzo,42.124175,13.842489
Fagnano Alto,Abruzzo,42.254180,13.597459
Fontecchio,Abruzzo,42.229943,13.605891
Fossa,Abruzzo,42.292921,13.487868
Gagliano Aterno,Abruzzo,42.126532,13.700001
Gioia dei Marsi,Abruzzo,41.954369,13.693415
Goriano Sicoli,Abruzzo,42.080832,13.774803
Introdacqua,Abruzzo,42.007431,13.898307
L'Aquila,Abruzzo,42.136885,13.610341
Lecce nei Marsi,Abruzzo,41.937718,13.684116
Luco dei Marsi,Abruzzo,41.957027,13.473598
Lucoli,Abruzzo,42.251554,13.376882
Magliano de' Marsi,Abruzzo,42.091529,13.363794
Massa d'Albe,Abruzzo,42.107229,13.394294
Molina Aterno,Abruzzo,42.149033,13.735401
Montereale,Abruzzo,42.525096,13.244072
Morino,Abruzzo,41.864425,13.456999
Navelli,Abruzzo,42.237864,13.729027
Ocre,Abruzzo,42.282501,13.470576
Ofena,Abruzzo,42.326791,13.758690
Opi,Abruzzo,41.781026,13.829726
Oricola,Abruzzo,42.049225,13.039387
Ortona dei Marsi,Abruzzo,41.997330,13.728103
Ortucchio,Abruzzo,41.955028,13.645802
Ovindoli,Abruzzo,42.137031,13.516097
Pacentro,Abruzzo,42.049964,13.991073
Pereto,Abruzzo,42.057815,13.101625
Pescasseroli,Abruzzo,41.808401,13.789282
Pescina,Abruzzo,42.025430,13.657901
Pescocostanzo,Abruzzo,41.886330,14.065612
Pettorano sul Gizio,Abruzzo,41.974531,13.958709
Pizzoli,Abruzzo,42.436075,13.301272
Poggio Picenze,Abruzzo,42.320636,13.541087
Prata d'Ansidonia,Abruzzo,42.277818,13.608972
Pratola Peligna,Abruzzo,42.098314,13.873980
Prezza,Abruzzo,42.058131,13.834474
Raiano,Abruzzo,42.102554,13.814304
Rivisondoli,Abruzzo,41.870896,14.067430
Roccacasale,Abruzzo,42.122934,13.888105
Rocca di Botte,Abruzzo,42.026225,13.067688
Rocca di Cambio,Abruzzo,42.235035,13.489963
Rocca di Mezzo,Abruzzo,42.205131,13.519269
Rocca Pia,Abruzzo,41.933430,13.977010
Roccaraso,Abruzzo,41.850261,14.078257
San Benedetto dei Marsi,Abruzzo,42.008229,13.622701
San Benedetto in Perillis,Abruzzo,42.183943,13.770532
San Demetrio ne' Vestini,Abruzzo,42.288377,13.558641
San Pio delle Camere,Abruzzo,42.286172,13.657972
Sante Marie,Abruzzo,42.102278,13.204774
Sant'Eusanio Forconese,Abruzzo,42.288218,13.524417
Santo Stefano di Sessanio,Abruzzo,42.343876,13.644177
San Vincenzo Valle Roveto,Abruzzo,41.828184,13.527427
Scanno,Abruzzo,41.903861,13.880213
Scontrone,Abruzzo,41.746078,14.038684
Scoppito,Abruzzo,42.372612,13.255359
Scurcola Marsicana,Abruzzo,42.063128,13.339194
Secinaro,Abruzzo,42.152933,13.680700
Sulmona,Abruzzo,42.047423,13.927011
Tagliacozzo,Abruzzo,42.069327,13.254692
Tione degli Abruzzi,Abruzzo,42.204066,13.635396
Tornimparte,Abruzzo,42.290540,13.266619
Trasacco,Abruzzo,41.958441,13.536102
Villalago,Abruzzo,41.934729,13.842007
Villa Santa Lucia degli Abruzzi,Abruzzo,42.333462,13.777436
Villa Sant'Angelo,Abruzzo,42.269937,13.537486
Villavallelonga,Abruzzo,41.866996,13.624510
Villetta Barrea,Abruzzo,41.775827,13.938511
Vittorito,Abruzzo,42.127033,13.816703
Alba Adriatica,Abruzzo,42.834342,13.927816
Ancarano,Abruzzo,42.836048,13.739392
Arsita,Abruzzo,42.502162,13.782832
Atri,Abruzzo,42.580137,13.976412
Basciano,Abruzzo,42.594401,13.739647
Bellante,Abruzzo,42.741847,13.810195
Bisenti,Abruzzo,42.529128,13.801283
Campli,Abruzzo,42.726231,13.686284
Canzano,Abruzzo,42.646784,13.803143
Castel Castagna,Abruzzo,42.542941,13.716395
Castellalto,Abruzzo,42.678042,13.821589
Castelli,Abruzzo,42.487940,13.711696
Castiglione Messer Raimondo,Abruzzo,42.531915,13.881545
Castilenti,Abruzzo,42.533705,13.917011
Cellino Attanasio,Abruzzo,42.587311,13.850525
Cermignano,Abruzzo,42.592912,13.797398
Civitella del Tronto,Abruzzo,42.773446,13.672291
Colledara,Abruzzo,42.540868,13.678938
Colonnella,Abruzzo,42.872628,13.865016
Controguerra,Abruzzo,42.855716,13.819336
Corropoli,Abruzzo,42.826814,13.835185
Cortino,Abruzzo,42.622397,13.508815
Crognaleto,Abruzzo,42.587941,13.489590
Fano Adriano,Abruzzo,42.552131,13.537962
Giulianova,Abruzzo,42.753486,13.966701
Isola del Gran Sasso d'Italia,Abruzzo,42.503058,13.659516
Montefino,Abruzzo,42.544320,13.884238
Montorio al Vomano,Abruzzo,42.582706,13.632519
Morro d'Oro,Abruzzo,42.663744,13.919497
Mosciano Sant'Angelo,Abruzzo,42.746847,13.888296
Nereto,Abruzzo,42.818945,13.816055
Notaresco,Abruzzo,42.654145,13.894698
Penna Sant'Andrea,Abruzzo,42.593443,13.772196
Pietracamela,Abruzzo,42.523540,13.555392
Pineto,Abruzzo,42.607771,14.067103
Rocca Santa Maria,Abruzzo,42.686313,13.528171
Roseto degli Abruzzi,Abruzzo,42.677577,14.014464
Sant'Egidio alla Vibrata,Abruzzo,42.821048,13.717891
Sant'Omero,Abruzzo,42.786672,13.801764
Silvi,Abruzzo,42.548792,14.118769
Teramo,Abruzzo,42.658118,13.699625
Torano Nuovo,Abruzzo,42.823048,13.777293
Torricella Sicura,Abruzzo,42.657567,13.655520
Tortoreto,Abruzzo,42.803984,13.912405
Tossicia,Abruzzo,42.544941,13.647494
Valle Castellana,Abruzzo,42.736176,13.497100
Martinsicuro,Abruzzo,42.885144,13.915535
Abbateggio,Abruzzo,42.225137,14.011106
Alanno,Abruzzo,42.295082,13.971316
Bolognano,Abruzzo,42.218100,13.960887
Brittoli,Abruzzo,42.317338,13.861602
Bussi sul Tirino,Abruzzo,42.213035,13.826202
Cappelle sul Tavo,Abruzzo,42.464742,14.101977
Caramanico Terme,Abruzzo,42.157038,14.002555
Carpineto della Nora,Abruzzo,42.333038,13.860802
Castiglione a Casauria,Abruzzo,42.236378,13.896037
Catignano,Abruzzo,42.346260,13.950114
Cepagatti,Abruzzo,42.364302,14.071795
Città Sant'Angelo,Abruzzo,42.518144,14.059203
Civitaquana,Abruzzo,42.325991,13.896744
Civitella Casanova,Abruzzo,42.364923,13.889909
Collecorvino,Abruzzo,42.458598,14.014280
Corvara,Abruzzo,42.274875,13.872694
Cugnoli,Abruzzo,42.307138,13.932703
Elice,Abruzzo,42.518275,13.968282
Farindola,Abruzzo,42.441146,13.823437
Lettomanoppello,Abruzzo,42.236640,14.036921
Loreto Aprutino,Abruzzo,42.434634,13.983232
Manoppello,Abruzzo,42.257780,14.059958
Montebello di Bertona,Abruzzo,42.417944,13.871901
Montesilvano,Abruzzo,42.513603,14.151620
Moscufo,Abruzzo,42.428144,14.054309
Nocciano,Abruzzo,42.333041,13.984102
Penne,Abruzzo,42.458215,13.927326
Pescara,Abruzzo,42.310262,13.957590
Pescosansonesco,Abruzzo,42.254460,13.884693
Pianella,Abruzzo,42.396011,14.046270
Picciano,Abruzzo,42.475642,13.989302
Pietranico,Abruzzo,42.276237,13.910403
Popoli,Abruzzo,42.171311,13.832817
Roccamorice,Abruzzo,42.213499,14.024589
Rosciano,Abruzzo,42.320692,14.042931
Salle,Abruzzo,42.176935,13.961206
Sant'Eufemia a Maiella,Abruzzo,42.126135,14.026508
San Valentino in Abruzzo Citeriore,Abruzzo,42.233037,13.985606
Scafa,Abruzzo,42.267138,13.999806
Serramonacesca,Abruzzo,42.249033,14.093233
Spoltore,Abruzzo,42.453456,14.140982
Tocco da Casauria,Abruzzo,42.213694,13.913472
Torre de' Passeri,Abruzzo,42.241891,13.930967
Turrivalignani,Abruzzo,42.261938,14.026706
Vicoli,Abruzzo,42.341438,13.897102
Villa Celiera,Abruzzo,42.381842,13.858599
Altino,Abruzzo,42.099337,14.331615
Archi,Abruzzo,42.089937,14.381217
Ari,Abruzzo,42.292340,14.263011
Arielli,Abruzzo,42.382444,14.359279
Atessa,Abruzzo,42.071806,14.448902
Bomba,Abruzzo,42.034335,14.367117
Borrello,Abruzzo,41.918932,14.304417
Bucchianico,Abruzzo,42.304840,14.181009
Montebello sul Sangro,Abruzzo,41.987272,14.325315
Canosa Sannita,Abruzzo,42.295461,14.300705
Carpineto Sinello,Abruzzo,42.012036,14.505020
Carunchio,Abruzzo,41.916634,14.526722
Casacanditella,Abruzzo,42.247439,14.199310
Casalanguida,Abruzzo,42.036634,14.499355
Casalbordino,Abruzzo,42.150601,14.584798
Casalincontrada,Abruzzo,42.290153,14.134233
Casoli,Abruzzo,42.114637,14.290214
Castel Frentano,Abruzzo,42.197139,14.355214
Castelguidone,Abruzzo,41.823647,14.524079
Castiglione Messer Marino,Abruzzo,41.868255,14.453058
Celenza sul Trigno,Abruzzo,41.872290,14.577907
Chieti,Abruzzo,42.102718,14.415935
Civitaluparella,Abruzzo,41.944945,14.303153
Civitella Messer Raimondo,Abruzzo,42.088742,14.217162
Colledimacine,Abruzzo,42.004433,14.200614
Colledimezzo,Abruzzo,41.985659,14.381140
Crecchio,Abruzzo,42.298544,14.326899
Cupello,Abruzzo,42.069241,14.667807
Dogliola,Abruzzo,41.941896,14.636275
Fara Filiorum Petri,Abruzzo,42.248697,14.185918
Fara San Martino,Abruzzo,42.089815,14.205333
Filetto,Abruzzo,42.228224,14.245095
Fossacesia,Abruzzo,42.244633,14.482904
Fraine,Abruzzo,41.905434,14.486421
Francavilla al Mare,Abruzzo,42.420643,14.287010
Fresagrandinaria,Abruzzo,41.978949,14.663436
Frisa,Abruzzo,42.261240,14.369414
Furci,Abruzzo,42.007936,14.587875
Gamberale,Abruzzo,41.906031,14.207315
Gessopalena,Abruzzo,42.056635,14.273115
Gissi,Abruzzo,42.021227,14.545748
Giuliano Teatino,Abruzzo,42.307041,14.278811
Guardiagrele,Abruzzo,42.195476,14.219712
Guilmi,Abruzzo,41.997035,14.478420
Lama dei Peligni,Abruzzo,42.041534,14.186213
Lanciano,Abruzzo,42.230532,14.390779
Lentella,Abruzzo,41.996262,14.677510
Lettopalena,Abruzzo,42.004033,14.156813
Liscia,Abruzzo,41.955235,14.555322
Miglianico,Abruzzo,42.359239,14.292074
Montazzoli,Abruzzo,41.948334,14.429120
Monteferrante,Abruzzo,41.954734,14.388419
Montelapiano,Abruzzo,41.963440,14.341565
Montenerodomo,Abruzzo,41.975633,14.252815
Monteodorisio,Abruzzo,42.085897,14.652681
Mozzagrogna,Abruzzo,42.212756,14.444745
Orsogna,Abruzzo,42.218939,14.279112
Ortona,Abruzzo,42.349643,14.403913
Paglieta,Abruzzo,42.163039,14.497318
Palena,Abruzzo,41.984359,14.138041
Palmoli,Abruzzo,41.939435,14.581423
Palombaro,Abruzzo,42.124836,14.230613
Pennadomo,Abruzzo,42.004834,14.324316
Pennapiedimonte,Abruzzo,42.153076,14.194577
Perano,Abruzzo,42.103137,14.394017
Pizzoferrato,Abruzzo,41.921432,14.235716
Poggiofiorito,Abruzzo,42.254940,14.322313
Pollutri,Abruzzo,42.137839,14.591721
Pretoro,Abruzzo,42.217225,14.141552
Quadri,Abruzzo,41.924932,14.288217
Rapino,Abruzzo,42.210738,14.183910
Ripa Teatina,Abruzzo,42.358641,14.234109
Roccamontepiano,Abruzzo,42.244281,14.127190
Rocca San Giovanni,Abruzzo,42.250770,14.464841
Roccascalegna,Abruzzo,42.062536,14.306815
Roccaspinalveti,Abruzzo,41.937178,14.469959
Roio del Sangro,Abruzzo,41.911533,14.373819
Rosello,Abruzzo,41.900832,14.349818
San Buono,Abruzzo,41.980836,14.569922
San Giovanni Lipioni,Abruzzo,41.842854,14.561734
San Giovanni Teatino,Abruzzo,42.410541,14.201030
San Martino sulla Marrucina,Abruzzo,42.223373,14.214810
San Salvo,Abruzzo,42.043326,14.727230
Santa Maria Imbaro,Abruzzo,42.217740,14.449216
Sant'Eusanio del Sangro,Abruzzo,42.168938,14.327114
San Vito Chietino,Abruzzo,42.296042,14.444515
Scerni,Abruzzo,42.111798,14.570095
Schiavi di Abruzzo,Abruzzo,41.815132,14.485823
Taranta Peligna,Abruzzo,42.020834,14.170513
Tollo,Abruzzo,42.347997,14.318084
Torino di Sangro,Abruzzo,42.188140,14.540819
Tornareccio,Abruzzo,42.038136,14.416118
Torrebruna,Abruzzo,41.868133,14.540823
Torrevecchia Teatina,Abruzzo,42.381764,14.209267
Torricella Peligna,Abruzzo,42.024534,14.259115
Treglio,Abruzzo,42.267741,14.425515
Tufillo,Abruzzo,41.916463,14.626006
Vacri,Abruzzo,42.296240,14.230310
Vasto,Abruzzo,42.124340,14.705923
Villalfonsina,Abruzzo,42.160540,14.571620
Villamagna,Abruzzo,42.328941,14.236110
Villa Santa Maria,Abruzzo,41.952433,14.351818
Pietraferrazzana,Abruzzo,41.968745,14.375353
Fallo,Abruzzo,41.938333,14.323617
Acquaviva Collecroce,Molise,41.867591,14.746793
Baranello,Molise,41.526026,14.559428
Bojano,Molise,41.485724,14.472927
Bonefro,Molise,41.704533,14.933334
Busso,Molise,41.556251,14.558531
Campobasso,Molise,41.717265,14.826227
Campochiaro,Molise,41.447524,14.508928
Campodipietra,Molise,41.557028,14.746032
Campolieto,Molise,41.632479,14.765437
Campomarino,Molise,41.956269,15.034344
Casacalenda,Molise,41.735812,14.846709
Casalciprano,Molise,41.580358,14.528117
Castelbottaccio,Molise,41.753125,14.706608
Castellino del Biferno,Molise,41.701631,14.731130
Castelmauro,Molise,41.829051,14.710291
Castropignano,Molise,41.618328,14.559827
Cercemaggiore,Molise,41.461326,14.723133
Cercepiccola,Molise,41.460125,14.665431
Civitacampomarano,Molise,41.780398,14.689977
Colle d'Anchise,Molise,41.506325,14.516827
Colletorto,Molise,41.662919,14.973364
Duronia,Molise,41.658928,14.458424
Ferrazzano,Molise,41.530947,14.671047
Fossalto,Molise,41.672929,14.545726
Gambatesa,Molise,41.509889,14.912052
Gildone,Molise,41.510127,14.739232
Guardialfiera,Molise,41.804234,14.792930
Guardiaregia,Molise,41.435024,14.541729
Guglionesi,Molise,41.913888,14.913613
Jelsi,Molise,41.517928,14.798734
Larino,Molise,41.805567,14.921098
Limosano,Molise,41.676330,14.622428
Lucito,Molise,41.731931,14.687228
Lupara,Molise,41.762731,14.733009
Macchia Valfortore,Molise,41.595030,14.911735
Mafalda,Molise,41.941736,14.713226
Matrice,Molise,41.614098,14.710208
Mirabello Sannitico,Molise,41.515969,14.672509
Molise,Molise,41.630828,14.492925
Monacilioni,Molise,41.609930,14.808533
Montagano,Molise,41.644929,14.675129
Montecilfone,Molise,41.902536,14.836429
Montefalcone nel Sannio,Molise,41.866634,14.638225
Montelongo,Molise,41.736640,14.952977
Montemitro,Molise,41.888027,14.646750
Montenero di Bisaccia,Molise,42.065450,14.789569
Montorio nei Frentani,Molise,41.759634,14.932733
Morrone del Sannio,Molise,41.711532,14.779831
Oratino,Molise,41.584765,14.587502
Palata,Molise,41.890515,14.785357
Petacciato,Molise,42.011439,14.860928
Petrella Tifernina,Molise,41.691756,14.695449
Pietracatella,Molise,41.581160,14.873732
Pietracupa,Molise,41.682529,14.519325
Portocannone,Molise,41.915141,15.009268
Provvidenti,Molise,41.718780,14.822378
Riccia,Molise,41.483976,14.835084
Ripabottoni,Molise,41.689231,14.808331
Ripalimosani,Molise,41.611029,14.662729
Roccavivara,Molise,41.834233,14.599925
Rotello,Molise,41.746873,15.006390
Salcito,Molise,41.747530,14.510124
San Biase,Molise,41.715511,14.588776
San Felice del Molise,Molise,41.891035,14.700526
San Giacomo degli Schiavoni,Molise,41.963238,14.946431
San Giovanni in Galdo,Molise,41.590029,14.750332
San Giuliano del Sannio,Molise,41.456409,14.641194
San Giuliano di Puglia,Molise,41.684524,14.964406
San Martino in Pensilis,Molise,41.870437,15.011151
San Massimo,Molise,41.492924,14.410225
San Polo Matese,Molise,41.459324,14.493428
Santa Croce di Magliano,Molise,41.712410,14.993378
Sant'Angelo Limosano,Molise,41.693330,14.603427
Sant'Elia a Pianisi,Molise,41.620430,14.875234
Sepino,Molise,41.408024,14.618331
Spinete,Molise,41.544926,14.486226
Tavenna,Molise,41.908636,14.762527
Termoli,Molise,41.998327,14.993937
Torella del Sannio,Molise,41.639828,14.519526
Toro,Molise,41.572428,14.764932
Trivento,Molise,41.781407,14.551125
Tufara,Molise,41.481675,14.946450
Ururi,Molise,41.816536,15.016134
Vinchiaturo,Molise,41.492925,14.590729
Acquaviva d'Isernia,Molise,41.672126,14.148917
Agnone,Molise,41.809561,14.377046
Bagnoli del Trigno,Molise,41.703029,14.456523
Belmonte del Sannio,Molise,41.823931,14.422121
Cantalupo nel Sannio,Molise,41.521825,14.392925
Capracotta,Molise,41.833903,14.264244
Carovilli,Molise,41.714248,14294.000000
Carpinone,Molise,41.590426,14.323322
Castel del Giudice,Molise,41.854635,14.230975
Castelpetroso,Molise,41.559425,14.345023
Castelpizzuto,Molise,41.521724,14.292322
Castel San Vincenzo,Molise,41.655383,14.062427
Castelverrino,Molise,41.766430,14.397621
Cerro al Volturno,Molise,41.655925,14.102316
Chiauci,Molise,41.677847,14.385538
Civitanova del Sannio,Molise,41.667928,14.403823
Colli a Volturno,Molise,41.598724,14.104917
Conca Casale,Molise,41.495121,14.006816
Filignano,Molise,41.545332,14.056175
Forlì del Sannio,Molise,41.695927,14.179517
Fornelli,Molise,41.606727,14.139489
Frosolone,Molise,41.600627,14.446525
Isernia,Molise,41.649468,14.208148
Longano,Molise,41.521623,14.245621
Macchia d'Isernia,Molise,41.561624,14.167119
Macchiagodena,Molise,41.559826,14.407824
Miranda,Molise,41.645126,14.246320
Montaquila,Molise,41.566723,14.112618
Montenero Val Cocchiara,Molise,41.716826,14.069415
Monteroduni,Molise,41.521123,14.177020
Pesche,Molise,41.611068,14.281951
Pescolanciano,Molise,41.678427,14.337221
Pescopennataro,Molise,41.878971,14.293320
Pettoranello del Molise,Molise,41.573125,14.277521
Pietrabbondante,Molise,41.747129,14.384421
Pizzone,Molise,41.666936,14.035567
Poggio Sannita,Molise,41.778834,14.414200
Pozzilli,Molise,41.511422,14.062517
Rionero Sannitico,Molise,41.711927,14.138616
Roccamandolfi,Molise,41.497124,14.353824
Roccasicura,Molise,41.696820,14.233532
Rocchetta a Volturno,Molise,41.624626,14.086261
San Pietro Avellana,Molise,41.790629,14.182216
Sant'Agapito,Molise,41.544597,14.222944
Santa Maria del Molise,Molise,41.552725,14.368224
Sant'Angelo del Pesco,Molise,41.882631,14.254917
Sant'Elena Sannita,Molise,41.575842,14.469593
Scapoli,Molise,41.615524,14.058716
Sessano del Molise,Molise,41.638162,14.331565
Sesto Campano,Molise,41.420420,14.077819
Vastogirardi,Molise,41.774129,14.260418
Venafro,Molise,41.483425,14.045112
Ailano,Campania,41.390624,14.203199
Alife,Campania,41.326120,14.334026
Alvignano,Campania,41.219342,14.352737
Arienzo,Campania,41.024257,14.497052
Aversa,Campania,40.973212,14.204928
Baia e Latina,Campania,41.302919,14.252124
Bellona,Campania,41.160016,14.232326
Caianello,Campania,41.300234,14.088442
Caiazzo,Campania,41.178322,14.364948
Calvi Risorta,Campania,41.216538,14.128731
Camigliano,Campania,41.179816,14.209525
Cancello ed Arnone,Campania,41.074112,14.027423
Capodrise,Campania,41.044140,14.303337
Capriati a Volturno,Campania,41.468622,14.145420
Capua,Campania,41.107998,14.209718
Carinaro,Campania,40.983584,14.218991
Carinola,Campania,41.170677,14.015459
Casagiove,Campania,41.074715,14.307729
Casal di Principe,Campania,41.011412,14.124825
Casaluce,Campania,41.001912,14.198027
Casapulla,Campania,41.075314,14.289728
Caserta,Campania,41.203483,14.117058
Castel Campagnano,Campania,41.181553,14.452504
Castel di Sasso,Campania,41.192288,14.280644
Castello del Matese,Campania,41.366721,14.377726
Castel Morrone,Campania,41.121016,14.354729
Castel Volturno,Campania,41.034313,13.940835
Cervino,Campania,41.040015,14.424032
Cesa,Campania,40.964412,14.230128
Ciorlano,Campania,41.450221,14.158320
Conca della Campania,Campania,41.352332,13.996595
Curti,Campania,41.072914,14.273928
Dragoni,Campania,41.270240,14.309773
Fontegreca,Campania,41.455522,14.183621
Formicola,Campania,41.210440,14.232798
Francolise,Campania,41.185015,14.056722
Frignano,Campania,40.997933,14.179376
Gallo Matese,Campania,41.464522,14.225022
Galluccio,Campania,41.352318,13.953717
Giano Vetusto,Campania,41.202716,14.193424
Gioia Sannitica,Campania,41.300120,14.444129
Grazzanise,Campania,41.089413,14.100324
Gricignano di Aversa,Campania,40.980092,14.233711
Letino,Campania,41.453022,14.255422
Liberi,Campania,41.227818,14.290026
Lusciano,Campania,40.970012,14.190427
Macerata Campania,Campania,41.063314,14.273728
Maddaloni,Campania,41.039924,14.376687
Marcianise,Campania,41.032997,14.298423
Marzano Appio,Campania,41.320038,14.052279
Mignano Monte Lungo,Campania,41.405919,13.985517
Mondragone,Campania,41.114112,13.893519
Orta di Atella,Campania,40.966512,14.268029
Parete,Campania,40.958911,14.161927
Pastorano,Campania,41.180816,14.198225
Piana di Monte Verna,Campania,41.167117,14.333728
Piedimonte Matese,Campania,41.350819,14.368032
Pietramelara,Campania,41.271728,14.188005
Pietravairano,Campania,41.325219,14.165922
Pignataro Maggiore,Campania,41.190816,14.172324
Pontelatone,Campania,41.193517,14.251726
Portico di Caserta,Campania,41.056514,14.279428
Prata Sannita,Campania,41.432821,14.202722
Pratella,Campania,41.405825,14.178097
Presenzano,Campania,41.376619,14.076420
Raviscanina,Campania,41.379398,14.233533
Recale,Campania,41.055114,14.304029
Riardo,Campania,41.262717,14.151923
Rocca d'Evandro,Campania,41.389018,13.908116
Roccamonfina,Campania,41.288404,13.982838
Roccaromana,Campania,41.273963,14.222289
Rocchetta e Croce,Campania,41.234172,14.169838
Ruviano,Campania,41.210318,14.409229
San Cipriano d'Aversa,Campania,40.998812,14.131726
San Felice a Cancello,Campania,41.012394,14.482993
San Gregorio Matese,Campania,41.385228,14.375050
San Marcellino,Campania,40.986454,14.175332
San Nicola la Strada,Campania,41.051814,14.331329
San Pietro Infine,Campania,41.445920,13.961516
San Potito Sannitico,Campania,41.337736,14.392902
San Prisco,Campania,41.087115,14.278228
Santa Maria a Vico,Campania,41.026857,14.465186
Santa Maria Capua Vetere,Campania,41.079922,14.256397
Santa Maria la Fossa,Campania,41.091714,14.128224
San Tammaro,Campania,41.075902,14.231671
Sant'Angelo d'Alife,Campania,41.359200,14.263586
Sant'Arpino,Campania,40.959512,14.248929
Sessa Aurunca,Campania,41.236934,13.934730
Sparanise,Campania,41.186815,14.093722
Succivo,Campania,40.968012,14.255629
Teano,Campania,41.251084,14.067151
Teverola,Campania,40.995572,14.207373
Tora e Piccilli,Campania,41.338609,14.022498
Trentola Ducenta,Campania,40.976230,14.177166
Vairano Patenora,Campania,41.337019,14.131121
Valle Agricola,Campania,41.425021,14.255023
Valle di Maddaloni,Campania,41.079515,14.415631
Villa di Briano,Campania,41.000012,14.160726
Villa Literno,Campania,41.009912,14.080525
Vitulazio,Campania,41.164116,14.216925
Falciano del Massico,Campania,41.165122,13.949453
Cellole,Campania,41.204814,13.854317
Casapesenna,Campania,40.991512,14.136126
San Marco Evangelista,Campania,41.037018,14.336294
Airola,Campania,41.061022,14.558430
Amorosi,Campania,41.202918,14.461636
Apice,Campania,41.118424,14.914866
Apollosa,Campania,41.094118,14.705337
Arpaia,Campania,41.036126,14.546974
Arpaise,Campania,41.029817,14.744083
Baselice,Campania,41.393726,14.972839
Benevento,Campania,41.247688,14.705941
Bonea,Campania,41.075206,14.618001
Bucciano,Campania,41.076113,14.572337
Buonalbergo,Campania,41.223077,14.979821
Calvi,Campania,41.071619,14.865241
Campolattaro,Campania,41.286622,14.729435
Campoli del Monte Taburno,Campania,41.131518,14.645935
Casalduni,Campania,41.260229,14.696090
Castelfranco in Miscano,Campania,41.297337,15.085522
Castelpagano,Campania,41.401725,14.808035
Castelpoto,Campania,41.140927,14.701937
Castelvenere,Campania,41.234820,14.546532
Castelvetere in Val Fortore,Campania,41.441965,14.939563
Cautano,Campania,41.149313,14.638083
Ceppaloni,Campania,41.044533,14.760051
Cerreto Sannita,Campania,41.284472,14.558945
Circello,Campania,41.357518,14.809056
Colle Sannita,Campania,41.364683,14.833232
Cusano Mutri,Campania,41.339082,14.507318
Dugenta,Campania,41.132217,14.452431
Durazzano,Campania,41.062481,14.447478
Faicchio,Campania,41.278031,14.478745
Foglianise,Campania,41.160133,14.671322
Foiano di Val Fortore,Campania,41.351825,14.977340
Forchia,Campania,41.030225,14.537343
Fragneto l'Abate,Campania,41.256187,14.782426
Fragneto Monforte,Campania,41.246039,14.760604
Frasso Telesino,Campania,41.156818,14.527832
Ginestra degli Schiavoni,Campania,41.279924,15.043742
Guardia Sanframondi,Campania,41.256353,14.599527
Limatola,Campania,41.140817,14.392930
Melizzano,Campania,41.160570,14.505310
Moiano,Campania,41.079609,14.543006
Molinara,Campania,41.290630,14.910343
Montefalcone di Val Fortore,Campania,41.325991,15.009059
Montesarchio,Campania,41.063923,14.639788
Morcone,Campania,41.341101,14.663626
Paduli,Campania,41.167202,14.883597
Pago Veiano,Campania,41.247922,14.871339
Pannarano,Campania,41.010215,14.703342
Paolisi,Campania,41.037084,14.578152
Paupisi,Campania,41.195320,14.665235
Pesco Sannita,Campania,41.233594,14.811333
Pietraroja,Campania,41.347822,14.549630
Pietrelcina,Campania,41.199421,14.844139
Ponte,Campania,41.214732,14.696327
Pontelandolfo,Campania,41.287114,14.692288
Puglianello,Campania,41.223419,14.450430
Reino,Campania,41.291903,14.823823
San Bartolomeo in Galdo,Campania,41.409682,15.015391
San Giorgio del Sannio,Campania,41.069327,14.852458
San Giorgio La Molara,Campania,41.270908,14.920083
San Leucio del Sannio,Campania,41.074418,14.757438
San Lorenzello,Campania,41.277366,14.542832
San Lorenzo Maggiore,Campania,41.251227,14.626944
San Lupo,Campania,41.260105,14.635629
San Marco dei Cavoti,Campania,41.310603,14.878952
San Martino Sannita,Campania,41.066218,14.835840
San Nazzaro,Campania,41.052390,14.856356
San Nicola Manfredi,Campania,41.071768,14.824534
San Salvatore Telesino,Campania,41.236019,14.499131
Santa Croce del Sannio,Campania,41.387456,14.732203
Sant'Agata de' Goti,Campania,41.088538,14.503793
Sant'Angelo a Cupolo,Campania,41.069118,14.803740
Sassinoro,Campania,41.374724,14.664532
Solopaca,Campania,41.194566,14.553363
Telese Terme,Campania,41.216414,14527.000000
Tocco Caudio,Campania,41.125159,14.634268
Torrecuso,Campania,41.189740,14.680055
Vitulano,Campania,41.173979,14.645624
Sant'Arcangelo Trimonte,Campania,41.165512,14.939038
Acerra,Campania,40.946053,14.375008
Afragola,Campania,40.926012,14.310831
Agerola,Campania,40.637707,14.538839
Anacapri,Campania,40.555770,14.213604
Arzano,Campania,40.916020,14.268018
Bacoli,Campania,40.796613,14.077783
Barano d'Ischia,Campania,40.709018,13.918602
Boscoreale,Campania,40.774040,14.477432
Boscotrecase,Campania,40.774310,14.462036
Brusciano,Campania,40.923212,14.423933
Caivano,Campania,40.957112,14.310230
Calvizzano,Campania,40.905696,14.193290
Camposano,Campania,40.953743,14.529154
Capri,Campania,40.548775,14.228087
Carbonara di Nola,Campania,40.874228,14.578630
Cardito,Campania,40.942012,14.299430
Casalnuovo di Napoli,Campania,40.914819,14.351125
Casamarciano,Campania,40.931618,14.553477
Casamicciola Terme,Campania,40.747356,13.907512
Casandrino,Campania,40.935864,14.248805
Casavatore,Campania,40.899211,14.276630
Casola di Napoli,Campania,40.696037,14.533447
Casoria,Campania,40.904557,14.290122
Castellammare di Stabia,Campania,40.694305,14.480481
Castello di Cisterna,Campania,40.915112,14.406233
Cercola,Campania,40.857682,14.355158
Cicciano,Campania,40.964714,14.538935
Cimitile,Campania,40.940513,14.525435
Comiziano,Campania,40.952142,14.551436
Crispano,Campania,40.952512,14.289930
Forio,Campania,40.736842,13.858135
Frattamaggiore,Campania,40.941426,14.272209
Frattaminore,Campania,40.955740,14.270948
Giugliano in Campania,Campania,40.928687,14.200699
Gragnano,Campania,40.690000,14.521065
Grumo Nevano,Campania,40.938154,14.259269
Ischia,Campania,40.734205,13.947125
Lacco Ameno,Campania,40.750970,13.890060
Lettere,Campania,40.704909,14.544939
Liveri,Campania,40.904713,14.565937
Marano di Napoli,Campania,40.897610,14.190528
Mariglianella,Campania,40.929513,14.435833
Marigliano,Campania,40.924914,14.456867
Massa Lubrense,Campania,40.611036,14.345089
Melito di Napoli,Campania,40.920511,14.230029
Meta,Campania,40.639206,14.418237
Monte di Procida,Campania,40.800907,14.051827
Mugnano di Napoli,Campania,40.909300,14.206835
Napoli,Campania,40.835934,14.248783
Nola,Campania,40.921083,14.532740
Ottaviano,Campania,40.849818,14.490127
Palma Campania,Campania,40.864917,14.548733
Piano di Sorrento,Campania,40.632645,14.411091
Pimonte,Campania,40.673608,14.509838
Poggiomarino,Campania,40.803111,14.539037
Pollena Trocchia,Campania,40.854635,14.379468
Pomigliano d'Arco,Campania,40.907912,14.386233
Pompei,Campania,40.749127,14.500642
Portici,Campania,40.818973,14.338745
Pozzuoli,Campania,40.822643,14.121911
Procida,Campania,40.764999,14.023906
Qualiano,Campania,40.918836,14.153611
Quarto,Campania,40.877194,14.140159
Ercolano,Campania,40.805361,14.347104
Roccarainola,Campania,40.971255,14.561026
San Gennaro Vesuviano,Campania,40.860400,14.529168
San Giorgio a Cremano,Campania,40.829296,14.334168
San Giuseppe Vesuviano,Campania,40.829811,14.504436
San Paolo Bel Sito,Campania,40.914813,14.546736
San Sebastiano al Vesuvio,Campania,40.843565,14.369950
Sant'Agnello,Campania,40.630006,14.397136
Sant'Anastasia,Campania,40.866911,14.404833
Sant'Antimo,Campania,40.945711,14.231429
Sant'Antonio Abate,Campania,40.723709,14.546538
San Vitaliano,Campania,40.927213,14.480134
Saviano,Campania,40.905613,14.505035
Scisciano,Campania,40.916013,14.485735
Serrara Fontana,Campania,40.717945,13.893526
Somma Vesuviana,Campania,40.871615,14.436142
Sorrento,Campania,40.624906,14.374836
Striano,Campania,40.815855,14.576468
Terzigno,Campania,40.812442,14.496484
Torre Annunziata,Campania,40.752524,14.455004
Torre del Greco,Campania,40.787921,14.368281
Tufino,Campania,40.954114,14.565936
Vico Equense,Campania,40.662296,14.426382
Villaricca,Campania,40.921611,14.189828
Visciano,Campania,40.925414,14.582837
Volla,Campania,40.878411,14.342932
Santa Maria la Carità,Campania,40.721003,14.512820
Trecase,Campania,40.770891,14.439651
Massa di Somma,Campania,40.847631,14.374302
Aiello del Sabato,Campania,40.887194,14.819448
Altavilla Irpina,Campania,41.006160,14.777679
Andretta,Campania,40.938476,15.327750
Aquilonia,Campania,40.986721,15.474455
Ariano Irpino,Campania,41.152667,15.088563
Atripalda,Campania,40.920812,14.833499
Avella,Campania,40.958914,14.600537
Avellino,Campania,40.996545,15.140569
Bagnoli Irpino,Campania,40.833115,15.072549
Baiano,Campania,40.952514,14.616737
Bisaccia,Campania,41.012121,15.374753
Bonito,Campania,41.097720,15.001344
Cairano,Campania,40.896819,15.370354
Calabritto,Campania,40.782215,15.223953
Calitri,Campania,40.902119,15.430556
Candida,Campania,40.942300,14.875183
Caposele,Campania,40.816374,15.223939
Capriglia Irpina,Campania,40.960316,14.777240
Carife,Campania,41.028106,15.208662
Casalbore,Campania,41.233923,15.006742
Cassano Irpino,Campania,40.870416,15.025947
Castel Baronia,Campania,41.047421,15.188748
Castelfranci,Campania,40.931317,15.043247
Castelvetere sul Calore,Campania,40.928717,14.986145
Cervinara,Campania,41.021928,14.613291
Cesinali,Campania,40.895526,14.828328
Chianche,Campania,41.046157,14.789589
Chiusano di San Domenico,Campania,40.933116,14.916344
Contrada,Campania,40.866527,14.776031
Conza della Campania,Campania,40.858592,15.336066
Domicella,Campania,40.880013,14.587737
Flumeri,Campania,41.077821,15.147747
Fontanarosa,Campania,41.018361,15.020990
Forino,Campania,40.861973,14.734796
Frigento,Campania,41.011319,15.099747
Gesualdo,Campania,41.006719,15.072446
Greci,Campania,41.251825,15.169145
Grottaminarda,Campania,41.069720,15.058945
Grottolella,Campania,40.972716,14.787040
Guardia Lombardi,Campania,40.953719,15.208850
Lacedonia,Campania,41.051222,15.423854
Lapio,Campania,40.981117,14.946344
Lauro,Campania,40.879968,14.629467
Lioni,Campania,40.876517,15.187751
Luogosano,Campania,40.985631,14.991956
Manocalzati,Campania,40.941865,14.849804
Marzano di Nola,Campania,40.902720,14.584093
Melito Irpino,Campania,41.103253,15.052042
Mercogliano,Campania,40.920162,14.738605
Mirabella Eclano,Campania,41.044919,14.998744
Montaguto,Campania,41.248725,15.248447
Montecalvo Irpino,Campania,41.195623,15.033443
Montefalcione,Campania,40.961038,14.882215
Monteforte Irpino,Campania,40.891922,14.713905
Montefredane,Campania,40.962395,14.810959
Montefusco,Campania,41.037618,14.854941
Montella,Campania,40.843856,15.017955
Montemarano,Campania,40.915216,14.997646
Montemiletto,Campania,41.011342,14.908704
Monteverde,Campania,40.998922,15.534157
Morra De Sanctis,Campania,40.929019,15.242851
Moschiano,Campania,40.874246,14.658358
Mugnano del Cardinale,Campania,40.943014,14.635638
Nusco,Campania,40.886950,15.084004
Ospedaletto d'Alpinolo,Campania,40.938671,14.743934
Pago del Vallo di Lauro,Campania,40.897213,14.607638
Parolise,Campania,40.930941,14.881770
Paternopoli,Campania,40.973320,15.032045
Petruro Irpino,Campania,41.031917,14.797540
Pietradefusi,Campania,41.044191,14.883407
Pietrastornina,Campania,40.991741,14.729245
Prata di Principato Ultra,Campania,40.985973,14.837514
Pratola Serra,Campania,40.987017,14.852642
Quadrelle,Campania,40.946996,14.638260
Quindici,Campania,40.863313,14.647539
Roccabascerana,Campania,41.018443,14.716318
Rocca San Felice,Campania,40.951460,15.164394
Rotondi,Campania,41.031180,14.596753
Salza Irpina,Campania,40.920063,14.889350
San Mango sul Calore,Campania,40.958117,14.972745
San Martino Valle Caudina,Campania,41.023025,14.662237
San Michele di Serino,Campania,40.877296,14.856309
San Nicola Baronia,Campania,41.058521,15.199148
San Potito Ultra,Campania,40.928116,14.873051
San Sossio Baronia,Campania,41.071221,15.200548
Santa Lucia di Serino,Campania,40.870415,14.875944
Sant'Andrea di Conza,Campania,40.844818,15.369655
Sant'Angelo all'Esca,Campania,41.006618,14.993045
Sant'Angelo a Scala,Campania,40.974575,14.740186
Sant'Angelo dei Lombardi,Campania,40.927030,15.177524
Santa Paolina,Campania,41.021718,14.847241
Santo Stefano del Sole,Campania,40.893915,14.868543
Savignano Irpino,Campania,41.228524,15.179246
Scampitella,Campania,41.092522,15.299950
Senerchia,Campania,40.740390,15.200979
Serino,Campania,40.856714,14.870566
Sirignano,Campania,40.951014,14.631594
Solofra,Campania,40.829131,14.845652
Sorbo Serpico,Campania,40.916928,14.887097
Sperone,Campania,40.952359,14.603280
Sturno,Campania,41.019827,15.111318
Summonte,Campania,40.949488,14.744804
Taurano,Campania,40.884069,14.634006
Taurasi,Campania,41.008718,14.958644
Teora,Campania,40.852817,15.253352
Torella dei Lombardi,Campania,40.939718,15.115048
Torre Le Nocelle,Campania,41.023118,14.909343
Torrioni,Campania,41.033453,14.813023
Trevico,Campania,41.048421,15.233449
Tufo,Campania,41.010298,14.823317
Vallata,Campania,41.037221,15.252150
Vallesaccarda,Campania,41.062760,15.251783
Venticano,Campania,41.049124,14.917637
Villamaina,Campania,40.969418,15.090047
Villanova del Battista,Campania,41.120822,15.158747
Volturara Irpina,Campania,40.878104,14.917085
Zungoli,Campania,41.125322,15.203648
Montoro,Campania,40.832876,14.791777
Acerno,Campania,40.737713,15.056949
Agropoli,Campania,40.346905,14.996553
Albanella,Campania,40.478422,15.116608
Alfano,Campania,40.177505,15.425165
Altavilla Silentina,Campania,40.530241,15.131031
Amalfi,Campania,40.633670,14.602610
Angri,Campania,40.737659,14.572283
Aquara,Campania,40.443909,15.253857
Ascea,Campania,40.141602,15.185760
Atena Lucana,Campania,40.455111,15.557264
Atrani,Campania,40.636908,14.607541
Auletta,Campania,40.558841,15.424890
Baronissi,Campania,40.746938,14.769987
Battipaglia,Campania,40.609254,14.982144
Bellosguardo,Campania,40.423309,15.314159
Bracigliano,Campania,40.823512,14.705441
Buccino,Campania,40.632913,15.369658
Buonabitacolo,Campania,40.271308,15.619968
Caggiano,Campania,40.567813,15.493361
Calvanico,Campania,40.775212,14.827944
Camerota,Campania,40.032501,15.372765
Campagna,Campania,40.664729,15.107145
Campora,Campania,40.305406,15.292360
Cannalonga,Campania,40.244298,15.293675
Capaccio Paestum,Campania,40.443862,15.040038
Casalbuono,Campania,40.215750,15.681587
Casaletto Spartano,Campania,40.150705,15.618669
Casal Velino,Campania,40.190907,15.109374
Caselle in Pittari,Campania,40.172539,15.545752
Castelcivita,Campania,40.494210,15.234456
Castellabate,Campania,40.276127,14.958119
Castelnuovo Cilento,Campania,40.219535,15.177151
Castelnuovo di Conza,Campania,40.820617,15.318754
Castel San Giorgio,Campania,40.783712,14.698841
Castel San Lorenzo,Campania,40.418308,15.227157
Castiglione del Genovesi,Campania,40.725511,14.848445
Cava de' Tirreni,Campania,40.700462,14.706263
Celle di Bulgheria,Campania,40.095489,15.402705
Centola,Campania,40.066502,15.311963
Ceraso,Campania,40.194304,15.256061
Cetara,Campania,40.648214,14.700415
Cicerale,Campania,40.343801,15.129201
Colliano,Campania,40.726115,15.291155
Conca dei Marini,Campania,40.618907,14.567840
Controne,Campania,40.509610,15.205556
Contursi Terme,Campania,40.649513,15.239355
Corbara,Campania,40.724782,14.592763
Corleto Monforte,Campania,40.437209,15.379560
Cuccaro Vetere,Campania,40.161682,15.308547
Eboli,Campania,40.617515,15.056944
Felitto,Campania,40.373507,15.243058
Fisciano,Campania,40.772812,14.799443
Furore,Campania,40.618936,14.548137
Futani,Campania,40.150703,15.323163
Giffoni Sei Casali,Campania,40.719141,14.905972
Giffoni Valle Piana,Campania,40.718112,14.942347
Gioi,Campania,40.289705,15.218059
Giungano,Campania,40.394707,15.107155
Ispani,Campania,40.087304,15.558269
Laureana Cilento,Campania,40.299156,15.038455
Laurino,Campania,40.336507,15.337161
Laurito,Campania,40.168604,15.405964
Laviano,Campania,40.785128,15.307312
Lustra,Campania,40.288304,15.068255
Magliano Vetere,Campania,40.347007,15.236658
Maiori,Campania,40.648908,14.640141
Mercato San Severino,Campania,40.783303,14.755728
Minori,Campania,40.652708,14.624941
Moio della Civitella,Campania,40.247105,15.268860
Montano Antilia,Campania,40.162304,15.365463
Montecorice,Campania,40.234024,14.984681
Montecorvino Pugliano,Campania,40.658056,14.944609
Montecorvino Rovella,Campania,40.695913,14.976105
Monteforte Cilento,Campania,40.364807,15.194857
Monte San Giacomo,Campania,40.344409,15.540465
Montesano sulla Marcellana,Campania,40.275889,15.701375
Morigerati,Campania,40.139949,15.555182
Nocera Inferiore,Campania,40.747213,14.643320
Nocera Superiore,Campania,40.741560,14.671504
Novi Velia,Campania,40.225105,15.288361
Ogliastro Cilento,Campania,40.352405,15.043154
Olevano sul Tusciano,Campania,40.668904,15.032615
Oliveto Citra,Campania,40.690808,15.231782
Omignano,Campania,40.248204,15.085156
Orria,Campania,40.299705,15.171157
Ottati,Campania,40.462856,15.315234
Padula,Campania,40.341642,15.658254
Pagani,Campania,40.749888,14.613323
Palomonte,Campania,40.662513,15.291856
Pellezzano,Campania,40.725211,14.757443
Perdifumo,Campania,40.265986,15.015499
Perito,Campania,40.297705,15.147657
Pertosa,Campania,40.542880,15.448966
Petina,Campania,40.532111,15.373459
Piaggine,Campania,40.344808,15.378661
Pisciotta,Campania,40.108902,15.234561
Polla,Campania,40.517112,15.497962
Pollica,Campania,40.190702,15.057156
Pontecagnano Faiano,Campania,40.640904,14.881882
Positano,Campania,40.628658,14.485495
Postiglione,Campania,40.559011,15.232356
Praiano,Campania,40.611107,14.531340
Prignano Cilento,Campania,40.330905,15.068655
Ravello,Campania,40.649664,14.612275
Ricigliano,Campania,40.668456,15.481459
Roccadaspide,Campania,40.425364,15.191785
Roccagloriosa,Campania,40.108662,15.433349
Roccapiemonte,Campania,40.762465,14.692375
Rofrano,Campania,40.211405,15.427864
Romagnano al Monte,Campania,40.627188,15.435959
Roscigno,Campania,40.399030,15.345926
Rutino,Campania,40.299704,15.072755
Sacco,Campania,40.378108,15.377961
Sala Consilina,Campania,40.398221,15.596369
Salento,Campania,40.248604,15.190058
Salerno,Campania,40.419442,15.310756
Salvitelle,Campania,40.590913,15.458760
San Cipriano Picentino,Campania,40.720003,14.870013
San Giovanni a Piro,Campania,40.050302,15.450967
San Gregorio Magno,Campania,40.656523,15.403609
San Mango Piemonte,Campania,40.701911,14.833745
San Marzano sul Sarno,Campania,40.775215,14.587362
San Mauro Cilento,Campania,40.226355,15.044077
San Mauro la Bruca,Campania,40.122937,15.289750
San Pietro al Tanagro,Campania,40.456811,15.480662
San Rufo,Campania,40.434510,15.463662
Santa Marina,Campania,40.104304,15.540468
Sant'Angelo a Fasanella,Campania,40.456810,15.341459
Sant'Arsenio,Campania,40.472911,15.484562
Sant'Egidio del Monte Albino,Campania,40.733842,14.597044
Santomenna,Campania,40.808317,15.321454
San Valentino Torio,Campania,40.793011,14.598039
Sanza,Campania,40.244607,15.552666
Sapri,Campania,40.075078,15.629775
Sarno,Campania,40.810811,14.619839
Sassano,Campania,40.337709,15.563066
Scafati,Campania,40.749989,14.526949
Scala,Campania,40.653614,14.607792
Serramezzana,Campania,40.243948,15.032059
Serre,Campania,40.582511,15.185554
Sessa Cilento,Campania,40.259204,15.075756
Siano,Campania,40.804026,14.688432
Sicignano degli Alburni,Campania,40.581042,15.300396
Stella Cilento,Campania,40.231803,15.092857
Stio,Campania,40.310006,15.252679
Teggiano,Campania,40.379209,15.540465
Torchiara,Campania,40.322967,15.052395
Torraca,Campania,40.112532,15.635237
Torre Orsaia,Campania,40.133304,15.473266
Tortorella,Campania,40.142205,15.605669
Tramonti,Campania,40.699733,14.641537
Trentinara,Campania,40.400395,15.107466
Valle dell'Angelo,Campania,40.343808,15.368461
Vallo della Lucania,Campania,40.229704,15.265760
Valva,Campania,40.738215,15.269454
Vibonati,Campania,40.100248,15.583115
Vietri sul Mare,Campania,40.671548,14.728600
Bellizzi,Campania,40.620180,14.948453
Accadia,Puglia,41.158824,15.331450
Alberona,Puglia,41.432728,15.123042
Anzano di Puglia,Puglia,41.122523,15.284450
Apricena,Puglia,41.783938,15.443744
Ascoli Satriano,Puglia,41.206120,15.561610
Biccari,Puglia,41.396128,15.194444
Bovino,Puglia,41.249926,15.341249
Cagnano Varano,Puglia,41.828742,15.773151
Candela,Puglia,41.137925,15.514654
Carapelle,Puglia,41.365313,15.693676
Carlantino,Puglia,41.592118,14.976765
Carpino,Puglia,41.844242,15.856153
Casalnuovo Monterotaro,Puglia,41.620232,15.103839
Casalvecchio di Puglia,Puglia,41.593832,15.110539
Castelluccio dei Sauri,Puglia,41.303915,15.479226
Castelluccio Valmaggiore,Puglia,41.342327,15.199045
Castelnuovo della Daunia,Puglia,41.582631,15.120840
Celenza Valfortore,Puglia,41.561730,14.978837
Celle di San Vito,Puglia,41.325936,15.180998
Cerignola,Puglia,41.264812,15.899665
Chieuti,Puglia,41.844637,15.165937
Deliceto,Puglia,41.223026,15.385850
Faeto,Puglia,41.325426,15.159844
Foggia,Puglia,41.502811,15.452900
Ischitella,Puglia,41.904344,15.899453
Isole Tremiti,Puglia,42.114800,15.487124
Lesina,Puglia,41.859439,15.352741
Lucera,Puglia,41.508273,15.337646
Manfredonia,Puglia,41.625473,15.909593
Mattinata,Puglia,41.710141,16.051559
Monteleone di Puglia,Puglia,41.165424,15.258048
Monte Sant'Angelo,Puglia,41.705440,15.967657
Motta Montecorvino,Puglia,41.507430,15.114141
Orsara di Puglia,Puglia,41.281626,15.264447
Orta Nova,Puglia,41.329930,15.710656
Panni,Puglia,41.222025,15.274648
Peschici,Puglia,41.947430,16.013883
Pietramontecorvino,Puglia,41.541631,15.127541
Poggio Imperiale,Puglia,41.823324,15.365418
Rignano Garganico,Puglia,41.677013,15.587517
Rocchetta Sant'Antonio,Puglia,41.103524,15.461754
Rodi Garganico,Puglia,41.928745,15.881052
Roseto Valfortore,Puglia,41.372427,15.096142
San Giovanni Rotondo,Puglia,41.705055,15.730646
San Marco la Catola,Puglia,41.524829,15.005938
San Nicandro Garganico,Puglia,41.838446,15.565338
San Paolo di Civitate,Puglia,41.738336,15.260241
San Severo,Puglia,41.689776,15.377621
Sant'Agata di Puglia,Puglia,41.151824,15.380251
Serracapriola,Puglia,41.811937,15.160238
Stornara,Puglia,41.288625,15.768058
Stornarella,Puglia,41.256380,15.729788
Torremaggiore,Puglia,41.687477,15.292956
Troia,Puglia,41.363128,15.312347
Vico del Gargano,Puglia,41.898344,15.957554
Vieste,Puglia,41.882760,16.179179
Volturara Appula,Puglia,41.496029,15.052239
Volturino,Puglia,41.477229,15.124241
Ordona,Puglia,41.315529,15.627355
Zapponeta,Puglia,41.456964,15.956532
Acquaviva delle Fonti,Puglia,40.897829,16.842487
Adelfia,Puglia,41.004265,16.871653
Alberobello,Puglia,40.784124,17.237703
Altamura,Puglia,40.828560,16.552731
Bari,Puglia,41.125784,16.862029
Binetto,Puglia,41.024165,16.709581
Bitetto,Puglia,41.041408,16.748699
Bitritto,Puglia,41.044532,16.825185
Capurso,Puglia,41.050320,16.916742
Casamassima,Puglia,40.957131,16.920388
Cassano delle Murge,Puglia,40.891010,16.768619
Castellana Grotte,Puglia,40.886431,17.165495
Cellamare,Puglia,41.019333,16.928288
Conversano,Puglia,40.968396,17.113771
Corato,Puglia,41.152761,16.411464
Gioia del Colle,Puglia,40.796728,16.923590
Giovinazzo,Puglia,41.187501,16.671666
Gravina in Puglia,Puglia,40.819725,16.422779
Grumo Appula,Puglia,41.013531,16.708483
Locorotondo,Puglia,40.789167,17.299348
Modugno,Puglia,41.082564,16.780552
Mola di Bari,Puglia,41.061323,17.091711
Molfetta,Puglia,41.199246,16.596828
Monopoli,Puglia,40.952237,17.299948
Noci,Puglia,40.794680,17.123557
Noicattaro,Puglia,41.032287,16.987712
Palo del Colle,Puglia,41.057532,16.700782
Poggiorsini,Puglia,40.917126,16.254774
Polignano a Mare,Puglia,40.996118,17.219586
Putignano,Puglia,40.851830,17.121294
Rutigliano,Puglia,41.011159,17.005479
Ruvo di Puglia,Puglia,41.114087,16.486397
Sammichele di Bari,Puglia,40.887987,16.949456
Sannicandro di Bari,Puglia,41.000520,16.797697
Santeramo in Colle,Puglia,40.793027,16.755286
Terlizzi,Puglia,41.130234,16.542471
Toritto,Puglia,40.998230,16.679779
Triggiano,Puglia,41.063448,16.921698
Turi,Puglia,40.917331,17.021191
Valenzano,Puglia,41.045333,16.885086
Avetrana,Puglia,40.349942,17.727374
Carosino,Puglia,40.465824,17.397605
Castellaneta,Puglia,40.630424,16.934678
Crispiano,Puglia,40.605480,17.232135
Faggiano,Puglia,40.419823,17.386605
Fragagnano,Puglia,40.431924,17.472207
Ginosa,Puglia,40.579751,16.756208
Grottaglie,Puglia,40.536193,17.434221
Laterza,Puglia,40.629524,16.799689
Leporano,Puglia,40.383922,17.334904
Lizzano,Puglia,40.391023,17.447607
Manduria,Puglia,40.401825,17.633511
Martina Franca,Puglia,40.704238,17.339991
Maruggio,Puglia,40.322260,17.572366
Massafra,Puglia,40.588831,17.116990
Monteiasi,Puglia,40.499725,17.381007
Montemesola,Puglia,40.563020,17.339228
Monteparano,Puglia,40.444024,17.415105
Mottola,Puglia,40.633225,17.037195
Palagianello,Puglia,40.611891,16.975118
Palagiano,Puglia,40.578224,17.037395
Pulsano,Puglia,40.384693,17.355670
Roccaforzata,Puglia,40.437424,17.389605
San Giorgio Ionico,Puglia,40.456624,17.378704
San Marzano di San Giuseppe,Puglia,40.454425,17.505607
Sava,Puglia,40.403424,17.558409
Taranto,Puglia,40.548816,17.080580
Torricella,Puglia,40.354062,17.499392
Statte,Puglia,40.563225,17.209799
Brindisi,Puglia,40.636227,17.688501
Carovigno,Puglia,40.707185,17.656848
Ceglie Messapica,Puglia,40.646044,17.517057
Cellino San Marco,Puglia,40.472228,17.966318
Cisternino,Puglia,40.742985,17.425745
Erchie,Puglia,40.436042,17.734629
Fasano,Puglia,40.834432,17.358399
Francavilla Fontana,Puglia,40.530162,17.582677
Latiano,Puglia,40.553783,17.718222
Mesagne,Puglia,40.558829,17.808313
Oria,Puglia,40.497327,17.641310
Ostuni,Puglia,40.727631,17.576406
San Donaci,Puglia,40.449380,17.922606
San Michele Salentino,Puglia,40.630386,17.633576
San Pancrazio Salentino,Puglia,40.419133,17.839385
San Pietro Vernotico,Puglia,40.491529,17.998918
San Vito dei Normanni,Puglia,40.656248,17.703752
Torchiarolo,Puglia,40.484029,18.051619
Torre Santa Susanna,Puglia,40.465627,17.735612
Villa Castelli,Puglia,40.584527,17.474605
Alessano,Puglia,39.889678,18.331208
Alezio,Puglia,40.061321,18.058224
Alliste,Puglia,39.948618,18.088826
Andrano,Puglia,39.983019,18.382202
Aradeo,Puglia,40.130922,18.129625
Arnesano,Puglia,40.335200,18.091628
Bagnolo del Salento,Puglia,40.150624,18.352630
Botrugno,Puglia,40.064722,18.324430
Calimera,Puglia,40.250022,18.280727
Campi Salentina,Puglia,40.398496,18.018319
Cannole,Puglia,40.166225,18.366030
Caprarica di Lecce,Puglia,40.258126,18.249026
Carmiano,Puglia,40.344826,18.043021
Carpignano Salentino,Puglia,40.197781,18.340827
Casarano,Puglia,40.010820,18.161765
Castri di Lecce,Puglia,40.273826,18.263327
Castrignano de' Greci,Puglia,40.173897,18.297011
Castrignano del Capo,Puglia,39.832318,18.351233
Cavallino,Puglia,40.312527,18.200425
Collepasso,Puglia,40.073020,18.163073
Copertino,Puglia,40.271681,18.050252
Corigliano d'Otranto,Puglia,40.159624,18.259428
Corsano,Puglia,39.889219,18.369333
Cursi,Puglia,40.149624,18.314829
Cutrofiano,Puglia,40.126323,18.201627
Diso,Puglia,40.009522,18.392532
Gagliano del Capo,Puglia,39.844218,18.369534
Galatina,Puglia,40.174278,18.167839
Galatone,Puglia,40.142922,18.070424
Gallipoli,Puglia,40.056720,17.996423
Giuggianello,Puglia,40.094423,18.368931
Giurdignano,Puglia,40.121524,18.432732
Guagnano,Puglia,40.401227,17.949018
Lecce,Puglia,40.152217,18.226063
Lequile,Puglia,40.305826,18.140223
Leverano,Puglia,40.289425,17.999414
Lizzanello,Puglia,40.304127,18.222525
Maglie,Puglia,40.118463,18.298853
Martano,Puglia,40.203621,18.301980
Martignano,Puglia,40.237425,18.255227
Matino,Puglia,40.032510,18.133853
Melendugno,Puglia,40.271701,18.336912
Melissano,Puglia,39.971065,18.125779
Melpignano,Puglia,40.157081,18.293078
Miggiano,Puglia,39.959720,18.311631
Minervino di Lecce,Puglia,40.088424,18.420432
Monteroni di Lecce,Puglia,40.324398,18.097590
Montesano Salentino,Puglia,39.975621,18.321431
Morciano di Leuca,Puglia,39.847818,18.312432
Muro Leccese,Puglia,40.102323,18.338130
Nardò,Puglia,40.176261,18.030637
Neviano,Puglia,40.107722,18.114025
Nociglia,Puglia,40.039222,18.326031
Novoli,Puglia,40.378527,18.049220
Ortelle,Puglia,40.033896,18.391120
Otranto,Puglia,40.147825,18.485933
Palmariggi,Puglia,40.131322,18.381176
Parabita,Puglia,40.051921,18.129526
Patù,Puglia,39.841218,18.338933
Poggiardo,Puglia,40.054223,18.379132
Racale,Puglia,39.963119,18.093826
Ruffano,Puglia,39.984092,18.247476
Salice Salentino,Puglia,40.385662,17.963748
Salve,Puglia,39.861318,18.293332
Sanarica,Puglia,40.089123,18.348731
San Cesario di Lecce,Puglia,40.302961,18.159865
San Donato di Lecce,Puglia,40.268126,18.184225
Sannicola,Puglia,40.091921,18.066124
San Pietro in Lama,Puglia,40.308426,18.128623
Santa Cesarea Terme,Puglia,40.036323,18.456834
Scorrano,Puglia,40.091623,18.299629
Seclì,Puglia,40.130126,18.100507
Sogliano Cavour,Puglia,40.148823,18.195226
Soleto,Puglia,40.187708,18.207372
Specchia,Puglia,39.937120,18.297631
Spongano,Puglia,40.017822,18.365632
Squinzano,Puglia,40.436528,18.041820
Sternatia,Puglia,40.222125,18.225226
Supersano,Puglia,40.017721,18.243229
Surano,Puglia,40.028322,18.345131
Surbo,Puglia,40.396028,18.133422
Taurisano,Puglia,39.956619,18.214129
Taviano,Puglia,39.983519,18.086826
Tiggiano,Puglia,39.905819,18.364433
Trepuzzi,Puglia,40.405472,18.070620
Tricase,Puglia,39.930420,18.355332
Tuglie,Puglia,40.073821,18.098125
Ugento,Puglia,39.926319,18.157428
Uggiano la Chiesa,Puglia,40.101724,18.449333
Veglie,Puglia,40.335126,17.965219
Vernole,Puglia,40.289527,18.303527
Zollino,Puglia,40.206006,18.250589
San Cassiano,Puglia,40.056287,18.333936
Castro,Puglia,40.007022,18.425733
Porto Cesareo,Puglia,40.262824,17.898418
Presicce-Acquarica,Puglia,39.903241,18.254798
Andria,Puglia,41.227646,16.295435
Barletta,Puglia,41.321498,16.286870
Bisceglie,Puglia,41.240274,16.501011
Canosa di Puglia,Puglia,41.219631,16.067466
Margherita di Savoia,Puglia,41.374235,16.150166
Minervino Murge,Puglia,41.085052,16.077776
San Ferdinando di Puglia,Puglia,41.302632,16.070465
Spinazzola,Puglia,40.969168,16.088007
Trani,Puglia,41.275088,16.416258
Trinitapoli,Puglia,41.358853,16.087436
Abriola,Basilicata,40.507882,15.813760
Acerenza,Basilicata,40.792121,15.936568
Albano di Lucania,Basilicata,40.584445,16.036716
Anzi,Basilicata,40.516615,15.924571
Armento,Basilicata,40.307712,16.064977
Atella,Basilicata,40.880321,15.650161
Avigliano,Basilicata,40.729718,15.720264
Balvano,Basilicata,40.650315,15.514161
Banzi,Basilicata,40.861559,16.013768
Baragiano,Basilicata,40.679738,15.593966
Barile,Basilicata,40.946322,15.672660
Bella,Basilicata,40.760917,15.540560
Brienza,Basilicata,40.477849,15.630151
Brindisi Montagna,Basilicata,40.609517,15.939771
Calvello,Basilicata,40.476014,15.848570
Calvera,Basilicata,40.149509,16.143881
Campomaggiore,Basilicata,40.566012,16.073217
Cancellara,Basilicata,40.730219,15.925769
Carbone,Basilicata,40.142409,16.089380
San Paolo Albanese,Basilicata,40.036708,16.334586
Castelgrande,Basilicata,40.786617,15.430157
Castelluccio Inferiore,Basilicata,40.003905,15.980879
Castelluccio Superiore,Basilicata,40.010305,15.975079
Castelmezzano,Basilicata,40.530237,16.046551
Castelsaraceno,Basilicata,40.163708,15.991877
Castronuovo di Sant'Andrea,Basilicata,40.190710,16.185481
Cersosimo,Basilicata,40.047009,16.349386
Chiaromonte,Basilicata,40.124009,16.213835
Corleto Perticara,Basilicata,40.383513,16.040676
Episcopia,Basilicata,40.074807,16.098181
Fardella,Basilicata,40.113809,16.169782
Filiano,Basilicata,40.831879,15.716292
Forenza,Basilicata,40.859583,15.855268
Francavilla in Sinni,Basilicata,40.080192,16.203224
Gallicchio,Basilicata,40.289012,16.139079
Genzano di Lucania,Basilicata,40.849102,16.032463
Grumento Nova,Basilicata,40.282810,15.888773
Guardia Perticara,Basilicata,40.360513,16.098877
Lagonegro,Basilicata,40.128306,15.761472
Latronico,Basilicata,40.089807,16.011778
Laurenzana,Basilicata,40.460514,15.970973
Lauria,Basilicata,40.047351,15.836595
Lavello,Basilicata,41.045625,15.790762
Maratea,Basilicata,39.996703,15.722373
Marsico Nuovo,Basilicata,40.423012,15.734868
Marsicovetere,Basilicata,40.376601,15.824493
Maschito,Basilicata,40.908922,15.829464
Melfi,Basilicata,40.996127,15.655654
Missanello,Basilicata,40.282012,16.165980
Moliterno,Basilicata,40.241932,15.869020
Montemilone,Basilicata,41.030026,15.969266
Montemurro,Basilicata,40.296911,15.991275
Muro Lucano,Basilicata,40.752517,15.485759
Nemoli,Basilicata,40.067505,15.800274
Noepoli,Basilicata,40.086809,16.329685
Oppido Lucano,Basilicata,40.761820,15.986670
Palazzo San Gervasio,Basilicata,40.931324,15.980767
Pescopagano,Basilicata,40.835618,15.398856
Picerno,Basilicata,40.638456,15.635874
Pietragalla,Basilicata,40.747522,15.880648
Pietrapertosa,Basilicata,40.518017,16.063207
Pignola,Basilicata,40.573637,15.783504
Potenza,Basilicata,40.518319,15.820960
Rapolla,Basilicata,40.975723,15.671260
Rapone,Basilicata,40.846719,15.501158
Rionero in Vulture,Basilicata,40.926188,15.669441
Ripacandida,Basilicata,40.911781,15.724783
Rivello,Basilicata,40.078005,15.756073
Roccanova,Basilicata,40.212011,16.203181
Rotonda,Basilicata,39.952786,16.039088
Ruoti,Basilicata,40.718017,15.678963
Ruvo del Monte,Basilicata,40.848819,15.541359
San Chirico Nuovo,Basilicata,40.676747,16.078534
San Chirico Raparo,Basilicata,40.190715,16.076348
San Costantino Albanese,Basilicata,40.035808,16.304686
San Fele,Basilicata,40.819326,15.538428
San Martino d'Agri,Basilicata,40.239710,16.053078
San Severino Lucano,Basilicata,40.020607,16.137882
Sant'Angelo Le Fratte,Basilicata,40.545913,15.558963
Sant'Arcangelo,Basilicata,40.247312,16.271182
Sarconi,Basilicata,40.247891,15.890397
Sasso di Castalda,Basilicata,40.488266,15.677963
Satriano di Lucania,Basilicata,40.543914,15.638265
Savoia di Lucania,Basilicata,40.569813,15.552562
Senise,Basilicata,40.147158,16.289501
Spinoso,Basilicata,40.269694,15.966769
Teana,Basilicata,40.124809,16.151781
Terranova di Pollino,Basilicata,39.978107,16.296286
Tito,Basilicata,40.583615,15.675465
Tolve,Basilicata,40.694219,16.016271
Tramutola,Basilicata,40.316610,15.791071
Trecchina,Basilicata,40.025658,15.776787
Trivigno,Basilicata,40.581017,15.989872
Vaglio Basilicata,Basilicata,40.665873,15.920070
Venosa,Basilicata,40.961323,15.814863
Vietri di Potenza,Basilicata,40.598647,15.507246
Viggianello,Basilicata,39.973195,16.085353
Viggiano,Basilicata,40.340711,15.900773
Ginestra,Basilicata,40.929822,15.734562
Paterno,Basilicata,40.378311,15.732769
Accettura,Basilicata,40.491016,16.157977
Aliano,Basilicata,40.313827,16.229961
Bernalda,Basilicata,40.412918,16.691097
Calciano,Basilicata,40.588018,16.192376
Cirigliano,Basilicata,40.394414,16.172578
Colobraro,Basilicata,40.187312,16.424986
Craco,Basilicata,40.379916,16.437084
Garaguso,Basilicata,40.548418,16.227178
Gorgoglione,Basilicata,40.394414,16.144578
Grassano,Basilicata,40.632620,16.282778
Grottole,Basilicata,40.601020,16.379280
Irsina,Basilicata,40.749622,16.235775
Matera,Basilicata,40.447642,16.473574
Miglionico,Basilicata,40.568420,16.502484
Montalbano Jonico,Basilicata,40.288410,16.568171
Montescaglioso,Basilicata,40.552221,16.666887
Nova Siri,Basilicata,40.148212,16.538889
Oliveto Lucano,Basilicata,40.535317,16.184577
Pisticci,Basilicata,40.390527,16.556732
Policoro,Basilicata,40.210460,16.676376
Pomarico,Basilicata,40.517944,16.545945
Rotondella,Basilicata,40.171312,16.525589
Salandra,Basilicata,40.527518,16.319180
San Giorgio Lucano,Basilicata,40.111910,16.387986
San Mauro Forte,Basilicata,40.487117,16.248079
Stigliano,Basilicata,40.401238,16.231594
Tricarico,Basilicata,40.620076,16.143617
Tursi,Basilicata,40.245213,16.469687
Valsinni,Basilicata,40.169912,16.443487
Scanzano Jonico,Basilicata,40.249792,16.698040
Acquaformosa,Calabria,39.723100,16.089885
Acquappesa,Calabria,39.493695,15.952084
Acri,Calabria,39.493005,16.384950
Aiello Calabro,Calabria,39.117469,16.166663
Aieta,Calabria,39.928575,15.823980
Albidona,Calabria,39.924121,16.469869
Alessandria del Carretto,Calabria,39.958107,16.379488
Altilia,Calabria,39.130490,16.252695
Altomonte,Calabria,39.697882,16.127128
Amantea,Calabria,39.133189,16.074591
Amendolara,Calabria,39.952438,16.582284
Aprigliano,Calabria,39.241693,16.341796
Belmonte Calabro,Calabria,39.162203,16.082536
Belsito,Calabria,39.177191,16.288295
Belvedere Marittimo,Calabria,39.617973,15.861853
Bianchi,Calabria,39.100891,16.410099
Bisignano,Calabria,39.500197,16.274461
Bocchigliero,Calabria,39.419799,16.749002
Bonifati,Calabria,39.585296,15.900282
Buonvicino,Calabria,39.690177,15.883999
Calopezzati,Calabria,39.560673,16.801158
Caloveto,Calabria,39.505850,16.759549
Campana,Calabria,39.412448,16.822564
Canna,Calabria,40.093911,16.504289
Cariati,Calabria,39.496250,16.947448
Carolei,Calabria,39.256292,16.220093
Carpanzano,Calabria,39.147491,16.303296
Cassano all'Ionio,Calabria,39.785022,16.315928
Castiglione Cosentino,Calabria,39.351639,16.284431
Castrolibero,Calabria,39.308093,16.194392
Castroregio,Calabria,39.992408,16.477590
Castrovillari,Calabria,39.815494,16.202772
Celico,Calabria,39.310094,16.339895
Cellara,Calabria,39.218492,16.334796
Cerchiara di Calabria,Calabria,39.860405,16.382789
Cerisano,Calabria,39.276092,16.175392
Cervicati,Calabria,39.542497,16.128287
Cerzeto,Calabria,39.507796,16.114988
Cetraro,Calabria,39.516595,15.941584
Civita,Calabria,39.828804,16.312488
Cleto,Calabria,39.090189,16.158393
Colosimi,Calabria,39.119091,16.399698
Cosenza,Calabria,39.596685,16.333056
Cropalati,Calabria,39.517201,16.726501
Crosia,Calabria,39.567602,16.772801
Diamante,Calabria,39.677730,15.821128
Dipignano,Calabria,39.237492,16.253094
Domanico,Calabria,39.219691,16.206093
Fagnano Castello,Calabria,39.565697,16.053673
Falconara Albanese,Calabria,39.275892,16.091790
Figline Vegliaturo,Calabria,39.225192,16.330296
Firmo,Calabria,39.721401,16.170186
Fiumefreddo Bruzio,Calabria,39.234427,16.069517
Francavilla Marittima,Calabria,39.817846,16.386644
Frascineto,Calabria,39.836404,16.261987
Fuscaldo,Calabria,39.414294,16.029787
Grimaldi,Calabria,39.141990,16.235694
Grisolia,Calabria,39.724499,15.854179
Guardia Piemontese,Calabria,39.466163,15.999259
Lago,Calabria,39.166767,16.149135
Laino Borgo,Calabria,39.953520,15.973719
Laino Castello,Calabria,39.936304,15.976580
Lappano,Calabria,39.319506,16.312166
Lattarico,Calabria,39.463378,16.137829
Longobardi,Calabria,39.207090,16.076490
Longobucco,Calabria,39.448299,16.610499
Lungro,Calabria,39.742265,16.122825
Luzzi,Calabria,39.446105,16.287255
Maierà,Calabria,39.717518,15.849327
Malito,Calabria,39.154990,16.248595
Malvito,Calabria,39.599698,16.053285
Mandatoriccio,Calabria,39.467201,16.834804
Mangone,Calabria,39.205592,16.331996
Marano Marchesato,Calabria,39.315993,16.173791
Marano Principato,Calabria,39.299593,16.175091
Marzi,Calabria,39.170791,16.306396
Mendicino,Calabria,39.263596,16.195352
Mongrassano,Calabria,39.526897,16.110587
Montalto Uffugo,Calabria,39.404795,16.157990
Montegiordano,Calabria,40.043010,16.534391
Morano Calabro,Calabria,39.843941,16.135613
Mormanno,Calabria,39.888303,15.986780
Mottafollone,Calabria,39.648699,16.063385
Nocara,Calabria,40.099411,16.481889
Oriolo,Calabria,40.053809,16.446088
Orsomarso,Calabria,39.800172,15.909528
Paludi,Calabria,39.529394,16.681569
Panettieri,Calabria,39.059990,16.456700
Paola,Calabria,39.359893,16.039588
Papasidero,Calabria,39.871915,15.905552
Parenti,Calabria,39.162192,16.410498
Paterno Calabro,Calabria,39.228492,16.264894
Pedivigliano,Calabria,39.109490,16.302896
Piane Crati,Calabria,39.234093,16.325495
Pietrafitta,Calabria,39.261393,16.338595
Pietrapaola,Calabria,39.487501,16.815803
Plataci,Calabria,39.900406,16.431990
Praia a Mare,Calabria,39.900902,15.779276
Rende,Calabria,39.331993,16.184383
Rocca Imperiale,Calabria,40.109711,16.580191
Roggiano Gravina,Calabria,39.618199,16.159687
Rogliano,Calabria,39.178764,16.323409
Rose,Calabria,39.398495,16.287193
Roseto Capo Spulico,Calabria,39.987009,16.601693
Rota Greca,Calabria,39.468496,16.112588
Rovito,Calabria,39.307994,16.321094
San Basile,Calabria,39.809603,16.163285
San Benedetto Ullano,Calabria,39.427095,16.123789
San Cosmo Albanese,Calabria,39.583100,16.420193
San Demetrio Corone,Calabria,39.569899,16.361492
San Donato di Ninea,Calabria,39.711600,16.048491
San Fili,Calabria,39.338893,16.143490
Sangineto,Calabria,39.604797,15.914882
San Giorgio Albanese,Calabria,39.581818,16.454187
San Giovanni in Fiore,Calabria,39.252976,16.697377
San Lorenzo Bellizzi,Calabria,39.889205,16.330288
San Lorenzo del Vallo,Calabria,39.668201,16.297390
San Lucido,Calabria,39.308892,16.050788
San Marco Argentano,Calabria,39.557408,16.119089
San Martino di Finita,Calabria,39.490596,16.109788
San Nicola Arcella,Calabria,39.848174,15.794971
San Pietro in Amantea,Calabria,39.136389,16.111592
San Pietro in Guarano,Calabria,39.342094,16.311247
San Sosti,Calabria,39.660948,16.028228
Santa Caterina Albanese,Calabria,39.586119,16.070479
Santa Domenica Talao,Calabria,39.819501,15.854578
Sant'Agata di Esaro,Calabria,39.622798,15.983783
Santa Maria del Cedro,Calabria,39.746199,15.836379
Santa Sofia d'Epiro,Calabria,39.547090,16.329117
Santo Stefano di Rogliano,Calabria,39.192492,16.318196
San Vincenzo La Costa,Calabria,39.365194,16.151690
Saracena,Calabria,39.776837,16.156472
Scala Coeli,Calabria,39.449801,16.885405
Scalea,Calabria,39.816660,15.790547
Scigliano,Calabria,39.128688,16.308213
Serra d'Aiello,Calabria,39.090288,16.127493
Spezzano Albanese,Calabria,39.668801,16.310490
Spezzano della Sila,Calabria,39.299411,16.339450
Tarsia,Calabria,39.620900,16.271690
Terranova da Sibari,Calabria,39.656901,16.339491
Terravecchia,Calabria,39.464901,16.946006
Torano Castello,Calabria,39.506296,16.145588
Tortora,Calabria,39.941303,15.805176
Trebisacce,Calabria,39.870107,16.530667
Vaccarizzo Albanese,Calabria,39.585400,16.432894
Verbicaro,Calabria,39.755600,15.913580
Villapiana,Calabria,39.846505,16.455191
Zumpano,Calabria,39.310894,16.292094
Casali del Manco,Calabria,39.294833,16.450109
Corigliano-Rossano,Calabria,39.616315,16.577896
Albi,Calabria,39.024990,16.596404
Amaroni,Calabria,38.793085,16.448103
Amato,Calabria,38.941788,16.462202
Andali,Calabria,39.013391,16.768407
Argusto,Calabria,38.680783,16.435404
Badolato,Calabria,38.568681,16.524607
Belcastro,Calabria,39.017992,16.786408
Borgia,Calabria,38.826186,16.508804
Botricello,Calabria,38.931990,16.858310
Caraffa di Catanzaro,Calabria,38.881287,16.485603
Cardinale,Calabria,38.642336,16.387480
Carlopoli,Calabria,39.056690,16.454900
Catanzaro,Calabria,38.829960,16.431557
Cenadi,Calabria,38.719483,16.417203
Centrache,Calabria,38.728984,16.432103
Cerva,Calabria,39.018824,16.742749
Chiaravalle Centrale,Calabria,38.680383,16.410603
Cicala,Calabria,39.022190,16.486101
Conflenti,Calabria,39.071689,16.284496
Cortale,Calabria,38.840086,16.409602
Cropani,Calabria,38.967791,16.781308
Curinga,Calabria,38.826185,16.313400
Davoli,Calabria,38.647383,16.486205
Decollatura,Calabria,39.047789,16.355098
Falerna,Calabria,38.995559,16.162568
Feroleto Antico,Calabria,38.961095,16.388327
Fossato Serralta,Calabria,38.996290,16.579604
Gagliato,Calabria,38.676978,16.462646
Gasperina,Calabria,38.739650,16.507381
Gimigliano,Calabria,38.974489,16.530503
Girifalco,Calabria,38.823355,16.426384
Gizzeria,Calabria,38.979987,16.203296
Guardavalle,Calabria,38.504980,16.503507
Isca sullo Ionio,Calabria,38.601282,16.519607
Jacurso,Calabria,38.846180,16.380042
Magisano,Calabria,39.013390,16.627904
Maida,Calabria,38.858841,16.364824
Marcedusa,Calabria,39.027792,16.836309
Marcellinara,Calabria,38.928093,16.493077
Martirano,Calabria,39.081748,16.248479
Martirano Lombardo,Calabria,39.074949,16.232759
Miglierina,Calabria,38.948986,16.471932
Montauro,Calabria,38.748770,16.512910
Montepaone,Calabria,38.721458,16.498972
Motta Santa Lucia,Calabria,39.091890,16.292396
Nocera Terinese,Calabria,39.036893,16.160718
Olivadi,Calabria,38.725584,16.423703
Palermiti,Calabria,38.748534,16.452216
Pentone,Calabria,38.985790,16.582504
Petrizzi,Calabria,38.701383,16.473005
Petronà,Calabria,39.043692,16.755907
Pianopoli,Calabria,38.953917,16.388125
Platania,Calabria,39.005388,16.320098
San Floro,Calabria,38.837986,16.518704
San Mango d'Aquino,Calabria,39.060284,16.193707
San Pietro a Maida,Calabria,38.846804,16.343454
San Pietro Apostolo,Calabria,39.004389,16.468401
San Sostene,Calabria,38.637882,16.487106
Santa Caterina dello Ionio,Calabria,38.532681,16.522007
Sant'Andrea Apostolo dello Ionio,Calabria,38.622582,16.528307
San Vito sullo Ionio,Calabria,38.711783,16.409703
Satriano,Calabria,38.666883,16.481205
Sellia,Calabria,38.982284,16.629684
Sellia Marina,Calabria,38.899625,16.744330
Serrastretta,Calabria,39.013189,16.416300
Sersale,Calabria,39.010891,16.726907
Settingiano,Calabria,38.911388,16.513903
Simeri Crichi,Calabria,38.909644,16.656018
Sorbo San Basile,Calabria,39.019390,16.569103
Soverato,Calabria,38.687717,16.550044
Soveria Mannelli,Calabria,39.082890,16.371898
Soveria Simeri,Calabria,38.946589,16.680106
Squillace,Calabria,38.779485,16.512205
Stalettì,Calabria,38.765485,16.537605
Taverna,Calabria,39.021790,16.581803
Tiriolo,Calabria,38.943288,16.508303
Torre di Ruggiero,Calabria,38.653382,16.372803
Vallefiorita,Calabria,38.776385,16.461003
Zagarise,Calabria,38.999190,16.663205
Lamezia Terme,Calabria,38.964507,16.302145
Africo,Calabria,38.050669,16.133204
Agnana Calabra,Calabria,38.302674,16.222904
Anoia,Calabria,38.436192,16.080633
Antonimina,Calabria,38.272273,16.148402
Ardore,Calabria,38.190970,16.168222
Bagaladi,Calabria,38.026667,15.821398
Bagnara Calabra,Calabria,38.288471,15.807795
Benestare,Calabria,38.185372,16.137003
Bianco,Calabria,38.090670,16.149304
Bivongi,Calabria,38.483170,16.453054
Bova,Calabria,37.995067,15.931901
Bovalino,Calabria,38.148971,16.174004
Bova Marina,Calabria,37.930625,15.917452
Brancaleone,Calabria,37.962968,16.100405
Bruzzano Zeffirio,Calabria,38.013268,16.082604
Calanna,Calabria,38.183669,15.723094
Camini,Calabria,38.432257,16.481958
Campo Calabro,Calabria,38.216069,15.659192
Candidoni,Calabria,38.505477,16.086298
Canolo,Calabria,38.315043,16.199783
Caraffa del Bianco,Calabria,38.092670,16.086403
Cardeto,Calabria,38.084567,15.766596
Careri,Calabria,38.176571,16.117803
Casignana,Calabria,38.101870,16.089903
Caulonia,Calabria,38.381377,16.409007
Ciminà,Calabria,38.246819,16.138812
Cinquefrondi,Calabria,38.415957,16.097429
Cittanova,Calabria,38.353949,16.080602
Condofuri,Calabria,38.004659,15.857397
Cosoleto,Calabria,38.275372,15.927997
Delianuova,Calabria,38.234071,15.917798
Feroleto della Chiesa,Calabria,38.465776,16.064198
Ferruzzano,Calabria,38.038715,16.087049
Fiumara,Calabria,38.212669,15.693693
Galatro,Calabria,38.459740,16.110777
Gerace,Calabria,38.272330,16.219753
Giffone,Calabria,38.438176,16.150000
Gioia Tauro,Calabria,38.423974,15.898995
Gioiosa Ionica,Calabria,38.322175,16.302605
Grotteria,Calabria,38.365476,16.264904
Laganadi,Calabria,38.173369,15.741395
Laureana di Borrello,Calabria,38.492577,16.082098
Locri,Calabria,38.238537,16.265509
Mammola,Calabria,38.378051,16.203148
Marina di Gioiosa Ionica,Calabria,38.300663,16.330362
Maropati,Calabria,38.440632,16.099161
Martone,Calabria,38.353976,16.288304
Melicuccà,Calabria,38.303772,15.881296
Melicucco,Calabria,38.433713,16.060471
Melito di Porto Salvo,Calabria,37.920384,15.777857
Molochio,Calabria,38.308445,16.031862
Monasterace,Calabria,38.453679,16.552009
Montebello Jonico,Calabria,37.982766,15.757997
Motta San Giovanni,Calabria,38.003165,15.695096
Oppido Mamertina,Calabria,38.293593,15.984140
Palizzi,Calabria,37.966667,15.986702
Palmi,Calabria,38.357449,15.846565
Pazzano,Calabria,38.475763,16.452501
Placanica,Calabria,38.411878,16.452507
Platì,Calabria,38.219972,16.046501
Polistena,Calabria,38.406509,16.077455
Portigliola,Calabria,38.227673,16.202204
Reggio di Calabria,Calabria,38.103539,15.639756
Riace,Calabria,38.418295,16.481189
Rizziconi,Calabria,38.411996,15.959240
Roccaforte del Greco,Calabria,38.047268,15.894699
Roccella Ionica,Calabria,38.321976,16.400907
Roghudi,Calabria,37.927565,15.765998
Rosarno,Calabria,38.487283,15.976495
Samo,Calabria,38.073769,16.058302
San Giorgio Morgeto,Calabria,38.386958,16.108164
San Giovanni di Gerace,Calabria,38.365076,16.277704
San Lorenzo,Calabria,38.010967,15.834398
San Luca,Calabria,38.148371,16.066002
San Pietro di Caridà,Calabria,38.523678,16.135299
San Procopio,Calabria,38.281172,15.890397
San Roberto,Calabria,38.211269,15.736594
Santa Cristina d'Aspromonte,Calabria,38.255372,15.970499
Sant'Agata del Bianco,Calabria,38.092788,16.083088
Sant'Alessio in Aspromonte,Calabria,38.172569,15.757795
Sant'Eufemia d'Aspromonte,Calabria,38.263471,15.854796
Sant'Ilario dello Ionio,Calabria,38.218773,16.195604
Santo Stefano in Aspromonte,Calabria,38.169169,15.789196
Scido,Calabria,38.243571,15.932698
Scilla,Calabria,38.250670,15.718993
Seminara,Calabria,38.335093,15.871255
Serrata,Calabria,38.512877,16.100699
Siderno,Calabria,38.276163,16.298160
Sinopoli,Calabria,38.263771,15.878497
Staiti,Calabria,38.000068,16.032803
Stignano,Calabria,38.416078,16.470308
Stilo,Calabria,38.476612,16.467263
Taurianova,Calabria,38.355054,16.014778
Terranova Sappo Minulio,Calabria,38.322673,16.007499
Varapodio,Calabria,38.317073,15.984398
Villa San Giovanni,Calabria,38.220112,15.637381
San Ferdinando,Calabria,38.483170,15.916271
Belvedere di Spinello,Calabria,39.211944,16.889318
Caccuri,Calabria,39.227416,16.778569
Carfizzi,Calabria,39.306360,16.973792
Casabona,Calabria,39.250284,16.960659
Castelsilano,Calabria,39.269034,16.767453
Cerenzia,Calabria,39.244086,16.788333
Cirò,Calabria,39.381732,17.061353
Cirò Marina,Calabria,39.369092,17.132857
Cotronei,Calabria,39.158350,16.773505
Crotone,Calabria,39.187389,16.878282
Crucoli,Calabria,39.423701,17.002308
Cutro,Calabria,39.035445,16.979263
Isola di Capo Rizzuto,Calabria,38.959993,17.093315
Melissa,Calabria,39.307373,17.025987
Mesoraca,Calabria,39.080127,16.789599
Pallagorio,Calabria,39.307693,16.910984
Petilia Policastro,Calabria,39.109410,16.788654
Roccabernarda,Calabria,39.136087,16.869791
Rocca di Neto,Calabria,39.184386,17.009067
San Mauro Marchesato,Calabria,39.104406,16.924439
San Nicola dell'Alto,Calabria,39.291348,16.972244
Santa Severina,Calabria,39.147901,16.912776
Savelli,Calabria,39.310837,16.778523
Scandale,Calabria,39.122213,16.964123
Strongoli,Calabria,39.263959,17.052026
Umbriatico,Calabria,39.354501,16.918710
Verzino,Calabria,39.311098,16.860406
Acquaro,Calabria,38.554779,16.187200
Arena,Calabria,38.562779,16.209900
Briatico,Calabria,38.725981,16.032895
Brognaturo,Calabria,38.601281,16.341403
Capistrano,Calabria,38.692282,16.289601
Cessaniti,Calabria,38.663680,16.026795
Dasà,Calabria,38.564879,16196.000000
Dinami,Calabria,38.527776,16.147958
Drapia,Calabria,38.664524,15.910363
Fabrizia,Calabria,38.487078,16.301003
Filadelfia,Calabria,38.783764,16.291088
Filandari,Calabria,38.615079,16.031396
Filogaso,Calabria,38.681481,16.228699
Francavilla Angitola,Calabria,38.780184,16.271699
Francica,Calabria,38.615679,16.099297
Gerocarne,Calabria,38.587478,16.219813
Ionadi,Calabria,38.636334,16.059571
Joppolo,Calabria,38.583840,15.897318
Limbadi,Calabria,38.557477,15.965895
Maierato,Calabria,38.705048,16.190070
Mileto,Calabria,38.609262,16.069491
Mongiana,Calabria,38.512879,16.319503
Monterosso Calabro,Calabria,38.716999,16.291059
Nardodipace,Calabria,38.472278,16.342504
Nicotera,Calabria,38.554577,15.936695
Parghelia,Calabria,38.681736,15.921798
Pizzo,Calabria,38.735436,16.162085
Pizzoni,Calabria,38.623081,16.251901
Polia,Calabria,38.751183,16.312200
Ricadi,Calabria,38.625483,15.866430
Rombiolo,Calabria,38.591778,16.001696
San Calogero,Calabria,38.575578,16.020296
San Costantino Calabro,Calabria,38.632279,16.073897
San Gregorio d'Ippona,Calabria,38.642334,16.101976
San Nicola da Crissa,Calabria,38.663636,16.284679
Sant'Onofrio,Calabria,38.694981,16.144097
Serra San Bruno,Calabria,38.574608,16.326074
Simbario,Calabria,38.612109,16.334919
Sorianello,Calabria,38.593280,16.231901
Soriano Calabro,Calabria,38.596934,16.230355
Spadola,Calabria,38.603802,16.337075
Spilinga,Calabria,38.628412,15.906178
Stefanaconi,Calabria,38.677881,16.124197
Tropea,Calabria,38.675379,15.894792
Vallelonga,Calabria,38.647281,16.294901
Vazzano,Calabria,38.632881,16248.000000
Vibo Valentia,Calabria,38.626656,16.098693
Zaccanopoli,Calabria,38.664779,15.929793
Zambrone,Calabria,38.699180,15.990094
Zungri,Calabria,38.655690,15.983246
Alcamo,Sicilia,37.976650,12.962674
Buseto Palizzolo,Sicilia,38.012506,12.711586
Calatafimi-Segesta,Sicilia,37.913638,12.861893
Campobello di Mazara,Sicilia,37.635838,12.744338
Castellammare del Golfo,Sicilia,38.018846,12.885837
Castelvetrano,Sicilia,37.682851,12.795534
Custonaci,Sicilia,38.078163,12.675229
Erice,Sicilia,38.038230,12.587182
Favignana,Sicilia,37.931402,12.327429
Gibellina,Sicilia,37.807042,12.869539
Marsala,Sicilia,37.797922,12.434209
Mazara del Vallo,Sicilia,37.653729,12.588691
Paceco,Sicilia,37.981297,12.557309
Pantelleria,Sicilia,36.831458,11.945040
Partanna,Sicilia,37.727841,12.888540
Poggioreale,Sicilia,37.762096,13.034318
Salaparuta,Sicilia,37.757942,13.009742
Salemi,Sicilia,37.817371,12.800945
Santa Ninfa,Sicilia,37.771342,12.877639
San Vito Lo Capo,Sicilia,38.172347,12.734932
Trapani,Sicilia,38.017432,12.515992
Valderice,Sicilia,38.038984,12.616979
Vita,Sicilia,37.868575,12.814479
Petrosino,Sicilia,37.716240,12.494547
Misiliscemi,Sicilia,37.925714,12.537552
Alia,Sicilia,37.779948,13.713856
Alimena,Sicilia,37.693476,14.114651
Aliminusa,Sicilia,37.864509,13.781160
Altavilla Milicia,Sicilia,38.042734,13.550893
Altofonte,Sicilia,38.044567,13.298702
Bagheria,Sicilia,38.079351,13.509349
Balestrate,Sicilia,38.051867,13.004266
Baucina,Sicilia,37.925429,13.537710
Belmonte Mezzagno,Sicilia,38.048449,13.390554
Bisacquino,Sicilia,37.705431,13.258761
Bolognetta,Sicilia,37.964742,13.456070
Bompietro,Sicilia,37.746863,14.099838
Borgetto,Sicilia,38.047103,13.142684
Caccamo,Sicilia,37.931800,13.663490
Caltavuturo,Sicilia,37.821066,13.890224
Campofelice di Fitalia,Sicilia,37.826685,13.485936
Campofelice di Roccella,Sicilia,37.992334,13.886183
Campofiorito,Sicilia,37.753636,13.268767
Camporeale,Sicilia,37.897145,13.093842
Capaci,Sicilia,38.170718,13.239170
Carini,Sicilia,38.131172,13.181885
Castelbuono,Sicilia,37.931953,14.088562
Casteldaccia,Sicilia,38.054118,13.530226
Castellana Sicula,Sicilia,37.783179,14.041051
Castronovo di Sicilia,Sicilia,37.678945,13.603455
Cefalà Diana,Sicilia,37.915175,13.463549
Cefalù,Sicilia,38.034957,14.024456
Cerda,Sicilia,37.903579,13.815470
Chiusa Sclafani,Sicilia,37.677220,13.270521
Ciminna,Sicilia,37.896816,13.562345
Cinisi,Sicilia,38.154943,13.109841
Collesano,Sicilia,37.921477,13.937486
Contessa Entellina,Sicilia,37.730980,13.183144
Corleone,Sicilia,37.812078,13.301438
Ficarazzi,Sicilia,38.088458,13.463786
Gangi,Sicilia,37.795627,14.206720
Geraci Siculo,Sicilia,37.859137,14.154416
Giardinello,Sicilia,38.088049,13.157041
Giuliana,Sicilia,37.670591,13.237804
Godrano,Sicilia,37.903344,13.428924
Gratteri,Sicilia,37.967377,13.973930
Isnello,Sicilia,37.943953,14.005761
Isola delle Femmine,Sicilia,38.198295,13.247344
Lascari,Sicilia,38.000053,13.941459
Lercara Friddi,Sicilia,37.746946,13.604854
Marineo,Sicilia,37.952893,13.415024
Mezzojuso,Sicilia,37.864532,13.464195
Misilmeri,Sicilia,38.035220,13.451404
Monreale,Sicilia,38.082632,13.291993
Montelepre,Sicilia,38.088964,13.171343
Montemaggiore Belsito,Sicilia,37.847752,13.762048
Palazzo Adriano,Sicilia,37.681254,13.379266
Palermo,Sicilia,38.111227,13.352443
Partinico,Sicilia,38.043896,13.119821
Petralia Soprana,Sicilia,37.796340,14.108468
Petralia Sottana,Sicilia,37.808225,14.092513
Piana degli Albanesi,Sicilia,37.994836,13.282689
Polizzi Generosa,Sicilia,37.812819,13.999683
Pollina,Sicilia,37.992894,14.145799
Prizzi,Sicilia,37.721453,13.431265
Roccamena,Sicilia,37.836028,13.153858
Roccapalumba,Sicilia,37.805948,13.638455
San Cipirello,Sicilia,37.962960,13.175380
San Giuseppe Jato,Sicilia,37.970486,13.182489
San Mauro Castelverde,Sicilia,37.914628,14.190378
Santa Cristina Gela,Sicilia,37.984932,13.328096
Santa Flavia,Sicilia,38.081331,13.525440
Sciara,Sicilia,37.914892,13.762343
Sclafani Bagni,Sicilia,37.821589,13.854780
Termini Imerese,Sicilia,37.983651,13.695554
Terrasini,Sicilia,38.152822,13.082122
Torretta,Sicilia,38.130061,13.233501
Trabia,Sicilia,37.994386,13.656510
Trappeto,Sicilia,38.067008,13.036550
Ustica,Sicilia,38.710381,13.191874
Valledolmo,Sicilia,37.747448,13.827859
Ventimiglia di Sicilia,Sicilia,37.923341,13.569255
Vicari,Sicilia,37.825092,13.571302
Villabate,Sicilia,38.076528,13.443667
Villafrati,Sicilia,37.908012,13.486350
Scillato,Sicilia,37.856724,13.906854
Blufi,Sicilia,37.751474,14.074827
Alcara li Fusi,Sicilia,38.021318,14.701396
Alì,Sicilia,38.027364,15.417689
Alì Terme,Sicilia,38.005064,15.422690
Antillo,Sicilia,37.977262,15.244786
Barcellona Pozzo di Gotto,Sicilia,38.148306,15.217552
Basicò,Sicilia,38.061393,15.062248
Brolo,Sicilia,38.155362,14.829575
Capizzi,Sicilia,37.848909,14.478473
Capo d'Orlando,Sicilia,38.159573,14.745073
Capri Leone,Sicilia,38.085874,14.730118
Caronia,Sicilia,38.024707,14.440584
Casalvecchio Siculo,Sicilia,37.958162,15.322588
Castel di Lucio,Sicilia,37.886454,14.312168
Castell'Umberto,Sicilia,38.084370,14.807122
Castelmola,Sicilia,37.858348,15.277316
Castroreale,Sicilia,38.099272,15.210686
Cesarò,Sicilia,37.844756,14.713076
Condrò,Sicilia,38.173177,15.326943
Falcone,Sicilia,38.117482,15.079611
Ficarra,Sicilia,38.109061,14.828976
Fiumedinisi,Sicilia,38.026238,15.382083
Floresta,Sicilia,37.987351,14.909714
Fondachelli-Fantina,Sicilia,38.000627,15.182419
Forza d'Agrò,Sicilia,37.913720,15.335449
Francavilla di Sicilia,Sicilia,37.901129,15.136208
Frazzanò,Sicilia,38.072269,14.744953
Furci Siculo,Sicilia,37.961204,15.381735
Furnari,Sicilia,38.104671,15.125223
Gaggi,Sicilia,37.860091,15.221412
Galati Mamertino,Sicilia,38.031559,14.772517
Gallodoro,Sicilia,37.901830,15.293695
Giardini-Naxos,Sicilia,37.835441,15.271845
Gioiosa Marea,Sicilia,38.173269,14.895164
Graniti,Sicilia,37.890173,15.224898
Gualtieri Sicaminò,Sicilia,38.163249,15.316544
Itala,Sicilia,38.051059,15.436903
Leni,Sicilia,38.554469,14.825471
Letojanni,Sicilia,37.880276,15.306866
Librizzi,Sicilia,38.096866,14.958340
Limina,Sicilia,37.940774,15.272668
Lipari,Sicilia,38.468185,14.954720
Longi,Sicilia,38.027271,14.752656
Malfa,Sicilia,38.575970,14.835471
Malvagna,Sicilia,37.918393,15.055383
Mandanici,Sicilia,38.003586,15.317095
Mazzarrà Sant'Andrea,Sicilia,38.088463,15.133583
Merì,Sicilia,38.166817,15.250370
Messina,Sicilia,38.193757,15.554208
Milazzo,Sicilia,38.220805,15.241513
Militello Rosmarino,Sicilia,38.045917,14.676017
Mirto,Sicilia,38.084660,14.751475
Mistretta,Sicilia,37.929885,14.362873
Moio Alcantara,Sicilia,37.899670,15.049043
Monforte San Giorgio,Sicilia,38.156401,15.383256
Mongiuffi Melia,Sicilia,37.905877,15.255718
Montagnareale,Sicilia,38.132354,14.946482
Montalbano Elicona,Sicilia,38.023409,15.013672
Motta Camastra,Sicilia,37.894319,15.170271
Motta d'Affermo,Sicilia,37.981173,14.302061
Naso,Sicilia,38.122118,14.788980
Nizza di Sicilia,Sicilia,37.992622,15.411913
Oliveri,Sicilia,38.123481,15.060849
Pace del Mela,Sicilia,38.179625,15.305332
Pagliara,Sicilia,37.985463,15.359689
Patti,Sicilia,38.138901,14.964816
Pettineo,Sicilia,37.966364,14.291910
Piraino,Sicilia,38.161243,14.861943
Raccuja,Sicilia,38.055261,14.909578
Reitano,Sicilia,37.972840,14.344290
Roccafiorita,Sicilia,37.930197,15.268096
Roccalumera,Sicilia,37.976263,15.395189
Roccavaldina,Sicilia,38.181484,15.372556
Roccella Valdemone,Sicilia,37.932983,15.008455
Rodì Milici,Sicilia,38.068965,15.174781
Rometta,Sicilia,38.171115,15.414550
San Filippo del Mela,Sicilia,38.169727,15.272527
San Fratello,Sicilia,38.013442,14.597392
San Marco d'Alunzio,Sicilia,38.073514,14.699355
San Pier Niceto,Sicilia,38.158918,15.351874
San Piero Patti,Sicilia,38.052150,14.967069
San Salvatore di Fitalia,Sicilia,38.071713,14.777616
Santa Domenica Vittoria,Sicilia,37.916744,14.962592
Sant'Agata di Militello,Sicilia,38.068062,14.633334
Sant'Alessio Siculo,Sicilia,37.924494,15.349288
Santa Lucia del Mela,Sicilia,38.143461,15.280676
Santa Marina Salina,Sicilia,38.561170,14.870772
Sant'Angelo di Brolo,Sicilia,38.113879,14.882663
Santa Teresa di Riva,Sicilia,37.946962,15.367689
San Teodoro,Sicilia,37.847208,14.700100
Santo Stefano di Camastra,Sicilia,38.015444,14.349027
Saponara,Sicilia,38.193820,15.434458
Savoca,Sicilia,37.955859,15.339322
Scaletta Zanclea,Sicilia,38.045591,15.462916
Sinagra,Sicilia,38.083051,14.849338
Spadafora,Sicilia,38.223767,15.379286
Taormina,Sicilia,37.851792,15.285652
Torregrotta,Sicilia,38.191637,15.352439
Tortorici,Sicilia,38.030103,14.824190
Tripi,Sicilia,38.048625,15.098804
Tusa,Sicilia,37.983855,14.236065
Ucria,Sicilia,38.045919,14.881112
Valdina,Sicilia,38.193739,15.370704
Venetico,Sicilia,38.219944,15.366707
Villafranca Tirrena,Sicilia,38.240068,15.437387
Terme Vigliatore,Sicilia,38.136764,15.162675
Acquedolci,Sicilia,38.056040,14.581901
Torrenova,Sicilia,38.089846,14.678879
Agrigento,Sicilia,37.312299,13.574650
Alessandria della Rocca,Sicilia,37.570042,13.454609
Aragona,Sicilia,37.403199,13.617948
Bivona,Sicilia,37.617397,13.439769
Burgio,Sicilia,37.599442,13.290150
Calamonaci,Sicilia,37.526140,13.289851
Caltabellotta,Sicilia,37.577341,13.216548
Camastra,Sicilia,37.252294,13.793600
Cammarata,Sicilia,37.633825,13.637745
Campobello di Licata,Sicilia,37.258440,13.918266
Canicattì,Sicilia,37.358942,13.850364
Casteltermini,Sicilia,37.540835,13.643187
Castrofilippo,Sicilia,37.348585,13.750096
Cattolica Eraclea,Sicilia,37.440840,13.392054
Cianciana,Sicilia,37.519696,13.434080
Comitini,Sicilia,37.407941,13.642959
Favara,Sicilia,37.316197,13.662417
Grotte,Sicilia,37.402853,13.700670
Joppolo Giancaxio,Sicilia,37.387040,13.555258
Lampedusa e Linosa,Sicilia,35.511134,12.596291
Licata,Sicilia,37.101636,13.937615
Lucca Sicula,Sicilia,37.579049,13.306568
Menfi,Sicilia,37.606639,12.967843
Montallegro,Sicilia,37.392939,13.350753
Montevago,Sicilia,37.702241,12.985842
Naro,Sicilia,37.296220,13.791567
Palma di Montechiaro,Sicilia,37.191664,13.763714
Porto Empedocle,Sicilia,37.288313,13.527550
Racalmuto,Sicilia,37.408940,13.732402
Raffadali,Sicilia,37.404053,13.532076
Ravanusa,Sicilia,37.267914,13.973255
Realmonte,Sicilia,37.308393,13.461567
Ribera,Sicilia,37.502787,13.266188
Sambuca di Sicilia,Sicilia,37.647740,13.111031
San Biagio Platani,Sicilia,37.509014,13.524282
San Giovanni Gemini,Sicilia,37.629936,13.641375
Santa Elisabetta,Sicilia,37.432460,13.556235
Santa Margherita di Belice,Sicilia,37.691841,13.020143
Sant'Angelo Muxaro,Sicilia,37.479015,13.544316
Santo Stefano Quisquina,Sicilia,37.625027,13.490760
Sciacca,Sicilia,37.506479,13.082332
Siculiana,Sicilia,37.338086,13.421996
Villafranca Sicula,Sicilia,37.588141,13.289250
Acquaviva Platani,Sicilia,37.571999,13.702891
Bompensiere,Sicilia,37.473829,13.780745
Butera,Sicilia,37.190354,14.183489
Caltanissetta,Sicilia,37.489941,14.063162
Campofranco,Sicilia,37.510479,13.711044
Delia,Sicilia,37.356036,13.927289
Gela,Sicilia,37.066436,14.250244
Marianopoli,Sicilia,37.597446,13.915763
Mazzarino,Sicilia,37.305024,14.214078
Milena,Sicilia,37.471521,13.736437
Montedoro,Sicilia,37.453508,13.816238
Mussomeli,Sicilia,37.577845,13.751259
Niscemi,Sicilia,37.146450,14.394180
Resuttano,Sicilia,37.678648,14.029464
Riesi,Sicilia,37.281961,14.082414
San Cataldo,Sicilia,37.491446,13.993516
Santa Caterina Villarmosa,Sicilia,37.591147,14.036265
Serradifalco,Sicilia,37.453843,13.880463
Sommatino,Sicilia,37.334022,13.992959
Sutera,Sicilia,37.525228,13.731316
Vallelunga Pratameno,Sicilia,37.682047,13.831560
Villalba,Sicilia,37.654142,13.843423
Agira,Sicilia,37.656151,14.521575
Aidone,Sicilia,37.415421,14.445276
Assoro,Sicilia,37.627905,14.423886
Barrafranca,Sicilia,37.372843,14.203313
Calascibetta,Sicilia,37.590191,14.271972
Catenanuova,Sicilia,37.567971,14.691819
Centuripe,Sicilia,37.622952,14.739079
Cerami,Sicilia,37.810654,14.507273
Enna,Sicilia,37.566757,14.280747
Gagliano Castelferrato,Sicilia,37.711390,14.536661
Leonforte,Sicilia,37.639212,14.392427
Nicosia,Sicilia,37.747452,14.397271
Nissoria,Sicilia,37.655277,14.449468
Piazza Armerina,Sicilia,37.385946,14.367174
Pietraperzia,Sicilia,37.421564,14.137026
Regalbuto,Sicilia,37.653547,14.639636
Sperlinga,Sicilia,37.765519,14.351626
Troina,Sicilia,37.785354,14.598475
Valguarnera Caropepe,Sicilia,37.495420,14.390791
Villarosa,Sicilia,37.587017,14.173589
Aci Bonaccorsi,Sicilia,37.597687,15.107937
Aci Castello,Sicilia,37.554211,15.148560
Aci Catena,Sicilia,37.602570,15.141960
Acireale,Sicilia,37.612777,15.165880
Aci Sant'Antonio,Sicilia,37.606392,15.126895
Adrano,Sicilia,37.661777,14.833099
Belpasso,Sicilia,37.589187,14.978239
Biancavilla,Sicilia,37.646276,14.861411
Bronte,Sicilia,37.787160,14.833845
Calatabiano,Sicilia,37.822445,15.227636
Caltagirone,Sicilia,37.237201,14.513202
Camporotondo Etneo,Sicilia,37.567590,15.005131
Castel di Iudica,Sicilia,37.494173,14.649715
Castiglione di Sicilia,Sicilia,37.882761,15.122225
Catania,Sicilia,37.502236,15.087380
Fiumefreddo di Sicilia,Sicilia,37.792355,15.206946
Giarre,Sicilia,37.726857,15.187688
Grammichele,Sicilia,37.214682,14.636542
Gravina di Catania,Sicilia,37.560369,15.061763
Licodia Eubea,Sicilia,37.157144,14.706084
Linguaglossa,Sicilia,37.842643,15.142131
Maletto,Sicilia,37.829022,14.865664
Mascali,Sicilia,37.760285,15.197431
Mascalucia,Sicilia,37.573605,15.051727
Militello in Val di Catania,Sicilia,37.274584,14.793878
Milo,Sicilia,37.722445,15.115739
Mineo,Sicilia,37.264875,14.690849
Mirabella Imbaccari,Sicilia,37.323804,14.445939
Misterbianco,Sicilia,37.519172,15.007936
Motta Sant'Anastasia,Sicilia,37.513391,14.967072
Nicolosi,Sicilia,37.614711,15.026349
Palagonia,Sicilia,37.327355,14.745332
Paternò,Sicilia,37.567070,14.905352
Pedara,Sicilia,37.616809,15.060211
Piedimonte Etneo,Sicilia,37.806707,15.178193
Raddusa,Sicilia,37.472556,14.532520
Ramacca,Sicilia,37.388048,14.692681
Randazzo,Sicilia,37.877934,14.946248
Riposto,Sicilia,37.731890,15.204221
San Cono,Sicilia,37.289942,14.364986
San Giovanni la Punta,Sicilia,37.577407,15.094215
San Gregorio di Catania,Sicilia,37.565254,15.111788
San Michele di Ganzaria,Sicilia,37.279563,14.426020
San Pietro Clarenza,Sicilia,37.568853,15.022886
Sant'Agata li Battiati,Sicilia,37.558273,15.080813
Sant'Alfio,Sicilia,37.741580,15.142905
Santa Maria di Licodia,Sicilia,37.616420,14.887493
Santa Venerina,Sicilia,37.688971,15.142661
Scordia,Sicilia,37.296429,14.846239
Trecastagni,Sicilia,37.616116,15.079231
Tremestieri Etneo,Sicilia,37.576488,15.073220
Valverde,Sicilia,37.576954,15.124188
Viagrande,Sicilia,37.610166,15.096759
Vizzini,Sicilia,37.161016,14.748468
Zafferana Etnea,Sicilia,37.693285,15.106460
Mazzarrone,Sicilia,37.083393,14.561674
Maniace,Sicilia,37.862423,14.807835
Ragalna,Sicilia,37.636958,14.947876
Acate,Sicilia,37.025040,14.492981
Chiaramonte Gulfi,Sicilia,37.031342,14.701285
Comiso,Sicilia,36.950734,14.607455
Giarratana,Sicilia,37.048112,14.793797
Ispica,Sicilia,36.785832,14.907637
Modica,Sicilia,36.858921,14.761302
Monterosso Almo,Sicilia,37.088874,14.762708
Pozzallo,Sicilia,36.726330,14.846343
Ragusa,Sicilia,36.921983,14.721345
Santa Croce Camerina,Sicilia,36.827897,14.525538
Scicli,Sicilia,36.793570,14.706964
Vittoria,Sicilia,36.951496,14.530487
Augusta,Sicilia,37.236936,15.219658
Avola,Sicilia,36.909516,15.135001
Buccheri,Sicilia,37.126491,14.850380
Buscemi,Sicilia,37.085471,14.884201
Canicattini Bagni,Sicilia,37.034928,15.062337
Carlentini,Sicilia,37.275881,15.014978
Cassaro,Sicilia,37.106937,14.947610
Ferla,Sicilia,37.118582,14.941138
Floridia,Sicilia,37.086946,15.151894
Francofonte,Sicilia,37.226582,14.881881
Lentini,Sicilia,37.284685,14.998778
Melilli,Sicilia,37.178288,15.126621
Noto,Sicilia,36.890886,15.070645
Pachino,Sicilia,36.715209,15.091477
Palazzolo Acreide,Sicilia,37.061913,14.903910
Rosolini,Sicilia,36.820499,14.952628
Siracusa,Sicilia,37.064614,15.290720
Solarino,Sicilia,37.101214,15.119039
Sortino,Sicilia,37.156854,15.027716
Portopalo di Capo Passero,Sicilia,36.683845,15.133290
Priolo Gargallo,Sicilia,37.157930,15.186028
Aggius,Sardegna,40.929345,9.065222
Alà dei Sardi,Sardegna,40.650066,9.327829
Alghero,Sardegna,40.560020,8.315147
Anela,Sardegna,40.441760,9.057427
Ardara,Sardegna,40.621761,8.810319
Arzachena,Sardegna,41.079898,9.387612
Banari,Sardegna,40.572927,8.697371
Benetutti,Sardegna,40.456461,9.168829
Berchidda,Sardegna,40.784067,9.164524
Bessude,Sardegna,40.553852,8.729952
Bonnanaro,Sardegna,40.533359,8.764420
Bono,Sardegna,40.416830,9.029993
Bonorva,Sardegna,40.418757,8.768121
Bortigiadas,Sardegna,40.891351,9.043058
Borutta,Sardegna,40.522359,8.743519
Bottidda,Sardegna,40.391459,9.008527
Buddusò,Sardegna,40.578064,9.258129
Bultei,Sardegna,40.456211,9.064444
Bulzi,Sardegna,40.847366,8.830016
Burgos,Sardegna,40.389978,8.995335
Calangianus,Sardegna,40.919774,9.194819
Cargeghe,Sardegna,40.669461,8.614515
Castelsardo,Sardegna,40.910466,8.718313
Cheremule,Sardegna,40.506358,8.725319
Chiaramonti,Sardegna,40.749064,8.818618
Codrongianos,Sardegna,40.657261,8.679816
Cossoine,Sardegna,40.430990,8.715016
Esporlatu,Sardegna,40.386607,8.989713
Florinas,Sardegna,40.649561,8.665116
Giave,Sardegna,40.451958,8.752221
Illorai,Sardegna,40.353858,9.001027
Ittireddu,Sardegna,40.543961,8.902322
Ittiri,Sardegna,40.593046,8.568353
Laerru,Sardegna,40.817065,8.835417
La Maddalena,Sardegna,41.212783,9.406660
Luogosanto,Sardegna,41.054656,9.204090
Luras,Sardegna,40.934858,9.175447
Mara,Sardegna,40.409556,8.638819
Martis,Sardegna,40.778664,8.808117
Monteleone Rocca Doria,Sardegna,40.471622,8.560299
Monti,Sardegna,40.805969,9.325527
Mores,Sardegna,40.548360,8.831221
Muros,Sardegna,40.678061,8.617315
Nughedu San Nicolò,Sardegna,40.556508,9.021463
Nule,Sardegna,40.461561,9.189829
Nulvi,Sardegna,40.783764,8.743716
Olbia,Sardegna,40.923266,9.502744
Olmedo,Sardegna,40.651558,8.380210
Oschiri,Sardegna,40.719766,9.101024
Osilo,Sardegna,40.744063,8.671115
Ossi,Sardegna,40.674860,8.591714
Ozieri,Sardegna,40.585937,9.001043
Padria,Sardegna,40.396355,8.629919
Palau,Sardegna,41.181076,9.382042
Pattada,Sardegna,40.581763,9.112926
Perfugas,Sardegna,40.833366,8.882818
Ploaghe,Sardegna,40.664262,8.741817
Porto Torres,Sardegna,40.834440,8.403146
Pozzomaggiore,Sardegna,40.398756,8.660219
Putifigari,Sardegna,40.562257,8.461113
Romana,Sardegna,40.484057,8.587417
Aglientu,Sardegna,41.079573,9.112719
Santa Teresa Gallura,Sardegna,41.241377,9.188518
Sassari,Sardegna,40.777800,8.921997
Sedini,Sardegna,40.852266,8.815716
Semestene,Sardegna,40.398456,8.725421
Sennori,Sardegna,40.789446,8.591659
Siligo,Sardegna,40.576480,8.727273
Sorso,Sardegna,40.796595,8.577850
Tempio Pausania,Sardegna,40.897382,9.103516
Thiesi,Sardegna,40.524859,8.716419
Tissi,Sardegna,40.677673,8.562700
Torralba,Sardegna,40.512959,8.765320
Trinità d'Agultu e Vignola,Sardegna,40.983769,8.915616
Tula,Sardegna,40.732465,8.983921
Uri,Sardegna,40.639459,8.485412
Usini,Sardegna,40.664060,8.540513
Villanova Monteleone,Sardegna,40.503656,8.470807
Valledoria,Sardegna,40.928283,8.824584
Telti,Sardegna,40.876371,9.352827
Badesi,Sardegna,40.965069,8.884216
Viddalba,Sardegna,40.916777,8.894363
Golfo Aranci,Sardegna,41.006476,9.614530
Loiri Porto San Paolo,Sardegna,40.876305,9.629490
Sant'Antonio di Gallura,Sardegna,40.991772,9.301041
Tergu,Sardegna,40.867465,8.716714
Santa Maria Coghinas,Sardegna,40.904267,8.868616
Erula,Sardegna,40.791166,8.942219
Stintino,Sardegna,40.939162,8.225503
Padru,Sardegna,40.765770,9.520232
Budoni,Sardegna,40.707631,9.699490
San Teodoro,Sardegna,40.770511,9.673923
Aritzo,Sardegna,39.956777,9.196562
Arzana,Sardegna,39.919463,9527.000000
Atzara,Sardegna,39.992252,9.075734
Austis,Sardegna,40.070653,9.087933
Bari Sardo,Sardegna,39.842053,9.644147
Baunei,Sardegna,40.032361,9.663405
Belvì,Sardegna,39.962601,9.185185
Birori,Sardegna,40.264860,8.817474
Bitti,Sardegna,40.479008,9.384038
Bolotana,Sardegna,40.325757,8.961127
Borore,Sardegna,40.216854,8.803725
Bortigali,Sardegna,40.282855,8.836225
Desulo,Sardegna,40.010756,9.228296
Dorgali,Sardegna,40.292802,9.588832
Dualchi,Sardegna,40.228855,8.896427
Elini,Sardegna,39.899900,9.531347
Fonni,Sardegna,40.118804,9.251971
Gadoni,Sardegna,39.913451,9.185837
Gairo,Sardegna,39.847052,9.507244
Galtellì,Sardegna,40.386589,9.614322
Gavoi,Sardegna,40.161756,9.195134
Girasole,Sardegna,39.951719,9.661960
Ilbono,Sardegna,39.892654,9.548945
Irgoli,Sardegna,40.408833,9.630121
Jerzu,Sardegna,39.791151,9.518445
Lanusei,Sardegna,39.878570,9.541077
Lei,Sardegna,40.304400,8.918038
Loceri,Sardegna,39.856635,9.582209
Loculi,Sardegna,40.407278,9.611160
Lodè,Sardegna,40.591387,9.539795
Lotzorai,Sardegna,39.969155,9.663715
Lula,Sardegna,40.470364,9.486435
Macomer,Sardegna,40.265190,8.781387
Mamoiada,Sardegna,40.215657,9.280435
Meana Sardo,Sardegna,39.944251,9.072334
Noragugume,Sardegna,40.224555,8.920727
Nuoro,Sardegna,40.127683,9.342323
Oliena,Sardegna,40.272260,9.403036
Ollolai,Sardegna,40.168503,9.178467
Olzai,Sardegna,40.182856,9.148332
Onanì,Sardegna,40.485326,9.441168
Onifai,Sardegna,40.406964,9.651339
Oniferi,Sardegna,40.271958,9.170332
Orani,Sardegna,40.248344,9.182835
Orgosolo,Sardegna,40.204758,9.354936
Orosei,Sardegna,40.379180,9.695014
Orotelli,Sardegna,40.305803,9.112838
Ortueri,Sardegna,40.035642,8.987250
Orune,Sardegna,40.407595,9.369739
Osidda,Sardegna,40.523863,9.219329
Osini,Sardegna,39.822752,9.496244
Ottana,Sardegna,40.233499,9.044599
Ovodda,Sardegna,40.095654,9.162334
Perdasdefogu,Sardegna,39.679218,9.440049
Posada,Sardegna,40.631969,9.716437
Sarule,Sardegna,40.229120,9.167342
Silanus,Sardegna,40.288864,8.890493
Sindia,Sardegna,40.296216,8.656256
Siniscola,Sardegna,40.571868,9.692238
Sorgono,Sardegna,40.025952,9.102034
Talana,Sardegna,40.042056,9.496541
Tertenia,Sardegna,39.696757,9.577684
Teti,Sardegna,40.095754,9.118133
Tiana,Sardegna,40.068454,9.147334
Tonara,Sardegna,40.025134,9.173144
Torpè,Sardegna,40.627969,9.677337
Tortolì,Sardegna,39.926604,9.659155
Triei,Sardegna,40.037127,9.640503
Ulassai,Sardegna,39.810552,9.499045
Urzulei,Sardegna,40.093338,9.508049
Ussassai,Sardegna,39.810827,9.394786
Villagrande Strisaili,Sardegna,39.961390,9.507272
Cardedu,Sardegna,39.797184,9.624730
Lodine,Sardegna,40.148080,9.218294
Assemini,Sardegna,39.291538,9.001542
Cagliari,Sardegna,39.216953,9.112851
Capoterra,Sardegna,39.175313,8.971950
Decimomannu,Sardegna,39.311738,8.968841
Maracalagonis,Sardegna,39.285340,9.229446
Pula,Sardegna,39.007433,9.001646
Quartu Sant'Elena,Sardegna,39.239973,9.188097
Sarroch,Sardegna,39.067234,9.009445
Selargius,Sardegna,39.256950,9.167554
Sestu,Sardegna,39.294248,9.092972
Settimo San Pietro,Sardegna,39.291740,9.185145
Sinnai,Sardegna,39.304240,9.203538
Uta,Sardegna,39.290979,8.954260
Villa San Pietro,Sardegna,39.034048,8.995484
Quartucciu,Sardegna,39.254139,9.178846
Elmas,Sardegna,39.268086,9.049631
Monserrato,Sardegna,39.259510,9.145856
Abbasanta,Sardegna,40.126752,8.818027
Aidomaggiore,Sardegna,40.170753,8.856527
Albagiara,Sardegna,39.787646,8.862032
Ales,Sardegna,39.768245,8.815632
Allai,Sardegna,39.957173,8.863076
Arborea,Sardegna,39.773846,8.581753
Ardauli,Sardegna,40.084652,8.911529
Assolo,Sardegna,39.809947,8.918233
Asuni,Sardegna,39.872448,8.946433
Baradili,Sardegna,39.721345,8.897434
Baratili San Pietro,Sardegna,39.992831,8.555784
Baressa,Sardegna,39.712745,8.875334
Bauladu,Sardegna,40.020549,8.671925
Bidonì,Sardegna,40.113053,8.936429
Bonarcado,Sardegna,40.095850,8.657124
Boroneddu,Sardegna,40.113052,8.871028
Busachi,Sardegna,40.032651,8.896729
Cuglieri,Sardegna,40.188472,8.567405
Fordongianus,Sardegna,39.994549,8.809828
Ghilarza,Sardegna,40.119652,8.834927
Gonnoscodina,Sardegna,39.699996,8.835508
Gonnosnò,Sardegna,39.761176,8.872328
Gonnostramatza,Sardegna,39.681169,8.833845
Marrubiu,Sardegna,39.752143,8.637228
Masullas,Sardegna,39.699560,8.782724
Milis,Sardegna,40.050449,8.637024
Mogorella,Sardegna,39.864598,8.857931
Mogoro,Sardegna,39.684710,8.777088
Morgongiori,Sardegna,39.746644,8.770131
Narbolia,Sardegna,40.047650,8.575169
Neoneli,Sardegna,40.064752,8.946730
Norbello,Sardegna,40.134752,8.832027
Nughedu Santa Vittoria,Sardegna,40.102075,8.953508
Nurachi,Sardegna,39.973394,8.540165
Nureci,Sardegna,39.823348,8.973834
Ollastra,Sardegna,39.950948,8.734227
Palmas Arborea,Sardegna,39.876646,8.643127
Pau,Sardegna,39.791546,8.802331
Paulilatino,Sardegna,40.084032,8.763937
Pompu,Sardegna,39.724544,8.795432
Riola Sardo,Sardegna,39.994102,8.538673
Ruinas,Sardegna,39.907148,8.897631
Samugheo,Sardegna,39.946150,8.940532
San Nicolò d'Arcidano,Sardegna,39.683392,8.646875
Santa Giusta,Sardegna,39.878178,8.609973
Villa Sant'Antonio,Sardegna,39.859148,8.901532
Santu Lussurgiu,Sardegna,40.141686,8.651038
Scano di Montiferro,Sardegna,40.216330,8.584092
Sedilo,Sardegna,40.173151,8.919122
Seneghe,Sardegna,40.082249,8.615723
Senis,Sardegna,39.824147,8.940033
Sennariolo,Sardegna,40.212673,8.555178
Siamaggiore,Sardegna,39.950147,8.636025
Siamanna,Sardegna,39.920748,8.761028
Simala,Sardegna,39.721644,8.826732
Simaxis,Sardegna,39.930347,8.692127
Sini,Sardegna,39.754146,8.904334
Siris,Sardegna,39.712644,8.774832
Solarussa,Sardegna,39.955747,8.671526
Sorradile,Sardegna,40.106453,8.933029
Tadasuni,Sardegna,40.110458,8.883744
Terralba,Sardegna,39.720301,8.636125
Tramatza,Sardegna,40.003748,8.649537
Tresnuraghes,Sardegna,40.252104,8.519960
Ulà Tirso,Sardegna,40.045951,8.904029
Uras,Sardegna,39.700643,8.700030
Usellus,Sardegna,39.809646,8.850732
Villanova Truschedu,Sardegna,39.988649,8.752027
Villaurbana,Sardegna,39.885647,8.777429
Villa Verde,Sardegna,39.795246,8.821131
Zeddiani,Sardegna,39.989947,8.595324
Zerfaliu,Sardegna,39.958844,8.708555
Siapiccia,Sardegna,39.927948,8.762128
Curcuris,Sardegna,39.746145,8.830632
Soddì,Sardegna,40.130453,8.878428
Bosa,Sardegna,40.297006,8.498612
Flussio,Sardegna,40.267452,8.540219
Laconi,Sardegna,39.852649,9.050435
Magomadas,Sardegna,40.264752,8.522719
Modolo,Sardegna,40.275047,8.529180
Montresta,Sardegna,40.373654,8.499617
Sagama,Sardegna,40.261552,8.577520
Suni,Sardegna,40.280853,8.549419
Tinnura,Sardegna,40.269052,8.548220
Arbus,Sardegna,39.525839,8.597831
Armungia,Sardegna,39.521745,9.381846
Barrali,Sardegna,39.475289,9.101273
Barumini,Sardegna,39.701546,9.002736
Buggerru,Sardegna,39.397397,8.402182
Burcei,Sardegna,39.342642,9.359548
Calasetta,Sardegna,39.110814,8.368264
Carbonia,Sardegna,39.165332,8.527834
Carloforte,Sardegna,39.142698,8.302664
Castiadas,Sardegna,39.236335,9.501016
Collinas,Sardegna,39.640631,8.839875
Decimoputzu,Sardegna,39.335238,8.915240
Dolianova,Sardegna,39.378241,9.178644
Domus de Maria,Sardegna,38.944031,8.863544
Domusnovas,Sardegna,39.324736,8.648734
Donori,Sardegna,39.431797,9.127153
Escolca,Sardegna,39.698446,9.121539
Esterzili,Sardegna,39.779149,9.284741
Fluminimaggiore,Sardegna,39.439237,8.497930
Furtei,Sardegna,39.562369,8.944739
Genoni,Sardegna,39.794647,9.008035
Genuri,Sardegna,39.744246,8.923334
Gergei,Sardegna,39.699646,9.100438
Gesico,Sardegna,39.616337,9.106457
Gesturi,Sardegna,39.739991,9.024004
Giba,Sardegna,39.071831,8.635638
Goni,Sardegna,39.578128,9.285879
Gonnesa,Sardegna,39.266626,8.471740
Gonnosfanadiga,Sardegna,39.495915,8.662398
Guamaggiore,Sardegna,39.568644,9.074039
Guasila,Sardegna,39.561843,9.045439
Guspini,Sardegna,39.541340,8.633131
Iglesias,Sardegna,39.312540,8.534111
Isili,Sardegna,39.740405,9.108590
Las Plassas,Sardegna,39.680145,8.984936
Lunamatrona,Sardegna,39.650544,8.899335
Mandas,Sardegna,39.656283,9.129785
Masainas,Sardegna,39.051624,8.630598
Monastir,Sardegna,39.384740,9.044841
Musei,Sardegna,39.302285,8.667406
Narcao,Sardegna,39.168165,8.674714
Nuragus,Sardegna,39.776247,9.038136
Nurallao,Sardegna,39.790278,9.080737
Nuraminis,Sardegna,39.442941,9.014740
Nurri,Sardegna,39.712048,9.229841
Nuxis,Sardegna,39.152933,8.738139
Orroli,Sardegna,39.693547,9.250341
Ortacesus,Sardegna,39.539148,9.083526
Pabillonis,Sardegna,39.591159,8.720953
Pauli Arbarei,Sardegna,39.660744,8.922035
Perdaxius,Sardegna,39.161033,8.611436
Pimentel,Sardegna,39.485542,9.065540
Piscinas,Sardegna,39.074431,8.665938
Portoscuso,Sardegna,39.207031,8.380931
Sadali,Sardegna,39.813250,9.271940
Samassi,Sardegna,39.481341,8.907637
Samatzai,Sardegna,39.483242,9.034640
San Basilio,Sardegna,39.537144,9.198242
San Gavino Monreale,Sardegna,39.550941,8.791934
San Giovanni Suergiu,Sardegna,39.110404,8.521999
San Nicolò Gerrei,Sardegna,39.497444,9.307145
San Sperate,Sardegna,39.358739,9.006741
Sanluri,Sardegna,39.562642,8.898636
Santadi,Sardegna,39.091832,8.716439
Sant'Andrea Frius,Sardegna,39.477858,9.170254
Sant'Anna Arresi,Sardegna,39.001830,8.646339
Sant'Antioco,Sardegna,39.064829,8.456296
Sardara,Sardegna,39.616442,8.820634
Segariu,Sardegna,39.564443,8.981638
Selegas,Sardegna,39.567844,9.104140
Senorbì,Sardegna,39.535044,9.130141
Serdiana,Sardegna,39.374241,9.158944
Serramanna,Sardegna,39.424040,8.923138
Serrenti,Sardegna,39.492771,8.975228
Serri,Sardegna,39.701747,9.144139
Setzu,Sardegna,39.722945,8.939235
Seui,Sardegna,39.840564,9.321230
Seulo,Sardegna,39.870412,9.235736
Siddi,Sardegna,39.672198,8.888371
Siliqua,Sardegna,39.300237,8.808738
Silius,Sardegna,39.516745,9.293545
Siurgus Donigala,Sardegna,39.600345,9.189041
Soleminis,Sardegna,39.347963,9.181708
Suelli,Sardegna,39.562744,9.132141
Teulada,Sardegna,38.967430,8.772242
Tratalias,Sardegna,39.103530,8.578960
Tuili,Sardegna,39.713988,8.960342
Turri,Sardegna,39.704845,8.916534
Ussana,Sardegna,39.394641,9.073242
Ussaramanna,Sardegna,39.692845,8.907634
Vallermosa,Sardegna,39.364438,8.796337
Villacidro,Sardegna,39.456992,8.736722
Villamar,Sardegna,39.618044,8.958837
Villamassargia,Sardegna,39.275899,8.640475
Villanova Tulo,Sardegna,39.780302,9.213205
Villanovaforru,Sardegna,39.631843,8.869035
Villanovafranca,Sardegna,39.645183,9.001398
Villaperuccio,Sardegna,39.111832,8.670038
Villasalto,Sardegna,39.492145,9.393047
Villasimius,Sardegna,39.143140,9.520854
Villasor,Sardegna,39.380439,8.942839
Villaspeciosa,Sardegna,39.312238,8.925140
