external_id,location,region,province,province_code,match,alias_used,old_lat,old_lon,new_lat,new_lon,distance_shift_km,changed
BENV-2026-AETHINA-TUMIDA-84991-APE,GAETA,Lazio,Latina,LT,municipality_region,false,41.46760,12.90370,41.218312,13.562810,61.611,true
BENV-2026-AETHINA-TUMIDA-84270-APE,NOVARA DI SICILIA,Sicilia,Messina,ME,municipality_region,false,38.19380,15.55400,38.016082,15.131830,41.892,true
BENV-2026-AGALASSIA-CONTAGIOSA-83941-OVINO,BARI SARDO,Sardegna,Nuoro,NU,municipality_region,false,40.32020,9.32640,39.842053,9.644147,59.646,true
BENV-2026-AGALASSIA-CONTAGIOSA-83237-OVINO,GIAVE,Sardegna,Sassari,SS,municipality_region,false,40.72590,8.55570,40.451958,8.752221,34.688,true
BENV-2026-AGALASSIA-CONTAGIOSA-82873-OVINO,URI,Sardegna,Sassari,SS,municipality_region,false,40.72590,8.55570,40.639459,8.485412,11.292,true
BENV-2026-AGALASSIA-CONTAGIOSA-85192-OVINO,ITTIRI,Sardegna,Sassari,SS,municipality_region,false,40.72590,8.55570,40.593046,8.568353,14.811,true
BENV-2026-AGALASSIA-CONTAGIOSA-83512-OVINO,GIAVE,Sardegna,Sassari,SS,municipality_region,false,40.72590,8.55570,40.451958,8.752221,34.688,true
BENV-2026-ANEMIA-INFETTIVA-83941-OVINO,BARI SARDO,Sardegna,Nuoro,NU,municipality_region,false,40.32020,9.32640,39.842053,9.644147,59.646,true
BENV-2026-ANEMIA-INFETTIVA-82873-OVINO,URI,Sardegna,Sassari,SS,municipality_region,false,40.72590,8.55570,40.639459,8.485412,11.292,true
BENV-2026-ANEMIA-INFETTIVA-85618-OVINO,URI,Sardegna,Sassari,SS,municipality_region,false,40.72590,8.55570,40.639459,8.485412,11.292,true
BENV-2026-ANEMIA-INFETTIVA-83237-OVINO,GIAVE,Sardegna,Sassari,SS,municipality_region,false,40.72590,8.55570,40.451958,8.752221,34.688,true
BENV-2026-ANEMIA-INFETTIVA-85553-OVINO,BARI SARDO,Sardegna,Nuoro,NU,municipality_region,false,40.32020,9.32640,39.842053,9.644147,59.646,true
BENV-2026-ANEMIA-INFETTIVA-85192-OVINO,ITTIRI,Sardegna,Sassari,SS,municipality_region,false,40.72590,8.55570,40.593046,8.568353,14.811,true
BENV-2026-ANEMIA-INFETTIVA-83512-OVINO,GIAVE,Sardegna,Sassari,SS,municipality_region,false,40.72590,8.55570,40.451958,8.752221,34.688,true
BENV-2026-BLUETONGUE-83631-BOVINO,RENDE,Calabria,Cosenza,CS,municipality_region,false,39.29830,16.25370,39.331993,16.184383,7.042,true
BENV-2026-BLUETONGUE-83660-BOVINO,BASCIANO,Abruzzo,Teramo,TE,municipality_region,false,42.66120,13.69900,42.594401,13.739647,8.138,true
BENV-2026-BLUETONGUE-83662-BOVINO,CAMPLI,Abruzzo,Teramo,TE,municipality_region,false,42.66120,13.69900,42.726231,13.686284,7.305,true
BENV-2026-BLUETONGUE-83361-BOVINO,ALSENO,Emilia Romagna,Piacenza,PC,municipality_region,false,45.05260,9.69340,44.898364,9.961374,27.174,true
BENV-2026-BLUETONGUE-84201-BOVINO,FLAIBANO,Friuli Venezia Giulia,Udine,UD,municipality_region,false,46.07110,13.23460,46.058333,12.983642,19.414,true
BENV-2026-BLUETONGUE-84763-BOVINO,CASTROVILLARI,Calabria,Cosenza,CS,municipality_region,false,39.29830,16.25370,39.815494,16.202772,57.675,true
BENV-2026-BLUETONGUE-84844-BOVINO,TRIUGGIO,Lombardia,Monza e della Brianza,MB,municipality_region,false,45.58450,9.27440,45.661364,9.267441,8.564,true
BENV-2026-BLUETONGUE-84852-BOVINO,VALVESTINO,Lombardia,Brescia,BS,municipality_region,false,45.54160,10.21180,45.762092,10.594646,38.557,true
BENV-2026-BLUETONGUE-83380-CAPRA,BORGOSESIA,Piemonte,Vercelli,VC,municipality_region,false,45.32310,8.42390,45.716668,8.276857,45.237,true
BENV-2026-BLUETONGUE-84207-BOVINO,ENDINE GAIANO,Lombardia,Bergamo,BG,municipality_region,false,45.69830,9.67730,45.792486,9.969058,24.945,true
BENV-2026-BLUETONGUE-83879-BOVINO,MORTEGLIANO,Friuli Venezia Giulia,Udine,UD,municipality_region,false,46.07110,13.23460,45.945806,13.172796,14.727,true
BENV-2026-BLUETONGUE-83943-BOVINO,COLLEDARA,Abruzzo,Teramo,TE,municipality_region,false,42.66120,13.69900,42.540868,13.678938,13.481,true
BENV-2026-BLUETONGUE-83726-OVINO,SARDARA,Sardegna,Sud Sardegna,SU,municipality_region,false,39.16720,8.52220,39.616442,8.820634,56.152,true
BENV-2026-BLUETONGUE-83574-BOVINO,VALVESTINO,Lombardia,Brescia,BS,municipality_region,false,45.54160,10.21180,45.762092,10.594646,38.557,true
BENV-2026-BLUETONGUE-84470-BOVINO,LONATE CEPPINO,Lombardia,Varese,VA,municipality_region,false,45.82060,8.82510,45.704503,8.874286,13.461,true
BENV-2026-BLUETONGUE-84291-BOVINO,ENNA,Sicilia,Enna,EN,municipality_region,false,37.56760,14.27990,37.566757,14.280747,0.120,true
BENV-2026-BLUETONGUE-83268-BOVINO,PIURO,Lombardia,Sondrio,SO,municipality_region,false,46.16990,9.87880,46.330143,9.420908,39.460,true
BENV-2026-BLUETONGUE-84029-BOVINO,MONTEREALE VALCELLINA,Friuli Venezia Giulia,Pordenone,PN,municipality_region,false,45.95690,12.66050,46.160509,12.662136,22.641,true
BENV-2026-BLUETONGUE-84059-BOVINO,AIELLO DEL FRIULI,Friuli Venezia Giulia,Udine,UD,municipality_region,false,46.07110,13.23460,45.872922,13.363628,24.187,true
BENV-2026-BLUETONGUE-84833-BOVINO,REDONDESCO,Lombardia,Mantova,MN,municipality_region,false,45.15640,10.79140,45.166376,10.512282,21.912,true
BENV-2026-BLUETONGUE-82916-BOVINO,SERRAMAZZONI,Emilia Romagna,Modena,MO,municipality_region,false,44.64710,10.92520,44.422462,10.789147,27.207,true
BENV-2026-BLUETONGUE-83828-OVINO,TORREANO,Friuli Venezia Giulia,Udine,UD,municipality_region,false,46.07110,13.23460,46.128525,13.431132,16.444,true
BENV-2026-BLUETONGUE-83525-BOVINO,ANGERA,Lombardia,Varese,VA,municipality_region,false,45.82060,8.82510,45.772188,8.575122,20.114,true
BENV-2026-BLUETONGUE-84290-BOVINO,ENNA,Sicilia,Enna,EN,municipality_region,false,37.56760,14.27990,37.566757,14.280747,0.120,true
BENV-2026-BLUETONGUE-83214-BOVINO,PIANICO,Lombardia,Bergamo,BG,municipality_region,false,45.69830,9.67730,45.809887,10.043060,30.972,true
BENV-2026-BLUETONGUE-82794-BOVINO,MAJANO,Friuli Venezia Giulia,Udine,UD,municipality_region,false,46.07110,13.23460,46.185205,13.068214,18.039,true
BENV-2026-BLUETONGUE-83882-BOVINO,TENNO,Trentino Alto Adige,Trento,TN,municipality_province_code,false,46.07480,11.12170,45.918797,10.832775,28.267,true
BENV-2026-BLUETONGUE-83932-CAPRA,PREMIA,Piemonte,Verbano-Cusio-Ossola,VB,municipality_region,false,45.92140,8.55100,46.268144,8.339000,41.879,true
BENV-2026-BLUETONGUE-84902-BOVINO,PELLEGRINO PARMENSE,Emilia Romagna,Parma,PR,municipality_region,false,44.80150,10.32790,44.733168,9.927556,32.506,true
BENV-2026-BLUETONGUE-83572-BOVINO,LONATO DEL GARDA,Lombardia,Brescia,BS,municipality_region,false,45.54160,10.21180,45.461039,10.484535,23.066,true
BENV-2026-BLUETONGUE-85326-BOVINO,MESENZANA,Lombardia,Varese,VA,municipality_region,false,45.82060,8.82510,45.947817,8.757834,15.074,true
BENV-2026-BLUETONGUE-84496-BOVINO,PIANICO,Lombardia,Bergamo,BG,municipality_region,false,45.69830,9.67730,45.809887,10.043060,30.972,true
BENV-2026-BLUETONGUE-84788-BOVINO,BASCIANO,Abruzzo,Teramo,TE,municipality_region,false,42.66120,13.69900,42.594401,13.739647,8.138,true
BENV-2026-BLUETONGUE-82918-BOVINO,BORGONOVO VAL TIDONE,Emilia Romagna,Piacenza,PC,municipality_region,false,45.05260,9.69340,45.014362,9.443461,20.095,true
BENV-2026-BLUETONGUE-83560-BOVINO,PELLIZZANO,Trentino Alto Adige,Trento,TN,municipality_province_code,false,46.07480,11.12170,46.309824,10.760451,38.160,true
BENV-2026-BLUETONGUE-85586-BOVINO,CAPO DI PONTE,Lombardia,Brescia,BS,municipality_region,false,45.54160,10.21180,46.030996,10.345862,55.402,true
BENV-2026-BLUETONGUE-84466-BOVINO,SGONICO,Friuli Venezia Giulia,Trieste,TS,municipality_region,false,45.64950,13.77680,45.736024,13.748245,9.873,true
BENV-2026-BLUETONGUE-84472-BOVINO,MARIANO COMENSE,Lombardia,Como,CO,municipality_region,false,45.80810,9.08520,45.697149,9.178344,14.298,true
BENV-2026-BLUETONGUE-83509-OVINO,DORGALI,Sardegna,Nuoro,NU,municipality_region,false,40.32020,9.32640,40.292802,9.588832,22.461,true
BENV-2026-BLUETONGUE-83511-BOVINO,FONTANELICE,Emilia Romagna,Bologna,BO,municipality_region,false,44.49490,11.34260,44.260098,11.559736,31.297,true
BENV-2026-BLUETONGUE-83517-BOVINO,TEGLIO,Lombardia,Sondrio,SO,municipality_region,false,46.16990,9.87880,46.172675,10.064126,14.274,true
BENV-2026-BLUETONGUE-83059-CAPRA,MALVITO,Calabria,Cosenza,CS,municipality_region,false,39.29830,16.25370,39.599698,16.053285,37.674,true
BENV-2026-BLUETONGUE-84779-BOVINO,BISENTI,Abruzzo,Teramo,TE,municipality_region,false,42.66120,13.69900,42.529128,13.801283,16.905,true
BENV-2026-BLUETONGUE-83754-BOVINO,TERAMO,Abruzzo,Teramo,TE,municipality_region,false,42.66120,13.69900,42.658118,13.699625,0.346,true
BENV-2026-BLUETONGUE-83549-BOVINO,FERRANDINA,Basilicata,Matera,MT,municipality_region,false,40.66640,16.60430,40.501218,16.454683,22.294,true
BENV-2026-BLUETONGUE-85259-BOVINO,BUSSETO,Emilia Romagna,Parma,PR,municipality_region,false,44.80150,10.32790,44.980567,10.042075,30.057,true
BENV-2026-BLUETONGUE-83381-BOVINO,ZIBIDO SAN GIACOMO,Lombardia,Milano,MI,municipality_region,false,45.46420,9.19000,45.360000,9.106028,13.312,true
BENV-2026-BLUETONGUE-84212-BOVINO,CELLINO ATTANASIO,Abruzzo,Teramo,TE,municipality_region,false,42.66120,13.69900,42.587311,13.850525,14.873,true
BENV-2026-BLUETONGUE-84129-CAPRA,GRIGNASCO,Piemonte,Novara,NO,municipality_region,false,45.44690,8.62220,45.684099,8.337853,34.433,true
BENV-2026-BLUETONGUE-83970-OVINO,FURORE,Campania,Salerno,SA,municipality_region,false,40.68240,14.76810,40.618936,14.548137,19.853,true
BENV-2026-BLUETONGUE-82928-BOVINO,PELLIZZANO,Trentino Alto Adige,Trento,TN,municipality_province_code,false,46.07480,11.12170,46.309824,10.760451,38.160,true
BENV-2026-BLUETONGUE-84786-BOVINO,LADISPOLI,Lazio,Roma,RM,municipality_region,false,41.90280,12.49640,41.953722,12.073465,35.443,true
BENV-2026-BLUETONGUE-83724-CAPRA,GIUNGANO,Campania,Salerno,SA,municipality_region,false,40.68240,14.76810,40.394707,15.107155,42.945,true
BENV-2026-BLUETONGUE-83540-BOVINO,LEGNANO,Lombardia,Milano,MI,municipality_region,false,45.46420,9.19000,45.594698,8.918360,25.657,true
BENV-2026-BLUETONGUE-85168-BOVINO,VILLACHIARA,Lombardia,Brescia,BS,municipality_region,false,45.54160,10.21180,45.355375,9.930966,30.145,true
BENV-2026-BLUETONGUE-84399-BOVINO,ALTA VAL TIDONE,Emilia Romagna,Piacenza,PC,municipality_region,false,45.05260,9.69340,44.919977,9.347182,30.966,true
BENV-2026-BLUETONGUE-84498-BOVINO,VALVESTINO,Lombardia,Brescia,BS,municipality_region,false,45.54160,10.21180,45.762092,10.594646,38.557,true
BENV-2026-BLUETONGUE-84250-BOVINO,CARFIZZI,Calabria,Crotone,KR,municipality_region,false,39.08080,17.12710,39.306360,16.973792,28.348,true
BENV-2026-BLUETONGUE-84564-BOVINO,CASTELVETRO DI MODENA,Emilia Romagna,Modena,MO,municipality_region,false,44.64710,10.92520,44.503462,10.943300,16.036,true
BENV-2026-BLUETONGUE-83213-BOVINO,TRESCORE BALNEARIO,Lombardia,Bergamo,BG,municipality_region,false,45.69830,9.67730,45.696483,9.842557,12.836,true
BENV-2026-BLUETONGUE-83347-BOVINO,RIVA DEL GARDA,Trentino Alto Adige,Trento,TN,municipality_province_code,false,46.07480,11.12170,45.884771,10.839694,30.353,true
BENV-2026-BLUETONGUE-84416-BOVINO,MONTEREALE VALCELLINA,Friuli Venezia Giulia,Pordenone,PN,municipality_region,false,45.95690,12.66050,46.160509,12.662136,22.641,true
BENV-2026-BLUETONGUE-84439-BOVINO,MONCHIO DELLE CORTI,Emilia Romagna,Parma,PR,municipality_region,false,44.80150,10.32790,44.412955,10.124190,46.116,true
BENV-2026-BLUETONGUE-83378-BOVINO,CUNICO,Piemonte,Asti,AT,municipality_region,false,44.90080,8.20660,45.039950,8.096731,17.723,true
BENV-2026-BLUETONGUE-83510-BOVINO,NOTARESCO,Abruzzo,Teramo,TE,municipality_region,false,42.66120,13.69900,42.654145,13.894698,16.022,true
BENV-2026-BLUETONGUE-84202-BOVINO,BAGNOLO MELLA,Lombardia,Brescia,BS,municipality_region,false,45.54160,10.21180,45.429079,10.184370,12.693,true
BENV-2026-BLUETONGUE-83931-BOVINO,DOMODOSSOLA,Piemonte,Verbano-Cusio-Ossola,VB,municipality_region,false,45.92140,8.55100,46.115245,8.292046,29.401,true
BENV-2026-BLUETONGUE-83981-BOVINO,MONTECHIARUGOLO,Emilia Romagna,Parma,PR,municipality_region,false,44.80150,10.32790,44.693401,10.422480,14.152,true
BENV-2026-BLUETONGUE-84028-BOVINO,SPILIMBERGO,Friuli Venezia Giulia,Pordenone,PN,municipality_region,false,45.95690,12.66050,46.111335,12.901629,25.325,true
BENV-2026-BLUETONGUE-84094-BOVINO,REGALBUTO,Sicilia,Enna,EN,municipality_region,false,37.56760,14.27990,37.653547,14.639636,33.098,true
BENV-2026-BLUETONGUE-84162-BOVINO,TOLMEZZO,Friuli Venezia Giulia,Udine,UD,municipality_region,false,46.07110,13.23460,46.429503,13.056167,42.148,true
BENV-2026-BLUETONGUE-83934-BOVINO,BUDOIA,Friuli Venezia Giulia,Pordenone,PN,municipality_region,false,45.95690,12.66050,46.042962,12.532586,13.755,true
BENV-2026-BLUETONGUE-83971-OVINO,SCALA,Campania,Salerno,SA,municipality_region,false,40.68240,14.76810,40.653614,14.607792,13.894,true
BENV-2026-BLUETONGUE-84889-BOVINO,PONCARALE,Lombardia,Brescia,BS,municipality_region,false,45.54160,10.21180,45.460663,10.173909,9.472,true
BENV-2026-BLUETONGUE-83711-BOVINO,STRESA,Piemonte,Verbano-Cusio-Ossola,VB,municipality_region,false,45.92140,8.55100,45.883728,8.539027,4.290,true
BENV-2026-BLUETONGUE-83636-BOVINO,MONZAMBANO,Lombardia,Mantova,MN,municipality_region,false,45.15640,10.79140,45.386139,10.692404,26.695,true
BENV-2026-BLUETONGUE-83509-CAPRA,DORGALI,Sardegna,Nuoro,NU,municipality_region,false,40.32020,9.32640,40.292802,9.588832,22.461,true
BENV-2026-BLUETONGUE-83524-BOVINO,MORAZZONE,Lombardia,Varese,VA,municipality_region,false,45.82060,8.82510,45.764961,8.831500,6.207,true
BENV-2026-BLUETONGUE-84319-BOVINO,CASTROVILLARI,Calabria,Cosenza,CS,municipality_region,false,39.29830,16.25370,39.815494,16.202772,57.675,true
BENV-2026-BLUETONGUE-83346-BOVINO,LEDRO,Trentino Alto Adige,Trento,TN,municipality_province_code,false,46.07480,11.12170,45.886414,10.715385,37.742,true
BENV-2026-BLUETONGUE-83919-BOVINO,COSTA VOLPINO,Lombardia,Bergamo,BG,municipality_region,false,45.69830,9.67730,45.829888,10.098161,35.776,true
BENV-2026-BLUETONGUE-83805-CAPRA,ROSE,Calabria,Cosenza,CS,municipality_region,false,39.29830,16.25370,39.398495,16.287193,11.507,true
BENV-2026-BLUETONGUE-83558-BOVINO,CASTEL ROZZONE,Lombardia,Bergamo,BG,municipality_region,false,45.69830,9.67730,45.552277,9.619855,16.840,true
BENV-2026-BLUETONGUE-84745-BOVINO,PALAZZO PIGNANO,Lombardia,Cremona,CR,municipality_region,false,45.13320,10.02270,45.390073,9.569557,45.538,true
BENV-2026-BLUETONGUE-84783-BOVINO,CAMPLI,Abruzzo,Teramo,TE,municipality_region,false,42.66120,13.69900,42.726231,13.686284,7.305,true
BENV-2026-BLUETONGUE-84787-BOVINO,LADISPOLI,Lazio,Roma,RM,municipality_region,false,41.90280,12.49640,41.953722,12.073465,35.443,true
BENV-2026-BLUETONGUE-83561-BOVINO,REGALBUTO,Sicilia,Enna,EN,municipality_region,false,37.56760,14.27990,37.653547,14.639636,33.098,true
BENV-2026-BLUETONGUE-84402-BOVINO,MONTERENZIO,Emilia Romagna,Bologna,BO,municipality_region,false,44.49490,11.34260,44.326882,11.406144,19.353,true
BENV-2026-BLUETONGUE-84497-BOVINO,TRESCORE BALNEARIO,Lombardia,Bergamo,BG,municipality_region,false,45.69830,9.67730,45.696483,9.842557,12.836,true
BENV-2026-BLUETONGUE-84301-CAPRA,VERBANIA,Piemonte,Verbano-Cusio-Ossola,VB,municipality_region,false,45.92140,8.55100,45.937663,8.526530,2.618,true
BENV-2026-BLUETONGUE-84657-BOVINO,FORNI DI SOTTO,Friuli Venezia Giulia,Udine,UD,municipality_region,false,46.07110,13.23460,46.395045,12.670226,56.408,true
BENV-2026-BLUETONGUE-84542-BOVINO,FONTANELLATO,Emilia Romagna,Parma,PR,municipality_region,false,44.80150,10.32790,44.881666,10.172179,15.172,true
BENV-2026-BLUETONGUE-82793-BOVINO,COLLOREDO DI MONTE ALBANO,Friuli Venezia Giulia,Udine,UD,municipality_region,false,46.07110,13.23460,46.166405,13.139017,12.907,true
BENV-2026-BLUETONGUE-83873-BOVINO,CORNEDO ALL\'ISARCO - KARNEID,Trentino Alto Adige,Bolzano/Bozen,BZ,municipality_province_code,true,46.49830,11.35480,46.489912,11.408388,4.207,true
BENV-2026-BLUETONGUE-84777-BOVINO,PENNA SANT\'ANDREA,Abruzzo,Teramo,TE,municipality_region,false,42.66120,13.69900,42.593443,13.772196,9.624,true
BENV-2026-BLUETONGUE-84778-BOVINO,PALAZZO PIGNANO,Lombardia,Cremona,CR,municipality_region,false,45.13320,10.02270,45.390073,9.569557,45.538,true
BENV-2026-BLUETONGUE-84782-BOVINO,CAMPLI,Abruzzo,Teramo,TE,municipality_region,false,42.66120,13.69900,42.726231,13.686284,7.305,true
BENV-2026-BLUETONGUE-84785-BOVINO,CENTALLO,Piemonte,Cuneo,CN,municipality_region,false,44.38450,7.54270,44.501533,7.587830,13.498,true
BENV-2026-BLUETONGUE-82921-BOVINO,NOVA LEVANTE - WELSCHNOFEN,Trentino Alto Adige,Bolzano/Bozen,BZ,municipality_province_code,true,46.49830,11.35480,46.430234,11.538950,16.007,true
BENV-2026-BLUETONGUE-83573-BOVINO,TREMOSINE,Lombardia,Brescia,BS,municipality_region,true,45.54160,10.21180,45.771079,10.760773,49.715,true
BENV-2026-BLUETONGUE-85172-BOVINO,LENO,Lombardia,Brescia,BS,municipality_region,false,45.54160,10.21180,45.367012,10.218452,19.420,true
BENV-2026-BLUETONGUE-84418-BOVINO,VILLESSE,Friuli Venezia Giulia,Gorizia,GO,municipality_region,false,45.94150,13.62200,45.863908,13.440230,16.500,true
BENV-2026-BLUETONGUE-83251-BOVINO,MONTAGNA IN VALTELLINA,Lombardia,Sondrio,SO,municipality_region,false,46.16990,9.87880,46.178495,9.902950,2.091,true
BENV-2026-BLUETONGUE-83263-BOVINO,FANANO,Emilia Romagna,Modena,MO,municipality_region,false,44.64710,10.92520,44.207737,10.793837,49.956,true
BENV-2026-BLUETONGUE-83345-BOVINO,TENNO,Trentino Alto Adige,Trento,TN,municipality_province_code,false,46.07480,11.12170,45.918797,10.832775,28.267,true
BENV-2026-BLUETONGUE-83145-BOVINO,LADISPOLI,Lazio,Roma,RM,municipality_region,false,41.90280,12.49640,41.953722,12.073465,35.443,true
BENV-2026-BLUETONGUE-84023-BOVINO,PARUZZARO,Piemonte,Novara,NO,municipality_region,false,45.44690,8.62220,45.750241,8.517599,34.698,true
BENV-2026-BLUETONGUE-84048-BOVINO,BEURA-CARDEZZA,Piemonte,Verbano-Cusio-Ossola,VB,municipality_region,false,45.92140,8.55100,46.079578,8.299716,26.193,true
BENV-2026-BLUETONGUE-84092-BOVINO,CIVIDALE DEL FRIULI,Friuli Venezia Giulia,Udine,UD,municipality_region,false,46.07110,13.23460,46.093623,13.430328,15.302,true
BENV-2026-BLUETONGUE-84128-OVINO,BORGOSESIA,Piemonte,Vercelli,VC,municipality_region,false,45.32310,8.42390,45.716668,8.276857,45.237,true
BENV-2026-BLUETONGUE-83807-BOVINO,PONCARALE,Lombardia,Brescia,BS,municipality_region,false,45.54160,10.21180,45.460663,10.173909,9.472,true
BENV-2026-BLUETONGUE-83661-BOVINO,CAMPLI,Abruzzo,Teramo,TE,municipality_region,false,42.66120,13.69900,42.726231,13.686284,7.305,true
BENV-2026-BLUETONGUE-84406-BOVINO,VALSAMOGGIA,Emilia Romagna,Bologna,BO,municipality_region,false,44.49490,11.34260,44.439824,11.059275,23.302,true
BENV-2026-BLUETONGUE-84468-BOVINO,CAPANNORI,Toscana,Lucca,LU,municipality_region,false,43.84290,10.50270,43.842039,10.573525,5.681,true
BENV-2026-BLUETONGUE-83933-CAPRA,MALESCO,Piemonte,Verbano-Cusio-Ossola,VB,municipality_region,false,45.92140,8.55100,46.126618,8.500919,23.145,true
BENV-2026-BLUETONGUE-84796-BOVINO,CELLINO ATTANASIO,Abruzzo,Teramo,TE,municipality_region,false,42.66120,13.69900,42.587311,13.850525,14.873,true
BENV-2026-BLUETONGUE-83714-BOVINO,PADERNO FRANCIACORTA,Lombardia,Brescia,BS,municipality_region,false,45.54160,10.21180,45.589187,10.076411,11.793,true
BENV-2026-BLUETONGUE-85515-BOVINO,LENO,Lombardia,Brescia,BS,municipality_region,false,45.54160,10.21180,45.367012,10.218452,19.420,true
BENV-2026-BLUETONGUE-83417-BOVINO,VILLAVALLELONGA,Abruzzo,L'Aquila,AQ,municipality_region,false,42.34980,13.39950,41.866996,13.624510,56.804,true
BENV-2026-BLUETONGUE-83344-BOVINO,VALLARSA,Trentino Alto Adige,Trento,TN,municipality_province_code,false,46.07480,11.12170,45.803355,11.105110,30.211,true
BENV-2026-BLUETONGUE-84776-BOVINO,NOTARESCO,Abruzzo,Teramo,TE,municipality_region,false,42.66120,13.69900,42.654145,13.894698,16.022,true
BENV-2026-BLUETONGUE-83828-CAPRA,TORREANO,Friuli Venezia Giulia,Udine,UD,municipality_region,false,46.07110,13.23460,46.128525,13.431132,16.444,true
BENV-2026-BLUETONGUE-83325-BOVINO,GERMIGNAGA,Lombardia,Varese,VA,municipality_region,false,45.82060,8.82510,45.993507,8.724159,20.752,true
BENV-2026-BLUETONGUE-83877-BOVINO,VARMO,Friuli Venezia Giulia,Udine,UD,municipality_region,false,46.07110,13.23460,45.887015,12.987726,27.980,true
BENV-2026-BLUETONGUE-84757-BOVINO,LEONFORTE,Sicilia,Enna,EN,municipality_region,false,37.56760,14.27990,37.639212,14.392427,12.715,true
BENV-2026-BLUETONGUE-82919-BOVINO,LAMA MOCOGNO,Emilia Romagna,Modena,MO,municipality_region,false,44.64710,10.92520,44.307263,10.731777,40.785,true
BENV-2026-BLUETONGUE-82925-BOVINO,IMER,Trentino Alto Adige,Trento,TN,municipality_province_code,false,46.07480,11.12170,46.151060,11.796303,52.688,true
BENV-2026-BLUETONGUE-83566-OVINO,CIVITAVECCHIA,Lazio,Roma,RM,municipality_region,false,41.90280,12.49640,42.093752,11.792246,61.941,true
BENV-2026-BLUETONGUE-83627-BOVINO,TEGLIO,Lombardia,Sondrio,SO,municipality_region,false,46.16990,9.87880,46.172675,10.064126,14.274,true
BENV-2026-BLUETONGUE-84395-BOVINO,GONARS,Friuli Venezia Giulia,Udine,UD,municipality_region,false,46.07110,13.23460,45.895917,13.237131,19.480,true
BENV-2026-BLUETONGUE-84471-BOVINO,BREBBIA,Lombardia,Varese,VA,municipality_region,false,45.82060,8.82510,45.828539,8.650052,13.593,true
BENV-2026-BLUETONGUE-84504-BOVINO,SASSUOLO,Emilia Romagna,Modena,MO,municipality_region,false,44.64710,10.92520,44.540977,10.782902,16.316,true
BENV-2026-BLUETONGUE-83385-OVINO,CARBONIA,Sardegna,Sud Sardegna,SU,municipality_region,false,39.16720,8.52220,39.165332,8.527834,0.528,true
BENV-2026-BLUETONGUE-83399-OVINO,SAN FLORO,Calabria,Catanzaro,CZ,municipality_region,false,38.90980,16.58770,38.837986,16.518704,9.972,true
BENV-2026-BLUETONGUE-83515-BOVINO,GERA LARIO,Lombardia,Como,CO,municipality_region,false,45.80810,9.08520,46.171099,9.371899,46.042,true
BENV-2026-BLUETONGUE-84157-BOVINO,GROSIO,Lombardia,Sondrio,SO,municipality_region,false,46.16990,9.87880,46.298930,10.274516,33.648,true
BENV-2026-BLUETONGUE-83872-BOVINO,RENON - RITTEN,Trentino Alto Adige,Bolzano/Bozen,BZ,municipality_province_code,true,46.49830,11.35480,46.562935,11.441435,9.776,true
BENV-2026-BLUETONGUE-83982-BOVINO,CASALFIUMANESE,Emilia Romagna,Bologna,BO,municipality_region,false,44.49490,11.34260,44.296864,11.624022,31.382,true
BENV-2026-BLUETONGUE-83900-CAPRA,LONGOBARDI,Calabria,Cosenza,CS,municipality_region,false,39.29830,16.25370,39.207090,16.076490,18.322,true
BENV-2026-BLUETONGUE-83439-CAPRA,TRAMONTI,Campania,Salerno,SA,municipality_region,false,40.68240,14.76810,40.699733,14.641537,10.843,true
BENV-2026-BLUETONGUE-84922-BOVINO,FRANCOFONTE,Sicilia,Siracusa,SR,municipality_region,false,37.07550,15.28660,37.226582,14.881881,39.608,true
BENV-2026-BLUETONGUE-83890-BOVINO,MOTTA CAMASTRA,Sicilia,Messina,ME,municipality_region,false,38.19380,15.55400,37.894319,15.170271,47.309,true
BENV-2026-BLUETONGUE-85257-BOVINO,FIDENZA,Emilia Romagna,Parma,PR,municipality_region,false,44.80150,10.32790,44.866522,10.061194,22.239,true
BENV-2026-BLUETONGUE-84024-OVINO,CAROLEI,Calabria,Cosenza,CS,municipality_region,false,39.29830,16.25370,39.256292,16.220093,5.494,true
BENV-2026-BLUETONGUE-84491-OVINO,PIEVE TORINA,Marche,Macerata,MC,municipality_region,false,43.29840,13.45310,43.043287,13.048911,43.349,true
BENV-2026-BLUETONGUE-85066-CAPRA,SANTA SOFIA D\'EPIRO,Calabria,Cosenza,CS,municipality_region,false,39.29830,16.25370,39.547090,16.329117,28.413,true
BENV-2026-BLUETONGUE-84726-BOVINO,SIRACUSA,Sicilia,Siracusa,SR,municipality_region,false,37.07550,15.28660,37.064614,15.290720,1.264,true
BENV-2026-BLUETONGUE-84721-BOVINO,ZIBIDO SAN GIACOMO,Lombardia,Milano,MI,municipality_region,false,45.46420,9.19000,45.360000,9.106028,13.312,true
BENV-2026-BLUETONGUE-84921-BOVINO,FRANCOFONTE,Sicilia,Siracusa,SR,municipality_region,false,37.07550,15.28660,37.226582,14.881881,39.608,true
BENV-2026-BLUETONGUE-85312-CAPRA,MARANO MARCHESATO,Calabria,Cosenza,CS,municipality_region,false,39.29830,16.25370,39.315993,16.173791,7.151,true
BENV-2026-BLUETONGUE-83414-BOVINO,SAN MARCO IN LAMIS,Puglia,Foggia,FG,municipality_region,false,41.46220,15.54460,41.713138,15.639850,29.006,true
BENV-2026-BLUETONGUE-84746-BOVINO,SIRACUSA,Sicilia,Siracusa,SR,municipality_region,false,37.07550,15.28660,37.064614,15.290720,1.264,true
BENV-2026-BLUETONGUE-84923-BOVINO,SIRACUSA,Sicilia,Siracusa,SR,municipality_region,false,37.07550,15.28660,37.064614,15.290720,1.264,true
BENV-2026-BLUETONGUE-83824-BOVINO,CAROVIGNO,Puglia,Brindisi,BR,municipality_region,false,40.63270,17.94180,40.707185,17.656848,25.420,true
BENV-2026-BLUETONGUE-85018-OVINO,PESCHE,Molise,Isernia,IS,municipality_region,false,41.59600,14.23300,41.611068,14.281951,4.401,true
BENV-2026-BLUETONGUE-85078-BOVINO,CASTELNOVO DI SOTTO,Emilia Romagna,Reggio nell'Emilia,RE,municipality_region,false,44.69890,10.62970,44.810863,10.563295,13.509,true
BENV-2026-BLUETONGUE-82959-BOVINO,MANIACE,Sicilia,Catania,CT,municipality_region,false,37.50790,15.08300,37.862423,14.807835,46.264,true
BENV-2026-BLUETONGUE-85258-BOVINO,TERENZO,Emilia Romagna,Parma,PR,municipality_region,false,44.80150,10.32790,44.609958,10.089682,28.426,true
BENV-2026-BLUETONGUE-84396-BOVINO,ARBOREA,Sardegna,Oristano,OR,municipality_region,false,39.90380,8.59260,39.773846,8.581753,14.480,true
BENV-2026-BRUCELLOSI-83533-LEPRE,GREVE IN CHIANTI,Toscana,Firenze,FI,municipality_region,false,43.76960,11.25580,43.582460,11.316873,21.381,true
BENV-2026-BRUCELLOSI-83918-BOVINO,GERACI SICULO,Sicilia,Palermo,PA,municipality_region,false,38.11570,13.36150,37.859137,14.154416,75.117,true
BENV-2026-BRUCELLOSI-83753-BOVINO,SAN NICANDRO GARGANICO,Puglia,Foggia,FG,municipality_region,false,41.46220,15.54460,41.838446,15.565338,41.872,true
BENV-2026-BRUCELLOSI-84038-BOVINO,APRICENA,Puglia,Foggia,FG,municipality_region,false,41.46220,15.54460,41.783938,15.443744,36.745,true
BENV-2026-BRUCELLOSI-83896-BOVINO,SAN NICANDRO GARGANICO,Puglia,Foggia,FG,municipality_region,false,41.46220,15.54460,41.838446,15.565338,41.872,true
BENV-2026-BRUCELLOSI-83181-OVINO,VILLAROSA,Sicilia,Enna,EN,municipality_region,false,37.56760,14.27990,37.587017,14.173589,9.614,true
BENV-2026-BRUCELLOSI-85040-BOVINO,SAN NICANDRO GARGANICO,Puglia,Foggia,FG,municipality_region,false,41.46220,15.54460,41.838446,15.565338,41.872,true
BENV-2026-BRUCELLOSI-83737-BOVINO,SAN NICANDRO GARGANICO,Puglia,Foggia,FG,municipality_region,false,41.46220,15.54460,41.838446,15.565338,41.872,true
BENV-2026-BRUCELLOSI-84900-BOVINO,SANT\'AGATA DEL BIANCO,Calabria,Reggio Calabria,RC,municipality_region,false,38.11130,15.64730,38.092788,16.083088,38.187,true
BENV-2026-BRUCELLOSI-83594-BOVINO,CARLENTINI,Sicilia,Siracusa,SR,municipality_region,false,37.07550,15.28660,37.275881,15.014978,32.796,true
BENV-2026-BRUCELLOSI-84474-BOVINO,APRICENA,Puglia,Foggia,FG,municipality_region,false,41.46220,15.54460,41.783938,15.443744,36.745,true
BENV-2026-BRUCELLOSI-84465-OVINO,FIUMEDINISI,Sicilia,Messina,ME,municipality_region,false,38.19380,15.55400,38.026238,15.382083,23.946,true
BENV-2026-BRUCELLOSI-83938-BOVINO,RANDAZZO,Sicilia,Catania,CT,municipality_region,false,37.50790,15.08300,37.877934,14.946248,42.869,true
BENV-2026-BRUCELLOSI-83548-OVINO,RODI\' MILICI,Sicilia,Messina,ME,municipality_region,false,38.19380,15.55400,38.068965,15.174781,35.956,true
BENV-2026-BRUCELLOSI-83206-BOVINO,PATTI,Sicilia,Messina,ME,municipality_region,false,38.19380,15.55400,38.138901,14.964816,51.869,true
BENV-2026-BRUCELLOSI-83267-BOVINO,PATERNO\',Sicilia,Catania,CT,municipality_region,false,37.50790,15.08300,37.567070,14.905352,16.989,true
BENV-2026-BRUCELLOSI-83674-BOVINO,AUGUSTA,Sicilia,Siracusa,SR,municipality_region,false,37.07550,15.28660,37.236936,15.219658,18.906,true
BENV-2026-BRUCELLOSI-84039-BOVINO,MESSINA,Sicilia,Messina,ME,municipality_region,false,38.19380,15.55400,38.193757,15.554208,0.019,true
BENV-2026-BRUCELLOSI-83548-CAPRA,RODI\' MILICI,Sicilia,Messina,ME,municipality_region,false,38.19380,15.55400,38.068965,15.174781,35.956,true
BENV-2026-BRUCELLOSI-84512-CAPRA,FONDACHELLI-FANTINA,Sicilia,Messina,ME,municipality_region,false,38.19380,15.55400,38.000627,15.182419,38.970,true
BENV-2026-BRUCELLOSI-83489-BOVINO,AGIRA,Sicilia,Enna,EN,municipality_region,false,37.56760,14.27990,37.656151,14.521575,23.455,true
BENV-2026-BRUCELLOSI-83675-BOVINO,GANGI,Sicilia,Palermo,PA,municipality_region,false,38.11570,13.36150,37.795627,14.206720,82.208,true
BENV-2026-BRUCELLOSI-84038-BUFALO,APRICENA,Puglia,Foggia,FG,municipality_region,false,41.46220,15.54460,41.783938,15.443744,36.745,true
BENV-2026-BRUCELLOSI-84992-BUFALO,CANCELLO ED ARNONE,Campania,Caserta,CE,municipality_region,false,41.07230,14.33110,41.074112,14.027423,25.457,true
BENV-2026-BRUCELLOSI-83676-BOVINO,BUCCHERI,Sicilia,Siracusa,SR,municipality_region,false,37.07550,15.28660,37.126491,14.850380,39.100,true
BENV-2026-BRUCELLOSI-85498-BOVINO,CENTURIPE,Sicilia,Enna,EN,municipality_region,false,37.56760,14.27990,37.622952,14.739079,40.921,true
BENV-2026-BRUCELLOSI-84268-BOVINO,SAN NICANDRO GARGANICO,Puglia,Foggia,FG,municipality_region,false,41.46220,15.54460,41.838446,15.565338,41.872,true
BENV-2026-BRUCELLOSI-84688-BOVINO,SAN NICANDRO GARGANICO,Puglia,Foggia,FG,municipality_region,false,41.46220,15.54460,41.838446,15.565338,41.872,true
BENV-2026-BRUCELLOSI-83085-BOVINO,AGIRA,Sicilia,Enna,EN,municipality_region,false,37.56760,14.27990,37.656151,14.521575,23.455,true
BENV-2026-BRUCELLOSI-84512-OVINO,FONDACHELLI-FANTINA,Sicilia,Messina,ME,municipality_region,false,38.19380,15.55400,38.000627,15.182419,38.970,true
BENV-2026-BRUCELLOSI-83870-BOVINO,APRICENA,Puglia,Foggia,FG,municipality_region,false,41.46220,15.54460,41.783938,15.443744,36.745,true
BENV-2026-CARBONCHIO-EMATICO-85449-OVINO,SAN GREGORIO MAGNO,Campania,Salerno,SA,municipality_region,false,40.68240,14.76810,40.656523,15.403609,53.676,true
BENV-2026-CARBONCHIO-EMATICO-85449-CAPRA,SAN GREGORIO MAGNO,Campania,Salerno,SA,municipality_region,false,40.68240,14.76810,40.656523,15.403609,53.676,true
BENV-2026-DERMATITE-NODULARE-CONTAGIOSA-84487-BOVINO,SAN VITO,Sardegna,Sud Sardegna,SU,municipality_region,false,39.16720,8.52220,39.443245,9.540751,92.856,true
BENV-2026-DERMATITE-NODULARE-CONTAGIOSA-84419-BOVINO,SAN VITO,Sardegna,Sud Sardegna,SU,municipality_region,false,39.16720,8.52220,39.443245,9.540751,92.856,true
BENV-2026-DERMATITE-NODULARE-CONTAGIOSA-84213-BOVINO,MURAVERA,Sardegna,Sud Sardegna,SU,municipality_region,false,39.16720,8.52220,39.420945,9.573551,94.770,true
BENV-2026-DERMATITE-NODULARE-CONTAGIOSA-84417-BOVINO,SAN VITO,Sardegna,Sud Sardegna,SU,municipality_region,false,39.16720,8.52220,39.443245,9.540751,92.856,true
BENV-2026-DERMATITE-NODULARE-CONTAGIOSA-84247-BOVINO,VILLAPUTZU,Sardegna,Sud Sardegna,SU,municipality_region,false,39.16720,8.52220,39.441045,9.573951,95.480,true
BENV-2026-DERMATITE-NODULARE-CONTAGIOSA-85538-BOVINO,SAMUGHEO,Sardegna,Oristano,OR,municipality_region,false,39.90380,8.59260,39.946150,8.940532,30.041,true
BENV-2026-DERMATITE-NODULARE-CONTAGIOSA-84397-BOVINO,BALLAO,Sardegna,Sud Sardegna,SU,municipality_region,false,39.16720,8.52220,39.549746,9.361545,83.766,true
BENV-2026-DERMATITE-NODULARE-CONTAGIOSA-84671-BOVINO,SAN VITO,Sardegna,Sud Sardegna,SU,municipality_region,false,39.16720,8.52220,39.443245,9.540751,92.856,true
BENV-2026-DERMATITE-NODULARE-CONTAGIOSA-84600-BOVINO,MURAVERA,Sardegna,Sud Sardegna,SU,municipality_region,false,39.16720,8.52220,39.420945,9.573551,94.770,true
BENV-2026-DERMATITE-NODULARE-CONTAGIOSA-84901-BOVINO,ESCALAPLANO,Sardegna,Sud Sardegna,SU,municipality_region,false,39.16720,8.52220,39.626647,9.357144,88.075,true
BENV-2026-FEBBREQ-85173-BOVINO,LENO,Lombardia,Brescia,BS,municipality_region,false,45.54160,10.21180,45.367012,10.218452,19.420,true
BENV-2026-FEBBREQ-83252-BUFALO,EBOLI,Campania,Salerno,SA,municipality_region,false,40.68240,14.76810,40.617515,15.056944,25.414,true
BENV-2026-FEBBREQ-83357-OVINO,L\'AQUILA,Abruzzo,L'Aquila,AQ,municipality_region,false,42.34980,13.39950,42.136885,13.610341,29.355,true
BENV-2026-FEBBREQ-82831-CAPRA,TEGGIANO,Campania,Salerno,SA,municipality_region,false,40.68240,14.76810,40.379209,15.540465,73.468,true
BENV-2026-FEBBREQ-83940-BOVINO,ORGOSOLO,Sardegna,Nuoro,NU,municipality_region,false,40.32020,9.32640,40.204758,9.354936,13.063,true
BENV-2026-FEBBREQ-83673-BOVINO,GRAVINA IN PUGLIA,Puglia,Bari,BA,municipality_region,false,41.11710,16.87190,40.819725,16.422779,50.153,true
BENV-2026-FEBBREQ-83423-OVINO,SANT\'OMERO,Abruzzo,Teramo,TE,municipality_region,false,42.66120,13.69900,42.786672,13.801764,16.283,true
BENV-2026-FEBBREQ-83265-BOVINO,ROMA,Lazio,Roma,RM,municipality_region,false,41.90280,12.49640,41.893320,12.482932,1.534,true
BENV-2026-FEBBREQ-83423-CAPRA,SANT\'OMERO,Abruzzo,Teramo,TE,municipality_region,false,42.66120,13.69900,42.786672,13.801764,16.283,true
BENV-2026-FEBBREQ-83554-CAPRA,CASTELLEONE,Lombardia,Cremona,CR,municipality_region,false,45.13320,10.02270,45.293813,9.764302,26.994,true
BENV-2026-FEBBREQ-84349-BUFALO,SICIGNANO DEGLI ALBURNI,Campania,Salerno,SA,municipality_region,false,40.68240,14.76810,40.581042,15.300396,46.311,true
BENV-2026-FEBBREQ-83158-CAPRA,SAN GREGORIO MAGNO,Campania,Salerno,SA,municipality_region,false,40.68240,14.76810,40.656523,15.403609,53.676,true
BENV-2026-IDATIDOSI-84824-OVINO,SIAMANNA,Sardegna,Oristano,OR,municipality_region,false,39.90380,8.59260,39.920748,8.761028,14.488,true
BENV-2026-IDATIDOSI-85339-OVINO,USELLUS,Sardegna,Oristano,OR,municipality_region,false,39.90380,8.59260,39.809646,8.850732,24.395,true
BENV-2026-IDATIDOSI-85342-OVINO,CUGLIERI,Sardegna,Oristano,OR,municipality_region,false,39.90380,8.59260,40.188472,8.567405,31.727,true
BENV-2026-IDATIDOSI-85350-OVINO,URAS,Sardegna,Oristano,OR,municipality_region,false,39.90380,8.59260,39.700643,8.700030,24.383,true
BENV-2026-IDATIDOSI-85437-OVINO,PAULILATINO,Sardegna,Oristano,OR,municipality_region,false,39.90380,8.59260,40.084032,8.763937,24.793,true
BENV-2026-IDATIDOSI-85438-OVINO,PAULILATINO,Sardegna,Oristano,OR,municipality_region,false,39.90380,8.59260,40.084032,8.763937,24.793,true
BENV-2026-IDATIDOSI-85490-OVINO,VILLA SANT\'ANTONIO,Sardegna,Oristano,OR,municipality_region,false,39.90380,8.59260,39.859148,8.901532,26.824,true
BENV-2026-IDATIDOSI-84664-OVINO,SCANO DI MONTIFERRO,Sardegna,Oristano,OR,municipality_region,false,39.90380,8.59260,40.216330,8.584092,34.759,true
BENV-2026-IDATIDOSI-83857-OVINO,SEDILO,Sardegna,Oristano,OR,municipality_region,false,39.90380,8.59260,40.173151,8.919122,40.862,true
BENV-2026-IDATIDOSI-83887-OVINO,TRESNURAGHES,Sardegna,Oristano,OR,municipality_region,false,39.90380,8.59260,40.252104,8.519960,39.220,true
BENV-2026-IDATIDOSI-84822-OVINO,SIAPICCIA,Sardegna,Oristano,OR,municipality_region,false,39.90380,8.59260,39.927948,8.762128,14.705,true
BENV-2026-IDATIDOSI-85409-OVINO,SIAPICCIA,Sardegna,Oristano,OR,municipality_region,false,39.90380,8.59260,39.927948,8.762128,14.705,true
BENV-2026-IDATIDOSI-85411-OVINO,SIAPICCIA,Sardegna,Oristano,OR,municipality_region,false,39.90380,8.59260,39.927948,8.762128,14.705,true
BENV-2026-IDATIDOSI-85422-OVINO,LACONI,Sardegna,Oristano,OR,municipality_region,false,39.90380,8.59260,39.852649,9.050435,39.480,true
BENV-2026-IDATIDOSI-84144-OVINO,FORDONGIANUS,Sardegna,Oristano,OR,municipality_region,false,39.90380,8.59260,39.994549,8.809828,21.088,true
BENV-2026-IDATIDOSI-84851-OVINO,NURECI,Sardegna,Oristano,OR,municipality_region,false,39.90380,8.59260,39.823348,8.973834,33.746,true
BENV-2026-IDATIDOSI-85354-OVINO,ALES,Sardegna,Oristano,OR,municipality_region,false,39.90380,8.59260,39.768245,8.815632,24.287,true
BENV-2026-IDATIDOSI-85372-OVINO,CABRAS,Sardegna,Oristano,OR,municipality_region,false,39.90380,8.59260,39.930314,8.532054,5.946,true
BENV-2026-IDATIDOSI-85431-OVINO,RUINAS,Sardegna,Oristano,OR,municipality_region,false,39.90380,8.59260,39.907148,8.897631,26.021,true
BENV-2026-IDATIDOSI-82809-BOVINO,BRACCIANO,Lazio,Roma,RM,municipality_region,false,41.90280,12.49640,42.101095,12.173857,34.591,true
BENV-2026-IDATIDOSI-85153-OVINO,SIRIS,Sardegna,Oristano,OR,municipality_region,false,39.90380,8.59260,39.712644,8.774832,26.346,true
BENV-2026-IDATIDOSI-85186-BOVINO,OLLASTRA,Sardegna,Oristano,OR,municipality_region,false,39.90380,8.59260,39.950948,8.734227,13.166,true
BENV-2026-IDATIDOSI-84209-OVINO,USELLUS,Sardegna,Oristano,OR,municipality_region,false,39.90380,8.59260,39.809646,8.850732,24.395,true
BENV-2026-IDATIDOSI-84659-BOVINO,BRACCIANO,Lazio,Roma,RM,municipality_region,false,41.90280,12.49640,42.101095,12.173857,34.591,true
BENV-2026-IDATIDOSI-84677-OVINO,SENEGHE,Sardegna,Oristano,OR,municipality_region,false,39.90380,8.59260,40.082249,8.615723,19.940,true
BENV-2026-IDATIDOSI-84679-OVINO,SENEGHE,Sardegna,Oristano,OR,municipality_region,false,39.90380,8.59260,40.082249,8.615723,19.940,true
BENV-2026-IDATIDOSI-84692-OVINO,LACONI,Sardegna,Oristano,OR,municipality_region,false,39.90380,8.59260,39.852649,9.050435,39.480,true
BENV-2026-IDATIDOSI-84073-OVINO,SANTA GIUSTA,Sardegna,Oristano,OR,municipality_region,false,39.90380,8.59260,39.878178,8.609973,3.212,true
BENV-2026-IDATIDOSI-83886-OVINO,SAGAMA,Sardegna,Oristano,OR,municipality_region,false,39.90380,8.59260,40.261552,8.577520,39.801,true
BENV-2026-IDATIDOSI-83983-OVINO,ALLAI,Sardegna,Oristano,OR,municipality_region,false,39.90380,8.59260,39.957173,8.863076,23.814,true
BENV-2026-IDATIDOSI-85535-OVINO,BUSACHI,Sardegna,Oristano,OR,municipality_region,false,39.90380,8.59260,40.032651,8.896729,29.614,true
BENV-2026-IDATIDOSI-84191-OVINO,NARBOLIA,Sardegna,Oristano,OR,municipality_region,false,39.90380,8.59260,40.047650,8.575169,16.064,true
BENV-2026-IDATIDOSI-84203-OVINO,PAU,Sardegna,Oristano,OR,municipality_region,false,39.90380,8.59260,39.791546,8.802331,21.826,true
BENV-2026-IDATIDOSI-84225-OVINO,MILIS,Sardegna,Oristano,OR,municipality_region,false,39.90380,8.59260,40.050449,8.637024,16.740,true
BENV-2026-IDATIDOSI-84077-OVINO,ORISTANO,Sardegna,Oristano,OR,municipality_region,false,39.90380,8.59260,40.026568,8.679642,15.536,true
BENV-2026-IDATIDOSI-83858-OVINO,SENEGHE,Sardegna,Oristano,OR,municipality_region,false,39.90380,8.59260,40.082249,8.615723,19.940,true
BENV-2026-IDATIDOSI-83969-BOVINO,ARBOREA,Sardegna,Oristano,OR,municipality_region,false,39.90380,8.59260,39.773846,8.581753,14.480,true
BENV-2026-IDATIDOSI-84847-CAPRA,PALMAS ARBOREA,Sardegna,Oristano,OR,municipality_region,false,39.90380,8.59260,39.876646,8.643127,5.263,true
BENV-2026-IDATIDOSI-85351-OVINO,SAN NICOLO\' D\'ARCIDANO,Sardegna,Oristano,OR,municipality_region,false,39.90380,8.59260,39.683392,8.646875,24.943,true
BENV-2026-IDATIDOSI-85435-OVINO,RUINAS,Sardegna,Oristano,OR,municipality_region,false,39.90380,8.59260,39.907148,8.897631,26.021,true
BENV-2026-IDATIDOSI-85501-OVINO,NURECI,Sardegna,Oristano,OR,municipality_region,false,39.90380,8.59260,39.823348,8.973834,33.746,true
BENV-2026-IDATIDOSI-84189-OVINO,SAN VERO MILIS,Sardegna,Oristano,OR,municipality_region,false,39.90380,8.59260,40.014548,8.598224,12.324,true
BENV-2026-IDATIDOSI-84208-OVINO,ALES,Sardegna,Oristano,OR,municipality_region,false,39.90380,8.59260,39.768245,8.815632,24.287,true
BENV-2026-IDATIDOSI-84075-CAPRA,ORISTANO,Sardegna,Oristano,OR,municipality_region,false,39.90380,8.59260,40.026568,8.679642,15.536,true
BENV-2026-IDATIDOSI-84140-OVINO,POMPU,Sardegna,Oristano,OR,municipality_region,false,39.90380,8.59260,39.724544,8.795432,26.409,true
BENV-2026-IDATIDOSI-84141-OVINO,SENIS,Sardegna,Oristano,OR,municipality_region,false,39.90380,8.59260,39.824147,8.940033,30.948,true
BENV-2026-IDATIDOSI-84172-OVINO,SIAPICCIA,Sardegna,Oristano,OR,municipality_region,false,39.90380,8.59260,39.927948,8.762128,14.705,true
BENV-2026-IDATIDOSI-84846-OVINO,SANTA GIUSTA,Sardegna,Oristano,OR,municipality_region,false,39.90380,8.59260,39.878178,8.609973,3.212,true
BENV-2026-IDATIDOSI-84849-OVINO,NURECI,Sardegna,Oristano,OR,municipality_region,false,39.90380,8.59260,39.823348,8.973834,33.746,true
BENV-2026-IDATIDOSI-85349-OVINO,URAS,Sardegna,Oristano,OR,municipality_region,false,39.90380,8.59260,39.700643,8.700030,24.383,true
BENV-2026-IDATIDOSI-85357-OVINO,USELLUS,Sardegna,Oristano,OR,municipality_region,false,39.90380,8.59260,39.809646,8.850732,24.395,true
BENV-2026-IDATIDOSI-83847-OVINO,SAN VERO MILIS,Sardegna,Oristano,OR,municipality_region,false,39.90380,8.59260,40.014548,8.598224,12.324,true
BENV-2026-IDATIDOSI-83604-OVINO,ZEDDIANI,Sardegna,Oristano,OR,municipality_region,false,39.90380,8.59260,39.989947,8.595324,9.582,true
BENV-2026-IDATIDOSI-85176-BOVINO,SENEGHE,Sardegna,Oristano,OR,municipality_region,false,39.90380,8.59260,40.082249,8.615723,19.940,true
BENV-2026-IDATIDOSI-85189-BOVINO,ORISTANO,Sardegna,Oristano,OR,municipality_region,false,39.90380,8.59260,40.026568,8.679642,15.536,true
BENV-2026-IDATIDOSI-85546-OVINO,VILLAURBANA,Sardegna,Oristano,OR,municipality_region,false,39.90380,8.59260,39.885647,8.777429,15.897,true
BENV-2026-IDATIDOSI-84188-OVINO,NARBOLIA,Sardegna,Oristano,OR,municipality_region,false,39.90380,8.59260,40.047650,8.575169,16.064,true
BENV-2026-IDATIDOSI-84193-OVINO,CABRAS,Sardegna,Oristano,OR,municipality_region,false,39.90380,8.59260,39.930314,8.532054,5.946,true
BENV-2026-IDATIDOSI-85764-BOVINO,SAMUGHEO,Sardegna,Oristano,OR,municipality_region,false,39.90380,8.59260,39.946150,8.940532,30.041,true
BENV-2026-IDATIDOSI-84210-OVINO,CURCURIS,Sardegna,Oristano,OR,municipality_region,false,39.90380,8.59260,39.746145,8.830632,26.843,true
BENV-2026-IDATIDOSI-84224-OVINO,TRAMATZA,Sardegna,Oristano,OR,municipality_region,false,39.90380,8.59260,40.003748,8.649537,12.127,true
BENV-2026-IDATIDOSI-84234-OVINO,SANTA GIUSTA,Sardegna,Oristano,OR,municipality_region,false,39.90380,8.59260,39.878178,8.609973,3.212,true
BENV-2026-IDATIDOSI-84675-OVINO,SENEGHE,Sardegna,Oristano,OR,municipality_region,false,39.90380,8.59260,40.082249,8.615723,19.940,true
BENV-2026-IDATIDOSI-84678-OVINO,SENEGHE,Sardegna,Oristano,OR,municipality_region,false,39.90380,8.59260,40.082249,8.615723,19.940,true
BENV-2026-IDATIDOSI-84694-OVINO,ASUNI,Sardegna,Oristano,OR,municipality_region,false,39.90380,8.59260,39.872448,8.946433,30.390,true
BENV-2026-IDATIDOSI-84821-OVINO,SIAMANNA,Sardegna,Oristano,OR,municipality_region,false,39.90380,8.59260,39.920748,8.761028,14.488,true
BENV-2026-IDATIDOSI-84912-OVINO,SOLARUSSA,Sardegna,Oristano,OR,municipality_region,false,39.90380,8.59260,39.955747,8.671526,8.869,true
BENV-2026-IDATIDOSI-85355-OVINO,USELLUS,Sardegna,Oristano,OR,municipality_region,false,39.90380,8.59260,39.809646,8.850732,24.395,true
BENV-2026-IDATIDOSI-85410-OVINO,SIAMANNA,Sardegna,Oristano,OR,municipality_region,false,39.90380,8.59260,39.920748,8.761028,14.488,true
BENV-2026-IDATIDOSI-83846-OVINO,CABRAS,Sardegna,Oristano,OR,municipality_region,false,39.90380,8.59260,39.930314,8.532054,5.946,true
BENV-2026-IDATIDOSI-83848-OVINO,CABRAS,Sardegna,Oristano,OR,municipality_region,false,39.90380,8.59260,39.930314,8.532054,5.946,true
BENV-2026-IDATIDOSI-84139-OVINO,BIDONI\',Sardegna,Oristano,OR,municipality_region,false,39.90380,8.59260,40.113053,8.936429,37.402,true
BENV-2026-IDATIDOSI-84166-OVINO,ARBOREA,Sardegna,Oristano,OR,municipality_region,false,39.90380,8.59260,39.773846,8.581753,14.480,true
BENV-2026-IDATIDOSI-84176-OVINO,SIAMANNA,Sardegna,Oristano,OR,municipality_region,false,39.90380,8.59260,39.920748,8.761028,14.488,true
BENV-2026-IDATIDOSI-85340-OVINO,USELLUS,Sardegna,Oristano,OR,municipality_region,false,39.90380,8.59260,39.809646,8.850732,24.395,true
BENV-2026-IDATIDOSI-85429-OVINO,LACONI,Sardegna,Oristano,OR,municipality_region,false,39.90380,8.59260,39.852649,9.050435,39.480,true
BENV-2026-IDATIDOSI-85432-OVINO,RUINAS,Sardegna,Oristano,OR,municipality_region,false,39.90380,8.59260,39.907148,8.897631,26.021,true
BENV-2026-IDATIDOSI-83854-OVINO,SENEGHE,Sardegna,Oristano,OR,municipality_region,false,39.90380,8.59260,40.082249,8.615723,19.940,true
BENV-2026-IDATIDOSI-85859-BOVINO,CANALE MONTERANO,Lazio,Roma,RM,municipality_region,false,41.90280,12.49640,42.136043,12.103066,41.574,true
BENV-2026-IDATIDOSI-84179-OVINO,ASUNI,Sardegna,Oristano,OR,municipality_region,false,39.90380,8.59260,39.872448,8.946433,30.390,true
BENV-2026-IDATIDOSI-84217-OVINO,MOGORO,Sardegna,Oristano,OR,municipality_region,false,39.90380,8.59260,39.684710,8.777088,29.016,true
BENV-2026-IDATIDOSI-84237-OVINO,SIAPICCIA,Sardegna,Oristano,OR,municipality_region,false,39.90380,8.59260,39.927948,8.762128,14.705,true
BENV-2026-IDATIDOSI-84690-OVINO,TRAMATZA,Sardegna,Oristano,OR,municipality_region,false,39.90380,8.59260,40.003748,8.649537,12.127,true
BENV-2026-IDATIDOSI-84850-OVINO,ASSOLO,Sardegna,Oristano,OR,municipality_region,false,39.90380,8.59260,39.809947,8.918233,29.690,true
BENV-2026-IDATIDOSI-85348-OVINO,URAS,Sardegna,Oristano,OR,municipality_region,false,39.90380,8.59260,39.700643,8.700030,24.383,true
BENV-2026-IDATIDOSI-85413-OVINO,OLLASTRA,Sardegna,Oristano,OR,municipality_region,false,39.90380,8.59260,39.950948,8.734227,13.166,true
BENV-2026-IDATIDOSI-85424-OVINO,RUINAS,Sardegna,Oristano,OR,municipality_region,false,39.90380,8.59260,39.907148,8.897631,26.021,true
BENV-2026-IDATIDOSI-85434-OVINO,MOGORELLA,Sardegna,Oristano,OR,municipality_region,false,39.90380,8.59260,39.864598,8.857931,23.055,true
BENV-2026-IDATIDOSI-84670-OVINO,MONTRESTA,Sardegna,Oristano,OR,municipality_region,false,39.90380,8.59260,40.373654,8.499617,52.840,true
BENV-2026-IDATIDOSI-84124-BOVINO,ABBASANTA,Sardegna,Oristano,OR,municipality_region,false,39.90380,8.59260,40.126752,8.818027,31.355,true
BENV-2026-IDATIDOSI-83883-OVINO,TRAMATZA,Sardegna,Oristano,OR,municipality_region,false,39.90380,8.59260,40.003748,8.649537,12.127,true
BENV-2026-IDATIDOSI-85295-BOVINO,MORGONGIORI,Sardegna,Oristano,OR,municipality_region,false,39.90380,8.59260,39.746644,8.770131,23.135,true
BENV-2026-IDATIDOSI-85322-BOVINO,SAMUGHEO,Sardegna,Oristano,OR,municipality_region,false,39.90380,8.59260,39.946150,8.940532,30.041,true
BENV-2026-IDATIDOSI-84485-OVINO,VILLAURBANA,Sardegna,Oristano,OR,municipality_region,false,39.90380,8.59260,39.885647,8.777429,15.897,true
BENV-2026-IDATIDOSI-84233-OVINO,ORISTANO,Sardegna,Oristano,OR,municipality_region,false,39.90380,8.59260,40.026568,8.679642,15.536,true
BENV-2026-IDATIDOSI-84238-OVINO,SIAPICCIA,Sardegna,Oristano,OR,municipality_region,false,39.90380,8.59260,39.927948,8.762128,14.705,true
BENV-2026-IDATIDOSI-83859-OVINO,SENEGHE,Sardegna,Oristano,OR,municipality_region,false,39.90380,8.59260,40.082249,8.615723,19.940,true
BENV-2026-IDATIDOSI-83864-OVINO,SIAMAGGIORE,Sardegna,Oristano,OR,municipality_region,false,39.90380,8.59260,39.950147,8.636025,6.346,true
BENV-2026-IDATIDOSI-85353-OVINO,PAU,Sardegna,Oristano,OR,municipality_region,false,39.90380,8.59260,39.791546,8.802331,21.826,true
BENV-2026-IDATIDOSI-83849-OVINO,CABRAS,Sardegna,Oristano,OR,municipality_region,false,39.90380,8.59260,39.930314,8.532054,5.946,true
BENV-2026-IDATIDOSI-83851-OVINO,BUSACHI,Sardegna,Oristano,OR,municipality_region,false,39.90380,8.59260,40.032651,8.896729,29.614,true
BENV-2026-IDATIDOSI-84229-OVINO,AIDOMAGGIORE,Sardegna,Oristano,OR,municipality_region,false,39.90380,8.59260,40.170753,8.856527,37.229,true
BENV-2026-IDATIDOSI-84669-OVINO,MONTRESTA,Sardegna,Oristano,OR,municipality_region,false,39.90380,8.59260,40.373654,8.499617,52.840,true
BENV-2026-IDATIDOSI-84676-OVINO,SENEGHE,Sardegna,Oristano,OR,municipality_region,false,39.90380,8.59260,40.082249,8.615723,19.940,true
BENV-2026-IDATIDOSI-84695-OVINO,MOGORELLA,Sardegna,Oristano,OR,municipality_region,false,39.90380,8.59260,39.864598,8.857931,23.055,true
BENV-2026-IDATIDOSI-84705-OVINO,SAN NICOLO\' D\'ARCIDANO,Sardegna,Oristano,OR,municipality_region,false,39.90380,8.59260,39.683392,8.646875,24.943,true
BENV-2026-IDATIDOSI-84708-OVINO,URAS,Sardegna,Oristano,OR,municipality_region,false,39.90380,8.59260,39.700643,8.700030,24.383,true
BENV-2026-IDATIDOSI-84076-OVINO,SANTA GIUSTA,Sardegna,Oristano,OR,municipality_region,false,39.90380,8.59260,39.878178,8.609973,3.212,true
BENV-2026-IDATIDOSI-83861-OVINO,SENEGHE,Sardegna,Oristano,OR,municipality_region,false,39.90380,8.59260,40.082249,8.615723,19.940,true
BENV-2026-IDATIDOSI-85423-OVINO,LACONI,Sardegna,Oristano,OR,municipality_region,false,39.90380,8.59260,39.852649,9.050435,39.480,true
BENV-2026-IDATIDOSI-85493-OVINO,VILLA SANT\'ANTONIO,Sardegna,Oristano,OR,municipality_region,false,39.90380,8.59260,39.859148,8.901532,26.824,true
BENV-2026-IDATIDOSI-83603-BOVINO,ANGUILLARA SABAZIA,Lazio,Roma,RM,municipality_region,false,41.90280,12.49640,42.083709,12.282982,26.753,true
BENV-2026-IDATIDOSI-84204-OVINO,ALES,Sardegna,Oristano,OR,municipality_region,false,39.90380,8.59260,39.768245,8.815632,24.287,true
BENV-2026-IDATIDOSI-84206-OVINO,USELLUS,Sardegna,Oristano,OR,municipality_region,false,39.90380,8.59260,39.809646,8.850732,24.395,true
BENV-2026-IDATIDOSI-84328-BOVINO,ROSELLO,Abruzzo,Chieti,CH,municipality_region,false,42.34790,14.16380,41.900832,14.349818,52.025,true
BENV-2026-IDATIDOSI-84699-OVINO,ALES,Sardegna,Oristano,OR,municipality_region,false,39.90380,8.59260,39.768245,8.815632,24.287,true
BENV-2026-IDATIDOSI-84703-OVINO,SAN NICOLO\' D\'ARCIDANO,Sardegna,Oristano,OR,municipality_region,false,39.90380,8.59260,39.683392,8.646875,24.943,true
BENV-2026-IDATIDOSI-84168-OVINO,ALLAI,Sardegna,Oristano,OR,municipality_region,false,39.90380,8.59260,39.957173,8.863076,23.814,true
BENV-2026-IDATIDOSI-84177-OVINO,LACONI,Sardegna,Oristano,OR,municipality_region,false,39.90380,8.59260,39.852649,9.050435,39.480,true
BENV-2026-IDATIDOSI-85341-OVINO,BARESSA,Sardegna,Oristano,OR,municipality_region,false,39.90380,8.59260,39.712745,8.875334,32.165,true
BENV-2026-IDATIDOSI-85345-OVINO,ALES,Sardegna,Oristano,OR,municipality_region,false,39.90380,8.59260,39.768245,8.815632,24.287,true
BENV-2026-IDATIDOSI-85425-OVINO,RUINAS,Sardegna,Oristano,OR,municipality_region,false,39.90380,8.59260,39.907148,8.897631,26.021,true
BENV-2026-IDATIDOSI-85492-OVINO,VILLA SANT\'ANTONIO,Sardegna,Oristano,OR,municipality_region,false,39.90380,8.59260,39.859148,8.901532,26.824,true
BENV-2026-IDATIDOSI-83855-OVINO,SEDILO,Sardegna,Oristano,OR,municipality_region,false,39.90380,8.59260,40.173151,8.919122,40.862,true
BENV-2026-IDATIDOSI-85294-BOVINO,MORGONGIORI,Sardegna,Oristano,OR,municipality_region,false,39.90380,8.59260,39.746644,8.770131,23.135,true
BENV-2026-IDATIDOSI-84700-OVINO,USELLUS,Sardegna,Oristano,OR,municipality_region,false,39.90380,8.59260,39.809646,8.850732,24.395,true
BENV-2026-IDATIDOSI-84167-OVINO,SAMUGHEO,Sardegna,Oristano,OR,municipality_region,false,39.90380,8.59260,39.946150,8.940532,30.041,true
BENV-2026-IDATIDOSI-85343-OVINO,BARESSA,Sardegna,Oristano,OR,municipality_region,false,39.90380,8.59260,39.712745,8.875334,32.165,true
BENV-2026-IDATIDOSI-85356-OVINO,USELLUS,Sardegna,Oristano,OR,municipality_region,false,39.90380,8.59260,39.809646,8.850732,24.395,true
BENV-2026-IDATIDOSI-85360-OVINO,SAN VERO MILIS,Sardegna,Oristano,OR,municipality_region,false,39.90380,8.59260,40.014548,8.598224,12.324,true
BENV-2026-IDATIDOSI-85412-OVINO,OLLASTRA,Sardegna,Oristano,OR,municipality_region,false,39.90380,8.59260,39.950948,8.734227,13.166,true
BENV-2026-IDATIDOSI-85419-OVINO,MOGORELLA,Sardegna,Oristano,OR,municipality_region,false,39.90380,8.59260,39.864598,8.857931,23.055,true
BENV-2026-IDATIDOSI-85433-OVINO,MOGORELLA,Sardegna,Oristano,OR,municipality_region,false,39.90380,8.59260,39.864598,8.857931,23.055,true
BENV-2026-IDATIDOSI-83626-OVINO,PALMAS ARBOREA,Sardegna,Oristano,OR,municipality_region,false,39.90380,8.59260,39.876646,8.643127,5.263,true
BENV-2026-IDATIDOSI-84503-OVINO,VILLAURBANA,Sardegna,Oristano,OR,municipality_region,false,39.90380,8.59260,39.885647,8.777429,15.897,true
BENV-2026-IDATIDOSI-84505-OVINO,VILLAURBANA,Sardegna,Oristano,OR,municipality_region,false,39.90380,8.59260,39.885647,8.777429,15.897,true
BENV-2026-IDATIDOSI-84507-OVINO,VILLAURBANA,Sardegna,Oristano,OR,municipality_region,false,39.90380,8.59260,39.885647,8.777429,15.897,true
BENV-2026-IDATIDOSI-84180-OVINO,SENIS,Sardegna,Oristano,OR,municipality_region,false,39.90380,8.59260,39.824147,8.940033,30.948,true
BENV-2026-IDATIDOSI-84701-OVINO,PAU,Sardegna,Oristano,OR,municipality_region,false,39.90380,8.59260,39.791546,8.802331,21.826,true
BENV-2026-IDATIDOSI-84711-OVINO,URAS,Sardegna,Oristano,OR,municipality_region,false,39.90380,8.59260,39.700643,8.700030,24.383,true
BENV-2026-IDATIDOSI-84169-OVINO,SAMUGHEO,Sardegna,Oristano,OR,municipality_region,false,39.90380,8.59260,39.946150,8.940532,30.041,true
BENV-2026-IDATIDOSI-84174-OVINO,SIAPICCIA,Sardegna,Oristano,OR,municipality_region,false,39.90380,8.59260,39.927948,8.762128,14.705,true
BENV-2026-IDATIDOSI-83863-OVINO,FORDONGIANUS,Sardegna,Oristano,OR,municipality_region,false,39.90380,8.59260,39.994549,8.809828,21.088,true
BENV-2026-IDATIDOSI-83980-OVINO,ALLAI,Sardegna,Oristano,OR,municipality_region,false,39.90380,8.59260,39.957173,8.863076,23.814,true
BENV-2026-IDATIDOSI-84816-BOVINO,GHILARZA,Sardegna,Oristano,OR,municipality_region,false,39.90380,8.59260,40.119652,8.834927,31.654,true
BENV-2026-IDATIDOSI-84820-OVINO,SIAPICCIA,Sardegna,Oristano,OR,municipality_region,false,39.90380,8.59260,39.927948,8.762128,14.705,true
BENV-2026-IDATIDOSI-85347-OVINO,CURCURIS,Sardegna,Oristano,OR,municipality_region,false,39.90380,8.59260,39.746145,8.830632,26.843,true
BENV-2026-IDATIDOSI-85472-OVINO,TRAMATZA,Sardegna,Oristano,OR,municipality_region,false,39.90380,8.59260,40.003748,8.649537,12.127,true
BENV-2026-IDATIDOSI-83852-OVINO,BUSACHI,Sardegna,Oristano,OR,municipality_region,false,39.90380,8.59260,40.032651,8.896729,29.614,true
BENV-2026-IDATIDOSI-84506-OVINO,OLLASTRA,Sardegna,Oristano,OR,municipality_region,false,39.90380,8.59260,39.950948,8.734227,13.166,true
BENV-2026-IDATIDOSI-84219-OVINO,POMPU,Sardegna,Oristano,OR,municipality_region,false,39.90380,8.59260,39.724544,8.795432,26.409,true
BENV-2026-IDATIDOSI-84123-BOVINO,FORDONGIANUS,Sardegna,Oristano,OR,municipality_region,false,39.90380,8.59260,39.994549,8.809828,21.088,true
BENV-2026-IDATIDOSI-84137-OVINO,SOLARUSSA,Sardegna,Oristano,OR,municipality_region,false,39.90380,8.59260,39.955747,8.671526,8.869,true
BENV-2026-IDATIDOSI-84145-OVINO,SCANO DI MONTIFERRO,Sardegna,Oristano,OR,municipality_region,false,39.90380,8.59260,40.216330,8.584092,34.759,true
BENV-2026-IDATIDOSI-84985-OVINO,RIOLA SARDO,Sardegna,Oristano,OR,municipality_region,false,39.90380,8.59260,39.994102,8.538673,11.043,true
BENV-2026-IDATIDOSI-85427-OVINO,LACONI,Sardegna,Oristano,OR,municipality_region,false,39.90380,8.59260,39.852649,9.050435,39.480,true
BENV-2026-IDATIDOSI-83718-SCIACALLO,TORVISCOSA,Friuli Venezia Giulia,Udine,UD,municipality_region,false,46.07110,13.23460,45.822216,13.276933,27.868,true
BENV-2026-IDATIDOSI-83829-OVINO,BARATILI SAN PIETRO,Sardegna,Oristano,OR,municipality_region,false,39.90380,8.59260,39.992831,8.555784,10.385,true
BENV-2026-IDATIDOSI-83624-OVINO,SIAMANNA,Sardegna,Oristano,OR,municipality_region,false,39.90380,8.59260,39.920748,8.761028,14.488,true
BENV-2026-IDATIDOSI-83625-OVINO,SIAMANNA,Sardegna,Oristano,OR,municipality_region,false,39.90380,8.59260,39.920748,8.761028,14.488,true
BENV-2026-IDATIDOSI-85545-OVINO,OLLASTRA,Sardegna,Oristano,OR,municipality_region,false,39.90380,8.59260,39.950948,8.734227,13.166,true
BENV-2026-IDATIDOSI-85548-OVINO,MORGONGIORI,Sardegna,Oristano,OR,municipality_region,false,39.90380,8.59260,39.746644,8.770131,23.135,true
BENV-2026-IDATIDOSI-84190-OVINO,SAN VERO MILIS,Sardegna,Oristano,OR,municipality_region,false,39.90380,8.59260,40.014548,8.598224,12.324,true
BENV-2026-IDATIDOSI-84223-OVINO,MOGORO,Sardegna,Oristano,OR,municipality_region,false,39.90380,8.59260,39.684710,8.777088,29.016,true
BENV-2026-IDATIDOSI-84655-BOVINO,CERVETERI,Lazio,Roma,RM,municipality_region,false,41.90280,12.49640,41.998360,12.098851,34.551,true
BENV-2026-IDATIDOSI-84693-OVINO,ASUNI,Sardegna,Oristano,OR,municipality_region,false,39.90380,8.59260,39.872448,8.946433,30.390,true
BENV-2026-IDATIDOSI-84074-OVINO,PALMAS ARBOREA,Sardegna,Oristano,OR,municipality_region,false,39.90380,8.59260,39.876646,8.643127,5.263,true
BENV-2026-IDATIDOSI-84117-BOVINO,SCANO DI MONTIFERRO,Sardegna,Oristano,OR,municipality_region,false,39.90380,8.59260,40.216330,8.584092,34.759,true
BENV-2026-IDATIDOSI-84146-OVINO,NEONELI,Sardegna,Oristano,OR,municipality_region,false,39.90380,8.59260,40.064752,8.946730,35.081,true
BENV-2026-IDATIDOSI-84175-OVINO,SENIS,Sardegna,Oristano,OR,municipality_region,false,39.90380,8.59260,39.824147,8.940033,30.948,true
BENV-2026-IDATIDOSI-83775-BOVINO,SANTU LUSSURGIU,Sardegna,Oristano,OR,municipality_region,false,39.90380,8.59260,40.141686,8.651038,26.916,true
BENV-2026-IDATIDOSI-83853-OVINO,BUSACHI,Sardegna,Oristano,OR,municipality_region,false,39.90380,8.59260,40.032651,8.896729,29.614,true
BENV-2026-IDATIDOSI-83584-OVINO,ORISTANO,Sardegna,Oristano,OR,municipality_region,false,39.90380,8.59260,40.026568,8.679642,15.536,true
BENV-2026-IDATIDOSI-85323-BOVINO,SAMUGHEO,Sardegna,Oristano,OR,municipality_region,false,39.90380,8.59260,39.946150,8.940532,30.041,true
BENV-2026-IDATIDOSI-83519-BOVINO,ARBOREA,Sardegna,Oristano,OR,municipality_region,false,39.90380,8.59260,39.773846,8.581753,14.480,true
BENV-2026-IDATIDOSI-84205-OVINO,USELLUS,Sardegna,Oristano,OR,municipality_region,false,39.90380,8.59260,39.809646,8.850732,24.395,true
BENV-2026-IDATIDOSI-84232-OVINO,PALMAS ARBOREA,Sardegna,Oristano,OR,municipality_region,false,39.90380,8.59260,39.876646,8.643127,5.263,true
BENV-2026-IDATIDOSI-85547-OVINO,MOGORO,Sardegna,Oristano,OR,municipality_region,false,39.90380,8.59260,39.684710,8.777088,29.016,true
BENV-2026-IDATIDOSI-84211-OVINO,ALES,Sardegna,Oristano,OR,municipality_region,false,39.90380,8.59260,39.768245,8.815632,24.287,true
BENV-2026-IDATIDOSI-84218-OVINO,MOGORO,Sardegna,Oristano,OR,municipality_region,false,39.90380,8.59260,39.684710,8.777088,29.016,true
BENV-2026-IDATIDOSI-84302-BOVINO,BRACCIANO,Lazio,Roma,RM,municipality_region,false,41.90280,12.49640,42.101095,12.173857,34.591,true
BENV-2026-IDATIDOSI-84691-OVINO,LACONI,Sardegna,Oristano,OR,municipality_region,false,39.90380,8.59260,39.852649,9.050435,39.480,true
BENV-2026-IDATIDOSI-83300-BOVINO,MARRUBIU,Sardegna,Oristano,OR,municipality_region,false,39.90380,8.59260,39.752143,8.637228,17.289,true
BENV-2026-IDATIDOSI-84178-OVINO,OLLASTRA,Sardegna,Oristano,OR,municipality_region,false,39.90380,8.59260,39.950948,8.734227,13.166,true
BENV-2026-IDATIDOSI-83888-OVINO,SCANO DI MONTIFERRO,Sardegna,Oristano,OR,municipality_region,false,39.90380,8.59260,40.216330,8.584092,34.759,true
BENV-2026-IDATIDOSI-84984-OVINO,NARBOLIA,Sardegna,Oristano,OR,municipality_region,false,39.90380,8.59260,40.047650,8.575169,16.064,true
BENV-2026-IDATIDOSI-85344-OVINO,BARESSA,Sardegna,Oristano,OR,municipality_region,false,39.90380,8.59260,39.712745,8.875334,32.165,true
BENV-2026-IDATIDOSI-85346-OVINO,SAN NICOLO\' D\'ARCIDANO,Sardegna,Oristano,OR,municipality_region,false,39.90380,8.59260,39.683392,8.646875,24.943,true
BENV-2026-IDATIDOSI-85426-OVINO,MOGORELLA,Sardegna,Oristano,OR,municipality_region,false,39.90380,8.59260,39.864598,8.857931,23.055,true
BENV-2026-IDATIDOSI-85698-OVINO,ARBOREA,Sardegna,Oristano,OR,municipality_region,false,39.90380,8.59260,39.773846,8.581753,14.480,true
BENV-2026-IDATIDOSI-85704-OVINO,SAN NICOLO\' D\'ARCIDANO,Sardegna,Oristano,OR,municipality_region,false,39.90380,8.59260,39.683392,8.646875,24.943,true
BENV-2026-IDATIDOSI-85381-OVINO,TRESNURAGHES,Sardegna,Oristano,OR,municipality_region,false,39.90380,8.59260,40.252104,8.519960,39.220,true
BENV-2026-IDATIDOSI-85430-OVINO,RUINAS,Sardegna,Oristano,OR,municipality_region,false,39.90380,8.59260,39.907148,8.897631,26.021,true
BENV-2026-IDATIDOSI-85621-BOVINO,SENEGHE,Sardegna,Oristano,OR,municipality_region,false,39.90380,8.59260,40.082249,8.615723,19.940,true
BENV-2026-IDATIDOSI-85703-OVINO,SAN NICOLO\' D\'ARCIDANO,Sardegna,Oristano,OR,municipality_region,false,39.90380,8.59260,39.683392,8.646875,24.943,true
BENV-2026-IDATIDOSI-85174-BOVINO,BAULADU,Sardegna,Oristano,OR,municipality_region,false,39.90380,8.59260,40.020549,8.671925,14.637,true
BENV-2026-IDATIDOSI-85785-OVINO,MOGORO,Sardegna,Oristano,OR,municipality_region,false,39.90380,8.59260,39.684710,8.777088,29.016,true
BENV-2026-IDATIDOSI-85114-BOVINO,SENEGHE,Sardegna,Oristano,OR,municipality_region,false,39.90380,8.59260,40.082249,8.615723,19.940,true
BENV-2026-IDATIDOSI-85699-OVINO,SAN NICOLO\' D\'ARCIDANO,Sardegna,Oristano,OR,municipality_region,false,39.90380,8.59260,39.683392,8.646875,24.943,true
BENV-2026-IDATIDOSI-85786-OVINO,MOGORO,Sardegna,Oristano,OR,municipality_region,false,39.90380,8.59260,39.684710,8.777088,29.016,true
BENV-2026-IDATIDOSI-84910-OVINO,SOLARUSSA,Sardegna,Oristano,OR,municipality_region,false,39.90380,8.59260,39.955747,8.671526,8.869,true
BENV-2026-IDATIDOSI-85619-OVINO,BUSACHI,Sardegna,Oristano,OR,municipality_region,false,39.90380,8.59260,40.032651,8.896729,29.614,true
BENV-2026-IDATIDOSI-85701-OVINO,URAS,Sardegna,Oristano,OR,municipality_region,false,39.90380,8.59260,39.700643,8.700030,24.383,true
BENV-2026-IDATIDOSI-85625-OVINO,AIDOMAGGIORE,Sardegna,Oristano,OR,municipality_region,false,39.90380,8.59260,40.170753,8.856527,37.229,true
BENV-2026-IDATIDOSI-85702-OVINO,URAS,Sardegna,Oristano,OR,municipality_region,false,39.90380,8.59260,39.700643,8.700030,24.383,true
BENV-2026-IDATIDOSI-85113-BOVINO,SENEGHE,Sardegna,Oristano,OR,municipality_region,false,39.90380,8.59260,40.082249,8.615723,19.940,true
BENV-2026-IDATIDOSI-85175-BOVINO,BAULADU,Sardegna,Oristano,OR,municipality_region,false,39.90380,8.59260,40.020549,8.671925,14.637,true
BENV-2026-IDATIDOSI-85645-OVINO,CUGLIERI,Sardegna,Oristano,OR,municipality_region,false,39.90380,8.59260,40.188472,8.567405,31.727,true
BENV-2026-IDATIDOSI-85787-OVINO,VILLAURBANA,Sardegna,Oristano,OR,municipality_region,false,39.90380,8.59260,39.885647,8.777429,15.897,true
BENV-2026-IDATIDOSI-85361-OVINO,SAN VERO MILIS,Sardegna,Oristano,OR,municipality_region,false,39.90380,8.59260,40.014548,8.598224,12.324,true
BENV-2026-IDATIDOSI-ECHINOCOCCOSI-85153-OVINO,SIRIS,Sardegna,Oristano,OR,municipality_region,false,39.90380,8.59260,39.712644,8.774832,26.346,true
BENV-2026-IDATIDOSI-ECHINOCOCCOSI-84209-OVINO,USELLUS,Sardegna,Oristano,OR,municipality_region,false,39.90380,8.59260,39.809646,8.850732,24.395,true
BENV-2026-IDATIDOSI-ECHINOCOCCOSI-84659-BOVINO,BRACCIANO,Lazio,Roma,RM,municipality_region,false,41.90280,12.49640,42.101095,12.173857,34.591,true
BENV-2026-IDATIDOSI-ECHINOCOCCOSI-84677-OVINO,SENEGHE,Sardegna,Oristano,OR,municipality_region,false,39.90380,8.59260,40.082249,8.615723,19.940,true
BENV-2026-IDATIDOSI-ECHINOCOCCOSI-84073-OVINO,SANTA GIUSTA,Sardegna,Oristano,OR,municipality_region,false,39.90380,8.59260,39.878178,8.609973,3.212,true
BENV-2026-IDATIDOSI-ECHINOCOCCOSI-83886-OVINO,SAGAMA,Sardegna,Oristano,OR,municipality_region,false,39.90380,8.59260,40.261552,8.577520,39.801,true
BENV-2026-IDATIDOSI-ECHINOCOCCOSI-83983-OVINO,ALLAI,Sardegna,Oristano,OR,municipality_region,false,39.90380,8.59260,39.957173,8.863076,23.814,true
BENV-2026-IDATIDOSI-ECHINOCOCCOSI-82809-BOVINO,BRACCIANO,Lazio,Roma,RM,municipality_region,false,41.90280,12.49640,42.101095,12.173857,34.591,true
BENV-2026-IDATIDOSI-ECHINOCOCCOSI-84189-OVINO,SAN VERO MILIS,Sardegna,Oristano,OR,municipality_region,false,39.90380,8.59260,40.014548,8.598224,12.324,true
BENV-2026-IDATIDOSI-ECHINOCOCCOSI-84208-OVINO,ALES,Sardegna,Oristano,OR,municipality_region,false,39.90380,8.59260,39.768245,8.815632,24.287,true
BENV-2026-IDATIDOSI-ECHINOCOCCOSI-84077-OVINO,ORISTANO,Sardegna,Oristano,OR,municipality_region,false,39.90380,8.59260,40.026568,8.679642,15.536,true
BENV-2026-IDATIDOSI-ECHINOCOCCOSI-83858-OVINO,SENEGHE,Sardegna,Oristano,OR,municipality_region,false,39.90380,8.59260,40.082249,8.615723,19.940,true
BENV-2026-IDATIDOSI-ECHINOCOCCOSI-83969-BOVINO,ARBOREA,Sardegna,Oristano,OR,municipality_region,false,39.90380,8.59260,39.773846,8.581753,14.480,true
BENV-2026-IDATIDOSI-ECHINOCOCCOSI-84847-CAPRA,PALMAS ARBOREA,Sardegna,Oristano,OR,municipality_region,false,39.90380,8.59260,39.876646,8.643127,5.263,true
BENV-2026-IDATIDOSI-ECHINOCOCCOSI-84188-OVINO,NARBOLIA,Sardegna,Oristano,OR,municipality_region,false,39.90380,8.59260,40.047650,8.575169,16.064,true
BENV-2026-IDATIDOSI-ECHINOCOCCOSI-84193-OVINO,CABRAS,Sardegna,Oristano,OR,municipality_region,false,39.90380,8.59260,39.930314,8.532054,5.946,true
BENV-2026-IDATIDOSI-ECHINOCOCCOSI-84075-CAPRA,ORISTANO,Sardegna,Oristano,OR,municipality_region,false,39.90380,8.59260,40.026568,8.679642,15.536,true
BENV-2026-IDATIDOSI-ECHINOCOCCOSI-84140-OVINO,POMPU,Sardegna,Oristano,OR,municipality_region,false,39.90380,8.59260,39.724544,8.795432,26.409,true
BENV-2026-IDATIDOSI-ECHINOCOCCOSI-84141-OVINO,SENIS,Sardegna,Oristano,OR,municipality_region,false,39.90380,8.59260,39.824147,8.940033,30.948,true
BENV-2026-IDATIDOSI-ECHINOCOCCOSI-84172-OVINO,SIAPICCIA,Sardegna,Oristano,OR,municipality_region,false,39.90380,8.59260,39.927948,8.762128,14.705,true
BENV-2026-IDATIDOSI-ECHINOCOCCOSI-84846-OVINO,SANTA GIUSTA,Sardegna,Oristano,OR,municipality_region,false,39.90380,8.59260,39.878178,8.609973,3.212,true
BENV-2026-IDATIDOSI-ECHINOCOCCOSI-84849-OVINO,NURECI,Sardegna,Oristano,OR,municipality_region,false,39.90380,8.59260,39.823348,8.973834,33.746,true
BENV-2026-IDATIDOSI-ECHINOCOCCOSI-83847-OVINO,SAN VERO MILIS,Sardegna,Oristano,OR,municipality_region,false,39.90380,8.59260,40.014548,8.598224,12.324,true
BENV-2026-IDATIDOSI-ECHINOCOCCOSI-83604-OVINO,ZEDDIANI,Sardegna,Oristano,OR,municipality_region,false,39.90380,8.59260,39.989947,8.595324,9.582,true
BENV-2026-IDATIDOSI-ECHINOCOCCOSI-84210-OVINO,CURCURIS,Sardegna,Oristano,OR,municipality_region,false,39.90380,8.59260,39.746145,8.830632,26.843,true
BENV-2026-IDATIDOSI-ECHINOCOCCOSI-84224-OVINO,TRAMATZA,Sardegna,Oristano,OR,municipality_region,false,39.90380,8.59260,40.003748,8.649537,12.127,true
BENV-2026-IDATIDOSI-ECHINOCOCCOSI-84234-OVINO,SANTA GIUSTA,Sardegna,Oristano,OR,municipality_region,false,39.90380,8.59260,39.878178,8.609973,3.212,true
BENV-2026-IDATIDOSI-ECHINOCOCCOSI-84675-OVINO,SENEGHE,Sardegna,Oristano,OR,municipality_region,false,39.90380,8.59260,40.082249,8.615723,19.940,true
BENV-2026-IDATIDOSI-ECHINOCOCCOSI-84678-OVINO,SENEGHE,Sardegna,Oristano,OR,municipality_region,false,39.90380,8.59260,40.082249,8.615723,19.940,true
BENV-2026-IDATIDOSI-ECHINOCOCCOSI-84821-OVINO,SIAMANNA,Sardegna,Oristano,OR,municipality_region,false,39.90380,8.59260,39.920748,8.761028,14.488,true
BENV-2026-IDATIDOSI-ECHINOCOCCOSI-83846-OVINO,CABRAS,Sardegna,Oristano,OR,municipality_region,false,39.90380,8.59260,39.930314,8.532054,5.946,true
BENV-2026-IDATIDOSI-ECHINOCOCCOSI-83848-OVINO,CABRAS,Sardegna,Oristano,OR,municipality_region,false,39.90380,8.59260,39.930314,8.532054,5.946,true
BENV-2026-IDATIDOSI-ECHINOCOCCOSI-84139-OVINO,BIDONI\',Sardegna,Oristano,OR,municipality_region,false,39.90380,8.59260,40.113053,8.936429,37.402,true
BENV-2026-IDATIDOSI-ECHINOCOCCOSI-84166-OVINO,ARBOREA,Sardegna,Oristano,OR,municipality_region,false,39.90380,8.59260,39.773846,8.581753,14.480,true
BENV-2026-IDATIDOSI-ECHINOCOCCOSI-84176-OVINO,SIAMANNA,Sardegna,Oristano,OR,municipality_region,false,39.90380,8.59260,39.920748,8.761028,14.488,true
BENV-2026-IDATIDOSI-ECHINOCOCCOSI-83854-OVINO,SENEGHE,Sardegna,Oristano,OR,municipality_region,false,39.90380,8.59260,40.082249,8.615723,19.940,true
BENV-2026-IDATIDOSI-ECHINOCOCCOSI-84179-OVINO,ASUNI,Sardegna,Oristano,OR,municipality_region,false,39.90380,8.59260,39.872448,8.946433,30.390,true
BENV-2026-IDATIDOSI-ECHINOCOCCOSI-84217-OVINO,MOGORO,Sardegna,Oristano,OR,municipality_region,false,39.90380,8.59260,39.684710,8.777088,29.016,true
BENV-2026-IDATIDOSI-ECHINOCOCCOSI-84237-OVINO,SIAPICCIA,Sardegna,Oristano,OR,municipality_region,false,39.90380,8.59260,39.927948,8.762128,14.705,true
BENV-2026-IDATIDOSI-ECHINOCOCCOSI-84124-BOVINO,ABBASANTA,Sardegna,Oristano,OR,municipality_region,false,39.90380,8.59260,40.126752,8.818027,31.355,true
BENV-2026-IDATIDOSI-ECHINOCOCCOSI-83883-OVINO,TRAMATZA,Sardegna,Oristano,OR,municipality_region,false,39.90380,8.59260,40.003748,8.649537,12.127,true
BENV-2026-IDATIDOSI-ECHINOCOCCOSI-84485-OVINO,VILLAURBANA,Sardegna,Oristano,OR,municipality_region,false,39.90380,8.59260,39.885647,8.777429,15.897,true
BENV-2026-IDATIDOSI-ECHINOCOCCOSI-84233-OVINO,ORISTANO,Sardegna,Oristano,OR,municipality_region,false,39.90380,8.59260,40.026568,8.679642,15.536,true
BENV-2026-IDATIDOSI-ECHINOCOCCOSI-84238-OVINO,SIAPICCIA,Sardegna,Oristano,OR,municipality_region,false,39.90380,8.59260,39.927948,8.762128,14.705,true
BENV-2026-IDATIDOSI-ECHINOCOCCOSI-83859-OVINO,SENEGHE,Sardegna,Oristano,OR,municipality_region,false,39.90380,8.59260,40.082249,8.615723,19.940,true
BENV-2026-IDATIDOSI-ECHINOCOCCOSI-83864-OVINO,SIAMAGGIORE,Sardegna,Oristano,OR,municipality_region,false,39.90380,8.59260,39.950147,8.636025,6.346,true
BENV-2026-IDATIDOSI-ECHINOCOCCOSI-83849-OVINO,CABRAS,Sardegna,Oristano,OR,municipality_region,false,39.90380,8.59260,39.930314,8.532054,5.946,true
BENV-2026-IDATIDOSI-ECHINOCOCCOSI-83851-OVINO,BUSACHI,Sardegna,Oristano,OR,municipality_region,false,39.90380,8.59260,40.032651,8.896729,29.614,true
BENV-2026-IDATIDOSI-ECHINOCOCCOSI-84229-OVINO,AIDOMAGGIORE,Sardegna,Oristano,OR,municipality_region,false,39.90380,8.59260,40.170753,8.856527,37.229,true
BENV-2026-IDATIDOSI-ECHINOCOCCOSI-84676-OVINO,SENEGHE,Sardegna,Oristano,OR,municipality_region,false,39.90380,8.59260,40.082249,8.615723,19.940,true
BENV-2026-IDATIDOSI-ECHINOCOCCOSI-84708-OVINO,URAS,Sardegna,Oristano,OR,municipality_region,false,39.90380,8.59260,39.700643,8.700030,24.383,true
BENV-2026-IDATIDOSI-ECHINOCOCCOSI-84076-OVINO,SANTA GIUSTA,Sardegna,Oristano,OR,municipality_region,false,39.90380,8.59260,39.878178,8.609973,3.212,true
BENV-2026-IDATIDOSI-ECHINOCOCCOSI-83861-OVINO,SENEGHE,Sardegna,Oristano,OR,municipality_region,false,39.90380,8.59260,40.082249,8.615723,19.940,true
BENV-2026-IDATIDOSI-ECHINOCOCCOSI-83603-BOVINO,ANGUILLARA SABAZIA,Lazio,Roma,RM,municipality_region,false,41.90280,12.49640,42.083709,12.282982,26.753,true
BENV-2026-IDATIDOSI-ECHINOCOCCOSI-84699-OVINO,ALES,Sardegna,Oristano,OR,municipality_region,false,39.90380,8.59260,39.768245,8.815632,24.287,true
BENV-2026-IDATIDOSI-ECHINOCOCCOSI-84703-OVINO,SAN NICOLO\' D\'ARCIDANO,Sardegna,Oristano,OR,municipality_region,false,39.90380,8.59260,39.683392,8.646875,24.943,true
BENV-2026-IDATIDOSI-ECHINOCOCCOSI-84168-OVINO,ALLAI,Sardegna,Oristano,OR,municipality_region,false,39.90380,8.59260,39.957173,8.863076,23.814,true
BENV-2026-IDATIDOSI-ECHINOCOCCOSI-84177-OVINO,LACONI,Sardegna,Oristano,OR,municipality_region,false,39.90380,8.59260,39.852649,9.050435,39.480,true
BENV-2026-IDATIDOSI-ECHINOCOCCOSI-83855-OVINO,SEDILO,Sardegna,Oristano,OR,municipality_region,false,39.90380,8.59260,40.173151,8.919122,40.862,true
BENV-2026-IDATIDOSI-ECHINOCOCCOSI-84204-OVINO,ALES,Sardegna,Oristano,OR,municipality_region,false,39.90380,8.59260,39.768245,8.815632,24.287,true
BENV-2026-IDATIDOSI-ECHINOCOCCOSI-84206-OVINO,USELLUS,Sardegna,Oristano,OR,municipality_region,false,39.90380,8.59260,39.809646,8.850732,24.395,true
BENV-2026-IDATIDOSI-ECHINOCOCCOSI-84328-BOVINO,ROSELLO,Abruzzo,Chieti,CH,municipality_region,false,42.34790,14.16380,41.900832,14.349818,52.025,true
BENV-2026-IDATIDOSI-ECHINOCOCCOSI-84700-OVINO,USELLUS,Sardegna,Oristano,OR,municipality_region,false,39.90380,8.59260,39.809646,8.850732,24.395,true
BENV-2026-IDATIDOSI-ECHINOCOCCOSI-84167-OVINO,SAMUGHEO,Sardegna,Oristano,OR,municipality_region,false,39.90380,8.59260,39.946150,8.940532,30.041,true
BENV-2026-IDATIDOSI-ECHINOCOCCOSI-85360-OVINO,SAN VERO MILIS,Sardegna,Oristano,OR,municipality_region,false,39.90380,8.59260,40.014548,8.598224,12.324,true
BENV-2026-IDATIDOSI-ECHINOCOCCOSI-83626-OVINO,PALMAS ARBOREA,Sardegna,Oristano,OR,municipality_region,false,39.90380,8.59260,39.876646,8.643127,5.263,true
BENV-2026-IDATIDOSI-ECHINOCOCCOSI-84503-OVINO,VILLAURBANA,Sardegna,Oristano,OR,municipality_region,false,39.90380,8.59260,39.885647,8.777429,15.897,true
BENV-2026-IDATIDOSI-ECHINOCOCCOSI-84505-OVINO,VILLAURBANA,Sardegna,Oristano,OR,municipality_region,false,39.90380,8.59260,39.885647,8.777429,15.897,true
BENV-2026-IDATIDOSI-ECHINOCOCCOSI-84507-OVINO,VILLAURBANA,Sardegna,Oristano,OR,municipality_region,false,39.90380,8.59260,39.885647,8.777429,15.897,true
BENV-2026-IDATIDOSI-ECHINOCOCCOSI-84180-OVINO,SENIS,Sardegna,Oristano,OR,municipality_region,false,39.90380,8.59260,39.824147,8.940033,30.948,true
BENV-2026-IDATIDOSI-ECHINOCOCCOSI-84711-OVINO,URAS,Sardegna,Oristano,OR,municipality_region,false,39.90380,8.59260,39.700643,8.700030,24.383,true
BENV-2026-IDATIDOSI-ECHINOCOCCOSI-84169-OVINO,SAMUGHEO,Sardegna,Oristano,OR,municipality_region,false,39.90380,8.59260,39.946150,8.940532,30.041,true
BENV-2026-IDATIDOSI-ECHINOCOCCOSI-84174-OVINO,SIAPICCIA,Sardegna,Oristano,OR,municipality_region,false,39.90380,8.59260,39.927948,8.762128,14.705,true
BENV-2026-IDATIDOSI-ECHINOCOCCOSI-83863-OVINO,FORDONGIANUS,Sardegna,Oristano,OR,municipality_region,false,39.90380,8.59260,39.994549,8.809828,21.088,true
BENV-2026-IDATIDOSI-ECHINOCOCCOSI-83980-OVINO,ALLAI,Sardegna,Oristano,OR,municipality_region,false,39.90380,8.59260,39.957173,8.863076,23.814,true
BENV-2026-IDATIDOSI-ECHINOCOCCOSI-84820-OVINO,SIAPICCIA,Sardegna,Oristano,OR,municipality_region,false,39.90380,8.59260,39.927948,8.762128,14.705,true
BENV-2026-IDATIDOSI-ECHINOCOCCOSI-83852-OVINO,BUSACHI,Sardegna,Oristano,OR,municipality_region,false,39.90380,8.59260,40.032651,8.896729,29.614,true
BENV-2026-IDATIDOSI-ECHINOCOCCOSI-84506-OVINO,OLLASTRA,Sardegna,Oristano,OR,municipality_region,false,39.90380,8.59260,39.950948,8.734227,13.166,true
BENV-2026-IDATIDOSI-ECHINOCOCCOSI-84219-OVINO,POMPU,Sardegna,Oristano,OR,municipality_region,false,39.90380,8.59260,39.724544,8.795432,26.409,true
BENV-2026-IDATIDOSI-ECHINOCOCCOSI-84123-BOVINO,FORDONGIANUS,Sardegna,Oristano,OR,municipality_region,false,39.90380,8.59260,39.994549,8.809828,21.088,true
BENV-2026-IDATIDOSI-ECHINOCOCCOSI-84137-OVINO,SOLARUSSA,Sardegna,Oristano,OR,municipality_region,false,39.90380,8.59260,39.955747,8.671526,8.869,true
BENV-2026-IDATIDOSI-ECHINOCOCCOSI-84145-OVINO,SCANO DI MONTIFERRO,Sardegna,Oristano,OR,municipality_region,false,39.90380,8.59260,40.216330,8.584092,34.759,true
BENV-2026-IDATIDOSI-ECHINOCOCCOSI-83718-SCIACALLO,TORVISCOSA,Friuli Venezia Giulia,Udine,UD,municipality_region,false,46.07110,13.23460,45.822216,13.276933,27.868,true
BENV-2026-IDATIDOSI-ECHINOCOCCOSI-83829-OVINO,BARATILI SAN PIETRO,Sardegna,Oristano,OR,municipality_region,false,39.90380,8.59260,39.992831,8.555784,10.385,true
BENV-2026-IDATIDOSI-ECHINOCOCCOSI-83624-OVINO,SIAMANNA,Sardegna,Oristano,OR,municipality_region,false,39.90380,8.59260,39.920748,8.761028,14.488,true
BENV-2026-IDATIDOSI-ECHINOCOCCOSI-83625-OVINO,SIAMANNA,Sardegna,Oristano,OR,municipality_region,false,39.90380,8.59260,39.920748,8.761028,14.488,true
BENV-2026-IDATIDOSI-ECHINOCOCCOSI-84190-OVINO,SAN VERO MILIS,Sardegna,Oristano,OR,municipality_region,false,39.90380,8.59260,40.014548,8.598224,12.324,true
BENV-2026-IDATIDOSI-ECHINOCOCCOSI-84223-OVINO,MOGORO,Sardegna,Oristano,OR,municipality_region,false,39.90380,8.59260,39.684710,8.777088,29.016,true
BENV-2026-IDATIDOSI-ECHINOCOCCOSI-83775-BOVINO,SANTU LUSSURGIU,Sardegna,Oristano,OR,municipality_region,false,39.90380,8.59260,40.141686,8.651038,26.916,true
BENV-2026-IDATIDOSI-ECHINOCOCCOSI-83853-OVINO,BUSACHI,Sardegna,Oristano,OR,municipality_region,false,39.90380,8.59260,40.032651,8.896729,29.614,true
BENV-2026-IDATIDOSI-ECHINOCOCCOSI-83584-OVINO,ORISTANO,Sardegna,Oristano,OR,municipality_region,false,39.90380,8.59260,40.026568,8.679642,15.536,true
BENV-2026-IDATIDOSI-ECHINOCOCCOSI-84655-BOVINO,CERVETERI,Lazio,Roma,RM,municipality_region,false,41.90280,12.49640,41.998360,12.098851,34.551,true
BENV-2026-IDATIDOSI-ECHINOCOCCOSI-84074-OVINO,PALMAS ARBOREA,Sardegna,Oristano,OR,municipality_region,false,39.90380,8.59260,39.876646,8.643127,5.263,true
BENV-2026-IDATIDOSI-ECHINOCOCCOSI-84117-BOVINO,SCANO DI MONTIFERRO,Sardegna,Oristano,OR,municipality_region,false,39.90380,8.59260,40.216330,8.584092,34.759,true
BENV-2026-IDATIDOSI-ECHINOCOCCOSI-84146-OVINO,NEONELI,Sardegna,Oristano,OR,municipality_region,false,39.90380,8.59260,40.064752,8.946730,35.081,true
BENV-2026-IDATIDOSI-ECHINOCOCCOSI-84175-OVINO,SENIS,Sardegna,Oristano,OR,municipality_region,false,39.90380,8.59260,39.824147,8.940033,30.948,true
BENV-2026-IDATIDOSI-ECHINOCOCCOSI-83519-BOVINO,ARBOREA,Sardegna,Oristano,OR,municipality_region,false,39.90380,8.59260,39.773846,8.581753,14.480,true
BENV-2026-IDATIDOSI-ECHINOCOCCOSI-84205-OVINO,USELLUS,Sardegna,Oristano,OR,municipality_region,false,39.90380,8.59260,39.809646,8.850732,24.395,true
BENV-2026-IDATIDOSI-ECHINOCOCCOSI-84232-OVINO,PALMAS ARBOREA,Sardegna,Oristano,OR,municipality_region,false,39.90380,8.59260,39.876646,8.643127,5.263,true
BENV-2026-IDATIDOSI-ECHINOCOCCOSI-84211-OVINO,ALES,Sardegna,Oristano,OR,municipality_region,false,39.90380,8.59260,39.768245,8.815632,24.287,true
BENV-2026-IDATIDOSI-ECHINOCOCCOSI-84218-OVINO,MOGORO,Sardegna,Oristano,OR,municipality_region,false,39.90380,8.59260,39.684710,8.777088,29.016,true
BENV-2026-IDATIDOSI-ECHINOCOCCOSI-84302-BOVINO,BRACCIANO,Lazio,Roma,RM,municipality_region,false,41.90280,12.49640,42.101095,12.173857,34.591,true
BENV-2026-IDATIDOSI-ECHINOCOCCOSI-83300-BOVINO,MARRUBIU,Sardegna,Oristano,OR,municipality_region,false,39.90380,8.59260,39.752143,8.637228,17.289,true
BENV-2026-IDATIDOSI-ECHINOCOCCOSI-84178-OVINO,OLLASTRA,Sardegna,Oristano,OR,municipality_region,false,39.90380,8.59260,39.950948,8.734227,13.166,true
BENV-2026-IDATIDOSI-ECHINOCOCCOSI-83888-OVINO,SCANO DI MONTIFERRO,Sardegna,Oristano,OR,municipality_region,false,39.90380,8.59260,40.216330,8.584092,34.759,true
BENV-2026-IDATIDOSI-ECHINOCOCCOSI-84144-OVINO,FORDONGIANUS,Sardegna,Oristano,OR,municipality_region,false,39.90380,8.59260,39.994549,8.809828,21.088,true
BENV-2026-IDATIDOSI-ECHINOCOCCOSI-83857-OVINO,SEDILO,Sardegna,Oristano,OR,municipality_region,false,39.90380,8.59260,40.173151,8.919122,40.862,true
BENV-2026-IDATIDOSI-ECHINOCOCCOSI-83887-OVINO,TRESNURAGHES,Sardegna,Oristano,OR,municipality_region,false,39.90380,8.59260,40.252104,8.519960,39.220,true
BENV-2026-IDATIDOSI-ECHINOCOCCOSI-84822-OVINO,SIAPICCIA,Sardegna,Oristano,OR,municipality_region,false,39.90380,8.59260,39.927948,8.762128,14.705,true
BENV-2026-IDATIDOSI-ECHINOCOCCOSI-84824-OVINO,SIAMANNA,Sardegna,Oristano,OR,municipality_region,false,39.90380,8.59260,39.920748,8.761028,14.488,true
BENV-2026-IDATIDOSI-ECHINOCOCCOSI-84191-OVINO,NARBOLIA,Sardegna,Oristano,OR,municipality_region,false,39.90380,8.59260,40.047650,8.575169,16.064,true
BENV-2026-IDATIDOSI-ECHINOCOCCOSI-84203-OVINO,PAU,Sardegna,Oristano,OR,municipality_region,false,39.90380,8.59260,39.791546,8.802331,21.826,true
BENV-2026-IDATIDOSI-ECHINOCOCCOSI-84225-OVINO,MILIS,Sardegna,Oristano,OR,municipality_region,false,39.90380,8.59260,40.050449,8.637024,16.740,true
BENV-2026-IDATIDOSI-ECHINOCOCCOSI-84664-OVINO,SCANO DI MONTIFERRO,Sardegna,Oristano,OR,municipality_region,false,39.90380,8.59260,40.216330,8.584092,34.759,true
BENV-2026-IDATIDOSI-ECHINOCOCCOSI-85422-OVINO,LACONI,Sardegna,Oristano,OR,municipality_region,false,39.90380,8.59260,39.852649,9.050435,39.480,true
BENV-2026-IDATIDOSI-ECHINOCOCCOSI-84670-OVINO,MONTRESTA,Sardegna,Oristano,OR,municipality_region,false,39.90380,8.59260,40.373654,8.499617,52.840,true
BENV-2026-IDATIDOSI-ECHINOCOCCOSI-84690-OVINO,TRAMATZA,Sardegna,Oristano,OR,municipality_region,false,39.90380,8.59260,40.003748,8.649537,12.127,true
BENV-2026-IDATIDOSI-ECHINOCOCCOSI-84701-OVINO,PAU,Sardegna,Oristano,OR,municipality_region,false,39.90380,8.59260,39.791546,8.802331,21.826,true
BENV-2026-IDATIDOSI-ECHINOCOCCOSI-85349-OVINO,URAS,Sardegna,Oristano,OR,municipality_region,false,39.90380,8.59260,39.700643,8.700030,24.383,true
BENV-2026-IDATIDOSI-ECHINOCOCCOSI-85381-OVINO,TRESNURAGHES,Sardegna,Oristano,OR,municipality_region,false,39.90380,8.59260,40.252104,8.519960,39.220,true
BENV-2026-IDATIDOSI-ECHINOCOCCOSI-85426-OVINO,MOGORELLA,Sardegna,Oristano,OR,municipality_region,false,39.90380,8.59260,39.864598,8.857931,23.055,true
BENV-2026-IDATIDOSI-ECHINOCOCCOSI-85430-OVINO,RUINAS,Sardegna,Oristano,OR,municipality_region,false,39.90380,8.59260,39.907148,8.897631,26.021,true
BENV-2026-IDATIDOSI-ECHINOCOCCOSI-85431-OVINO,RUINAS,Sardegna,Oristano,OR,municipality_region,false,39.90380,8.59260,39.907148,8.897631,26.021,true
BENV-2026-IDATIDOSI-ECHINOCOCCOSI-85434-OVINO,MOGORELLA,Sardegna,Oristano,OR,municipality_region,false,39.90380,8.59260,39.864598,8.857931,23.055,true
BENV-2026-IDATIDOSI-ECHINOCOCCOSI-84669-OVINO,MONTRESTA,Sardegna,Oristano,OR,municipality_region,false,39.90380,8.59260,40.373654,8.499617,52.840,true
BENV-2026-IDATIDOSI-ECHINOCOCCOSI-84984-OVINO,NARBOLIA,Sardegna,Oristano,OR,municipality_region,false,39.90380,8.59260,40.047650,8.575169,16.064,true
BENV-2026-IDATIDOSI-ECHINOCOCCOSI-85341-OVINO,BARESSA,Sardegna,Oristano,OR,municipality_region,false,39.90380,8.59260,39.712745,8.875334,32.165,true
BENV-2026-IDATIDOSI-ECHINOCOCCOSI-85344-OVINO,BARESSA,Sardegna,Oristano,OR,municipality_region,false,39.90380,8.59260,39.712745,8.875334,32.165,true
BENV-2026-IDATIDOSI-ECHINOCOCCOSI-85413-OVINO,OLLASTRA,Sardegna,Oristano,OR,municipality_region,false,39.90380,8.59260,39.950948,8.734227,13.166,true
BENV-2026-IDATIDOSI-ECHINOCOCCOSI-85438-OVINO,PAULILATINO,Sardegna,Oristano,OR,municipality_region,false,39.90380,8.59260,40.084032,8.763937,24.793,true
BENV-2026-IDATIDOSI-ECHINOCOCCOSI-85174-BOVINO,BAULADU,Sardegna,Oristano,OR,municipality_region,false,39.90380,8.59260,40.020549,8.671925,14.637,true
BENV-2026-IDATIDOSI-ECHINOCOCCOSI-85114-BOVINO,SENEGHE,Sardegna,Oristano,OR,municipality_region,false,39.90380,8.59260,40.082249,8.615723,19.940,true
BENV-2026-IDATIDOSI-ECHINOCOCCOSI-84816-BOVINO,GHILARZA,Sardegna,Oristano,OR,municipality_region,false,39.90380,8.59260,40.119652,8.834927,31.654,true
BENV-2026-IDATIDOSI-ECHINOCOCCOSI-84912-OVINO,SOLARUSSA,Sardegna,Oristano,OR,municipality_region,false,39.90380,8.59260,39.955747,8.671526,8.869,true
BENV-2026-IDATIDOSI-ECHINOCOCCOSI-85340-OVINO,USELLUS,Sardegna,Oristano,OR,municipality_region,false,39.90380,8.59260,39.809646,8.850732,24.395,true
BENV-2026-IDATIDOSI-ECHINOCOCCOSI-85435-OVINO,RUINAS,Sardegna,Oristano,OR,municipality_region,false,39.90380,8.59260,39.907148,8.897631,26.021,true
BENV-2026-IDATIDOSI-ECHINOCOCCOSI-85546-OVINO,VILLAURBANA,Sardegna,Oristano,OR,municipality_region,false,39.90380,8.59260,39.885647,8.777429,15.897,true
BENV-2026-IDATIDOSI-ECHINOCOCCOSI-85425-OVINO,RUINAS,Sardegna,Oristano,OR,municipality_region,false,39.90380,8.59260,39.907148,8.897631,26.021,true
BENV-2026-IDATIDOSI-ECHINOCOCCOSI-85433-OVINO,MOGORELLA,Sardegna,Oristano,OR,municipality_region,false,39.90380,8.59260,39.864598,8.857931,23.055,true
BENV-2026-IDATIDOSI-ECHINOCOCCOSI-85294-BOVINO,MORGONGIORI,Sardegna,Oristano,OR,municipality_region,false,39.90380,8.59260,39.746644,8.770131,23.135,true
BENV-2026-IDATIDOSI-ECHINOCOCCOSI-85348-OVINO,URAS,Sardegna,Oristano,OR,municipality_region,false,39.90380,8.59260,39.700643,8.700030,24.383,true
BENV-2026-IDATIDOSI-ECHINOCOCCOSI-85424-OVINO,RUINAS,Sardegna,Oristano,OR,municipality_region,false,39.90380,8.59260,39.907148,8.897631,26.021,true
BENV-2026-IDATIDOSI-ECHINOCOCCOSI-85322-BOVINO,SAMUGHEO,Sardegna,Oristano,OR,municipality_region,false,39.90380,8.59260,39.946150,8.940532,30.041,true
BENV-2026-IDATIDOSI-ECHINOCOCCOSI-84985-OVINO,RIOLA SARDO,Sardegna,Oristano,OR,municipality_region,false,39.90380,8.59260,39.994102,8.538673,11.043,true
BENV-2026-IDATIDOSI-ECHINOCOCCOSI-84910-OVINO,SOLARUSSA,Sardegna,Oristano,OR,municipality_region,false,39.90380,8.59260,39.955747,8.671526,8.869,true
BENV-2026-IDATIDOSI-ECHINOCOCCOSI-85351-OVINO,SAN NICOLO\' D\'ARCIDANO,Sardegna,Oristano,OR,municipality_region,false,39.90380,8.59260,39.683392,8.646875,24.943,true
BENV-2026-IDATIDOSI-ECHINOCOCCOSI-85432-OVINO,RUINAS,Sardegna,Oristano,OR,municipality_region,false,39.90380,8.59260,39.907148,8.897631,26.021,true
BENV-2026-IDATIDOSI-ECHINOCOCCOSI-85547-OVINO,MOGORO,Sardegna,Oristano,OR,municipality_region,false,39.90380,8.59260,39.684710,8.777088,29.016,true
BENV-2026-IDATIDOSI-ECHINOCOCCOSI-85345-OVINO,ALES,Sardegna,Oristano,OR,municipality_region,false,39.90380,8.59260,39.768245,8.815632,24.287,true
BENV-2026-IDATIDOSI-ECHINOCOCCOSI-85350-OVINO,URAS,Sardegna,Oristano,OR,municipality_region,false,39.90380,8.59260,39.700643,8.700030,24.383,true
BENV-2026-IDATIDOSI-ECHINOCOCCOSI-85411-OVINO,SIAPICCIA,Sardegna,Oristano,OR,municipality_region,false,39.90380,8.59260,39.927948,8.762128,14.705,true
BENV-2026-IDATIDOSI-ECHINOCOCCOSI-84691-OVINO,LACONI,Sardegna,Oristano,OR,municipality_region,false,39.90380,8.59260,39.852649,9.050435,39.480,true
BENV-2026-IDATIDOSI-ECHINOCOCCOSI-84695-OVINO,MOGORELLA,Sardegna,Oristano,OR,municipality_region,false,39.90380,8.59260,39.864598,8.857931,23.055,true
BENV-2026-IDATIDOSI-ECHINOCOCCOSI-85353-OVINO,PAU,Sardegna,Oristano,OR,municipality_region,false,39.90380,8.59260,39.791546,8.802331,21.826,true
BENV-2026-IDATIDOSI-ECHINOCOCCOSI-85354-OVINO,ALES,Sardegna,Oristano,OR,municipality_region,false,39.90380,8.59260,39.768245,8.815632,24.287,true
BENV-2026-IDATIDOSI-ECHINOCOCCOSI-85472-OVINO,TRAMATZA,Sardegna,Oristano,OR,municipality_region,false,39.90380,8.59260,40.003748,8.649537,12.127,true
BENV-2026-IDATIDOSI-ECHINOCOCCOSI-85548-OVINO,MORGONGIORI,Sardegna,Oristano,OR,municipality_region,false,39.90380,8.59260,39.746644,8.770131,23.135,true
BENV-2026-IDATIDOSI-ECHINOCOCCOSI-85355-OVINO,USELLUS,Sardegna,Oristano,OR,municipality_region,false,39.90380,8.59260,39.809646,8.850732,24.395,true
BENV-2026-IDATIDOSI-ECHINOCOCCOSI-85356-OVINO,USELLUS,Sardegna,Oristano,OR,municipality_region,false,39.90380,8.59260,39.809646,8.850732,24.395,true
BENV-2026-IDATIDOSI-ECHINOCOCCOSI-84850-OVINO,ASSOLO,Sardegna,Oristano,OR,municipality_region,false,39.90380,8.59260,39.809947,8.918233,29.690,true
BENV-2026-IDATIDOSI-ECHINOCOCCOSI-85343-OVINO,BARESSA,Sardegna,Oristano,OR,municipality_region,false,39.90380,8.59260,39.712745,8.875334,32.165,true
BENV-2026-IDATIDOSI-ECHINOCOCCOSI-85346-OVINO,SAN NICOLO\' D\'ARCIDANO,Sardegna,Oristano,OR,municipality_region,false,39.90380,8.59260,39.683392,8.646875,24.943,true
BENV-2026-IDATIDOSI-ECHINOCOCCOSI-85409-OVINO,SIAPICCIA,Sardegna,Oristano,OR,municipality_region,false,39.90380,8.59260,39.927948,8.762128,14.705,true
BENV-2026-IDATIDOSI-ECHINOCOCCOSI-85419-OVINO,MOGORELLA,Sardegna,Oristano,OR,municipality_region,false,39.90380,8.59260,39.864598,8.857931,23.055,true
BENV-2026-IDATIDOSI-ECHINOCOCCOSI-85295-BOVINO,MORGONGIORI,Sardegna,Oristano,OR,municipality_region,false,39.90380,8.59260,39.746644,8.770131,23.135,true
BENV-2026-IDATIDOSI-ECHINOCOCCOSI-85545-OVINO,OLLASTRA,Sardegna,Oristano,OR,municipality_region,false,39.90380,8.59260,39.950948,8.734227,13.166,true
BENV-2026-IDATIDOSI-ECHINOCOCCOSI-84693-OVINO,ASUNI,Sardegna,Oristano,OR,municipality_region,false,39.90380,8.59260,39.872448,8.946433,30.390,true
BENV-2026-IDATIDOSI-ECHINOCOCCOSI-85113-BOVINO,SENEGHE,Sardegna,Oristano,OR,municipality_region,false,39.90380,8.59260,40.082249,8.615723,19.940,true
BENV-2026-IDATIDOSI-ECHINOCOCCOSI-84851-OVINO,NURECI,Sardegna,Oristano,OR,municipality_region,false,39.90380,8.59260,39.823348,8.973834,33.746,true
BENV-2026-IDATIDOSI-ECHINOCOCCOSI-85410-OVINO,SIAMANNA,Sardegna,Oristano,OR,municipality_region,false,39.90380,8.59260,39.920748,8.761028,14.488,true
BENV-2026-IDATIDOSI-ECHINOCOCCOSI-85429-OVINO,LACONI,Sardegna,Oristano,OR,municipality_region,false,39.90380,8.59260,39.852649,9.050435,39.480,true
BENV-2026-IDATIDOSI-ECHINOCOCCOSI-85175-BOVINO,BAULADU,Sardegna,Oristano,OR,municipality_region,false,39.90380,8.59260,40.020549,8.671925,14.637,true
BENV-2026-IDATIDOSI-ECHINOCOCCOSI-84679-OVINO,SENEGHE,Sardegna,Oristano,OR,municipality_region,false,39.90380,8.59260,40.082249,8.615723,19.940,true
BENV-2026-IDATIDOSI-ECHINOCOCCOSI-84692-OVINO,LACONI,Sardegna,Oristano,OR,municipality_region,false,39.90380,8.59260,39.852649,9.050435,39.480,true
BENV-2026-IDATIDOSI-ECHINOCOCCOSI-85339-OVINO,USELLUS,Sardegna,Oristano,OR,municipality_region,false,39.90380,8.59260,39.809646,8.850732,24.395,true
BENV-2026-IDATIDOSI-ECHINOCOCCOSI-85357-OVINO,USELLUS,Sardegna,Oristano,OR,municipality_region,false,39.90380,8.59260,39.809646,8.850732,24.395,true
BENV-2026-IDATIDOSI-ECHINOCOCCOSI-85412-OVINO,OLLASTRA,Sardegna,Oristano,OR,municipality_region,false,39.90380,8.59260,39.950948,8.734227,13.166,true
BENV-2026-IDATIDOSI-ECHINOCOCCOSI-85361-OVINO,SAN VERO MILIS,Sardegna,Oristano,OR,municipality_region,false,39.90380,8.59260,40.014548,8.598224,12.324,true
BENV-2026-IDATIDOSI-ECHINOCOCCOSI-85186-BOVINO,OLLASTRA,Sardegna,Oristano,OR,municipality_region,false,39.90380,8.59260,39.950948,8.734227,13.166,true
BENV-2026-IDATIDOSI-ECHINOCOCCOSI-85189-BOVINO,ORISTANO,Sardegna,Oristano,OR,municipality_region,false,39.90380,8.59260,40.026568,8.679642,15.536,true
BENV-2026-IDATIDOSI-ECHINOCOCCOSI-85535-OVINO,BUSACHI,Sardegna,Oristano,OR,municipality_region,false,39.90380,8.59260,40.032651,8.896729,29.614,true
BENV-2026-IDATIDOSI-ECHINOCOCCOSI-85176-BOVINO,SENEGHE,Sardegna,Oristano,OR,municipality_region,false,39.90380,8.59260,40.082249,8.615723,19.940,true
BENV-2026-IDATIDOSI-ECHINOCOCCOSI-85423-OVINO,LACONI,Sardegna,Oristano,OR,municipality_region,false,39.90380,8.59260,39.852649,9.050435,39.480,true
BENV-2026-IDATIDOSI-ECHINOCOCCOSI-85437-OVINO,PAULILATINO,Sardegna,Oristano,OR,municipality_region,false,39.90380,8.59260,40.084032,8.763937,24.793,true
BENV-2026-IDATIDOSI-ECHINOCOCCOSI-85342-OVINO,CUGLIERI,Sardegna,Oristano,OR,municipality_region,false,39.90380,8.59260,40.188472,8.567405,31.727,true
BENV-2026-IDATIDOSI-ECHINOCOCCOSI-85347-OVINO,CURCURIS,Sardegna,Oristano,OR,municipality_region,false,39.90380,8.59260,39.746145,8.830632,26.843,true
BENV-2026-IDATIDOSI-ECHINOCOCCOSI-85427-OVINO,LACONI,Sardegna,Oristano,OR,municipality_region,false,39.90380,8.59260,39.852649,9.050435,39.480,true
BENV-2026-IDATIDOSI-ECHINOCOCCOSI-85323-BOVINO,SAMUGHEO,Sardegna,Oristano,OR,municipality_region,false,39.90380,8.59260,39.946150,8.940532,30.041,true
BENV-2026-IDATIDOSI-ECHINOCOCCOSI-84694-OVINO,ASUNI,Sardegna,Oristano,OR,municipality_region,false,39.90380,8.59260,39.872448,8.946433,30.390,true
BENV-2026-IDATIDOSI-ECHINOCOCCOSI-84705-OVINO,SAN NICOLO\' D\'ARCIDANO,Sardegna,Oristano,OR,municipality_region,false,39.90380,8.59260,39.683392,8.646875,24.943,true
BENV-2026-INFLUENZA-AVIARIA-AD-ALTA-PATOGENICITA-82810-GERMANO-REALE,CASALROMANO,Lombardia,Mantova,MN,municipality_region,false,45.15640,10.79140,45.200675,10.369378,33.443,true
BENV-2026-INFLUENZA-AVIARIA-AD-ALTA-PATOGENICITA-82889-CANAPIGLIA,MARANO LAGUNARE,Friuli Venezia Giulia,Udine,UD,municipality_region,false,46.07110,13.23460,45.764993,13.167501,34.431,true
BENV-2026-INFLUENZA-AVIARIA-AD-ALTA-PATOGENICITA-83099-POIANA-COMUNE,SAN MICHELE AL TAGLIAMENTO,Veneto,Venezia,VE,municipality_region,false,45.44080,12.31550,45.763918,12.995425,63.944,true
BENV-2026-INFLUENZA-AVIARIA-AD-ALTA-PATOGENICITA-83450-ALZAVOLA,CAMPAGNA LUPIA,Veneto,Venezia,VE,municipality_region,false,45.44080,12.31550,45.354994,12.096814,19.560,true
BENV-2026-INFLUENZA-AVIARIA-AD-ALTA-PATOGENICITA-83245-CIGNO-REALE,GRADO,Friuli Venezia Giulia,Gorizia,GO,municipality_region,false,45.94150,13.62200,45.677692,13.386443,34.552,true
BENV-2026-INFLUENZA-AVIARIA-AD-ALTA-PATOGENICITA-84264-CIGNO-REALE,GRADO,Friuli Venezia Giulia,Gorizia,GO,municipality_region,false,45.94150,13.62200,45.677692,13.386443,34.552,true
BENV-2026-INFLUENZA-AVIARIA-AD-ALTA-PATOGENICITA-83979-VOLPE-ROSSA,MEDESANO,Emilia Romagna,Parma,PR,municipality_region,false,44.80150,10.32790,44.756699,10.140737,15.590,true
BENV-2026-INFLUENZA-AVIARIA-AD-ALTA-PATOGENICITA-83250-CIGNO-REALE,GRADO,Friuli Venezia Giulia,Gorizia,GO,municipality_region,false,45.94150,13.62200,45.677692,13.386443,34.552,true
BENV-2026-INFLUENZA-AVIARIA-AD-ALTA-PATOGENICITA-82883-FISCHIONE,GRADO,Friuli Venezia Giulia,Gorizia,GO,municipality_region,false,45.94150,13.62200,45.677692,13.386443,34.552,true
BENV-2026-INFLUENZA-AVIRIA-POLLAME-83207-TACCHINO,VILLAFRANCA DI VERONA,Veneto,Verona,VR,municipality_region,false,45.43840,10.99160,45.350928,10.845996,14.962,true
BENV-2026-INFLUENZA-AVIRIA-POLLAME-83112-OCA,NOCETO,Emilia Romagna,Parma,PR,municipality_region,false,44.80150,10.32790,44.809901,10.177260,11.921,true
BENV-2026-INFLUENZA-AVIRIA-POLLAME-83139-GALLUS-GALLUS,SAN GIULIANO TERME,Toscana,Pisa,PI,municipality_region,false,43.72280,10.40170,43.762996,10.441040,5.474,true
BENV-2026-INFLUENZA-AVIRIA-POLLAME-83723-QUAGLIA,MARSCIANO,Umbria,Perugia,PG,municipality_region,false,43.11070,12.39080,42.910028,12.337042,22.738,true
BENV-2026-INFLUENZA-AVIRIA-POLLAME-83939-GALLUS-GALLUS,SUBBIANO,Toscana,Arezzo,AR,municipality_region,false,43.46330,11.87960,43.574848,11.870369,12.426,true
BENV-2026-INFLUENZA-AVIRIA-POLLAME-83112-GALLUS-GALLUS,NOCETO,Emilia Romagna,Parma,PR,municipality_region,false,44.80150,10.32790,44.809901,10.177260,11.921,true
BENV-2026-INFLUENZA-AVIRIA-POLLAME-82894-TACCHINO,CERESARA,Lombardia,Mantova,MN,municipality_region,false,45.15640,10.79140,45.265130,10.567035,21.333,true
BENV-2026-INFLUENZA-AVIRIA-POLLAME-83766-STARNA,CAMPI BISENZIO,Toscana,Firenze,FI,municipality_region,false,43.76960,11.25580,43.821634,11.136678,11.175,true
BENV-2026-INFLUENZA-AVIRIA-POLLAME-83246-TACCHINO,ILLASI,Veneto,Verona,VR,municipality_region,false,45.43840,10.99160,45.465933,11.180021,15.013,true
BENV-2026-INFLUENZA-AVIRIA-POLLAME-83153-TACCHINO,ZIMELLA,Veneto,Verona,VR,municipality_region,false,45.43840,10.99160,45.343627,11.352305,30.074,true
BENV-2026-INFLUENZA-AVIRIA-POLLAME-83723-STARNA,MARSCIANO,Umbria,Perugia,PG,municipality_region,false,43.11070,12.39080,42.910028,12.337042,22.738,true
BENV-2026-INFLUENZA-AVIRIA-POLLAME-83179-TACCHINO,VOLTA MANTOVANA,Lombardia,Mantova,MN,municipality_region,false,45.15640,10.79140,45.321302,10.659224,21.055,true
BENV-2026-INFLUENZA-AVIRIA-POLLAME-83182-TACCHINO,VOLTA MANTOVANA,Lombardia,Mantova,MN,municipality_region,false,45.15640,10.79140,45.321302,10.659224,21.055,true
BENV-2026-INFLUENZA-AVIRIA-POLLAME-83112-ANATRA,NOCETO,Emilia Romagna,Parma,PR,municipality_region,false,44.80150,10.32790,44.809901,10.177260,11.921,true
BENV-2026-INFLUENZA-AVIRIA-POLLAME-82714-TACCHINO,VIGASIO,Veneto,Verona,VR,municipality_region,false,45.43840,10.99160,45.317030,10.942198,14.037,true
BENV-2026-INFLUENZA-AVIRIA-POLLAME-83766-QUAGLIA,CAMPI BISENZIO,Toscana,Firenze,FI,municipality_region,false,43.76960,11.25580,43.821634,11.136678,11.175,true
BENV-2026-INFLUENZA-AVIRIA-POLLAME-83175-TACCHINO,VALEGGIO SUL MINCIO,Veneto,Verona,VR,municipality_region,false,45.43840,10.99160,45.353751,10.734546,22.169,true
BENV-2026-INFLUENZA-AVIRIA-POLLAME-83031-GALLUS-GALLUS,VIGASIO,Veneto,Verona,VR,municipality_region,false,45.43840,10.99160,45.317030,10.942198,14.037,true
BENV-2026-INFLUENZA-AVIRIA-POLLAME-82811-GALLUS-GALLUS,ROVERBELLA,Lombardia,Mantova,MN,municipality_region,false,45.15640,10.79140,45.265780,10.767527,12.305,true
BENV-2026-INFLUENZA-AVIRIA-POLLAME-83174-TACCHINO,VILLAFRANCA DI VERONA,Veneto,Verona,VR,municipality_region,false,45.43840,10.99160,45.350928,10.845996,14.962,true
BENV-2026-INFLUENZA-AVIRIA-POLLAME-83723-PERNICE,MARSCIANO,Umbria,Perugia,PG,municipality_region,false,43.11070,12.39080,42.910028,12.337042,22.738,true
BENV-2026-INFLUENZA-AVIRIA-POLLAME-83766-GALLUS-GALLUS,CAMPI BISENZIO,Toscana,Firenze,FI,municipality_region,false,43.76960,11.25580,43.821634,11.136678,11.175,true
BENV-2026-INFLUENZA-AVIRIA-POLLAME-83173-TACCHINO,ZEVIO,Veneto,Verona,VR,municipality_region,false,45.43840,10.99160,45.375131,11.135882,13.280,true
BENV-2026-INFLUENZA-AVIRIA-POLLAME-83939-PICCIONE-SELVATICO,SUBBIANO,Toscana,Arezzo,AR,municipality_region,false,43.46330,11.87960,43.574848,11.870369,12.426,true
BENV-2026-INFLUENZA-AVIRIA-POLLAME-83766-ANATRA,CAMPI BISENZIO,Toscana,Firenze,FI,municipality_region,false,43.76960,11.25580,43.821634,11.136678,11.175,true
BENV-2026-INFLUENZA-AVIRIA-POLLAME-83723-FAGIANO,MARSCIANO,Umbria,Perugia,PG,municipality_region,false,43.11070,12.39080,42.910028,12.337042,22.738,true
BENV-2026-INFLUENZA-AVIRIA-POLLAME-83125-TACCHINO,VERONA,Veneto,Verona,VR,municipality_region,false,45.43840,10.99160,45.438496,10.992412,0.064,true
BENV-2026-INFLUENZA-AVIRIA-POLLAME-83766-PERNICE,CAMPI BISENZIO,Toscana,Firenze,FI,municipality_region,false,43.76960,11.25580,43.821634,11.136678,11.175,true
BENV-2026-INFLUENZA-AVIRIA-POLLAME-83766-FAGIANO,CAMPI BISENZIO,Toscana,Firenze,FI,municipality_region,false,43.76960,11.25580,43.821634,11.136678,11.175,true
BENV-2026-INFLUENZA-AVIRIA-POLLAME-83096-GALLUS-GALLUS,VALEGGIO SUL MINCIO,Veneto,Verona,VR,municipality_region,false,45.43840,10.99160,45.353751,10.734546,22.169,true
BENV-2026-KOI-HERPESVIRUS-DISEASE-85853-CARPA,OSIGLIA,Liguria,Savona,SV,municipality_region,false,44.30910,8.47720,44.282632,8.202144,22.088,true
BENV-2026-LARINGO-TRACHEITE-INFETTIVA-85393-GALLUS-GALLUS,CORVARA IN BADIA - CORVARA,Trentino Alto Adige,Bolzano/Bozen,BZ,municipality_province_code,true,46.49830,11.35480,46.549574,11.874034,40.132,true
BENV-2026-LEISHMANIOSI-85709-CANE,GAVORRANO,Toscana,Grosseto,GR,municipality_region,false,42.76350,11.11240,42.925374,10.905803,24.651,true
BENV-2026-LEISHMANIOSI-85203-CANE,Grosseto,Toscana,Grosseto,GR,municipality_region,false,42.76350,11.11240,42.775110,11.287804,14.376,true
BENV-2026-LEISHMANIOSI-85169-CANE,Grosseto,Toscana,Grosseto,GR,municipality_region,false,42.76350,11.11240,42.775110,11.287804,14.376,true
BENV-2026-LEISHMANIOSI-85202-CANE,Grosseto,Toscana,Grosseto,GR,municipality_region,false,42.76350,11.11240,42.775110,11.287804,14.376,true
BENV-2026-LEISHMANIOSI-85658-CANE,SCANSANO,Toscana,Grosseto,GR,municipality_region,false,42.76350,11.11240,42.688369,11.335453,20.044,true
BENV-2026-LEISHMANIOSI-85171-CANE,Campagnatico,Toscana,Grosseto,GR,municipality_region,false,42.88260,11.27310,42.883729,11.273537,0.130,true
BENV-2026-LEISHMANIOSI-85655-CANE,Grosseto,Toscana,Grosseto,GR,municipality_region,false,42.76350,11.11240,42.775110,11.287804,14.376,true
BENV-2026-LEISHMANIOSI-85823-CANE,Grosseto,Toscana,Grosseto,GR,municipality_region,false,42.76350,11.11240,42.775110,11.287804,14.376,true
BENV-2026-LEISHMANIOSI-85824-CANE,Grosseto,Toscana,Grosseto,GR,municipality_region,false,42.76350,11.11240,42.775110,11.287804,14.376,true
BENV-2026-LEISHMANIOSI-85115-CANE,Grosseto,Toscana,Grosseto,GR,municipality_region,false,42.76350,11.11240,42.775110,11.287804,14.376,true
BENV-2026-LEISHMANIOSI-85197-CANE,Grosseto,Toscana,Grosseto,GR,municipality_region,false,42.76350,11.11240,42.775110,11.287804,14.376,true
BENV-2026-LEISHMANIOSI-85713-CANE,GAVORRANO,Toscana,Grosseto,GR,municipality_region,false,42.76350,11.11240,42.925374,10.905803,24.651,true
BENV-2026-LEISHMANIOSI-85894-CANE,MONTE ARGENTARIO,Toscana,Grosseto,GR,municipality_region,false,42.76350,11.11240,42.407352,11.150384,39.724,true
BENV-2026-LEISHMANIOSI-85657-CANE,Campagnatico,Toscana,Grosseto,GR,municipality_region,false,42.88260,11.27310,42.883729,11.273537,0.130,true
BENV-2026-LEISHMANIOSI-85861-CANE,Grosseto,Toscana,Grosseto,GR,municipality_region,false,42.76350,11.11240,42.775110,11.287804,14.376,true
BENV-2026-LEISHMANIOSI-85485-CANE,Grosseto,Toscana,Grosseto,GR,municipality_region,false,42.76350,11.11240,42.775110,11.287804,14.376,true
BENV-2026-LEISHMANIOSI-84096-CANE,Battaglia Terme,Veneto,Padova,PD,municipality_region,false,45.28950,11.78430,45.288143,11.781834,0.245,true
BENV-2026-LEISHMANIOSI-84882-CANE,Malo,Veneto,Vicenza,VI,municipality_region,false,45.65970,11.40490,45.660296,11.407493,0.212,true
BENV-2026-LEISHMANIOSI-83740-CANE,Valdobbiadene,Veneto,Treviso,TV,municipality_region,false,45.89930,11.99510,45.901413,11.995512,0.237,true
BENV-2026-LEISHMANIOSI-85011-CANE,Brescia,Lombardia,Brescia,BS,municipality_region,false,45.54160,10.21180,45.779580,10.425873,31.257,true
BENV-2026-LEISHMANIOSI-84095-CANE,Cinto Euganeo,Veneto,Padova,PD,municipality_region,false,45.27550,11.66310,45.289467,11.672376,1.714,true
BENV-2026-LEISHMANIOSI-84886-CANE,Malo,Veneto,Vicenza,VI,municipality_region,false,45.65970,11.40490,45.660296,11.407493,0.212,true
BENV-2026-LEISHMANIOSI-85013-CANE,Pezzaze,Lombardia,Brescia,BS,municipality_region,false,45.77700,10.23690,45.774127,10.237377,0.322,true
BENV-2026-LEISHMANIOSI-84885-CANE,Monte di Malo,Veneto,Vicenza,VI,municipality_region,false,45.66150,11.36150,45.660464,11.362566,0.142,true
BENV-2026-LEPTOSPIROSI-83713-CANE,VICENZA,Veneto,Vicenza,VI,municipality_region,false,45.54550,11.53540,45.634859,11.406354,14.127,true
BENV-2026-LEPTOSPIROSI-83531-CAVALLO,CIVITA D\'ANTINO,Abruzzo,L'Aquila,AQ,municipality_region,false,42.34980,13.39950,41.886105,13.471126,51.898,true
BENV-2026-LEPTOSPIROSI-84354-CANE,SAURIS,Friuli Venezia Giulia,Udine,UD,municipality_region,false,46.07110,13.23460,46.465366,12.708717,59.632,true
BENV-2026-LEPTOSPIROSI-84182-CAVALLO,ROCCA PRIORA,Lazio,Roma,RM,municipality_region,false,41.90280,12.49640,41.791089,12.761993,25.264,true
BENV-2026-LEPTOSPIROSI-82822-CANE,BORGOSATOLLO,Lombardia,Brescia,BS,municipality_region,false,45.54160,10.21180,45.477262,10.240811,7.503,true
BENV-2026-LEPTOSPIROSI-85064-CANIDI,CASCINA,Toscana,Pisa,PI,municipality_region,false,43.72280,10.40170,43.676674,10.549224,12.921,true
BENV-2026-LEPTOSPIROSI-85201-CANE,GAVORRANO,Toscana,Grosseto,GR,municipality_region,false,42.76350,11.11240,42.925374,10.905803,24.651,true
BENV-2026-LEPTOSPIROSI-83412-CAVALLO,POSTA,Lazio,Rieti,RI,municipality_region,false,42.40450,12.85670,42.523551,13.096014,23.677,true
BENV-2026-LEPTOSPIROSI-84299-BOVINO,AIELLO DEL FRIULI,Friuli Venezia Giulia,Udine,UD,municipality_region,false,46.07110,13.23460,45.872922,13.363628,24.187,true
BENV-2026-LEPTOSPIROSI-83192-BOVINO,SORIANO NEL CIMINO,Lazio,Viterbo,VT,municipality_region,false,42.42070,12.10770,42.418761,12.234308,10.395,true
BENV-2026-LEPTOSPIROSI-83592-CANE,ARCUGNANO,Veneto,Vicenza,VI,municipality_region,false,45.54550,11.53540,45.500472,11.535699,5.007,true
BENV-2026-LEPTOSPIROSI-84549-CANE,PIOVE DI SACCO,Veneto,Padova,PD,municipality_region,false,45.40640,11.87680,45.297692,12.036814,17.391,true
BENV-2026-LEPTOSPIROSI-85329-CANE,SORGA\',Veneto,Verona,VR,municipality_region,false,45.43840,10.99160,45.213400,10.979362,25.037,true
BENV-2026-LEPTOSPIROSI-84502-CANE,SAN PIETRO IN CARIANO,Veneto,Verona,VR,municipality_region,false,45.43840,10.99160,45.520913,10.886377,12.308,true
BENV-2026-LEPTOSPIROSI-85382-CANE,Brescia,Lombardia,Brescia,BS,municipality_region,false,45.54160,10.21180,45.779580,10.425873,31.257,true
BENV-2026-LEPTOSPIROSI-83168-CANE,CASSACCO,Friuli Venezia Giulia,Udine,UD,municipality_region,false,46.07110,13.23460,46.173595,13.187934,11.951,true
BENV-2026-LEPTOSPIROSI-85736-CANE,Grosseto,Toscana,Grosseto,GR,municipality_region,false,42.76350,11.11240,42.775110,11.287804,14.376,true
BENV-2026-LEPTOSPIROSI-85642-BOVINO,SORIANO NEL CIMINO,Lazio,Viterbo,VT,municipality_region,false,42.42070,12.10770,42.418761,12.234308,10.395,true
BENV-2026-LEPTOSPIROSI-83865-SUINO,MEANA SARDO,Sardegna,Nuoro,NU,municipality_region,false,40.32020,9.32640,39.944251,9.072334,47.054,true
BENV-2026-LEPTOSPIROSI-85465-CANIDI,SANTORSO,Veneto,Vicenza,VI,municipality_region,false,45.54550,11.53540,45.737299,11.390321,24.126,true
BENV-2026-LEUCOSI-BOVINA-ENZOOTICA-85529-BOVINO,LESINA,Puglia,Foggia,FG,municipality_region,false,41.46220,15.54460,41.859439,15.352741,46.959,true
BENV-2026-LEUCOSI-BOVINA-ENZOOTICA-85268-BOVINO,SAN MARCO IN LAMIS,Puglia,Foggia,FG,municipality_region,false,41.46220,15.54460,41.713138,15.639850,29.006,true
BENV-2026-LEUCOSI-BOVINA-ENZOOTICA-84298-BOVINO,TREIA,Marche,Macerata,MC,municipality_region,false,43.29840,13.45310,43.310556,13.311475,11.540,true
BENV-2026-MALATTIA-DA-VIRUS-USUTU-85691-INSETTI-VARIE-SPECIE,RIVIGNANO TEOR,Friuli Venezia Giulia,Udine,UD,municipality_region,false,46.07110,13.23460,45.861300,13.047569,27.444,true
BENV-2026-MALATTIA-DA-VIRUS-USUTU-85687-INSETTI-VARIE-SPECIE,BADIA POLESINE,Veneto,Rovigo,RO,municipality_region,false,45.06980,11.79020,45.094056,11.493462,23.454,true
BENV-2026-MALATTIA-DA-VIRUS-USUTU-85686-INSETTI-VARIE-SPECIE,CENESELLI,Veneto,Rovigo,RO,municipality_region,false,45.06980,11.79020,45.013695,11.369156,33.664,true
BENV-2026-MALATTIA-DA-VIRUS-USUTU-85610-INSETTI-VARIE-SPECIE,CASALEONE,Veneto,Verona,VR,municipality_region,false,45.43840,10.99160,45.170669,11.199365,33.916,true
BENV-2026-MALATTIA-DA-VIRUS-USUTU-85685-INSETTI-VARIE-SPECIE,ALBIGNASEGO,Veneto,Padova,PD,municipality_region,false,45.40640,11.87680,45.347492,11.867209,6.593,true
BENV-2026-MALATTIA-DA-VIRUS-USUTU-85689-INSETTI-VARIE-SPECIE,PALAZZOLO DELLO STELLA,Friuli Venezia Giulia,Udine,UD,municipality_region,false,46.07110,13.23460,45.804827,13.079579,31.943,true
BENV-2026-MALATTIA-DA-VIRUS-USUTU-85673-COLOMBACCIO,PIEVE D\'OLMI,Lombardia,Cremona,CR,municipality_region,false,45.13320,10.02270,45.089570,10.123675,9.291,true
BENV-2026-MALATTIA-DA-VIRUS-USUTU-85477-INSETTI-VARIE-SPECIE,SAN GIORGIO BIGARELLO,Lombardia,Mantova,MN,municipality_region,false,45.15640,10.79140,45.180530,10.871789,6.850,true
BENV-2026-MALATTIA-DA-VIRUS-USUTU-85608-INSETTI-VARIE-SPECIE,SELVAZZANO DENTRO,Veneto,Padova,PD,municipality_region,false,45.40640,11.87680,45.389790,11.785892,7.334,true
BENV-2026-MALATTIA-DA-VIRUS-USUTU-85688-INSETTI-VARIE-SPECIE,TRIBANO,Veneto,Padova,PD,municipality_region,false,45.40640,11.87680,45.210010,11.832142,22.115,true
BENV-2026-MALATTIA-DA-VIRUS-USUTU-85708-GAZZA,VEGGIANO,Veneto,Padova,PD,municipality_region,false,45.40640,11.87680,45.448322,11.710822,13.766,true
BENV-2026-MALATTIA-DI-NEWCASTLE-83233-PICCIONE-SELVATICO,MELDOLA,Emilia Romagna,Forlì-Cesena,FC,municipality_region,false,44.22270,12.04070,44.126721,12.061153,10.796,true
BENV-2026-MALATTIA-DI-NEWCASTLE-83086-TORTORA-SELVATICA,GIUGLIANO IN CAMPANIA,Campania,Napoli,NA,municipality_region,false,40.85180,14.26810,40.928687,14.200699,10.256,true
BENV-2026-MALATTIA-DI-NEWCASTLE-83154-PICCIONE-SELVATICO,PRATO,Toscana,Prato,PO,municipality_region,false,43.87770,11.10220,43.935718,11.094147,6.483,true
BENV-2026-MALATTIA-DI-NEWCASTLE-84519-PICCIONE-SELVATICO,MONTEGIORGIO,Marche,Fermo,FM,municipality_region,false,43.16060,13.71830,43.132253,13.536383,15.092,true
BENV-2026-MALATTIA-DI-NEWCASTLE-83377-TORTORA-SELVATICA,AGLIANA,Toscana,Pistoia,PT,municipality_region,false,43.93350,10.91730,43.903816,11.003396,7.645,true
BENV-2026-MALATTIA-DI-NEWCASTLE-83454-TORTORA-SELVATICA,PRATO,Toscana,Prato,PO,municipality_region,false,43.87770,11.10220,43.935718,11.094147,6.483,true
BENV-2026-MALATTIA-DI-NEWCASTLE-83154-GALLUS-GALLUS,PRATO,Toscana,Prato,PO,municipality_region,false,43.87770,11.10220,43.935718,11.094147,6.483,true
BENV-2026-MALATTIA-DI-NEWCASTLE-83758-TORTORA-SELVATICA,PRATO,Toscana,Prato,PO,municipality_region,false,43.87770,11.10220,43.935718,11.094147,6.483,true
BENV-2026-MALATTIA-DI-NEWCASTLE-83234-GALLUS-GALLUS,ARGELATO,Emilia Romagna,Bologna,BO,municipality_region,false,44.49490,11.34260,44.641570,11.347810,16.314,true
BENV-2026-MALATTIA-DI-NEWCASTLE-83808-TORTORA-SELVATICA,Grosseto,Toscana,Grosseto,GR,municipality_region,false,42.76350,11.11240,42.775110,11.287804,14.376,true
BENV-2026-MALATTIA-DI-NEWCASTLE-84329-PICCIONE-SELVATICO,FERMO,Marche,Fermo,FM,municipality_region,false,43.16060,13.71830,43.092249,13.638768,9.971,true
BENV-2026-MALATTIA-DI-NEWCASTLE-83464-ANATRA,MAIOLATI SPONTINI,Marche,Ancona,AN,municipality_region,false,43.61580,13.51890,43.477658,13.121768,35.502,true
BENV-2026-MALATTIA-DI-NEWCASTLE-83407-PICCIONE-SELVATICO,MONDAVIO,Marche,Pesaro e Urbino,PU,municipality_region,false,43.91250,12.91550,43.674205,12.968771,26.840,true
BENV-2026-MALATTIA-DI-NEWCASTLE-83234-TORTORA-SELVATICA,ARGELATO,Emilia Romagna,Bologna,BO,municipality_region,false,44.49490,11.34260,44.641570,11.347810,16.314,true
BENV-2026-MALATTIA-VIRALE-EMORRAGICA-85468-CONIGLIO,MONTALCINO,Toscana,Siena,SI,municipality_region,false,43.31880,11.33080,43.058300,11.490066,31.714,true
BENV-2026-MALATTIA-VIRALE-EMORRAGICA-85212-CONIGLIO,CAIRATE,Lombardia,Varese,VA,municipality_region,false,45.82060,8.82510,45.690919,8.872461,14.881,true
BENV-2026-METRITE-CONTAGIOSA-83590-CAVALLO,CASTELFRANCO EMILIA,Emilia Romagna,Modena,MO,municipality_region,false,44.64710,10.92520,44.595024,11.052901,11.648,true
BENV-2026-METRITE-CONTAGIOSA-85718-CAVALLO,MATERA,Basilicata,Matera,MT,municipality_region,false,40.66640,16.60430,40.447642,16.473574,26.714,true
BENV-2026-TUBERCOLOSI-BOVINA-MTBC-83310-BOVINO,ASCOLI PICENO,Marche,Ascoli Piceno,AP,municipality_region,false,42.85360,13.57490,42.883420,13.539593,4.390,true
BENV-2026-TUBERCOLOSI-BOVINA-MTBC-83557-BOVINO,MAGLIANO IN TOSCANA,Toscana,Grosseto,GR,municipality_region,false,42.76350,11.11240,42.599442,11.291739,23.403,true
BENV-2026-TUBERCOLOSI-BOVINA-MTBC-83794-BOVINO,Grosseto,Toscana,Grosseto,GR,municipality_region,false,42.76350,11.11240,42.775110,11.287804,14.376,true
BENV-2026-TUBERCOLOSI-BOVINA-MTBC-84843-BOVINO,TUGLIE,Puglia,Lecce,LE,municipality_region,false,40.35150,18.17500,40.073821,18.098125,31.559,true
BENV-2026-TUBERCOLOSI-BOVINA-MTBC-83760-BOVINO,CAMPO DI TRENS - FREIENFELD,Trentino Alto Adige,Bolzano/Bozen,BZ,municipality_province_code,true,46.49830,11.35480,46.857187,11.508955,41.603,true
BENV-2026-PESTE-AMERICANA-84930-APE,PIANORO,Emilia Romagna,Bologna,BO,municipality_region,false,44.49490,11.34260,44.392964,11.342314,11.335,true
BENV-2026-PESTE-AMERICANA-84562-APE,PIANORO,Emilia Romagna,Bologna,BO,municipality_region,false,44.49490,11.34260,44.392964,11.342314,11.335,true
BENV-2026-PESTE-AMERICANA-84514-APE,PALU\',Veneto,Verona,VR,municipality_region,false,45.43840,10.99160,45.325834,11.155173,17.885,true
BENV-2026-PESTE-AMERICANA-85715-APE,CERVETERI,Lazio,Roma,RM,municipality_region,false,41.90280,12.49640,41.998360,12.098851,34.551,true
BENV-2026-PESTE-AMERICANA-85491-APE,TUBRE - TAUFERS IM MUENSTERTAL,Trentino Alto Adige,Bolzano/Bozen,BZ,municipality_province_code,true,46.49830,11.35480,46.645612,10.464153,70.024,true
BENV-2026-PESTE-AMERICANA-85484-APE,FELTRE,Veneto,Belluno,BL,municipality_region,false,46.14250,12.21670,46.016376,11.906254,27.750,true
BENV-2026-PESTE-SUINA-AFRICANA-83123-CINGHIALE,CASTIGLIONE DI GARFAGNANA,Toscana,Lucca,LU,municipality_region,false,43.84290,10.50270,44.149950,10.410897,34.923,true
BENV-2026-PESTE-SUINA-AFRICANA-83134-CINGHIALE,SAN ROMANO IN GARFAGNANA,Toscana,Lucca,LU,municipality_region,false,43.84290,10.50270,44.169669,10.347051,38.408,true
BENV-2026-PESTE-SUINA-AFRICANA-83136-CINGHIALE,VILLA COLLEMANDINA,Toscana,Lucca,LU,municipality_region,false,43.84290,10.50270,44.158759,10.397742,36.111,true
BENV-2026-PESTE-SUINA-AFRICANA-82761-CINGHIALE,LICCIANA NARDI,Toscana,Massa-Carrara,MS,municipality_region,false,44.03540,10.13970,44.264900,10.038437,26.768,true
BENV-2026-PESTE-SUINA-AFRICANA-82773-CINGHIALE,VILLA COLLEMANDINA,Toscana,Lucca,LU,municipality_region,false,43.84290,10.50270,44.158759,10.397742,36.111,true
BENV-2026-PESTE-SUINA-AFRICANA-82781-CINGHIALE,VILLA COLLEMANDINA,Toscana,Lucca,LU,municipality_region,false,43.84290,10.50270,44.158759,10.397742,36.111,true
BENV-2026-PESTE-SUINA-AFRICANA-84130-CINGHIALE,PODENZANA,Toscana,Massa-Carrara,MS,municipality_region,false,44.03540,10.13970,44.206248,9.941986,24.698,true
BENV-2026-PESTE-SUINA-AFRICANA-83696-CINGHIALE,VAGLI SOTTO,Toscana,Lucca,LU,municipality_region,false,43.84290,10.50270,44.109248,10.288795,34.207,true
BENV-2026-PESTE-SUINA-AFRICANA-83710-CINGHIALE,VILLA MINOZZO,Emilia Romagna,Reggio nell'Emilia,RE,municipality_region,false,44.69890,10.62970,44.365056,10.465995,39.324,true
BENV-2026-PESTE-SUINA-AFRICANA-83722-CINGHIALE,MULAZZO,Toscana,Massa-Carrara,MS,municipality_region,false,44.03540,10.13970,44.315926,9.889626,37.024,true
BENV-2026-PESTE-SUINA-AFRICANA-83801-CINGHIALE,COMANO,Toscana,Massa-Carrara,MS,municipality_region,false,44.03540,10.13970,44.293540,10.131165,28.712,true
BENV-2026-PESTE-SUINA-AFRICANA-83838-CINGHIALE,LICCIANA NARDI,Toscana,Massa-Carrara,MS,municipality_region,false,44.03540,10.13970,44.264900,10.038437,26.768,true
BENV-2026-PESTE-SUINA-AFRICANA-83579-CINGHIALE,BAGNONE,Toscana,Massa-Carrara,MS,municipality_region,false,44.03540,10.13970,44.314739,9.994655,33.145,true
BENV-2026-PESTE-SUINA-AFRICANA-83617-CINGHIALE,LUGAGNANO VAL D\'ARDA,Emilia Romagna,Piacenza,PC,municipality_region,false,45.05260,9.69340,44.821994,9.828482,27.759,true
BENV-2026-PESTE-SUINA-AFRICANA-83645-CINGHIALE,FILATTIERA,Toscana,Massa-Carrara,MS,municipality_region,false,44.03540,10.13970,44.330791,9.934823,36.684,true
BENV-2026-PESTE-SUINA-AFRICANA-83909-CINGHIALE,VILLA COLLEMANDINA,Toscana,Lucca,LU,municipality_region,false,43.84290,10.50270,44.158759,10.397742,36.111,true
BENV-2026-PESTE-SUINA-AFRICANA-83911-CINGHIALE,SILLANO GIUNCUGNANO,Toscana,Lucca,LU,municipality_region,false,43.84290,10.50270,44.254506,10.315717,48.146,true
BENV-2026-PESTE-SUINA-AFRICANA-83974-CINGHIALE,MEDESANO,Emilia Romagna,Parma,PR,municipality_region,false,44.80150,10.32790,44.756699,10.140737,15.590,true
BENV-2026-PESTE-SUINA-AFRICANA-84014-CINGHIALE,LICCIANA NARDI,Toscana,Massa-Carrara,MS,municipality_region,false,44.03540,10.13970,44.264900,10.038437,26.768,true
BENV-2026-PESTE-SUINA-AFRICANA-84015-CINGHIALE,CASOLA IN LUNIGIANA,Toscana,Massa-Carrara,MS,municipality_region,false,44.03540,10.13970,44.199961,10.175460,18.520,true
BENV-2026-PESTE-SUINA-AFRICANA-84016-CINGHIALE,PONTREMOLI,Toscana,Massa-Carrara,MS,municipality_region,false,44.03540,10.13970,44.375151,9.878882,43.121,true
BENV-2026-PESTE-SUINA-AFRICANA-84839-CINGHIALE,PONTREMOLI,Toscana,Massa-Carrara,MS,municipality_region,false,44.03540,10.13970,44.375151,9.878882,43.121,true
BENV-2026-PESTE-SUINA-AFRICANA-84643-CINGHIALE,VAGLI SOTTO,Toscana,Lucca,LU,municipality_region,false,43.84290,10.50270,44.109248,10.288795,34.207,true
BENV-2026-PESTE-SUINA-AFRICANA-84654-CINGHIALE,CASTELNUOVO DI GARFAGNANA,Toscana,Lucca,LU,municipality_region,false,43.84290,10.50270,44.110022,10.411786,30.581,true
BENV-2026-PESTE-SUINA-AFRICANA-84662-CINGHIALE,BAGNONE,Toscana,Massa-Carrara,MS,municipality_region,false,44.03540,10.13970,44.314739,9.994655,33.145,true
BENV-2026-PESTE-SUINA-AFRICANA-83229-CINGHIALE,CASOLA IN LUNIGIANA,Toscana,Massa-Carrara,MS,municipality_region,false,44.03540,10.13970,44.199961,10.175460,18.520,true
BENV-2026-PESTE-SUINA-AFRICANA-83239-CINGHIALE,FILATTIERA,Toscana,Massa-Carrara,MS,municipality_region,false,44.03540,10.13970,44.330791,9.934823,36.684,true
BENV-2026-PESTE-SUINA-AFRICANA-83277-CINGHIALE,VAGLI SOTTO,Toscana,Lucca,LU,municipality_region,false,43.84290,10.50270,44.109248,10.288795,34.207,true
BENV-2026-PESTE-SUINA-AFRICANA-83280-CINGHIALE,VAGLI SOTTO,Toscana,Lucca,LU,municipality_region,false,43.84290,10.50270,44.109248,10.288795,34.207,true
BENV-2026-PESTE-SUINA-AFRICANA-83291-CINGHIALE,LICCIANA NARDI,Toscana,Massa-Carrara,MS,municipality_region,false,44.03540,10.13970,44.264900,10.038437,26.768,true
BENV-2026-PESTE-SUINA-AFRICANA-83295-CINGHIALE,BAGNONE,Toscana,Massa-Carrara,MS,municipality_region,false,44.03540,10.13970,44.314739,9.994655,33.145,true
BENV-2026-PESTE-SUINA-AFRICANA-83051-CINGHIALE,MINUCCIANO,Toscana,Lucca,LU,municipality_region,false,43.84290,10.50270,44.170449,10.207592,43.401,true
BENV-2026-PESTE-SUINA-AFRICANA-83075-CINGHIALE,SAN ROMANO IN GARFAGNANA,Toscana,Lucca,LU,municipality_region,false,43.84290,10.50270,44.169669,10.347051,38.408,true
BENV-2026-PESTE-SUINA-AFRICANA-83913-CINGHIALE,SILLANO GIUNCUGNANO,Toscana,Lucca,LU,municipality_region,false,43.84290,10.50270,44.254506,10.315717,48.146,true
BENV-2026-PESTE-SUINA-AFRICANA-83944-CINGHIALE,SILLANO GIUNCUGNANO,Toscana,Lucca,LU,municipality_region,false,43.84290,10.50270,44.254506,10.315717,48.146,true
BENV-2026-PESTE-SUINA-AFRICANA-84981-CINGHIALE,PEZZOLO VALLE UZZONE,Piemonte,Cuneo,CN,municipality_region,false,44.38450,7.54270,44.538740,8.193943,54.455,true
BENV-2026-PESTE-SUINA-AFRICANA-85019-CINGHIALE,PODENZANA,Toscana,Massa-Carrara,MS,municipality_region,false,44.03540,10.13970,44.206248,9.941986,24.698,true
BENV-2026-PESTE-SUINA-AFRICANA-85022-CINGHIALE,FOSDINOVO,Toscana,Massa-Carrara,MS,municipality_region,false,44.03540,10.13970,44.133820,10.018869,14.591,true
BENV-2026-PESTE-SUINA-AFRICANA-85030-CINGHIALE,FIVIZZANO,Toscana,Massa-Carrara,MS,municipality_region,false,44.03540,10.13970,44.238350,10.125990,22.594,true
BENV-2026-PESTE-SUINA-AFRICANA-85061-CINGHIALE,CARRARA,Toscana,Massa-Carrara,MS,municipality_region,false,44.03540,10.13970,44.079180,10.102353,5.710,true
BENV-2026-PESTE-SUINA-AFRICANA-85144-CINGHIALE,BARGA,Toscana,Lucca,LU,municipality_region,false,43.84290,10.50270,44.073918,10.484263,25.730,true
BENV-2026-PESTE-SUINA-AFRICANA-85145-CINGHIALE,BARGA,Toscana,Lucca,LU,municipality_region,false,43.84290,10.50270,44.073918,10.484263,25.730,true
BENV-2026-PESTE-SUINA-AFRICANA-84831-CINGHIALE,FOSCIANDORA,Toscana,Lucca,LU,municipality_region,false,43.84290,10.50270,44.116476,10.459489,30.616,true
BENV-2026-PESTE-SUINA-AFRICANA-84835-CINGHIALE,CAREGGINE,Toscana,Lucca,LU,municipality_region,false,43.84290,10.50270,44.119949,10.325396,33.916,true
BENV-2026-PESTE-SUINA-AFRICANA-84880-CINGHIALE,TRESANA,Toscana,Massa-Carrara,MS,municipality_region,false,44.03540,10.13970,44.254248,9.912885,30.327,true
BENV-2026-PESTE-SUINA-AFRICANA-82840-CINGHIALE,SAN ROMANO IN GARFAGNANA,Toscana,Lucca,LU,municipality_region,false,43.84290,10.50270,44.169669,10.347051,38.408,true
BENV-2026-PESTE-SUINA-AFRICANA-82851-CINGHIALE,MINUCCIANO,Toscana,Lucca,LU,municipality_region,false,43.84290,10.50270,44.170449,10.207592,43.401,true
BENV-2026-PESTE-SUINA-AFRICANA-83743-CINGHIALE,PIAZZA AL SERCHIO,Toscana,Lucca,LU,municipality_region,false,43.84290,10.50270,44.183484,10.300924,41.165,true
BENV-2026-PESTE-SUINA-AFRICANA-83787-CINGHIALE,VAGLI SOTTO,Toscana,Lucca,LU,municipality_region,false,43.84290,10.50270,44.109248,10.288795,34.207,true
BENV-2026-PESTE-SUINA-AFRICANA-83788-CINGHIALE,VAGLI SOTTO,Toscana,Lucca,LU,municipality_region,false,43.84290,10.50270,44.109248,10.288795,34.207,true
BENV-2026-PESTE-SUINA-AFRICANA-83802-CINGHIALE,COMANO,Toscana,Massa-Carrara,MS,municipality_region,false,44.03540,10.13970,44.293540,10.131165,28.712,true
BENV-2026-PESTE-SUINA-AFRICANA-83819-CINGHIALE,VAGLI SOTTO,Toscana,Lucca,LU,municipality_region,false,43.84290,10.50270,44.109248,10.288795,34.207,true
BENV-2026-PESTE-SUINA-AFRICANA-83839-CINGHIALE,LICCIANA NARDI,Toscana,Massa-Carrara,MS,municipality_region,false,44.03540,10.13970,44.264900,10.038437,26.768,true
BENV-2026-PESTE-SUINA-AFRICANA-83643-CINGHIALE,FILATTIERA,Toscana,Massa-Carrara,MS,municipality_region,false,44.03540,10.13970,44.330791,9.934823,36.684,true
BENV-2026-PESTE-SUINA-AFRICANA-84381-CINGHIALE,PONTI,Piemonte,Alessandria,AL,municipality_region,false,44.91320,8.62000,44.627476,8.365390,37.595,true
BENV-2026-PESTE-SUINA-AFRICANA-84409-CINGHIALE,CAMPORGIANO,Toscana,Lucca,LU,municipality_region,false,43.84290,10.50270,44.158056,10.335151,37.519,true
BENV-2026-PESTE-SUINA-AFRICANA-84448-CINGHIALE,SAN ROMANO IN GARFAGNANA,Toscana,Lucca,LU,municipality_region,false,43.84290,10.50270,44.169669,10.347051,38.408,true
BENV-2026-PESTE-SUINA-AFRICANA-84517-CINGHIALE,VILLA COLLEMANDINA,Toscana,Lucca,LU,municipality_region,false,43.84290,10.50270,44.158759,10.397742,36.111,true
BENV-2026-PESTE-SUINA-AFRICANA-84532-CINGHIALE,PIANA CRIXIA,Liguria,Savona,SV,municipality_region,false,44.30910,8.47720,44.486179,8.306101,23.927,true
BENV-2026-PESTE-SUINA-AFRICANA-83446-CINGHIALE,SAN ROMANO IN GARFAGNANA,Toscana,Lucca,LU,municipality_region,false,43.84290,10.50270,44.169669,10.347051,38.408,true
BENV-2026-PESTE-SUINA-AFRICANA-83477-CINGHIALE,VILLA COLLEMANDINA,Toscana,Lucca,LU,municipality_region,false,43.84290,10.50270,44.158759,10.397742,36.111,true
BENV-2026-PESTE-SUINA-AFRICANA-83521-CINGHIALE,PIAZZA AL SERCHIO,Toscana,Lucca,LU,municipality_region,false,43.84290,10.50270,44.183484,10.300924,41.165,true
BENV-2026-PESTE-SUINA-AFRICANA-84228-CINGHIALE,LANGHIRANO,Emilia Romagna,Parma,PR,municipality_region,false,44.80150,10.32790,44.613064,10.266114,21.515,true
BENV-2026-PESTE-SUINA-AFRICANA-84246-CINGHIALE,LANGHIRANO,Emilia Romagna,Parma,PR,municipality_region,false,44.80150,10.32790,44.613064,10.266114,21.515,true
BENV-2026-PESTE-SUINA-AFRICANA-84303-CINGHIALE,SILLANO GIUNCUGNANO,Toscana,Lucca,LU,municipality_region,false,43.84290,10.50270,44.254506,10.315717,48.146,true
BENV-2026-PESTE-SUINA-AFRICANA-84595-CINGHIALE,BAGNONE,Toscana,Massa-Carrara,MS,municipality_region,false,44.03540,10.13970,44.314739,9.994655,33.145,true
BENV-2026-PESTE-SUINA-AFRICANA-84605-CINGHIALE,FOSCIANDORA,Toscana,Lucca,LU,municipality_region,false,43.84290,10.50270,44.116476,10.459489,30.616,true
BENV-2026-PESTE-SUINA-AFRICANA-84647-CINGHIALE,FOSCIANDORA,Toscana,Lucca,LU,municipality_region,false,43.84290,10.50270,44.116476,10.459489,30.616,true
BENV-2026-PESTE-SUINA-AFRICANA-84666-CINGHIALE,PODENZANA,Toscana,Massa-Carrara,MS,municipality_region,false,44.03540,10.13970,44.206248,9.941986,24.698,true
BENV-2026-PESTE-SUINA-AFRICANA-83201-CINGHIALE,BAGNONE,Toscana,Massa-Carrara,MS,municipality_region,false,44.03540,10.13970,44.314739,9.994655,33.145,true
BENV-2026-PESTE-SUINA-AFRICANA-83217-CINGHIALE,VAGLI SOTTO,Toscana,Lucca,LU,municipality_region,false,43.84290,10.50270,44.109248,10.288795,34.207,true
BENV-2026-PESTE-SUINA-AFRICANA-83288-CINGHIALE,MINUCCIANO,Toscana,Lucca,LU,municipality_region,false,43.84290,10.50270,44.170449,10.207592,43.401,true
BENV-2026-PESTE-SUINA-AFRICANA-83338-CINGHIALE,MULAZZO,Toscana,Massa-Carrara,MS,municipality_region,false,44.03540,10.13970,44.315926,9.889626,37.024,true
BENV-2026-PESTE-SUINA-AFRICANA-83350-CINGHIALE,MINUCCIANO,Toscana,Lucca,LU,municipality_region,false,43.84290,10.50270,44.170449,10.207592,43.401,true
BENV-2026-PESTE-SUINA-AFRICANA-83027-CINGHIALE,VILLAFRANCA IN LUNIGIANA,Toscana,Massa-Carrara,MS,municipality_region,false,44.03540,10.13970,44.294670,9.949656,32.572,true
BENV-2026-PESTE-SUINA-AFRICANA-83045-CINGHIALE,SAN ROMANO IN GARFAGNANA,Toscana,Lucca,LU,municipality_region,false,43.84290,10.50270,44.169669,10.347051,38.408,true
BENV-2026-PESTE-SUINA-AFRICANA-83047-CINGHIALE,SAN ROMANO IN GARFAGNANA,Toscana,Lucca,LU,municipality_region,false,43.84290,10.50270,44.169669,10.347051,38.408,true
BENV-2026-PESTE-SUINA-AFRICANA-83055-CINGHIALE,VILLA COLLEMANDINA,Toscana,Lucca,LU,municipality_region,false,43.84290,10.50270,44.158759,10.397742,36.111,true
BENV-2026-PESTE-SUINA-AFRICANA-83073-CINGHIALE,SAN ROMANO IN GARFAGNANA,Toscana,Lucca,LU,municipality_region,false,43.84290,10.50270,44.169669,10.347051,38.408,true
BENV-2026-PESTE-SUINA-AFRICANA-83137-CINGHIALE,SAN ROMANO IN GARFAGNANA,Toscana,Lucca,LU,municipality_region,false,43.84290,10.50270,44.169669,10.347051,38.408,true
BENV-2026-PESTE-SUINA-AFRICANA-83142-CINGHIALE,LICCIANA NARDI,Toscana,Massa-Carrara,MS,municipality_region,false,44.03540,10.13970,44.264900,10.038437,26.768,true
BENV-2026-PESTE-SUINA-AFRICANA-82783-CINGHIALE,VILLA COLLEMANDINA,Toscana,Lucca,LU,municipality_region,false,43.84290,10.50270,44.158759,10.397742,36.111,true
BENV-2026-PESTE-SUINA-AFRICANA-85020-CINGHIALE,FIVIZZANO,Toscana,Massa-Carrara,MS,municipality_region,false,44.03540,10.13970,44.238350,10.125990,22.594,true
BENV-2026-PESTE-SUINA-AFRICANA-85050-CINGHIALE,BARGA,Toscana,Lucca,LU,municipality_region,false,43.84290,10.50270,44.073918,10.484263,25.730,true
BENV-2026-PESTE-SUINA-AFRICANA-85077-CINGHIALE,CRAVANZANA,Piemonte,Cuneo,CN,municipality_region,false,44.38450,7.54270,44.574620,8.126185,50.891,true
BENV-2026-PESTE-SUINA-AFRICANA-85142-CINGHIALE,VAGLI SOTTO,Toscana,Lucca,LU,municipality_region,false,43.84290,10.50270,44.109248,10.288795,34.207,true
BENV-2026-PESTE-SUINA-AFRICANA-84714-CINGHIALE,PONTI,Piemonte,Alessandria,AL,municipality_region,false,44.91320,8.62000,44.627476,8.365390,37.595,true
BENV-2026-PESTE-SUINA-AFRICANA-84830-CINGHIALE,VAGLI SOTTO,Toscana,Lucca,LU,municipality_region,false,43.84290,10.50270,44.109248,10.288795,34.207,true
BENV-2026-PESTE-SUINA-AFRICANA-84953-CINGHIALE,PODENZANA,Toscana,Massa-Carrara,MS,municipality_region,false,44.03540,10.13970,44.206248,9.941986,24.698,true
BENV-2026-PESTE-SUINA-AFRICANA-82844-CINGHIALE,SAN ROMANO IN GARFAGNANA,Toscana,Lucca,LU,municipality_region,false,43.84290,10.50270,44.169669,10.347051,38.408,true
BENV-2026-PESTE-SUINA-AFRICANA-83024-CINGHIALE,MULAZZO,Toscana,Massa-Carrara,MS,municipality_region,false,44.03540,10.13970,44.315926,9.889626,37.024,true
BENV-2026-PESTE-SUINA-AFRICANA-83699-CINGHIALE,CAMPORGIANO,Toscana,Lucca,LU,municipality_region,false,43.84290,10.50270,44.158056,10.335151,37.519,true
BENV-2026-PESTE-SUINA-AFRICANA-83742-CINGHIALE,SAN ROMANO IN GARFAGNANA,Toscana,Lucca,LU,municipality_region,false,43.84290,10.50270,44.169669,10.347051,38.408,true
BENV-2026-PESTE-SUINA-AFRICANA-83745-CINGHIALE,SAN ROMANO IN GARFAGNANA,Toscana,Lucca,LU,municipality_region,false,43.84290,10.50270,44.169669,10.347051,38.408,true
BENV-2026-PESTE-SUINA-AFRICANA-83757-CINGHIALE,MULAZZO,Toscana,Massa-Carrara,MS,municipality_region,false,44.03540,10.13970,44.315926,9.889626,37.024,true
BENV-2026-PESTE-SUINA-AFRICANA-83541-CINGHIALE,CORNIGLIO,Emilia Romagna,Parma,PR,municipality_region,false,44.80150,10.32790,44.475900,10.088926,40.845,true
BENV-2026-PESTE-SUINA-AFRICANA-83588-CINGHIALE,VILLA COLLEMANDINA,Toscana,Lucca,LU,municipality_region,false,43.84290,10.50270,44.158759,10.397742,36.111,true
BENV-2026-PESTE-SUINA-AFRICANA-83646-CINGHIALE,MULAZZO,Toscana,Massa-Carrara,MS,municipality_region,false,44.03540,10.13970,44.315926,9.889626,37.024,true
BENV-2026-PESTE-SUINA-AFRICANA-83686-CINGHIALE,CAREGGINE,Toscana,Lucca,LU,municipality_region,false,43.84290,10.50270,44.119949,10.325396,33.916,true
BENV-2026-PESTE-SUINA-AFRICANA-84382-CINGHIALE,PONTI,Piemonte,Alessandria,AL,municipality_region,false,44.91320,8.62000,44.627476,8.365390,37.595,true
BENV-2026-PESTE-SUINA-AFRICANA-83436-CINGHIALE,VILLAFRANCA IN LUNIGIANA,Toscana,Massa-Carrara,MS,municipality_region,false,44.03540,10.13970,44.294670,9.949656,32.572,true
BENV-2026-PESTE-SUINA-AFRICANA-83485-CINGHIALE,CAMPORGIANO,Toscana,Lucca,LU,municipality_region,false,43.84290,10.50270,44.158056,10.335151,37.519,true
BENV-2026-PESTE-SUINA-AFRICANA-84220-CINGHIALE,CAMPORGIANO,Toscana,Lucca,LU,municipality_region,false,43.84290,10.50270,44.158056,10.335151,37.519,true
BENV-2026-PESTE-SUINA-AFRICANA-84222-CINGHIALE,CAMPORGIANO,Toscana,Lucca,LU,municipality_region,false,43.84290,10.50270,44.158056,10.335151,37.519,true
BENV-2026-PESTE-SUINA-AFRICANA-84244-CINGHIALE,VAGLI SOTTO,Toscana,Lucca,LU,municipality_region,false,43.84290,10.50270,44.109248,10.288795,34.207,true
BENV-2026-PESTE-SUINA-AFRICANA-84353-CINGHIALE,PIANA CRIXIA,Liguria,Savona,SV,municipality_region,false,44.30910,8.47720,44.486179,8.306101,23.927,true
BENV-2026-PESTE-SUINA-AFRICANA-84573-CINGHIALE,FOSCIANDORA,Toscana,Lucca,LU,municipality_region,false,43.84290,10.50270,44.116476,10.459489,30.616,true
BENV-2026-PESTE-SUINA-AFRICANA-84580-CINGHIALE,VILLA MINOZZO,Emilia Romagna,Reggio nell'Emilia,RE,municipality_region,false,44.69890,10.62970,44.365056,10.465995,39.324,true
BENV-2026-PESTE-SUINA-AFRICANA-84585-CINGHIALE,LICCIANA NARDI,Toscana,Massa-Carrara,MS,municipality_region,false,44.03540,10.13970,44.264900,10.038437,26.768,true
BENV-2026-PESTE-SUINA-AFRICANA-84607-CINGHIALE,FOSCIANDORA,Toscana,Lucca,LU,municipality_region,false,43.84290,10.50270,44.116476,10.459489,30.616,true
BENV-2026-PESTE-SUINA-AFRICANA-84644-CINGHIALE,VAGLI SOTTO,Toscana,Lucca,LU,municipality_region,false,43.84290,10.50270,44.109248,10.288795,34.207,true
BENV-2026-PESTE-SUINA-AFRICANA-84660-CINGHIALE,BAGNONE,Toscana,Massa-Carrara,MS,municipality_region,false,44.03540,10.13970,44.314739,9.994655,33.145,true
BENV-2026-PESTE-SUINA-AFRICANA-84663-CINGHIALE,BAGNONE,Toscana,Massa-Carrara,MS,municipality_region,false,44.03540,10.13970,44.314739,9.994655,33.145,true
BENV-2026-PESTE-SUINA-AFRICANA-83225-CINGHIALE,VENTASSO,Emilia Romagna,Reggio nell'Emilia,RE,municipality_region,false,44.69890,10.62970,44.368830,10.269310,46.509,true
BENV-2026-PESTE-SUINA-AFRICANA-83286-CINGHIALE,PIAZZA AL SERCHIO,Toscana,Lucca,LU,municipality_region,false,43.84290,10.50270,44.183484,10.300924,41.165,true
BENV-2026-PESTE-SUINA-AFRICANA-83340-CINGHIALE,FILATTIERA,Toscana,Massa-Carrara,MS,municipality_region,false,44.03540,10.13970,44.330791,9.934823,36.684,true
BENV-2026-PESTE-SUINA-AFRICANA-83341-CINGHIALE,MULAZZO,Toscana,Massa-Carrara,MS,municipality_region,false,44.03540,10.13970,44.315926,9.889626,37.024,true
BENV-2026-PESTE-SUINA-AFRICANA-83074-CINGHIALE,MINUCCIANO,Toscana,Lucca,LU,municipality_region,false,43.84290,10.50270,44.170449,10.207592,43.401,true
BENV-2026-PESTE-SUINA-AFRICANA-83907-CINGHIALE,PIAZZA AL SERCHIO,Toscana,Lucca,LU,municipality_region,false,43.84290,10.50270,44.183484,10.300924,41.165,true
BENV-2026-PESTE-SUINA-AFRICANA-83945-CINGHIALE,MINUCCIANO,Toscana,Lucca,LU,municipality_region,false,43.84290,10.50270,44.170449,10.207592,43.401,true
BENV-2026-PESTE-SUINA-AFRICANA-85250-CINGHIALE,ARGUELLO,Piemonte,Cuneo,CN,municipality_region,false,44.38450,7.54270,44.582740,8.110840,50.173,true
BENV-2026-PESTE-SUINA-AFRICANA-84380-CINGHIALE,PONTI,Piemonte,Alessandria,AL,municipality_region,false,44.91320,8.62000,44.627476,8.365390,37.595,true
BENV-2026-PESTE-SUINA-AFRICANA-84447-CINGHIALE,CASTIGLIONE DI GARFAGNANA,Toscana,Lucca,LU,municipality_region,false,43.84290,10.50270,44.149950,10.410897,34.923,true
BENV-2026-PESTE-SUINA-AFRICANA-84478-CINGHIALE,MEDESANO,Emilia Romagna,Parma,PR,municipality_region,false,44.80150,10.32790,44.756699,10.140737,15.590,true
BENV-2026-PESTE-SUINA-AFRICANA-83353-CINGHIALE,VILLA COLLEMANDINA,Toscana,Lucca,LU,municipality_region,false,43.84290,10.50270,44.158759,10.397742,36.111,true
BENV-2026-PESTE-SUINA-AFRICANA-83483-CINGHIALE,VILLA COLLEMANDINA,Toscana,Lucca,LU,municipality_region,false,43.84290,10.50270,44.158759,10.397742,36.111,true
BENV-2026-PESTE-SUINA-AFRICANA-84267-CINGHIALE,COMANO,Toscana,Massa-Carrara,MS,municipality_region,false,44.03540,10.13970,44.293540,10.131165,28.712,true
BENV-2026-PESTE-SUINA-AFRICANA-84307-CINGHIALE,PIAZZA AL SERCHIO,Toscana,Lucca,LU,municipality_region,false,43.84290,10.50270,44.183484,10.300924,41.165,true
BENV-2026-PESTE-SUINA-AFRICANA-83651-CINGHIALE,FIORENZUOLA D\'ARDA,Emilia Romagna,Piacenza,PC,municipality_region,false,45.05260,9.69340,44.928084,9.910722,21.995,true
BENV-2026-PESTE-SUINA-AFRICANA-84579-CINGHIALE,CASTELNUOVO DI GARFAGNANA,Toscana,Lucca,LU,municipality_region,false,43.84290,10.50270,44.110022,10.411786,30.581,true
BENV-2026-PESTE-SUINA-AFRICANA-84588-CINGHIALE,PIANA CRIXIA,Liguria,Savona,SV,municipality_region,false,44.30910,8.47720,44.486179,8.306101,23.927,true
BENV-2026-PESTE-SUINA-AFRICANA-84593-CINGHIALE,BAGNONE,Toscana,Massa-Carrara,MS,municipality_region,false,44.03540,10.13970,44.314739,9.994655,33.145,true
BENV-2026-PESTE-SUINA-AFRICANA-83205-CINGHIALE,LICCIANA NARDI,Toscana,Massa-Carrara,MS,municipality_region,false,44.03540,10.13970,44.264900,10.038437,26.768,true
BENV-2026-PESTE-SUINA-AFRICANA-83279-CINGHIALE,CASTIGLIONE DI GARFAGNANA,Toscana,Lucca,LU,municipality_region,false,43.84290,10.50270,44.149950,10.410897,34.923,true
BENV-2026-PESTE-SUINA-AFRICANA-83331-CINGHIALE,BERCETO,Emilia Romagna,Parma,PR,municipality_region,false,44.80150,10.32790,44.510608,9.989655,41.977,true
BENV-2026-PESTE-SUINA-AFRICANA-83041-CINGHIALE,SAN ROMANO IN GARFAGNANA,Toscana,Lucca,LU,municipality_region,false,43.84290,10.50270,44.169669,10.347051,38.408,true
BENV-2026-PESTE-SUINA-AFRICANA-83079-CINGHIALE,PIAZZA AL SERCHIO,Toscana,Lucca,LU,municipality_region,false,43.84290,10.50270,44.183484,10.300924,41.165,true
BENV-2026-PESTE-SUINA-AFRICANA-83080-CINGHIALE,MINUCCIANO,Toscana,Lucca,LU,municipality_region,false,43.84290,10.50270,44.170449,10.207592,43.401,true
BENV-2026-PESTE-SUINA-AFRICANA-83092-CINGHIALE,BETTOLA,Emilia Romagna,Piacenza,PC,municipality_region,false,45.05260,9.69340,44.776446,9.606280,31.464,true
BENV-2026-PESTE-SUINA-AFRICANA-83106-CINGHIALE,SASSELLO,Liguria,Savona,SV,municipality_region,false,44.30910,8.47720,44.478970,8.490171,18.917,true
BENV-2026-PESTE-SUINA-AFRICANA-82760-CINGHIALE,BAGNONE,Toscana,Massa-Carrara,MS,municipality_region,false,44.03540,10.13970,44.314739,9.994655,33.145,true
BENV-2026-PESTE-SUINA-AFRICANA-82768-CINGHIALE,BAGNONE,Toscana,Massa-Carrara,MS,municipality_region,false,44.03540,10.13970,44.314739,9.994655,33.145,true
BENV-2026-PESTE-SUINA-AFRICANA-84110-CINGHIALE,VAGLI SOTTO,Toscana,Lucca,LU,municipality_region,false,43.84290,10.50270,44.109248,10.288795,34.207,true
BENV-2026-PESTE-SUINA-AFRICANA-84131-CINGHIALE,PODENZANA,Toscana,Massa-Carrara,MS,municipality_region,false,44.03540,10.13970,44.206248,9.941986,24.698,true
BENV-2026-PESTE-SUINA-AFRICANA-83952-CINGHIALE,SILLANO GIUNCUGNANO,Toscana,Lucca,LU,municipality_region,false,43.84290,10.50270,44.254506,10.315717,48.146,true
BENV-2026-PESTE-SUINA-AFRICANA-83977-CINGHIALE,MEDESANO,Emilia Romagna,Parma,PR,municipality_region,false,44.80150,10.32790,44.756699,10.140737,15.590,true
BENV-2026-PESTE-SUINA-AFRICANA-84996-CINGHIALE,CAREGGINE,Toscana,Lucca,LU,municipality_region,false,43.84290,10.50270,44.119949,10.325396,33.916,true
BENV-2026-PESTE-SUINA-AFRICANA-84871-CINGHIALE,FOSCIANDORA,Toscana,Lucca,LU,municipality_region,false,43.84290,10.50270,44.116476,10.459489,30.616,true
BENV-2026-PESTE-SUINA-AFRICANA-84873-CINGHIALE,CASTELNUOVO DI GARFAGNANA,Toscana,Lucca,LU,municipality_region,false,43.84290,10.50270,44.110022,10.411786,30.581,true
BENV-2026-PESTE-SUINA-AFRICANA-84878-CINGHIALE,PODENZANA,Toscana,Massa-Carrara,MS,municipality_region,false,44.03540,10.13970,44.206248,9.941986,24.698,true
BENV-2026-PESTE-SUINA-AFRICANA-82827-CINGHIALE,PONTREMOLI,Toscana,Massa-Carrara,MS,municipality_region,false,44.03540,10.13970,44.375151,9.878882,43.121,true
BENV-2026-PESTE-SUINA-AFRICANA-82882-CINGHIALE,VILLA COLLEMANDINA,Toscana,Lucca,LU,municipality_region,false,43.84290,10.50270,44.158759,10.397742,36.111,true
BENV-2026-PESTE-SUINA-AFRICANA-83693-CINGHIALE,MINUCCIANO,Toscana,Lucca,LU,municipality_region,false,43.84290,10.50270,44.170449,10.207592,43.401,true
BENV-2026-PESTE-SUINA-AFRICANA-83770-CINGHIALE,ALSENO,Emilia Romagna,Piacenza,PC,municipality_region,false,45.05260,9.69340,44.898364,9.961374,27.174,true
BENV-2026-PESTE-SUINA-AFRICANA-83785-CINGHIALE,VILLA COLLEMANDINA,Toscana,Lucca,LU,municipality_region,false,43.84290,10.50270,44.158759,10.397742,36.111,true
BENV-2026-PESTE-SUINA-AFRICANA-83841-CINGHIALE,MONCHIO DELLE CORTI,Emilia Romagna,Parma,PR,municipality_region,false,44.80150,10.32790,44.412955,10.124190,46.116,true
BENV-2026-PESTE-SUINA-AFRICANA-83580-CINGHIALE,COMANO,Toscana,Massa-Carrara,MS,municipality_region,false,44.03540,10.13970,44.293540,10.131165,28.712,true
BENV-2026-PESTE-SUINA-AFRICANA-83581-CINGHIALE,COMANO,Toscana,Massa-Carrara,MS,municipality_region,false,44.03540,10.13970,44.293540,10.131165,28.712,true
BENV-2026-PESTE-SUINA-AFRICANA-83582-CINGHIALE,LICCIANA NARDI,Toscana,Massa-Carrara,MS,municipality_region,false,44.03540,10.13970,44.264900,10.038437,26.768,true
BENV-2026-PESTE-SUINA-AFRICANA-83641-CINGHIALE,FILATTIERA,Toscana,Massa-Carrara,MS,municipality_region,false,44.03540,10.13970,44.330791,9.934823,36.684,true
BENV-2026-PESTE-SUINA-AFRICANA-84450-CINGHIALE,CAMPORGIANO,Toscana,Lucca,LU,municipality_region,false,43.84290,10.50270,44.158056,10.335151,37.519,true
BENV-2026-PESTE-SUINA-AFRICANA-83390-CINGHIALE,LICCIANA NARDI,Toscana,Massa-Carrara,MS,municipality_region,false,44.03540,10.13970,44.264900,10.038437,26.768,true
BENV-2026-PESTE-SUINA-AFRICANA-83487-CINGHIALE,MULAZZO,Toscana,Massa-Carrara,MS,municipality_region,false,44.03540,10.13970,44.315926,9.889626,37.024,true
BENV-2026-PESTE-SUINA-AFRICANA-84309-CINGHIALE,PIAZZA AL SERCHIO,Toscana,Lucca,LU,municipality_region,false,43.84290,10.50270,44.183484,10.300924,41.165,true
BENV-2026-PESTE-SUINA-AFRICANA-84597-CINGHIALE,PODENZANA,Toscana,Massa-Carrara,MS,municipality_region,false,44.03540,10.13970,44.206248,9.941986,24.698,true
BENV-2026-PESTE-SUINA-AFRICANA-84606-CINGHIALE,FOSCIANDORA,Toscana,Lucca,LU,municipality_region,false,43.84290,10.50270,44.116476,10.459489,30.616,true
BENV-2026-PESTE-SUINA-AFRICANA-84661-CINGHIALE,LICCIANA NARDI,Toscana,Massa-Carrara,MS,municipality_region,false,44.03540,10.13970,44.264900,10.038437,26.768,true
BENV-2026-PESTE-SUINA-AFRICANA-83198-CINGHIALE,PONTREMOLI,Toscana,Massa-Carrara,MS,municipality_region,false,44.03540,10.13970,44.375151,9.878882,43.121,true
BENV-2026-PESTE-SUINA-AFRICANA-83202-CINGHIALE,LICCIANA NARDI,Toscana,Massa-Carrara,MS,municipality_region,false,44.03540,10.13970,44.264900,10.038437,26.768,true
BENV-2026-PESTE-SUINA-AFRICANA-83204-CINGHIALE,LICCIANA NARDI,Toscana,Massa-Carrara,MS,municipality_region,false,44.03540,10.13970,44.264900,10.038437,26.768,true
BENV-2026-PESTE-SUINA-AFRICANA-83209-CINGHIALE,MORBELLO,Piemonte,Alessandria,AL,municipality_region,false,44.91320,8.62000,44.590801,8.518387,36.736,true
BENV-2026-PESTE-SUINA-AFRICANA-83216-CINGHIALE,MINUCCIANO,Toscana,Lucca,LU,municipality_region,false,43.84290,10.50270,44.170449,10.207592,43.401,true
BENV-2026-PESTE-SUINA-AFRICANA-83290-CINGHIALE,LICCIANA NARDI,Toscana,Massa-Carrara,MS,municipality_region,false,44.03540,10.13970,44.264900,10.038437,26.768,true
BENV-2026-PESTE-SUINA-AFRICANA-83343-CINGHIALE,VAGLI SOTTO,Toscana,Lucca,LU,municipality_region,false,43.84290,10.50270,44.109248,10.288795,34.207,true
BENV-2026-PESTE-SUINA-AFRICANA-83124-CINGHIALE,VAGLI SOTTO,Toscana,Lucca,LU,municipality_region,false,43.84290,10.50270,44.109248,10.288795,34.207,true
BENV-2026-PESTE-SUINA-AFRICANA-82775-CINGHIALE,SAN ROMANO IN GARFAGNANA,Toscana,Lucca,LU,municipality_region,false,43.84290,10.50270,44.169669,10.347051,38.408,true
BENV-2026-PESTE-SUINA-AFRICANA-84084-CINGHIALE,PALANZANO,Emilia Romagna,Parma,PR,municipality_region,false,44.80150,10.32790,44.437437,10.194462,41.837,true
BENV-2026-PESTE-SUINA-AFRICANA-84107-CINGHIALE,CAMPORGIANO,Toscana,Lucca,LU,municipality_region,false,43.84290,10.50270,44.158056,10.335151,37.519,true
BENV-2026-PESTE-SUINA-AFRICANA-83973-CINGHIALE,PALANZANO,Emilia Romagna,Parma,PR,municipality_region,false,44.80150,10.32790,44.437437,10.194462,41.837,true
BENV-2026-PESTE-SUINA-AFRICANA-83976-CINGHIALE,MEDESANO,Emilia Romagna,Parma,PR,municipality_region,false,44.80150,10.32790,44.756699,10.140737,15.590,true
BENV-2026-PESTE-SUINA-AFRICANA-83978-CINGHIALE,MEDESANO,Emilia Romagna,Parma,PR,municipality_region,false,44.80150,10.32790,44.756699,10.140737,15.590,true
BENV-2026-PESTE-SUINA-AFRICANA-84011-CINGHIALE,CAREGGINE,Toscana,Lucca,LU,municipality_region,false,43.84290,10.50270,44.119949,10.325396,33.916,true
BENV-2026-PESTE-SUINA-AFRICANA-84995-CINGHIALE,CAREGGINE,Toscana,Lucca,LU,municipality_region,false,43.84290,10.50270,44.119949,10.325396,33.916,true
BENV-2026-PESTE-SUINA-AFRICANA-85037-CINGHIALE,FIVIZZANO,Toscana,Massa-Carrara,MS,municipality_region,false,44.03540,10.13970,44.238350,10.125990,22.594,true
BENV-2026-PESTE-SUINA-AFRICANA-84829-CINGHIALE,VAGLI SOTTO,Toscana,Lucca,LU,municipality_region,false,43.84290,10.50270,44.109248,10.288795,34.207,true
BENV-2026-PESTE-SUINA-AFRICANA-84832-CINGHIALE,CAREGGINE,Toscana,Lucca,LU,municipality_region,false,43.84290,10.50270,44.119949,10.325396,33.916,true
BENV-2026-PESTE-SUINA-AFRICANA-84838-CINGHIALE,CASOLA IN LUNIGIANA,Toscana,Massa-Carrara,MS,municipality_region,false,44.03540,10.13970,44.199961,10.175460,18.520,true
BENV-2026-PESTE-SUINA-AFRICANA-82842-CINGHIALE,VAGLI SOTTO,Toscana,Lucca,LU,municipality_region,false,43.84290,10.50270,44.109248,10.288795,34.207,true
BENV-2026-PESTE-SUINA-AFRICANA-82847-CINGHIALE,VILLA COLLEMANDINA,Toscana,Lucca,LU,municipality_region,false,43.84290,10.50270,44.158759,10.397742,36.111,true
BENV-2026-PESTE-SUINA-AFRICANA-83756-CINGHIALE,VILLAFRANCA IN LUNIGIANA,Toscana,Massa-Carrara,MS,municipality_region,false,44.03540,10.13970,44.294670,9.949656,32.572,true
BENV-2026-PESTE-SUINA-AFRICANA-83792-CINGHIALE,VAGLI SOTTO,Toscana,Lucca,LU,municipality_region,false,43.84290,10.50270,44.109248,10.288795,34.207,true
BENV-2026-PESTE-SUINA-AFRICANA-83587-CINGHIALE,MINUCCIANO,Toscana,Lucca,LU,municipality_region,false,43.84290,10.50270,44.170449,10.207592,43.401,true
BENV-2026-PESTE-SUINA-AFRICANA-83640-CINGHIALE,FILATTIERA,Toscana,Massa-Carrara,MS,municipality_region,false,44.03540,10.13970,44.330791,9.934823,36.684,true
BENV-2026-PESTE-SUINA-AFRICANA-83642-CINGHIALE,FILATTIERA,Toscana,Massa-Carrara,MS,municipality_region,false,44.03540,10.13970,44.330791,9.934823,36.684,true
BENV-2026-PESTE-SUINA-AFRICANA-85249-CINGHIALE,CERRETTO LANGHE,Piemonte,Cuneo,CN,municipality_region,false,44.38450,7.54270,44.574839,8.097940,48.872,true
BENV-2026-PESTE-SUINA-AFRICANA-85251-CINGHIALE,ARGUELLO,Piemonte,Cuneo,CN,municipality_region,false,44.38450,7.54270,44.582740,8.110840,50.173,true
BENV-2026-PESTE-SUINA-AFRICANA-84477-CINGHIALE,MEDESANO,Emilia Romagna,Parma,PR,municipality_region,false,44.80150,10.32790,44.756699,10.140737,15.590,true
BENV-2026-PESTE-SUINA-AFRICANA-84479-CINGHIALE,VENTASSO,Emilia Romagna,Reggio nell'Emilia,RE,municipality_region,false,44.69890,10.62970,44.368830,10.269310,46.509,true
BENV-2026-PESTE-SUINA-AFRICANA-84500-CINGHIALE,CASOLA IN LUNIGIANA,Toscana,Massa-Carrara,MS,municipality_region,false,44.03540,10.13970,44.199961,10.175460,18.520,true
BENV-2026-PESTE-SUINA-AFRICANA-84516-CINGHIALE,VILLA COLLEMANDINA,Toscana,Lucca,LU,municipality_region,false,43.84290,10.50270,44.158759,10.397742,36.111,true
BENV-2026-PESTE-SUINA-AFRICANA-83419-CINGHIALE,SALA BAGANZA,Emilia Romagna,Parma,PR,municipality_region,false,44.80150,10.32790,44.713950,10.226334,12.613,true
BENV-2026-PESTE-SUINA-AFRICANA-83481-CINGHIALE,VILLA COLLEMANDINA,Toscana,Lucca,LU,municipality_region,false,43.84290,10.50270,44.158759,10.397742,36.111,true
BENV-2026-PESTE-SUINA-AFRICANA-84243-CINGHIALE,VAGLI SOTTO,Toscana,Lucca,LU,municipality_region,false,43.84290,10.50270,44.109248,10.288795,34.207,true
BENV-2026-PESTE-SUINA-AFRICANA-84254-CINGHIALE,SAN ROMANO IN GARFAGNANA,Toscana,Lucca,LU,municipality_region,false,43.84290,10.50270,44.169669,10.347051,38.408,true
BENV-2026-PESTE-SUINA-AFRICANA-84259-CINGHIALE,PIEVE FOSCIANA,Toscana,Lucca,LU,municipality_region,false,43.84290,10.50270,44.132270,10.410797,33.006,true
BENV-2026-PESTE-SUINA-AFRICANA-84326-CINGHIALE,CASOLA IN LUNIGIANA,Toscana,Massa-Carrara,MS,municipality_region,false,44.03540,10.13970,44.199961,10.175460,18.520,true
BENV-2026-PESTE-SUINA-AFRICANA-83389-CINGHIALE,TRESANA,Toscana,Massa-Carrara,MS,municipality_region,false,44.03540,10.13970,44.254248,9.912885,30.327,true
BENV-2026-PESTE-SUINA-AFRICANA-83437-CINGHIALE,BAGNONE,Toscana,Massa-Carrara,MS,municipality_region,false,44.03540,10.13970,44.314739,9.994655,33.145,true
BENV-2026-PESTE-SUINA-AFRICANA-83444-CINGHIALE,CORNIGLIO,Emilia Romagna,Parma,PR,municipality_region,false,44.80150,10.32790,44.475900,10.088926,40.845,true
BENV-2026-PESTE-SUINA-AFRICANA-83447-CINGHIALE,SAN ROMANO IN GARFAGNANA,Toscana,Lucca,LU,municipality_region,false,43.84290,10.50270,44.169669,10.347051,38.408,true
BENV-2026-PESTE-SUINA-AFRICANA-83502-CINGHIALE,VARANO DE\' MELEGARI,Emilia Romagna,Parma,PR,municipality_region,false,44.80150,10.32790,44.688060,10.011479,27.993,true
BENV-2026-PESTE-SUINA-AFRICANA-83516-CINGHIALE,VENTASSO,Emilia Romagna,Reggio nell'Emilia,RE,municipality_region,false,44.69890,10.62970,44.368830,10.269310,46.509,true
BENV-2026-PESTE-SUINA-AFRICANA-84258-CINGHIALE,PIEVE FOSCIANA,Toscana,Lucca,LU,municipality_region,false,43.84290,10.50270,44.132270,10.410797,33.006,true
BENV-2026-PESTE-SUINA-AFRICANA-84547-CINGHIALE,SASSELLO,Liguria,Savona,SV,municipality_region,false,44.30910,8.47720,44.478970,8.490171,18.917,true
BENV-2026-PESTE-SUINA-AFRICANA-84575-CINGHIALE,CAMPORGIANO,Toscana,Lucca,LU,municipality_region,false,43.84290,10.50270,44.158056,10.335151,37.519,true
BENV-2026-PESTE-SUINA-AFRICANA-84592-CINGHIALE,PODENZANA,Toscana,Massa-Carrara,MS,municipality_region,false,44.03540,10.13970,44.206248,9.941986,24.698,true
BENV-2026-PESTE-SUINA-AFRICANA-84672-CINGHIALE,PODENZANA,Toscana,Massa-Carrara,MS,municipality_region,false,44.03540,10.13970,44.206248,9.941986,24.698,true
BENV-2026-PESTE-SUINA-AFRICANA-83180-CINGHIALE,CORNIGLIO,Emilia Romagna,Parma,PR,municipality_region,false,44.80150,10.32790,44.475900,10.088926,40.845,true
BENV-2026-PESTE-SUINA-AFRICANA-83218-CINGHIALE,VAGLI SOTTO,Toscana,Lucca,LU,municipality_region,false,43.84290,10.50270,44.109248,10.288795,34.207,true
BENV-2026-PESTE-SUINA-AFRICANA-83276-CINGHIALE,VAGLI SOTTO,Toscana,Lucca,LU,municipality_region,false,43.84290,10.50270,44.109248,10.288795,34.207,true
BENV-2026-PESTE-SUINA-AFRICANA-83081-CINGHIALE,LICCIANA NARDI,Toscana,Massa-Carrara,MS,municipality_region,false,44.03540,10.13970,44.264900,10.038437,26.768,true
BENV-2026-PESTE-SUINA-AFRICANA-83105-CINGHIALE,SASSELLO,Liguria,Savona,SV,municipality_region,false,44.30910,8.47720,44.478970,8.490171,18.917,true
BENV-2026-PESTE-SUINA-AFRICANA-83138-CINGHIALE,SAN ROMANO IN GARFAGNANA,Toscana,Lucca,LU,municipality_region,false,43.84290,10.50270,44.169669,10.347051,38.408,true
BENV-2026-PESTE-SUINA-AFRICANA-83161-CINGHIALE,BERCETO,Emilia Romagna,Parma,PR,municipality_region,false,44.80150,10.32790,44.510608,9.989655,41.977,true
BENV-2026-PESTE-SUINA-AFRICANA-82788-CINGHIALE,VILLA COLLEMANDINA,Toscana,Lucca,LU,municipality_region,false,43.84290,10.50270,44.158759,10.397742,36.111,true
BENV-2026-PESTE-SUINA-AFRICANA-84113-CINGHIALE,DEGO,Liguria,Savona,SV,municipality_region,false,44.30910,8.47720,44.443038,8.305947,20.176,true
BENV-2026-PESTE-SUINA-AFRICANA-84132-CINGHIALE,PODENZANA,Toscana,Massa-Carrara,MS,municipality_region,false,44.03540,10.13970,44.206248,9.941986,24.698,true
BENV-2026-PESTE-SUINA-AFRICANA-84135-CINGHIALE,CASTELL\'ARQUATO,Emilia Romagna,Piacenza,PC,municipality_region,false,45.05260,9.69340,44.851180,9.867118,26.239,true
BENV-2026-PESTE-SUINA-AFRICANA-84154-CINGHIALE,PIAZZA AL SERCHIO,Toscana,Lucca,LU,municipality_region,false,43.84290,10.50270,44.183484,10.300924,41.165,true
BENV-2026-PESTE-SUINA-AFRICANA-84158-CINGHIALE,CORNIGLIO,Emilia Romagna,Parma,PR,municipality_region,false,44.80150,10.32790,44.475900,10.088926,40.845,true
BENV-2026-PESTE-SUINA-AFRICANA-83905-CINGHIALE,SILLANO GIUNCUGNANO,Toscana,Lucca,LU,municipality_region,false,43.84290,10.50270,44.254506,10.315717,48.146,true
BENV-2026-PESTE-SUINA-AFRICANA-83912-CINGHIALE,SILLANO GIUNCUGNANO,Toscana,Lucca,LU,municipality_region,false,43.84290,10.50270,44.254506,10.315717,48.146,true
BENV-2026-PESTE-SUINA-AFRICANA-83989-CINGHIALE,BARDI,Emilia Romagna,Parma,PR,municipality_region,false,44.80150,10.32790,44.632211,9.731203,50.766,true
BENV-2026-PESTE-SUINA-AFRICANA-85036-CINGHIALE,LICCIANA NARDI,Toscana,Massa-Carrara,MS,municipality_region,false,44.03540,10.13970,44.264900,10.038437,26.768,true
BENV-2026-PESTE-SUINA-AFRICANA-85141-CINGHIALE,BARGA,Toscana,Lucca,LU,municipality_region,false,43.84290,10.50270,44.073918,10.484263,25.730,true
BENV-2026-PESTE-SUINA-AFRICANA-84828-CINGHIALE,VAGLI SOTTO,Toscana,Lucca,LU,municipality_region,false,43.84290,10.50270,44.109248,10.288795,34.207,true
BENV-2026-PESTE-SUINA-AFRICANA-84877-CINGHIALE,LICCIANA NARDI,Toscana,Massa-Carrara,MS,municipality_region,false,44.03540,10.13970,44.264900,10.038437,26.768,true
BENV-2026-PESTE-SUINA-AFRICANA-84967-CINGHIALE,CAREGGINE,Toscana,Lucca,LU,municipality_region,false,43.84290,10.50270,44.119949,10.325396,33.916,true
BENV-2026-PESTE-SUINA-AFRICANA-82852-CINGHIALE,SAN ROMANO IN GARFAGNANA,Toscana,Lucca,LU,municipality_region,false,43.84290,10.50270,44.169669,10.347051,38.408,true
BENV-2026-PESTE-SUINA-AFRICANA-83697-CINGHIALE,CAMPORGIANO,Toscana,Lucca,LU,municipality_region,false,43.84290,10.50270,44.158056,10.335151,37.519,true
BENV-2026-PESTE-SUINA-AFRICANA-83799-CINGHIALE,MINUCCIANO,Toscana,Lucca,LU,municipality_region,false,43.84290,10.50270,44.170449,10.207592,43.401,true
BENV-2026-PESTE-SUINA-AFRICANA-83680-CINGHIALE,COMANO,Toscana,Massa-Carrara,MS,municipality_region,false,44.03540,10.13970,44.293540,10.131165,28.712,true
BENV-2026-PESTE-SUINA-AFRICANA-85318-CINGHIALE,BARGA,Toscana,Lucca,LU,municipality_region,false,43.84290,10.50270,44.073918,10.484263,25.730,true
BENV-2026-PESTE-SUINA-AFRICANA-84374-CINGHIALE,CAIRO MONTENOTTE,Liguria,Savona,SV,municipality_region,false,44.30910,8.47720,44.399268,8.274561,18.976,true
BENV-2026-PESTE-SUINA-AFRICANA-84385-CINGHIALE,PONTI,Piemonte,Alessandria,AL,municipality_region,false,44.91320,8.62000,44.627476,8.365390,37.595,true
BENV-2026-PESTE-SUINA-AFRICANA-84518-CINGHIALE,VILLA COLLEMANDINA,Toscana,Lucca,LU,municipality_region,false,43.84290,10.50270,44.158759,10.397742,36.111,true
BENV-2026-PESTE-SUINA-AFRICANA-84521-CINGHIALE,PIANA CRIXIA,Liguria,Savona,SV,municipality_region,false,44.30910,8.47720,44.486179,8.306101,23.927,true
BENV-2026-PESTE-SUINA-AFRICANA-83028-CINGHIALE,MINUCCIANO,Toscana,Lucca,LU,municipality_region,false,43.84290,10.50270,44.170449,10.207592,43.401,true
BENV-2026-PESTE-SUINA-AFRICANA-83064-CINGHIALE,SASSELLO,Liguria,Savona,SV,municipality_region,false,44.30910,8.47720,44.478970,8.490171,18.917,true
BENV-2026-PESTE-SUINA-AFRICANA-83132-CINGHIALE,VAGLI SOTTO,Toscana,Lucca,LU,municipality_region,false,43.84290,10.50270,44.109248,10.288795,34.207,true
BENV-2026-PESTE-SUINA-AFRICANA-82778-CINGHIALE,SILLANO GIUNCUGNANO,Toscana,Lucca,LU,municipality_region,false,43.84290,10.50270,44.254506,10.315717,48.146,true
BENV-2026-PESTE-SUINA-AFRICANA-82780-CINGHIALE,VILLA COLLEMANDINA,Toscana,Lucca,LU,municipality_region,false,43.84290,10.50270,44.158759,10.397742,36.111,true
BENV-2026-PESTE-SUINA-AFRICANA-83908-CINGHIALE,VILLA COLLEMANDINA,Toscana,Lucca,LU,municipality_region,false,43.84290,10.50270,44.158759,10.397742,36.111,true
BENV-2026-PESTE-SUINA-AFRICANA-84971-CINGHIALE,CAREGGINE,Toscana,Lucca,LU,municipality_region,false,43.84290,10.50270,44.119949,10.325396,33.916,true
BENV-2026-PESTE-SUINA-AFRICANA-82841-CINGHIALE,SAN ROMANO IN GARFAGNANA,Toscana,Lucca,LU,municipality_region,false,43.84290,10.50270,44.169669,10.347051,38.408,true
BENV-2026-PESTE-SUINA-AFRICANA-83692-CINGHIALE,VAGLI SOTTO,Toscana,Lucca,LU,municipality_region,false,43.84290,10.50270,44.109248,10.288795,34.207,true
BENV-2026-PESTE-SUINA-AFRICANA-83749-CINGHIALE,SASSELLO,Liguria,Savona,SV,municipality_region,false,44.30910,8.47720,44.478970,8.490171,18.917,true
BENV-2026-PESTE-SUINA-AFRICANA-83790-CINGHIALE,VAGLI SOTTO,Toscana,Lucca,LU,municipality_region,false,43.84290,10.50270,44.109248,10.288795,34.207,true
BENV-2026-PESTE-SUINA-AFRICANA-83535-CINGHIALE,VAGLI SOTTO,Toscana,Lucca,LU,municipality_region,false,43.84290,10.50270,44.109248,10.288795,34.207,true
BENV-2026-PESTE-SUINA-AFRICANA-83538-CINGHIALE,MINUCCIANO,Toscana,Lucca,LU,municipality_region,false,43.84290,10.50270,44.170449,10.207592,43.401,true
BENV-2026-PESTE-SUINA-AFRICANA-83578-CINGHIALE,BAGNONE,Toscana,Massa-Carrara,MS,municipality_region,false,44.03540,10.13970,44.314739,9.994655,33.145,true
BENV-2026-PESTE-SUINA-AFRICANA-83589-CINGHIALE,VILLA COLLEMANDINA,Toscana,Lucca,LU,municipality_region,false,43.84290,10.50270,44.158759,10.397742,36.111,true
BENV-2026-PESTE-SUINA-AFRICANA-83599-CINGHIALE,SAN ROMANO IN GARFAGNANA,Toscana,Lucca,LU,municipality_region,false,43.84290,10.50270,44.169669,10.347051,38.408,true
BENV-2026-PESTE-SUINA-AFRICANA-83653-CINGHIALE,VARANO DE\' MELEGARI,Emilia Romagna,Parma,PR,municipality_region,false,44.80150,10.32790,44.688060,10.011479,27.993,true
BENV-2026-PESTE-SUINA-AFRICANA-83654-CINGHIALE,VARANO DE\' MELEGARI,Emilia Romagna,Parma,PR,municipality_region,false,44.80150,10.32790,44.688060,10.011479,27.993,true
BENV-2026-PESTE-SUINA-AFRICANA-83655-CINGHIALE,VARANO DE\' MELEGARI,Emilia Romagna,Parma,PR,municipality_region,false,44.80150,10.32790,44.688060,10.011479,27.993,true
BENV-2026-PESTE-SUINA-AFRICANA-83679-CINGHIALE,LICCIANA NARDI,Toscana,Massa-Carrara,MS,municipality_region,false,44.03540,10.13970,44.264900,10.038437,26.768,true
BENV-2026-PESTE-SUINA-AFRICANA-84442-CINGHIALE,SAN ROMANO IN GARFAGNANA,Toscana,Lucca,LU,municipality_region,false,43.84290,10.50270,44.169669,10.347051,38.408,true
BENV-2026-PESTE-SUINA-AFRICANA-83354-CINGHIALE,VILLA COLLEMANDINA,Toscana,Lucca,LU,municipality_region,false,43.84290,10.50270,44.158759,10.397742,36.111,true
BENV-2026-PESTE-SUINA-AFRICANA-83456-CINGHIALE,FRASSINORO,Emilia Romagna,Modena,MO,municipality_region,false,44.64710,10.92520,44.295555,10.570198,48.182,true
BENV-2026-PESTE-SUINA-AFRICANA-84256-CINGHIALE,SILLANO GIUNCUGNANO,Toscana,Lucca,LU,municipality_region,false,43.84290,10.50270,44.254506,10.315717,48.146,true
BENV-2026-PESTE-SUINA-AFRICANA-84308-CINGHIALE,PIAZZA AL SERCHIO,Toscana,Lucca,LU,municipality_region,false,43.84290,10.50270,44.183484,10.300924,41.165,true
BENV-2026-PESTE-SUINA-AFRICANA-84578-CINGHIALE,FOSCIANDORA,Toscana,Lucca,LU,municipality_region,false,43.84290,10.50270,44.116476,10.459489,30.616,true
BENV-2026-PESTE-SUINA-AFRICANA-84596-CINGHIALE,LICCIANA NARDI,Toscana,Massa-Carrara,MS,municipality_region,false,44.03540,10.13970,44.264900,10.038437,26.768,true
BENV-2026-PESTE-SUINA-AFRICANA-83176-CINGHIALE,CAMPORGIANO,Toscana,Lucca,LU,municipality_region,false,43.84290,10.50270,44.158056,10.335151,37.519,true
BENV-2026-PESTE-SUINA-AFRICANA-83283-CINGHIALE,VAGLI SOTTO,Toscana,Lucca,LU,municipality_region,false,43.84290,10.50270,44.109248,10.288795,34.207,true
BENV-2026-PESTE-SUINA-AFRICANA-85049-CINGHIALE,BARGA,Toscana,Lucca,LU,municipality_region,false,43.84290,10.50270,44.073918,10.484263,25.730,true
BENV-2026-PESTE-SUINA-AFRICANA-85052-CINGHIALE,VILLA COLLEMANDINA,Toscana,Lucca,LU,municipality_region,false,43.84290,10.50270,44.158759,10.397742,36.111,true
BENV-2026-PESTE-SUINA-AFRICANA-85060-CINGHIALE,LICCIANA NARDI,Toscana,Massa-Carrara,MS,municipality_region,false,44.03540,10.13970,44.264900,10.038437,26.768,true
BENV-2026-PESTE-SUINA-AFRICANA-85139-CINGHIALE,CASTELNUOVO DI GARFAGNANA,Toscana,Lucca,LU,municipality_region,false,43.84290,10.50270,44.110022,10.411786,30.581,true
BENV-2026-PESTE-SUINA-AFRICANA-85147-CINGHIALE,COREGLIA ANTELMINELLI,Toscana,Lucca,LU,municipality_region,false,43.84290,10.50270,44.063653,10.525509,24.614,true
BENV-2026-PESTE-SUINA-AFRICANA-84834-CINGHIALE,FOSCIANDORA,Toscana,Lucca,LU,municipality_region,false,43.84290,10.50270,44.116476,10.459489,30.616,true
BENV-2026-PESTE-SUINA-AFRICANA-84837-CINGHIALE,CAREGGINE,Toscana,Lucca,LU,municipality_region,false,43.84290,10.50270,44.119949,10.325396,33.916,true
BENV-2026-PESTE-SUINA-AFRICANA-84920-CINGHIALE,CRAVANZANA,Piemonte,Cuneo,CN,municipality_region,false,44.38450,7.54270,44.574620,8.126185,50.891,true
BENV-2026-PESTE-SUINA-AFRICANA-84940-CINGHIALE,MULAZZO,Toscana,Massa-Carrara,MS,municipality_region,false,44.03540,10.13970,44.315926,9.889626,37.024,true
BENV-2026-PESTE-SUINA-AFRICANA-84949-CINGHIALE,LICCIANA NARDI,Toscana,Massa-Carrara,MS,municipality_region,false,44.03540,10.13970,44.264900,10.038437,26.768,true
BENV-2026-PESTE-SUINA-AFRICANA-84571-CINGHIALE,FOSCIANDORA,Toscana,Lucca,LU,municipality_region,false,43.84290,10.50270,44.116476,10.459489,30.616,true
BENV-2026-PESTE-SUINA-AFRICANA-84577-CINGHIALE,FOSCIANDORA,Toscana,Lucca,LU,municipality_region,false,43.84290,10.50270,44.116476,10.459489,30.616,true
BENV-2026-PESTE-SUINA-AFRICANA-84581-CINGHIALE,VILLA MINOZZO,Emilia Romagna,Reggio nell'Emilia,RE,municipality_region,false,44.69890,10.62970,44.365056,10.465995,39.324,true
BENV-2026-PESTE-SUINA-AFRICANA-83282-CINGHIALE,VAGLI SOTTO,Toscana,Lucca,LU,municipality_region,false,43.84290,10.50270,44.109248,10.288795,34.207,true
BENV-2026-PESTE-SUINA-AFRICANA-83284-CINGHIALE,VAGLI SOTTO,Toscana,Lucca,LU,municipality_region,false,43.84290,10.50270,44.109248,10.288795,34.207,true
BENV-2026-PESTE-SUINA-AFRICANA-83298-CINGHIALE,LUGAGNANO VAL D\'ARDA,Emilia Romagna,Piacenza,PC,municipality_region,false,45.05260,9.69340,44.821994,9.828482,27.759,true
BENV-2026-PESTE-SUINA-AFRICANA-83068-CINGHIALE,SASSELLO,Liguria,Savona,SV,municipality_region,false,44.30910,8.47720,44.478970,8.490171,18.917,true
BENV-2026-PESTE-SUINA-AFRICANA-83108-CINGHIALE,BERCETO,Emilia Romagna,Parma,PR,municipality_region,false,44.80150,10.32790,44.510608,9.989655,41.977,true
BENV-2026-PESTE-SUINA-AFRICANA-83144-CINGHIALE,LICCIANA NARDI,Toscana,Massa-Carrara,MS,municipality_region,false,44.03540,10.13970,44.264900,10.038437,26.768,true
BENV-2026-PESTE-SUINA-AFRICANA-82776-CINGHIALE,MORBELLO,Piemonte,Alessandria,AL,municipality_region,false,44.91320,8.62000,44.590801,8.518387,36.736,true
BENV-2026-PESTE-SUINA-AFRICANA-82777-CINGHIALE,CAMPORGIANO,Toscana,Lucca,LU,municipality_region,false,43.84290,10.50270,44.158056,10.335151,37.519,true
BENV-2026-PESTE-SUINA-AFRICANA-84032-CINGHIALE,SASSELLO,Liguria,Savona,SV,municipality_region,false,44.30910,8.47720,44.478970,8.490171,18.917,true
BENV-2026-PESTE-SUINA-AFRICANA-84044-CINGHIALE,DEGO,Liguria,Savona,SV,municipality_region,false,44.30910,8.47720,44.443038,8.305947,20.176,true
BENV-2026-PESTE-SUINA-AFRICANA-83875-CINGHIALE,MEDESANO,Emilia Romagna,Parma,PR,municipality_region,false,44.80150,10.32790,44.756699,10.140737,15.590,true
BENV-2026-PESTE-SUINA-AFRICANA-83901-CINGHIALE,MEDESANO,Emilia Romagna,Parma,PR,municipality_region,false,44.80150,10.32790,44.756699,10.140737,15.590,true
BENV-2026-PESTE-SUINA-AFRICANA-83946-CINGHIALE,CAREGGINE,Toscana,Lucca,LU,municipality_region,false,43.84290,10.50270,44.119949,10.325396,33.916,true
BENV-2026-PESTE-SUINA-AFRICANA-84970-CINGHIALE,CAREGGINE,Toscana,Lucca,LU,municipality_region,false,43.84290,10.50270,44.119949,10.325396,33.916,true
BENV-2026-PESTE-SUINA-AFRICANA-82877-CINGHIALE,SASSELLO,Liguria,Savona,SV,municipality_region,false,44.30910,8.47720,44.478970,8.490171,18.917,true
BENV-2026-PESTE-SUINA-AFRICANA-83814-CINGHIALE,PIAZZA AL SERCHIO,Toscana,Lucca,LU,municipality_region,false,43.84290,10.50270,44.183484,10.300924,41.165,true
BENV-2026-PESTE-SUINA-AFRICANA-83818-CINGHIALE,VILLA COLLEMANDINA,Toscana,Lucca,LU,municipality_region,false,43.84290,10.50270,44.158759,10.397742,36.111,true
BENV-2026-PESTE-SUINA-AFRICANA-83820-CINGHIALE,SAN ROMANO IN GARFAGNANA,Toscana,Lucca,LU,municipality_region,false,43.84290,10.50270,44.169669,10.347051,38.408,true
BENV-2026-PESTE-SUINA-AFRICANA-83537-CINGHIALE,MINUCCIANO,Toscana,Lucca,LU,municipality_region,false,43.84290,10.50270,44.170449,10.207592,43.401,true
BENV-2026-PESTE-SUINA-AFRICANA-85231-CINGHIALE,BARGA,Toscana,Lucca,LU,municipality_region,false,43.84290,10.50270,44.073918,10.484263,25.730,true
BENV-2026-PESTE-SUINA-AFRICANA-85314-SUINO,COMANO,Toscana,Massa-Carrara,MS,municipality_region,false,44.03540,10.13970,44.293540,10.131165,28.712,true
BENV-2026-PESTE-SUINA-AFRICANA-84378-CINGHIALE,MINUCCIANO,Toscana,Lucca,LU,municipality_region,false,43.84290,10.50270,44.170449,10.207592,43.401,true
BENV-2026-PESTE-SUINA-AFRICANA-84408-CINGHIALE,SAN ROMANO IN GARFAGNANA,Toscana,Lucca,LU,municipality_region,false,43.84290,10.50270,44.169669,10.347051,38.408,true
BENV-2026-PESTE-SUINA-AFRICANA-84456-CINGHIALE,CAMPORGIANO,Toscana,Lucca,LU,municipality_region,false,43.84290,10.50270,44.158056,10.335151,37.519,true
BENV-2026-PESTE-SUINA-AFRICANA-84460-CINGHIALE,BAGNONE,Toscana,Massa-Carrara,MS,municipality_region,false,44.03540,10.13970,44.314739,9.994655,33.145,true
BENV-2026-PESTE-SUINA-AFRICANA-84461-CINGHIALE,TRESANA,Toscana,Massa-Carrara,MS,municipality_region,false,44.03540,10.13970,44.254248,9.912885,30.327,true
BENV-2026-PESTE-SUINA-AFRICANA-83394-CINGHIALE,SAN ROMANO IN GARFAGNANA,Toscana,Lucca,LU,municipality_region,false,43.84290,10.50270,44.169669,10.347051,38.408,true
BENV-2026-PESTE-SUINA-AFRICANA-83397-CINGHIALE,CASTELL\'ARQUATO,Emilia Romagna,Piacenza,PC,municipality_region,false,45.05260,9.69340,44.851180,9.867118,26.239,true
BENV-2026-PESTE-SUINA-AFRICANA-83440-CINGHIALE,COMANO,Toscana,Massa-Carrara,MS,municipality_region,false,44.03540,10.13970,44.293540,10.131165,28.712,true
BENV-2026-PESTE-SUINA-AFRICANA-83445-CINGHIALE,VILLA COLLEMANDINA,Toscana,Lucca,LU,municipality_region,false,43.84290,10.50270,44.158759,10.397742,36.111,true
BENV-2026-PESTE-SUINA-AFRICANA-83482-CINGHIALE,PIAZZA AL SERCHIO,Toscana,Lucca,LU,municipality_region,false,43.84290,10.50270,44.183484,10.300924,41.165,true
BENV-2026-PESTE-SUINA-AFRICANA-83514-CINGHIALE,CASTELL\'ARQUATO,Emilia Romagna,Piacenza,PC,municipality_region,false,45.05260,9.69340,44.851180,9.867118,26.239,true
BENV-2026-PESTE-SUINA-AFRICANA-83522-CINGHIALE,VILLA COLLEMANDINA,Toscana,Lucca,LU,municipality_region,false,43.84290,10.50270,44.158759,10.397742,36.111,true
BENV-2026-PESTE-SUINA-AFRICANA-84221-CINGHIALE,CAREGGINE,Toscana,Lucca,LU,municipality_region,false,43.84290,10.50270,44.119949,10.325396,33.916,true
BENV-2026-PESTE-SUINA-AFRICANA-84278-CINGHIALE,PIANA CRIXIA,Liguria,Savona,SV,municipality_region,false,44.30910,8.47720,44.486179,8.306101,23.927,true
BENV-2026-PESTE-SUINA-AFRICANA-84285-CINGHIALE,BUBBIO,Piemonte,Asti,AT,municipality_region,false,44.90080,8.20660,44.663673,8.295134,27.278,true
BENV-2026-PESTE-SUINA-AFRICANA-84306-CINGHIALE,CAMPORGIANO,Toscana,Lucca,LU,municipality_region,false,43.84290,10.50270,44.158056,10.335151,37.519,true
BENV-2026-PESTE-SUINA-AFRICANA-84310-CINGHIALE,PIAZZA AL SERCHIO,Toscana,Lucca,LU,municipality_region,false,43.84290,10.50270,44.183484,10.300924,41.165,true
BENV-2026-PESTE-SUINA-AFRICANA-83140-CINGHIALE,PONTI,Piemonte,Alessandria,AL,municipality_region,false,44.91320,8.62000,44.627476,8.365390,37.595,true
BENV-2026-PESTE-SUINA-AFRICANA-83141-CINGHIALE,LICCIANA NARDI,Toscana,Massa-Carrara,MS,municipality_region,false,44.03540,10.13970,44.264900,10.038437,26.768,true
BENV-2026-PESTE-SUINA-AFRICANA-82739-CINGHIALE,CASOLA IN LUNIGIANA,Toscana,Massa-Carrara,MS,municipality_region,false,44.03540,10.13970,44.199961,10.175460,18.520,true
BENV-2026-PESTE-SUINA-AFRICANA-82744-CINGHIALE,VILLA COLLEMANDINA,Toscana,Lucca,LU,municipality_region,false,43.84290,10.50270,44.158759,10.397742,36.111,true
BENV-2026-PESTE-SUINA-AFRICANA-82774-CINGHIALE,SAN ROMANO IN GARFAGNANA,Toscana,Lucca,LU,municipality_region,false,43.84290,10.50270,44.169669,10.347051,38.408,true
BENV-2026-PESTE-SUINA-AFRICANA-82784-CINGHIALE,SAN ROMANO IN GARFAGNANA,Toscana,Lucca,LU,municipality_region,false,43.84290,10.50270,44.169669,10.347051,38.408,true
BENV-2026-PESTE-SUINA-AFRICANA-82786-CINGHIALE,VILLA COLLEMANDINA,Toscana,Lucca,LU,municipality_region,false,43.84290,10.50270,44.158759,10.397742,36.111,true
BENV-2026-PESTE-SUINA-AFRICANA-84065-CINGHIALE,MEDESANO,Emilia Romagna,Parma,PR,municipality_region,false,44.80150,10.32790,44.756699,10.140737,15.590,true
BENV-2026-PESTE-SUINA-AFRICANA-84101-CINGHIALE,TRESANA,Toscana,Massa-Carrara,MS,municipality_region,false,44.03540,10.13970,44.254248,9.912885,30.327,true
BENV-2026-PESTE-SUINA-AFRICANA-84108-CINGHIALE,VAGLI SOTTO,Toscana,Lucca,LU,municipality_region,false,43.84290,10.50270,44.109248,10.288795,34.207,true
BENV-2026-PESTE-SUINA-AFRICANA-83914-CINGHIALE,CASTELNUOVO DI GARFAGNANA,Toscana,Lucca,LU,municipality_region,false,43.84290,10.50270,44.110022,10.411786,30.581,true
BENV-2026-PESTE-SUINA-AFRICANA-84007-CINGHIALE,CAMPORGIANO,Toscana,Lucca,LU,municipality_region,false,43.84290,10.50270,44.158056,10.335151,37.519,true
BENV-2026-PESTE-SUINA-AFRICANA-84012-CINGHIALE,PODENZANA,Toscana,Massa-Carrara,MS,municipality_region,false,44.03540,10.13970,44.206248,9.941986,24.698,true
BENV-2026-PESTE-SUINA-AFRICANA-85127-CINGHIALE,LICCIANA NARDI,Toscana,Massa-Carrara,MS,municipality_region,false,44.03540,10.13970,44.264900,10.038437,26.768,true
BENV-2026-PESTE-SUINA-AFRICANA-85146-CINGHIALE,CAREGGINE,Toscana,Lucca,LU,municipality_region,false,43.84290,10.50270,44.119949,10.325396,33.916,true
BENV-2026-PESTE-SUINA-AFRICANA-85150-CINGHIALE,CAREGGINE,Toscana,Lucca,LU,municipality_region,false,43.84290,10.50270,44.119949,10.325396,33.916,true
BENV-2026-PESTE-SUINA-AFRICANA-83022-CINGHIALE,COMANO,Toscana,Massa-Carrara,MS,municipality_region,false,44.03540,10.13970,44.293540,10.131165,28.712,true
BENV-2026-PESTE-SUINA-AFRICANA-83747-CINGHIALE,MEDESANO,Emilia Romagna,Parma,PR,municipality_region,false,44.80150,10.32790,44.756699,10.140737,15.590,true
BENV-2026-PESTE-SUINA-AFRICANA-83817-CINGHIALE,PIAZZA AL SERCHIO,Toscana,Lucca,LU,municipality_region,false,43.84290,10.50270,44.183484,10.300924,41.165,true
BENV-2026-PESTE-SUINA-AFRICANA-83825-CINGHIALE,SASSELLO,Liguria,Savona,SV,municipality_region,false,44.30910,8.47720,44.478970,8.490171,18.917,true
BENV-2026-PESTE-SUINA-AFRICANA-83840-CINGHIALE,COMANO,Toscana,Massa-Carrara,MS,municipality_region,false,44.03540,10.13970,44.293540,10.131165,28.712,true
BENV-2026-PESTE-SUINA-AFRICANA-83598-CINGHIALE,PIAZZA AL SERCHIO,Toscana,Lucca,LU,municipality_region,false,43.84290,10.50270,44.183484,10.300924,41.165,true
BENV-2026-PESTE-SUINA-AFRICANA-83656-CINGHIALE,VARANO DE\' MELEGARI,Emilia Romagna,Parma,PR,municipality_region,false,44.80150,10.32790,44.688060,10.011479,27.993,true
BENV-2026-PESTE-SUINA-AFRICANA-83682-CINGHIALE,CAREGGINE,Toscana,Lucca,LU,municipality_region,false,43.84290,10.50270,44.119949,10.325396,33.916,true
BENV-2026-PESTE-SUINA-AFRICANA-85252-CINGHIALE,ARGUELLO,Piemonte,Cuneo,CN,municipality_region,false,44.38450,7.54270,44.582740,8.110840,50.173,true
BENV-2026-PESTE-SUINA-AFRICANA-85255-CINGHIALE,ARGUELLO,Piemonte,Cuneo,CN,municipality_region,false,44.38450,7.54270,44.582740,8.110840,50.173,true
BENV-2026-PESTE-SUINA-AFRICANA-84388-CINGHIALE,FIDENZA,Emilia Romagna,Parma,PR,municipality_region,false,44.80150,10.32790,44.866522,10.061194,22.239,true
BENV-2026-PESTE-SUINA-AFRICANA-84452-CINGHIALE,CAMPORGIANO,Toscana,Lucca,LU,municipality_region,false,43.84290,10.50270,44.158056,10.335151,37.519,true
BENV-2026-PESTE-SUINA-AFRICANA-83352-CINGHIALE,MINUCCIANO,Toscana,Lucca,LU,municipality_region,false,43.84290,10.50270,44.170449,10.207592,43.401,true
BENV-2026-PESTE-SUINA-AFRICANA-83441-CINGHIALE,COMANO,Toscana,Massa-Carrara,MS,municipality_region,false,44.03540,10.13970,44.293540,10.131165,28.712,true
BENV-2026-PESTE-SUINA-AFRICANA-83443-CINGHIALE,SASSELLO,Liguria,Savona,SV,municipality_region,false,44.30910,8.47720,44.478970,8.490171,18.917,true
BENV-2026-PESTE-SUINA-AFRICANA-83479-CINGHIALE,VILLA COLLEMANDINA,Toscana,Lucca,LU,municipality_region,false,43.84290,10.50270,44.158759,10.397742,36.111,true
BENV-2026-PESTE-SUINA-AFRICANA-83480-CINGHIALE,VAGLI SOTTO,Toscana,Lucca,LU,municipality_region,false,43.84290,10.50270,44.109248,10.288795,34.207,true
BENV-2026-PESTE-SUINA-AFRICANA-84263-SUINO,MONTECHIARO D\'ACQUI,Piemonte,Alessandria,AL,municipality_region,false,44.91320,8.62000,44.594940,8.379570,40.160,true
BENV-2026-PESTE-SUINA-AFRICANA-84576-CINGHIALE,FOSCIANDORA,Toscana,Lucca,LU,municipality_region,false,43.84290,10.50270,44.116476,10.459489,30.616,true
BENV-2026-PESTE-SUINA-AFRICANA-83306-CINGHIALE,SASSELLO,Liguria,Savona,SV,municipality_region,false,44.30910,8.47720,44.478970,8.490171,18.917,true
BENV-2026-PESTE-SUINA-AFRICANA-83333-CINGHIALE,LICCIANA NARDI,Toscana,Massa-Carrara,MS,municipality_region,false,44.03540,10.13970,44.264900,10.038437,26.768,true
BENV-2026-PESTE-SUINA-AFRICANA-83043-CINGHIALE,PIAZZA AL SERCHIO,Toscana,Lucca,LU,municipality_region,false,43.84290,10.50270,44.183484,10.300924,41.165,true
BENV-2026-PESTE-SUINA-AFRICANA-83102-CINGHIALE,SASSELLO,Liguria,Savona,SV,municipality_region,false,44.30910,8.47720,44.478970,8.490171,18.917,true
BENV-2026-PESTE-SUINA-AFRICANA-84574-CINGHIALE,FOSCIANDORA,Toscana,Lucca,LU,municipality_region,false,43.84290,10.50270,44.116476,10.459489,30.616,true
BENV-2026-PESTE-SUINA-AFRICANA-84642-CINGHIALE,CASTELNUOVO DI GARFAGNANA,Toscana,Lucca,LU,municipality_region,false,43.84290,10.50270,44.110022,10.411786,30.581,true
BENV-2026-PESTE-SUINA-AFRICANA-83196-CINGHIALE,MINUCCIANO,Toscana,Lucca,LU,municipality_region,false,43.84290,10.50270,44.170449,10.207592,43.401,true
BENV-2026-PESTE-SUINA-AFRICANA-83203-CINGHIALE,VILLAFRANCA IN LUNIGIANA,Toscana,Massa-Carrara,MS,municipality_region,false,44.03540,10.13970,44.294670,9.949656,32.572,true
BENV-2026-PESTE-SUINA-AFRICANA-83273-CINGHIALE,SPIGNO MONFERRATO,Piemonte,Alessandria,AL,municipality_region,false,44.91320,8.62000,44.543141,8.333946,46.945,true
BENV-2026-PESTE-SUINA-AFRICANA-83287-CINGHIALE,VILLA COLLEMANDINA,Toscana,Lucca,LU,municipality_region,false,43.84290,10.50270,44.158759,10.397742,36.111,true
BENV-2026-PESTE-SUINA-AFRICANA-83029-CINGHIALE,MINUCCIANO,Toscana,Lucca,LU,municipality_region,false,43.84290,10.50270,44.170449,10.207592,43.401,true
BENV-2026-PESTE-SUINA-AFRICANA-83057-CINGHIALE,VAGLI SOTTO,Toscana,Lucca,LU,municipality_region,false,43.84290,10.50270,44.109248,10.288795,34.207,true
BENV-2026-PESTE-SUINA-AFRICANA-83077-CINGHIALE,MINUCCIANO,Toscana,Lucca,LU,municipality_region,false,43.84290,10.50270,44.170449,10.207592,43.401,true
BENV-2026-PESTE-SUINA-AFRICANA-83131-CINGHIALE,CAREGGINE,Toscana,Lucca,LU,municipality_region,false,43.84290,10.50270,44.119949,10.325396,33.916,true
BENV-2026-PESTE-SUINA-AFRICANA-82770-CINGHIALE,PIAZZA AL SERCHIO,Toscana,Lucca,LU,municipality_region,false,43.84290,10.50270,44.183484,10.300924,41.165,true
BENV-2026-PESTE-SUINA-AFRICANA-84033-CINGHIALE,RIVERGARO,Emilia Romagna,Piacenza,PC,municipality_region,false,45.05260,9.69340,44.910251,9.596521,17.567,true
BENV-2026-PESTE-SUINA-AFRICANA-84102-CINGHIALE,FIVIZZANO,Toscana,Massa-Carrara,MS,municipality_region,false,44.03540,10.13970,44.238350,10.125990,22.594,true
BENV-2026-PESTE-SUINA-AFRICANA-84159-CINGHIALE,PALANZANO,Emilia Romagna,Parma,PR,municipality_region,false,44.80150,10.32790,44.437437,10.194462,41.837,true
BENV-2026-PESTE-SUINA-AFRICANA-84160-CINGHIALE,MEDESANO,Emilia Romagna,Parma,PR,municipality_region,false,44.80150,10.32790,44.756699,10.140737,15.590,true
BENV-2026-PESTE-SUINA-AFRICANA-84008-CINGHIALE,VAGLI SOTTO,Toscana,Lucca,LU,municipality_region,false,43.84290,10.50270,44.109248,10.288795,34.207,true
BENV-2026-PESTE-SUINA-AFRICANA-85056-CINGHIALE,FOSDINOVO,Toscana,Massa-Carrara,MS,municipality_region,false,44.03540,10.13970,44.133820,10.018869,14.591,true
BENV-2026-PESTE-SUINA-AFRICANA-84870-CINGHIALE,FOSCIANDORA,Toscana,Lucca,LU,municipality_region,false,43.84290,10.50270,44.116476,10.459489,30.616,true
BENV-2026-PESTE-SUINA-AFRICANA-84875-CINGHIALE,FOSCIANDORA,Toscana,Lucca,LU,municipality_region,false,43.84290,10.50270,44.116476,10.459489,30.616,true
BENV-2026-PESTE-SUINA-AFRICANA-84947-CINGHIALE,MULAZZO,Toscana,Massa-Carrara,MS,municipality_region,false,44.03540,10.13970,44.315926,9.889626,37.024,true
BENV-2026-PESTE-SUINA-AFRICANA-84968-CINGHIALE,CAREGGINE,Toscana,Lucca,LU,municipality_region,false,43.84290,10.50270,44.119949,10.325396,33.916,true
BENV-2026-PESTE-SUINA-AFRICANA-82815-CINGHIALE,CORNIGLIO,Emilia Romagna,Parma,PR,municipality_region,false,44.80150,10.32790,44.475900,10.088926,40.845,true
BENV-2026-PESTE-SUINA-AFRICANA-82843-CINGHIALE,MINUCCIANO,Toscana,Lucca,LU,municipality_region,false,43.84290,10.50270,44.170449,10.207592,43.401,true
BENV-2026-PESTE-SUINA-AFRICANA-82848-CINGHIALE,SILLANO GIUNCUGNANO,Toscana,Lucca,LU,municipality_region,false,43.84290,10.50270,44.254506,10.315717,48.146,true
BENV-2026-PESTE-SUINA-AFRICANA-83755-CINGHIALE,VILLAFRANCA IN LUNIGIANA,Toscana,Massa-Carrara,MS,municipality_region,false,44.03540,10.13970,44.294670,9.949656,32.572,true
BENV-2026-PESTE-SUINA-AFRICANA-83797-CINGHIALE,MULAZZO,Toscana,Massa-Carrara,MS,municipality_region,false,44.03540,10.13970,44.315926,9.889626,37.024,true
BENV-2026-PESTE-SUINA-AFRICANA-83816-CINGHIALE,PIAZZA AL SERCHIO,Toscana,Lucca,LU,municipality_region,false,43.84290,10.50270,44.183484,10.300924,41.165,true
BENV-2026-PESTE-SUINA-AFRICANA-83843-CINGHIALE,FIDENZA,Emilia Romagna,Parma,PR,municipality_region,false,44.80150,10.32790,44.866522,10.061194,22.239,true
BENV-2026-PESTE-SUINA-AFRICANA-83666-CINGHIALE,VARANO DE\' MELEGARI,Emilia Romagna,Parma,PR,municipality_region,false,44.80150,10.32790,44.688060,10.011479,27.993,true
BENV-2026-PESTE-SUINA-AFRICANA-83688-CINGHIALE,CAMPORGIANO,Toscana,Lucca,LU,municipality_region,false,43.84290,10.50270,44.158056,10.335151,37.519,true
BENV-2026-PESTE-SUINA-AFRICANA-83691-CINGHIALE,CAREGGINE,Toscana,Lucca,LU,municipality_region,false,43.84290,10.50270,44.119949,10.325396,33.916,true
BENV-2026-PESTE-SUINA-AFRICANA-85151-CINGHIALE,CAREGGINE,Toscana,Lucca,LU,municipality_region,false,43.84290,10.50270,44.119949,10.325396,33.916,true
BENV-2026-PESTE-SUINA-AFRICANA-84412-CINGHIALE,MEDESANO,Emilia Romagna,Parma,PR,municipality_region,false,44.80150,10.32790,44.756699,10.140737,15.590,true
BENV-2026-PESTE-SUINA-AFRICANA-84462-CINGHIALE,LICCIANA NARDI,Toscana,Massa-Carrara,MS,municipality_region,false,44.03540,10.13970,44.264900,10.038437,26.768,true
BENV-2026-PESTE-SUINA-AFRICANA-83435-CINGHIALE,VILLAFRANCA IN LUNIGIANA,Toscana,Massa-Carrara,MS,municipality_region,false,44.03540,10.13970,44.294670,9.949656,32.572,true
BENV-2026-PESTE-SUINA-AFRICANA-83478-CINGHIALE,CAMPORGIANO,Toscana,Lucca,LU,municipality_region,false,43.84290,10.50270,44.158056,10.335151,37.519,true
BENV-2026-PESTE-SUINA-AFRICANA-84215-CINGHIALE,CAIRO MONTENOTTE,Liguria,Savona,SV,municipality_region,false,44.30910,8.47720,44.399268,8.274561,18.976,true
BENV-2026-PESTE-SUINA-AFRICANA-84314-CINGHIALE,PIEVE FOSCIANA,Toscana,Lucca,LU,municipality_region,false,43.84290,10.50270,44.132270,10.410797,33.006,true
BENV-2026-PESTE-SUINA-AFRICANA-83438-CINGHIALE,BAGNONE,Toscana,Massa-Carrara,MS,municipality_region,false,44.03540,10.13970,44.314739,9.994655,33.145,true
BENV-2026-PESTE-SUINA-AFRICANA-83442-CINGHIALE,BAGNONE,Toscana,Massa-Carrara,MS,municipality_region,false,44.03540,10.13970,44.314739,9.994655,33.145,true
BENV-2026-PESTE-SUINA-AFRICANA-83488-CINGHIALE,MULAZZO,Toscana,Massa-Carrara,MS,municipality_region,false,44.03540,10.13970,44.315926,9.889626,37.024,true
BENV-2026-PESTE-SUINA-AFRICANA-84241-CINGHIALE,SAN ROMANO IN GARFAGNANA,Toscana,Lucca,LU,municipality_region,false,43.84290,10.50270,44.169669,10.347051,38.408,true
BENV-2026-PESTE-SUINA-AFRICANA-84652-CINGHIALE,CAREGGINE,Toscana,Lucca,LU,municipality_region,false,43.84290,10.50270,44.119949,10.325396,33.916,true
BENV-2026-PESTE-SUINA-AFRICANA-84667-CINGHIALE,CASOLA IN LUNIGIANA,Toscana,Massa-Carrara,MS,municipality_region,false,44.03540,10.13970,44.199961,10.175460,18.520,true
BENV-2026-PESTE-SUINA-AFRICANA-83197-CINGHIALE,MINUCCIANO,Toscana,Lucca,LU,municipality_region,false,43.84290,10.50270,44.170449,10.207592,43.401,true
BENV-2026-PESTE-SUINA-AFRICANA-83281-CINGHIALE,MINUCCIANO,Toscana,Lucca,LU,municipality_region,false,43.84290,10.50270,44.170449,10.207592,43.401,true
BENV-2026-PESTE-SUINA-AFRICANA-83285-CINGHIALE,VILLA COLLEMANDINA,Toscana,Lucca,LU,municipality_region,false,43.84290,10.50270,44.158759,10.397742,36.111,true
BENV-2026-PESTE-SUINA-AFRICANA-83294-CINGHIALE,CASOLA IN LUNIGIANA,Toscana,Massa-Carrara,MS,municipality_region,false,44.03540,10.13970,44.199961,10.175460,18.520,true
BENV-2026-PESTE-SUINA-AFRICANA-83308-CINGHIALE,SASSELLO,Liguria,Savona,SV,municipality_region,false,44.30910,8.47720,44.478970,8.490171,18.917,true
BENV-2026-PESTE-SUINA-AFRICANA-83339-CINGHIALE,FILATTIERA,Toscana,Massa-Carrara,MS,municipality_region,false,44.03540,10.13970,44.330791,9.934823,36.684,true
BENV-2026-PESTE-SUINA-AFRICANA-83349-CINGHIALE,PIAZZA AL SERCHIO,Toscana,Lucca,LU,municipality_region,false,43.84290,10.50270,44.183484,10.300924,41.165,true
BENV-2026-PESTE-SUINA-AFRICANA-83030-CINGHIALE,VILLA COLLEMANDINA,Toscana,Lucca,LU,municipality_region,false,43.84290,10.50270,44.158759,10.397742,36.111,true
BENV-2026-PESTE-SUINA-AFRICANA-83143-CINGHIALE,LICCIANA NARDI,Toscana,Massa-Carrara,MS,municipality_region,false,44.03540,10.13970,44.264900,10.038437,26.768,true
BENV-2026-PESTE-SUINA-AFRICANA-82766-CINGHIALE,ZERI,Toscana,Massa-Carrara,MS,municipality_region,false,44.03540,10.13970,44.353717,9.763228,46.407,true
BENV-2026-PESTE-SUINA-AFRICANA-82767-CINGHIALE,BAGNONE,Toscana,Massa-Carrara,MS,municipality_region,false,44.03540,10.13970,44.314739,9.994655,33.145,true
BENV-2026-PESTE-SUINA-AFRICANA-82771-CINGHIALE,VILLA COLLEMANDINA,Toscana,Lucca,LU,municipality_region,false,43.84290,10.50270,44.158759,10.397742,36.111,true
BENV-2026-PESTE-SUINA-AFRICANA-82782-CINGHIALE,VILLA COLLEMANDINA,Toscana,Lucca,LU,municipality_region,false,43.84290,10.50270,44.158759,10.397742,36.111,true
BENV-2026-PESTE-SUINA-AFRICANA-83906-CINGHIALE,SILLANO GIUNCUGNANO,Toscana,Lucca,LU,municipality_region,false,43.84290,10.50270,44.254506,10.315717,48.146,true
BENV-2026-PESTE-SUINA-AFRICANA-83947-CINGHIALE,SILLANO GIUNCUGNANO,Toscana,Lucca,LU,municipality_region,false,43.84290,10.50270,44.254506,10.315717,48.146,true
BENV-2026-PESTE-SUINA-AFRICANA-83948-CINGHIALE,SILLANO GIUNCUGNANO,Toscana,Lucca,LU,municipality_region,false,43.84290,10.50270,44.254506,10.315717,48.146,true
BENV-2026-PESTE-SUINA-AFRICANA-83972-CINGHIALE,MEDESANO,Emilia Romagna,Parma,PR,municipality_region,false,44.80150,10.32790,44.756699,10.140737,15.590,true
BENV-2026-PESTE-SUINA-AFRICANA-85021-CINGHIALE,FIVIZZANO,Toscana,Massa-Carrara,MS,municipality_region,false,44.03540,10.13970,44.238350,10.125990,22.594,true
BENV-2026-PESTE-SUINA-AFRICANA-85023-CINGHIALE,FOSDINOVO,Toscana,Massa-Carrara,MS,municipality_region,false,44.03540,10.13970,44.133820,10.018869,14.591,true
BENV-2026-PESTE-SUINA-AFRICANA-85046-CINGHIALE,LICCIANA NARDI,Toscana,Massa-Carrara,MS,municipality_region,false,44.03540,10.13970,44.264900,10.038437,26.768,true
BENV-2026-PESTE-SUINA-AFRICANA-85051-CINGHIALE,BARGA,Toscana,Lucca,LU,municipality_region,false,43.84290,10.50270,44.073918,10.484263,25.730,true
BENV-2026-PESTE-SUINA-AFRICANA-85148-CINGHIALE,CAREGGINE,Toscana,Lucca,LU,municipality_region,false,43.84290,10.50270,44.119949,10.325396,33.916,true
BENV-2026-PESTE-SUINA-AFRICANA-85149-CINGHIALE,BARGA,Toscana,Lucca,LU,municipality_region,false,43.84290,10.50270,44.073918,10.484263,25.730,true
BENV-2026-PESTE-SUINA-AFRICANA-84946-CINGHIALE,FIVIZZANO,Toscana,Massa-Carrara,MS,municipality_region,false,44.03540,10.13970,44.238350,10.125990,22.594,true
BENV-2026-PESTE-SUINA-AFRICANA-82828-CINGHIALE,FILATTIERA,Toscana,Massa-Carrara,MS,municipality_region,false,44.03540,10.13970,44.330791,9.934823,36.684,true
BENV-2026-PESTE-SUINA-AFRICANA-82849-CINGHIALE,SAN ROMANO IN GARFAGNANA,Toscana,Lucca,LU,municipality_region,false,43.84290,10.50270,44.169669,10.347051,38.408,true
BENV-2026-PESTE-SUINA-AFRICANA-83791-CINGHIALE,VAGLI SOTTO,Toscana,Lucca,LU,municipality_region,false,43.84290,10.50270,44.109248,10.288795,34.207,true
BENV-2026-PESTE-SUINA-AFRICANA-83798-CINGHIALE,MULAZZO,Toscana,Massa-Carrara,MS,municipality_region,false,44.03540,10.13970,44.315926,9.889626,37.024,true
BENV-2026-PESTE-SUINA-AFRICANA-83842-CINGHIALE,FIDENZA,Emilia Romagna,Parma,PR,municipality_region,false,44.80150,10.32790,44.866522,10.061194,22.239,true
BENV-2026-PESTE-SUINA-AFRICANA-83585-CINGHIALE,VAGLI SOTTO,Toscana,Lucca,LU,municipality_region,false,43.84290,10.50270,44.109248,10.288795,34.207,true
BENV-2026-PESTE-SUINA-AFRICANA-83600-CINGHIALE,CASTIGLIONE DI GARFAGNANA,Toscana,Lucca,LU,municipality_region,false,43.84290,10.50270,44.149950,10.410897,34.923,true
BENV-2026-PESTE-SUINA-AFRICANA-83687-CINGHIALE,CAREGGINE,Toscana,Lucca,LU,municipality_region,false,43.84290,10.50270,44.119949,10.325396,33.916,true
BENV-2026-PESTE-SUINA-AFRICANA-84379-CINGHIALE,PIAZZA AL SERCHIO,Toscana,Lucca,LU,municipality_region,false,43.84290,10.50270,44.183484,10.300924,41.165,true
BENV-2026-PESTE-SUINA-AFRICANA-84449-CINGHIALE,CAMPORGIANO,Toscana,Lucca,LU,municipality_region,false,43.84290,10.50270,44.158056,10.335151,37.519,true
BENV-2026-PESTE-SUINA-AFRICANA-84463-CINGHIALE,PODENZANA,Toscana,Massa-Carrara,MS,municipality_region,false,44.03540,10.13970,44.206248,9.941986,24.698,true
BENV-2026-PESTE-SUINA-AFRICANA-84569-CINGHIALE,FOSCIANDORA,Toscana,Lucca,LU,municipality_region,false,43.84290,10.50270,44.116476,10.459489,30.616,true
BENV-2026-PESTE-SUINA-AFRICANA-84570-CINGHIALE,VILLA COLLEMANDINA,Toscana,Lucca,LU,municipality_region,false,43.84290,10.50270,44.158759,10.397742,36.111,true
BENV-2026-PESTE-SUINA-AFRICANA-84653-CINGHIALE,CAREGGINE,Toscana,Lucca,LU,municipality_region,false,43.84290,10.50270,44.119949,10.325396,33.916,true
BENV-2026-PESTE-SUINA-AFRICANA-83178-CINGHIALE,VILLA COLLEMANDINA,Toscana,Lucca,LU,municipality_region,false,43.84290,10.50270,44.158759,10.397742,36.111,true
BENV-2026-PESTE-SUINA-AFRICANA-83199-CINGHIALE,PONTREMOLI,Toscana,Massa-Carrara,MS,municipality_region,false,44.03540,10.13970,44.375151,9.878882,43.121,true
BENV-2026-PESTE-SUINA-AFRICANA-83240-CINGHIALE,FILATTIERA,Toscana,Massa-Carrara,MS,municipality_region,false,44.03540,10.13970,44.330791,9.934823,36.684,true
BENV-2026-PESTE-SUINA-AFRICANA-83243-CINGHIALE,BAGNONE,Toscana,Massa-Carrara,MS,municipality_region,false,44.03540,10.13970,44.314739,9.994655,33.145,true
BENV-2026-PESTE-SUINA-AFRICANA-83275-CINGHIALE,VAGLI SOTTO,Toscana,Lucca,LU,municipality_region,false,43.84290,10.50270,44.109248,10.288795,34.207,true
BENV-2026-PESTE-SUINA-AFRICANA-83309-CINGHIALE,MEDESANO,Emilia Romagna,Parma,PR,municipality_region,false,44.80150,10.32790,44.756699,10.140737,15.590,true
BENV-2026-PESTE-SUINA-AFRICANA-83337-CINGHIALE,VILLAFRANCA IN LUNIGIANA,Toscana,Massa-Carrara,MS,municipality_region,false,44.03540,10.13970,44.294670,9.949656,32.572,true
BENV-2026-PESTE-SUINA-AFRICANA-83351-CINGHIALE,CAMPORGIANO,Toscana,Lucca,LU,municipality_region,false,43.84290,10.50270,44.158056,10.335151,37.519,true
BENV-2026-PESTE-SUINA-AFRICANA-83026-CINGHIALE,MULAZZO,Toscana,Massa-Carrara,MS,municipality_region,false,44.03540,10.13970,44.315926,9.889626,37.024,true
BENV-2026-PESTE-SUINA-AFRICANA-83054-CINGHIALE,SAN ROMANO IN GARFAGNANA,Toscana,Lucca,LU,municipality_region,false,43.84290,10.50270,44.169669,10.347051,38.408,true
BENV-2026-PESTE-SUINA-AFRICANA-84161-CINGHIALE,MEDESANO,Emilia Romagna,Parma,PR,municipality_region,false,44.80150,10.32790,44.756699,10.140737,15.590,true
BENV-2026-PESTE-SUINA-AFRICANA-83915-CINGHIALE,CAREGGINE,Toscana,Lucca,LU,municipality_region,false,43.84290,10.50270,44.119949,10.325396,33.916,true
BENV-2026-PESTE-SUINA-AFRICANA-83927-CINGHIALE,LICCIANA NARDI,Toscana,Massa-Carrara,MS,municipality_region,false,44.03540,10.13970,44.264900,10.038437,26.768,true
BENV-2026-PESTE-SUINA-AFRICANA-83949-CINGHIALE,SAN ROMANO IN GARFAGNANA,Toscana,Lucca,LU,municipality_region,false,43.84290,10.50270,44.169669,10.347051,38.408,true
BENV-2026-PESTE-SUINA-AFRICANA-83950-CINGHIALE,VAGLI SOTTO,Toscana,Lucca,LU,municipality_region,false,43.84290,10.50270,44.109248,10.288795,34.207,true
BENV-2026-PESTE-SUINA-AFRICANA-84006-CINGHIALE,PIAZZA AL SERCHIO,Toscana,Lucca,LU,municipality_region,false,43.84290,10.50270,44.183484,10.300924,41.165,true
BENV-2026-PESTE-SUINA-AFRICANA-85028-CINGHIALE,SEROLE,Piemonte,Asti,AT,municipality_region,false,44.90080,8.20660,44.553887,8.259555,38.801,true
BENV-2026-PESTE-SUINA-AFRICANA-85032-CINGHIALE,LICCIANA NARDI,Toscana,Massa-Carrara,MS,municipality_region,false,44.03540,10.13970,44.264900,10.038437,26.768,true
BENV-2026-PESTE-SUINA-AFRICANA-85038-CINGHIALE,FIVIZZANO,Toscana,Massa-Carrara,MS,municipality_region,false,44.03540,10.13970,44.238350,10.125990,22.594,true
BENV-2026-PESTE-SUINA-AFRICANA-84715-CINGHIALE,MONASTERO BORMIDA,Piemonte,Asti,AT,municipality_region,false,44.90080,8.20660,44.648543,8.326643,29.607,true
BENV-2026-PESTE-SUINA-AFRICANA-84881-CINGHIALE,LICCIANA NARDI,Toscana,Massa-Carrara,MS,municipality_region,false,44.03540,10.13970,44.264900,10.038437,26.768,true
BENV-2026-PESTE-SUINA-AFRICANA-84948-CINGHIALE,LICCIANA NARDI,Toscana,Massa-Carrara,MS,municipality_region,false,44.03540,10.13970,44.264900,10.038437,26.768,true
BENV-2026-PESTE-SUINA-AFRICANA-84950-CINGHIALE,LICCIANA NARDI,Toscana,Massa-Carrara,MS,municipality_region,false,44.03540,10.13970,44.264900,10.038437,26.768,true
BENV-2026-PESTE-SUINA-AFRICANA-84964-CINGHIALE,CAREGGINE,Toscana,Lucca,LU,municipality_region,false,43.84290,10.50270,44.119949,10.325396,33.916,true
BENV-2026-PESTE-SUINA-AFRICANA-82845-CINGHIALE,SAN ROMANO IN GARFAGNANA,Toscana,Lucca,LU,municipality_region,false,43.84290,10.50270,44.169669,10.347051,38.408,true
BENV-2026-PESTE-SUINA-AFRICANA-82853-CINGHIALE,SAN ROMANO IN GARFAGNANA,Toscana,Lucca,LU,municipality_region,false,43.84290,10.50270,44.169669,10.347051,38.408,true
BENV-2026-PESTE-SUINA-AFRICANA-83023-CINGHIALE,COMANO,Toscana,Massa-Carrara,MS,municipality_region,false,44.03540,10.13970,44.293540,10.131165,28.712,true
BENV-2026-PESTE-SUINA-AFRICANA-83721-CINGHIALE,BAGNONE,Toscana,Massa-Carrara,MS,municipality_region,false,44.03540,10.13970,44.314739,9.994655,33.145,true
BENV-2026-PESTE-SUINA-AFRICANA-83789-CINGHIALE,VAGLI SOTTO,Toscana,Lucca,LU,municipality_region,false,43.84290,10.50270,44.109248,10.288795,34.207,true
BENV-2026-PESTE-SUINA-AFRICANA-83822-CINGHIALE,SILLANO GIUNCUGNANO,Toscana,Lucca,LU,municipality_region,false,43.84290,10.50270,44.254506,10.315717,48.146,true
BENV-2026-PESTE-SUINA-AFRICANA-83652-CINGHIALE,CARPANETO PIACENTINO,Emilia Romagna,Piacenza,PC,municipality_region,false,45.05260,9.69340,44.915212,9.788095,16.996,true
BENV-2026-PESTE-SUINA-AFRICANA-84411-CINGHIALE,LANGHIRANO,Emilia Romagna,Parma,PR,municipality_region,false,44.80150,10.32790,44.613064,10.266114,21.515,true
BENV-2026-PESTE-SUINA-AFRICANA-84453-CINGHIALE,SALA BAGANZA,Emilia Romagna,Parma,PR,municipality_region,false,44.80150,10.32790,44.713950,10.226334,12.613,true
BENV-2026-PESTE-SUINA-AFRICANA-84515-CINGHIALE,VILLA COLLEMANDINA,Toscana,Lucca,LU,municipality_region,false,43.84290,10.50270,44.158759,10.397742,36.111,true
BENV-2026-PESTE-SUINA-AFRICANA-83392-CINGHIALE,CAMPORGIANO,Toscana,Lucca,LU,municipality_region,false,43.84290,10.50270,44.158056,10.335151,37.519,true
BENV-2026-PESTE-SUINA-AFRICANA-84245-CINGHIALE,VAGLI SOTTO,Toscana,Lucca,LU,municipality_region,false,43.84290,10.50270,44.109248,10.288795,34.207,true
BENV-2026-PESTE-SUINA-AFRICANA-84266-CINGHIALE,CASOLA IN LUNIGIANA,Toscana,Massa-Carrara,MS,municipality_region,false,44.03540,10.13970,44.199961,10.175460,18.520,true
BENV-2026-PESTE-SUINA-AFRICANA-84312-CINGHIALE,CASTELNUOVO DI GARFAGNANA,Toscana,Lucca,LU,municipality_region,false,43.84290,10.50270,44.110022,10.411786,30.581,true
BENV-2026-PESTE-SUINA-AFRICANA-84313-CINGHIALE,PIEVE FOSCIANA,Toscana,Lucca,LU,municipality_region,false,43.84290,10.50270,44.132270,10.410797,33.006,true
BENV-2026-PESTE-SUINA-AFRICANA-84325-CINGHIALE,CASOLA IN LUNIGIANA,Toscana,Massa-Carrara,MS,municipality_region,false,44.03540,10.13970,44.199961,10.175460,18.520,true
BENV-2026-PESTE-SUINA-AFRICANA-84334-CINGHIALE,FIVIZZANO,Toscana,Massa-Carrara,MS,municipality_region,false,44.03540,10.13970,44.238350,10.125990,22.594,true
BENV-2026-PESTE-SUINA-AFRICANA-84589-CINGHIALE,LICCIANA NARDI,Toscana,Massa-Carrara,MS,municipality_region,false,44.03540,10.13970,44.264900,10.038437,26.768,true
BENV-2026-PESTE-SUINA-AFRICANA-84665-CINGHIALE,BAGNONE,Toscana,Massa-Carrara,MS,municipality_region,false,44.03540,10.13970,44.314739,9.994655,33.145,true
BENV-2026-PESTE-SUINA-AFRICANA-83242-CINGHIALE,MULAZZO,Toscana,Massa-Carrara,MS,municipality_region,false,44.03540,10.13970,44.315926,9.889626,37.024,true
BENV-2026-PESTE-SUINA-AFRICANA-83296-CINGHIALE,FARINI,Emilia Romagna,Piacenza,PC,municipality_region,false,45.05260,9.69340,44.712837,9.569286,39.025,true
BENV-2026-PESTE-SUINA-AFRICANA-83056-CINGHIALE,VAGLI SOTTO,Toscana,Lucca,LU,municipality_region,false,43.84290,10.50270,44.109248,10.288795,34.207,true
BENV-2026-PESTE-SUINA-AFRICANA-83072-CINGHIALE,PIAZZA AL SERCHIO,Toscana,Lucca,LU,municipality_region,false,43.84290,10.50270,44.183484,10.300924,41.165,true
BENV-2026-PESTE-SUINA-AFRICANA-83076-CINGHIALE,FILATTIERA,Toscana,Massa-Carrara,MS,municipality_region,false,44.03540,10.13970,44.330791,9.934823,36.684,true
BENV-2026-PESTE-SUINA-AFRICANA-83078-CINGHIALE,FILATTIERA,Toscana,Massa-Carrara,MS,municipality_region,false,44.03540,10.13970,44.330791,9.934823,36.684,true
BENV-2026-PESTE-SUINA-AFRICANA-83166-CINGHIALE,TRESANA,Toscana,Massa-Carrara,MS,municipality_region,false,44.03540,10.13970,44.254248,9.912885,30.327,true
BENV-2026-PESTE-SUINA-AFRICANA-82772-CINGHIALE,VILLA COLLEMANDINA,Toscana,Lucca,LU,municipality_region,false,43.84290,10.50270,44.158759,10.397742,36.111,true
BENV-2026-PESTE-SUINA-AFRICANA-82785-CINGHIALE,VILLA COLLEMANDINA,Toscana,Lucca,LU,municipality_region,false,43.84290,10.50270,44.158759,10.397742,36.111,true
BENV-2026-PESTE-SUINA-AFRICANA-84017-CINGHIALE,CASOLA IN LUNIGIANA,Toscana,Massa-Carrara,MS,municipality_region,false,44.03540,10.13970,44.199961,10.175460,18.520,true
BENV-2026-PESTE-SUINA-AFRICANA-84112-CINGHIALE,DEGO,Liguria,Savona,SV,municipality_region,false,44.30910,8.47720,44.443038,8.305947,20.176,true
BENV-2026-PESTE-SUINA-AFRICANA-84134-CINGHIALE,ALSENO,Emilia Romagna,Piacenza,PC,municipality_region,false,45.05260,9.69340,44.898364,9.961374,27.174,true
BENV-2026-PESTE-SUINA-AFRICANA-83874-CINGHIALE,FARINI,Emilia Romagna,Piacenza,PC,municipality_region,false,45.05260,9.69340,44.712837,9.569286,39.025,true
BENV-2026-PESTE-SUINA-AFRICANA-83876-CINGHIALE,MEDESANO,Emilia Romagna,Parma,PR,municipality_region,false,44.80150,10.32790,44.756699,10.140737,15.590,true
BENV-2026-PESTE-SUINA-AFRICANA-84009-CINGHIALE,VAGLI SOTTO,Toscana,Lucca,LU,municipality_region,false,43.84290,10.50270,44.109248,10.288795,34.207,true
BENV-2026-PESTE-SUINA-AFRICANA-84013-CINGHIALE,LICCIANA NARDI,Toscana,Massa-Carrara,MS,municipality_region,false,44.03540,10.13970,44.264900,10.038437,26.768,true
BENV-2026-PESTE-SUINA-AFRICANA-84972-CINGHIALE,CAREGGINE,Toscana,Lucca,LU,municipality_region,false,43.84290,10.50270,44.119949,10.325396,33.916,true
BENV-2026-PESTE-SUINA-AFRICANA-85035-CINGHIALE,FIVIZZANO,Toscana,Massa-Carrara,MS,municipality_region,false,44.03540,10.13970,44.238350,10.125990,22.594,true
BENV-2026-PESTE-SUINA-AFRICANA-85053-CINGHIALE,CASTELNUOVO DI GARFAGNANA,Toscana,Lucca,LU,municipality_region,false,43.84290,10.50270,44.110022,10.411786,30.581,true
BENV-2026-PESTE-SUINA-AFRICANA-85054-CINGHIALE,CASTELNUOVO DI GARFAGNANA,Toscana,Lucca,LU,municipality_region,false,43.84290,10.50270,44.110022,10.411786,30.581,true
BENV-2026-PESTE-SUINA-AFRICANA-85057-CINGHIALE,FOSDINOVO,Toscana,Massa-Carrara,MS,municipality_region,false,44.03540,10.13970,44.133820,10.018869,14.591,true
BENV-2026-PESTE-SUINA-AFRICANA-84869-CINGHIALE,FOSCIANDORA,Toscana,Lucca,LU,municipality_region,false,43.84290,10.50270,44.116476,10.459489,30.616,true
BENV-2026-PESTE-SUINA-AFRICANA-84951-CINGHIALE,PODENZANA,Toscana,Massa-Carrara,MS,municipality_region,false,44.03540,10.13970,44.206248,9.941986,24.698,true
BENV-2026-PESTE-SUINA-AFRICANA-84966-CINGHIALE,CAREGGINE,Toscana,Lucca,LU,municipality_region,false,43.84290,10.50270,44.119949,10.325396,33.916,true
BENV-2026-PESTE-SUINA-AFRICANA-82850-CINGHIALE,CAMPORGIANO,Toscana,Lucca,LU,municipality_region,false,43.84290,10.50270,44.158056,10.335151,37.519,true
BENV-2026-PESTE-SUINA-AFRICANA-83725-CINGHIALE,CASTELL\'ARQUATO,Emilia Romagna,Piacenza,PC,municipality_region,false,45.05260,9.69340,44.851180,9.867118,26.239,true
BENV-2026-PESTE-SUINA-AFRICANA-83815-CINGHIALE,PIAZZA AL SERCHIO,Toscana,Lucca,LU,municipality_region,false,43.84290,10.50270,44.183484,10.300924,41.165,true
BENV-2026-PESTE-SUINA-AFRICANA-83539-CINGHIALE,SAN ROMANO IN GARFAGNANA,Toscana,Lucca,LU,municipality_region,false,43.84290,10.50270,44.169669,10.347051,38.408,true
BENV-2026-PESTE-SUINA-AFRICANA-83577-CINGHIALE,BAGNONE,Toscana,Massa-Carrara,MS,municipality_region,false,44.03540,10.13970,44.314739,9.994655,33.145,true
BENV-2026-PESTE-SUINA-AFRICANA-83684-CINGHIALE,PIAZZA AL SERCHIO,Toscana,Lucca,LU,municipality_region,false,43.84290,10.50270,44.183484,10.300924,41.165,true
BENV-2026-PESTE-SUINA-AFRICANA-84414-CINGHIALE,MEDESANO,Emilia Romagna,Parma,PR,municipality_region,false,44.80150,10.32790,44.756699,10.140737,15.590,true
BENV-2026-PESTE-SUINA-AFRICANA-84455-CINGHIALE,CAMPORGIANO,Toscana,Lucca,LU,municipality_region,false,43.84290,10.50270,44.158056,10.335151,37.519,true
BENV-2026-PESTE-SUINA-AFRICANA-84499-CINGHIALE,LICCIANA NARDI,Toscana,Massa-Carrara,MS,municipality_region,false,44.03540,10.13970,44.264900,10.038437,26.768,true
BENV-2026-PESTE-SUINA-AFRICANA-83395-CINGHIALE,MINUCCIANO,Toscana,Lucca,LU,municipality_region,false,43.84290,10.50270,44.170449,10.207592,43.401,true
BENV-2026-PESTE-SUINA-AFRICANA-84305-CINGHIALE,PIAZZA AL SERCHIO,Toscana,Lucca,LU,municipality_region,false,43.84290,10.50270,44.183484,10.300924,41.165,true
BENV-2026-PESTE-SUINA-AFRICANA-84324-CINGHIALE,FIVIZZANO,Toscana,Massa-Carrara,MS,municipality_region,false,44.03540,10.13970,44.238350,10.125990,22.594,true
BENV-2026-PESTE-SUINA-AFRICANA-84356-CINGHIALE,PIANA CRIXIA,Liguria,Savona,SV,municipality_region,false,44.30910,8.47720,44.486179,8.306101,23.927,true
BENV-2026-PESTE-SUINA-AFRICANA-84584-CINGHIALE,COMANO,Toscana,Massa-Carrara,MS,municipality_region,false,44.03540,10.13970,44.293540,10.131165,28.712,true
BENV-2026-PESTE-SUINA-AFRICANA-84646-CINGHIALE,FOSCIANDORA,Toscana,Lucca,LU,municipality_region,false,43.84290,10.50270,44.116476,10.459489,30.616,true
BENV-2026-PESTE-SUINA-AFRICANA-83272-CINGHIALE,SPIGNO MONFERRATO,Piemonte,Alessandria,AL,municipality_region,false,44.91320,8.62000,44.543141,8.333946,46.945,true
BENV-2026-PESTE-SUINA-AFRICANA-83278-CINGHIALE,SAN ROMANO IN GARFAGNANA,Toscana,Lucca,LU,municipality_region,false,43.84290,10.50270,44.169669,10.347051,38.408,true
BENV-2026-PESTE-SUINA-AFRICANA-83307-CINGHIALE,SASSELLO,Liguria,Savona,SV,municipality_region,false,44.30910,8.47720,44.478970,8.490171,18.917,true
BENV-2026-PESTE-SUINA-AFRICANA-83052-CINGHIALE,MINUCCIANO,Toscana,Lucca,LU,municipality_region,false,43.84290,10.50270,44.170449,10.207592,43.401,true
BENV-2026-PESTE-SUINA-AFRICANA-83135-CINGHIALE,VILLA COLLEMANDINA,Toscana,Lucca,LU,municipality_region,false,43.84290,10.50270,44.158759,10.397742,36.111,true
BENV-2026-PESTE-SUINA-AFRICANA-82751-CINGHIALE,VALMOZZOLA,Emilia Romagna,Parma,PR,municipality_region,false,44.80150,10.32790,44.585508,9.869151,43.495,true
BENV-2026-PESTE-SUINA-AFRICANA-82769-CINGHIALE,BAGNONE,Toscana,Massa-Carrara,MS,municipality_region,false,44.03540,10.13970,44.314739,9.994655,33.145,true
BENV-2026-PESTE-SUINA-AFRICANA-82787-CINGHIALE,VILLA COLLEMANDINA,Toscana,Lucca,LU,municipality_region,false,43.84290,10.50270,44.158759,10.397742,36.111,true
BENV-2026-PESTE-SUINA-AFRICANA-84066-CINGHIALE,MEDESANO,Emilia Romagna,Parma,PR,municipality_region,false,44.80150,10.32790,44.756699,10.140737,15.590,true
BENV-2026-PESTE-SUINA-AFRICANA-84136-CINGHIALE,DEGO,Liguria,Savona,SV,municipality_region,false,44.30910,8.47720,44.443038,8.305947,20.176,true
BENV-2026-PESTE-SUINA-AFRICANA-84152-CINGHIALE,MINUCCIANO,Toscana,Lucca,LU,municipality_region,false,43.84290,10.50270,44.170449,10.207592,43.401,true
BENV-2026-PESTE-SUINA-AFRICANA-84165-CINGHIALE,CAIRO MONTENOTTE,Liguria,Savona,SV,municipality_region,false,44.30910,8.47720,44.399268,8.274561,18.976,true
BENV-2026-PESTE-SUINA-AFRICANA-83902-CINGHIALE,CORNIGLIO,Emilia Romagna,Parma,PR,municipality_region,false,44.80150,10.32790,44.475900,10.088926,40.845,true
BENV-2026-PESTE-SUINA-AFRICANA-83910-CINGHIALE,VILLA COLLEMANDINA,Toscana,Lucca,LU,municipality_region,false,43.84290,10.50270,44.158759,10.397742,36.111,true
BENV-2026-PESTE-SUINA-AFRICANA-83975-CINGHIALE,MEDESANO,Emilia Romagna,Parma,PR,municipality_region,false,44.80150,10.32790,44.756699,10.140737,15.590,true
BENV-2026-PESTE-SUINA-AFRICANA-84010-CINGHIALE,CAMPORGIANO,Toscana,Lucca,LU,municipality_region,false,43.84290,10.50270,44.158056,10.335151,37.519,true
BENV-2026-PESTE-SUINA-AFRICANA-84973-CINGHIALE,FOSDINOVO,Toscana,Massa-Carrara,MS,municipality_region,false,44.03540,10.13970,44.133820,10.018869,14.591,true
BENV-2026-PESTE-SUINA-AFRICANA-85055-CINGHIALE,CARRARA,Toscana,Massa-Carrara,MS,municipality_region,false,44.03540,10.13970,44.079180,10.102353,5.710,true
BENV-2026-PESTE-SUINA-AFRICANA-85140-CINGHIALE,CAREGGINE,Toscana,Lucca,LU,municipality_region,false,43.84290,10.50270,44.119949,10.325396,33.916,true
BENV-2026-PESTE-SUINA-AFRICANA-85143-CINGHIALE,VAGLI SOTTO,Toscana,Lucca,LU,municipality_region,false,43.84290,10.50270,44.109248,10.288795,34.207,true
BENV-2026-PESTE-SUINA-AFRICANA-84876-CINGHIALE,COMANO,Toscana,Massa-Carrara,MS,municipality_region,false,44.03540,10.13970,44.293540,10.131165,28.712,true
BENV-2026-PESTE-SUINA-AFRICANA-84963-CINGHIALE,CAREGGINE,Toscana,Lucca,LU,municipality_region,false,43.84290,10.50270,44.119949,10.325396,33.916,true
BENV-2026-PESTE-SUINA-AFRICANA-84965-CINGHIALE,CAREGGINE,Toscana,Lucca,LU,municipality_region,false,43.84290,10.50270,44.119949,10.325396,33.916,true
BENV-2026-PESTE-SUINA-AFRICANA-82804-CINGHIALE,ROMAGNESE,Lombardia,Pavia,PV,municipality_region,false,45.18470,9.15820,44.839480,9.330068,40.695,true
BENV-2026-PESTE-SUINA-AFRICANA-82846-CINGHIALE,VILLA COLLEMANDINA,Toscana,Lucca,LU,municipality_region,false,43.84290,10.50270,44.158759,10.397742,36.111,true
BENV-2026-PESTE-SUINA-AFRICANA-83695-CINGHIALE,VAGLI SOTTO,Toscana,Lucca,LU,municipality_region,false,43.84290,10.50270,44.109248,10.288795,34.207,true
BENV-2026-PESTE-SUINA-AFRICANA-83698-CINGHIALE,VAGLI SOTTO,Toscana,Lucca,LU,municipality_region,false,43.84290,10.50270,44.109248,10.288795,34.207,true
BENV-2026-PESTE-SUINA-AFRICANA-83793-CINGHIALE,VAGLI SOTTO,Toscana,Lucca,LU,municipality_region,false,43.84290,10.50270,44.109248,10.288795,34.207,true
BENV-2026-PESTE-SUINA-AFRICANA-83800-CINGHIALE,VILLA COLLEMANDINA,Toscana,Lucca,LU,municipality_region,false,43.84290,10.50270,44.158759,10.397742,36.111,true
BENV-2026-PESTE-SUINA-AFRICANA-83536-CINGHIALE,SAN ROMANO IN GARFAGNANA,Toscana,Lucca,LU,municipality_region,false,43.84290,10.50270,44.169669,10.347051,38.408,true
BENV-2026-PESTE-SUINA-AFRICANA-83542-CINGHIALE,CORNIGLIO,Emilia Romagna,Parma,PR,municipality_region,false,44.80150,10.32790,44.475900,10.088926,40.845,true
BENV-2026-PESTE-SUINA-AFRICANA-83586-CINGHIALE,VILLA COLLEMANDINA,Toscana,Lucca,LU,municipality_region,false,43.84290,10.50270,44.158759,10.397742,36.111,true
BENV-2026-PESTE-SUINA-AFRICANA-83685-CINGHIALE,VAGLI SOTTO,Toscana,Lucca,LU,municipality_region,false,43.84290,10.50270,44.109248,10.288795,34.207,true
BENV-2026-PESTE-SUINA-AFRICANA-83689-CINGHIALE,CAREGGINE,Toscana,Lucca,LU,municipality_region,false,43.84290,10.50270,44.119949,10.325396,33.916,true
BENV-2026-PESTE-SUINA-AFRICANA-83690-CINGHIALE,CAMPORGIANO,Toscana,Lucca,LU,municipality_region,false,43.84290,10.50270,44.158056,10.335151,37.519,true
BENV-2026-PESTE-SUINA-AFRICANA-85254-CINGHIALE,ARGUELLO,Piemonte,Cuneo,CN,municipality_region,false,44.38450,7.54270,44.582740,8.110840,50.173,true
BENV-2026-PESTE-SUINA-AFRICANA-84443-CINGHIALE,PIAZZA AL SERCHIO,Toscana,Lucca,LU,municipality_region,false,43.84290,10.50270,44.183484,10.300924,41.165,true
BENV-2026-PESTE-SUINA-AFRICANA-84454-CINGHIALE,CAMPORGIANO,Toscana,Lucca,LU,municipality_region,false,43.84290,10.50270,44.158056,10.335151,37.519,true
BENV-2026-PESTE-SUINA-AFRICANA-84457-CINGHIALE,SAN ROMANO IN GARFAGNANA,Toscana,Lucca,LU,municipality_region,false,43.84290,10.50270,44.169669,10.347051,38.408,true
BENV-2026-PESTE-SUINA-AFRICANA-84458-CINGHIALE,PIANA CRIXIA,Liguria,Savona,SV,municipality_region,false,44.30910,8.47720,44.486179,8.306101,23.927,true
BENV-2026-PESTE-SUINA-AFRICANA-84476-CINGHIALE,MEDESANO,Emilia Romagna,Parma,PR,municipality_region,false,44.80150,10.32790,44.756699,10.140737,15.590,true
BENV-2026-PESTE-SUINA-AFRICANA-84255-CINGHIALE,SAN ROMANO IN GARFAGNANA,Toscana,Lucca,LU,municipality_region,false,43.84290,10.50270,44.169669,10.347051,38.408,true
BENV-2026-PESTE-SUINA-AFRICANA-84335-CINGHIALE,FIVIZZANO,Toscana,Massa-Carrara,MS,municipality_region,false,44.03540,10.13970,44.238350,10.125990,22.594,true
BENV-2026-PESTE-SUINA-AFRICANA-83177-CINGHIALE,CAMPORGIANO,Toscana,Lucca,LU,municipality_region,false,43.84290,10.50270,44.158056,10.335151,37.519,true
BENV-2026-PESTE-SUINA-AFRICANA-83241-CINGHIALE,FILATTIERA,Toscana,Massa-Carrara,MS,municipality_region,false,44.03540,10.13970,44.330791,9.934823,36.684,true
BENV-2026-PESTE-SUINA-AFRICANA-83292-CINGHIALE,LICCIANA NARDI,Toscana,Massa-Carrara,MS,municipality_region,false,44.03540,10.13970,44.264900,10.038437,26.768,true
BENV-2026-PESTE-SUINA-AFRICANA-83297-CINGHIALE,LUGAGNANO VAL D\'ARDA,Emilia Romagna,Piacenza,PC,municipality_region,false,45.05260,9.69340,44.821994,9.828482,27.759,true
BENV-2026-PESTE-SUINA-AFRICANA-83053-CINGHIALE,VILLA COLLEMANDINA,Toscana,Lucca,LU,municipality_region,false,43.84290,10.50270,44.158759,10.397742,36.111,true
BENV-2026-PESTE-SUINA-AFRICANA-83107-CINGHIALE,SASSELLO,Liguria,Savona,SV,municipality_region,false,44.30910,8.47720,44.478970,8.490171,18.917,true
BENV-2026-PESTE-SUINA-AFRICANA-83133-CINGHIALE,VAGLI SOTTO,Toscana,Lucca,LU,municipality_region,false,43.84290,10.50270,44.109248,10.288795,34.207,true
BENV-2026-PESTE-SUINA-AFRICANA-84100-CINGHIALE,BAGNONE,Toscana,Massa-Carrara,MS,municipality_region,false,44.03540,10.13970,44.314739,9.994655,33.145,true
BENV-2026-PESTE-SUINA-AFRICANA-83904-CINGHIALE,VILLA COLLEMANDINA,Toscana,Lucca,LU,municipality_region,false,43.84290,10.50270,44.158759,10.397742,36.111,true
BENV-2026-PESTE-SUINA-AFRICANA-83916-CINGHIALE,CAMPORGIANO,Toscana,Lucca,LU,municipality_region,false,43.84290,10.50270,44.158056,10.335151,37.519,true
BENV-2026-PESTE-SUINA-AFRICANA-83951-CINGHIALE,SILLANO GIUNCUGNANO,Toscana,Lucca,LU,municipality_region,false,43.84290,10.50270,44.254506,10.315717,48.146,true
BENV-2026-PESTE-SUINA-AFRICANA-83959-CINGHIALE,DEGO,Liguria,Savona,SV,municipality_region,false,44.30910,8.47720,44.443038,8.305947,20.176,true
BENV-2026-PESTE-SUINA-AFRICANA-85033-CINGHIALE,FIVIZZANO,Toscana,Massa-Carrara,MS,municipality_region,false,44.03540,10.13970,44.238350,10.125990,22.594,true
BENV-2026-PESTE-SUINA-AFRICANA-85058-CINGHIALE,FOSDINOVO,Toscana,Massa-Carrara,MS,municipality_region,false,44.03540,10.13970,44.133820,10.018869,14.591,true
BENV-2026-PESTE-SUINA-AFRICANA-82816-CINGHIALE,CORNIGLIO,Emilia Romagna,Parma,PR,municipality_region,false,44.80150,10.32790,44.475900,10.088926,40.845,true
BENV-2026-PESTE-SUINA-AFRICANA-82865-CINGHIALE,LICCIANA NARDI,Toscana,Massa-Carrara,MS,municipality_region,false,44.03540,10.13970,44.264900,10.038437,26.768,true
BENV-2026-PESTE-SUINA-AFRICANA-82875-CINGHIALE,SASSELLO,Liguria,Savona,SV,municipality_region,false,44.30910,8.47720,44.478970,8.490171,18.917,true
BENV-2026-PESTE-SUINA-AFRICANA-83025-CINGHIALE,MULAZZO,Toscana,Massa-Carrara,MS,municipality_region,false,44.03540,10.13970,44.315926,9.889626,37.024,true
BENV-2026-PESTE-SUINA-AFRICANA-83694-CINGHIALE,MINUCCIANO,Toscana,Lucca,LU,municipality_region,false,43.84290,10.50270,44.170449,10.207592,43.401,true
BENV-2026-PESTE-SUINA-AFRICANA-83783-CINGHIALE,FRASSINORO,Emilia Romagna,Modena,MO,municipality_region,false,44.64710,10.92520,44.295555,10.570198,48.182,true
BENV-2026-PESTE-SUINA-AFRICANA-83821-CINGHIALE,PIAZZA AL SERCHIO,Toscana,Lucca,LU,municipality_region,false,43.84290,10.50270,44.183484,10.300924,41.165,true
BENV-2026-PESTE-SUINA-AFRICANA-83534-CINGHIALE,CASTELNUOVO DI GARFAGNANA,Toscana,Lucca,LU,municipality_region,false,43.84290,10.50270,44.110022,10.411786,30.581,true
BENV-2026-PESTE-SUINA-AFRICANA-83647-CINGHIALE,BAGNONE,Toscana,Massa-Carrara,MS,municipality_region,false,44.03540,10.13970,44.314739,9.994655,33.145,true
BENV-2026-PESTE-SUINA-AFRICANA-83678-CINGHIALE,BAGNONE,Toscana,Massa-Carrara,MS,municipality_region,false,44.03540,10.13970,44.314739,9.994655,33.145,true
BENV-2026-PESTE-SUINA-AFRICANA-83683-CINGHIALE,CAREGGINE,Toscana,Lucca,LU,municipality_region,false,43.84290,10.50270,44.119949,10.325396,33.916,true
BENV-2026-PESTE-SUINA-AFRICANA-84376-CINGHIALE,MINUCCIANO,Toscana,Lucca,LU,municipality_region,false,43.84290,10.50270,44.170449,10.207592,43.401,true
BENV-2026-PESTE-SUINA-AFRICANA-84384-CINGHIALE,PONTI,Piemonte,Alessandria,AL,municipality_region,false,44.91320,8.62000,44.627476,8.365390,37.595,true
BENV-2026-PESTE-SUINA-AFRICANA-84413-CINGHIALE,MEDESANO,Emilia Romagna,Parma,PR,municipality_region,false,44.80150,10.32790,44.756699,10.140737,15.590,true
BENV-2026-PESTE-SUINA-AFRICANA-84501-CINGHIALE,PIANA CRIXIA,Liguria,Savona,SV,municipality_region,false,44.30910,8.47720,44.486179,8.306101,23.927,true
BENV-2026-PESTE-SUINA-AFRICANA-83398-CINGHIALE,MINUCCIANO,Toscana,Lucca,LU,municipality_region,false,43.84290,10.50270,44.170449,10.207592,43.401,true
BENV-2026-PESTE-SUINA-AFRICANA-84242-CINGHIALE,CAMPORGIANO,Toscana,Lucca,LU,municipality_region,false,43.84290,10.50270,44.158056,10.335151,37.519,true
BENV-2026-PESTE-SUINA-AFRICANA-84304-CINGHIALE,CAMPORGIANO,Toscana,Lucca,LU,municipality_region,false,43.84290,10.50270,44.158056,10.335151,37.519,true
BENV-2026-PESTE-SUINA-AFRICANA-84311-CINGHIALE,PIAZZA AL SERCHIO,Toscana,Lucca,LU,municipality_region,false,43.84290,10.50270,44.183484,10.300924,41.165,true
BENV-2026-PESTE-SUINA-AFRICANA-84315-CINGHIALE,PIEVE FOSCIANA,Toscana,Lucca,LU,municipality_region,false,43.84290,10.50270,44.132270,10.410797,33.006,true
BENV-2026-PESTE-SUINA-AFRICANA-84872-CINGHIALE,CASTELNUOVO DI GARFAGNANA,Toscana,Lucca,LU,municipality_region,false,43.84290,10.50270,44.110022,10.411786,30.581,true
BENV-2026-PESTE-SUINA-AFRICANA-84969-CINGHIALE,CAREGGINE,Toscana,Lucca,LU,municipality_region,false,43.84290,10.50270,44.119949,10.325396,33.916,true
BENV-2026-PESTE-SUINA-AFRICANA-82839-CINGHIALE,FIVIZZANO,Toscana,Massa-Carrara,MS,municipality_region,false,44.03540,10.13970,44.238350,10.125990,22.594,true
BENV-2026-PESTE-SUINA-AFRICANA-82854-CINGHIALE,SAN ROMANO IN GARFAGNANA,Toscana,Lucca,LU,municipality_region,false,43.84290,10.50270,44.169669,10.347051,38.408,true
BENV-2026-PESTE-SUINA-AFRICANA-83720-CINGHIALE,BAGNONE,Toscana,Massa-Carrara,MS,municipality_region,false,44.03540,10.13970,44.314739,9.994655,33.145,true
BENV-2026-PESTE-SUINA-AFRICANA-83786-CINGHIALE,VAGLI SOTTO,Toscana,Lucca,LU,municipality_region,false,43.84290,10.50270,44.109248,10.288795,34.207,true
BENV-2026-PESTE-SUINA-AFRICANA-83638-CINGHIALE,BAGNONE,Toscana,Massa-Carrara,MS,municipality_region,false,44.03540,10.13970,44.314739,9.994655,33.145,true
BENV-2026-PESTE-SUINA-AFRICANA-83639-CINGHIALE,TRESANA,Toscana,Massa-Carrara,MS,municipality_region,false,44.03540,10.13970,44.254248,9.912885,30.327,true
BENV-2026-PESTE-SUINA-AFRICANA-83677-CINGHIALE,VILLAFRANCA IN LUNIGIANA,Toscana,Massa-Carrara,MS,municipality_region,false,44.03540,10.13970,44.294670,9.949656,32.572,true
BENV-2026-PESTE-SUINA-AFRICANA-83681-CINGHIALE,MULAZZO,Toscana,Massa-Carrara,MS,municipality_region,false,44.03540,10.13970,44.315926,9.889626,37.024,true
BENV-2026-PESTE-SUINA-AFRICANA-84377-CINGHIALE,CAMPORGIANO,Toscana,Lucca,LU,municipality_region,false,43.84290,10.50270,44.158056,10.335151,37.519,true
BENV-2026-PESTE-SUINA-AFRICANA-84383-CINGHIALE,PONTI,Piemonte,Alessandria,AL,municipality_region,false,44.91320,8.62000,44.627476,8.365390,37.595,true
BENV-2026-PESTE-SUINA-AFRICANA-84407-CINGHIALE,SAN ROMANO IN GARFAGNANA,Toscana,Lucca,LU,municipality_region,false,43.84290,10.50270,44.169669,10.347051,38.408,true
BENV-2026-PESTE-SUINA-AFRICANA-84445-CINGHIALE,CAMPORGIANO,Toscana,Lucca,LU,municipality_region,false,43.84290,10.50270,44.158056,10.335151,37.519,true
BENV-2026-PESTE-SUINA-AFRICANA-84446-CINGHIALE,CAMPORGIANO,Toscana,Lucca,LU,municipality_region,false,43.84290,10.50270,44.158056,10.335151,37.519,true
BENV-2026-PESTE-SUINA-AFRICANA-84451-CINGHIALE,SALA BAGANZA,Emilia Romagna,Parma,PR,municipality_region,false,44.80150,10.32790,44.713950,10.226334,12.613,true
BENV-2026-PESTE-SUINA-AFRICANA-84475-CINGHIALE,MEDESANO,Emilia Romagna,Parma,PR,municipality_region,false,44.80150,10.32790,44.756699,10.140737,15.590,true
BENV-2026-PESTE-SUINA-AFRICANA-84489-CINGHIALE,SAN ROMANO IN GARFAGNANA,Toscana,Lucca,LU,municipality_region,false,43.84290,10.50270,44.169669,10.347051,38.408,true
BENV-2026-PESTE-SUINA-AFRICANA-84523-CINGHIALE,PIANA CRIXIA,Liguria,Savona,SV,municipality_region,false,44.30910,8.47720,44.486179,8.306101,23.927,true
BENV-2026-PESTE-SUINA-AFRICANA-83424-CINGHIALE,COMANO,Toscana,Massa-Carrara,MS,municipality_region,false,44.03540,10.13970,44.293540,10.131165,28.712,true
BENV-2026-PESTE-SUINA-AFRICANA-83469-CINGHIALE,SASSELLO,Liguria,Savona,SV,municipality_region,false,44.30910,8.47720,44.478970,8.490171,18.917,true
BENV-2026-PESTE-SUINA-AFRICANA-83484-CINGHIALE,CAMPORGIANO,Toscana,Lucca,LU,municipality_region,false,43.84290,10.50270,44.158056,10.335151,37.519,true
BENV-2026-PESTE-SUINA-AFRICANA-83518-CINGHIALE,PIAZZA AL SERCHIO,Toscana,Lucca,LU,municipality_region,false,43.84290,10.50270,44.183484,10.300924,41.165,true
BENV-2026-PESTE-SUINA-AFRICANA-83520-CINGHIALE,PIAZZA AL SERCHIO,Toscana,Lucca,LU,municipality_region,false,43.84290,10.50270,44.183484,10.300924,41.165,true
BENV-2026-PESTE-SUINA-AFRICANA-84257-CINGHIALE,SILLANO GIUNCUGNANO,Toscana,Lucca,LU,municipality_region,false,43.84290,10.50270,44.254506,10.315717,48.146,true
BENV-2026-PESTE-SUINA-AFRICANA-84336-CINGHIALE,TRESANA,Toscana,Massa-Carrara,MS,municipality_region,false,44.03540,10.13970,44.254248,9.912885,30.327,true
BENV-2026-PESTE-SUINA-AFRICANA-84572-CINGHIALE,CAMPORGIANO,Toscana,Lucca,LU,municipality_region,false,43.84290,10.50270,44.158056,10.335151,37.519,true
BENV-2026-PESTE-SUINA-AFRICANA-84645-CINGHIALE,VAGLI SOTTO,Toscana,Lucca,LU,municipality_region,false,43.84290,10.50270,44.109248,10.288795,34.207,true
BENV-2026-PESTE-SUINA-AFRICANA-83093-CINGHIALE,BETTOLA,Emilia Romagna,Piacenza,PC,municipality_region,false,45.05260,9.69340,44.776446,9.606280,31.464,true
BENV-2026-PESTE-SUINA-AFRICANA-82721-CINGHIALE,SASSELLO,Liguria,Savona,SV,municipality_region,false,44.30910,8.47720,44.478970,8.490171,18.917,true
BENV-2026-PESTE-SUINA-AFRICANA-84018-CINGHIALE,PODENZANA,Toscana,Massa-Carrara,MS,municipality_region,false,44.03540,10.13970,44.206248,9.941986,24.698,true
BENV-2026-PESTE-SUINA-AFRICANA-84983-CINGHIALE,PEZZOLO VALLE UZZONE,Piemonte,Cuneo,CN,municipality_region,false,44.38450,7.54270,44.538740,8.193943,54.455,true
BENV-2026-PESTE-SUINA-AFRICANA-84997-CINGHIALE,MOLAZZANA,Toscana,Lucca,LU,municipality_region,false,43.84290,10.50270,44.071749,10.417799,26.339,true
BENV-2026-PESTE-SUINA-AFRICANA-84716-CINGHIALE,MONASTERO BORMIDA,Piemonte,Asti,AT,municipality_region,false,44.90080,8.20660,44.648543,8.326643,29.607,true
BENV-2026-PESTE-SUINA-AFRICANA-84836-CINGHIALE,CASTELNUOVO DI GARFAGNANA,Toscana,Lucca,LU,municipality_region,false,43.84290,10.50270,44.110022,10.411786,30.581,true
BENV-2026-PESTE-SUINA-AFRICANA-84879-CINGHIALE,LICCIANA NARDI,Toscana,Massa-Carrara,MS,municipality_region,false,44.03540,10.13970,44.264900,10.038437,26.768,true
BENV-2026-PESTE-SUINA-AFRICANA-84099-CINGHIALE,DEIVA MARINA,Liguria,La Spezia,SP,municipality_region,false,44.10250,9.82410,44.218231,9.520046,27.457,true
BENV-2026-PESTE-SUINA-AFRICANA-84104-CINGHIALE,DEIVA MARINA,Liguria,La Spezia,SP,municipality_region,false,44.10250,9.82410,44.218231,9.520046,27.457,true
BENV-2026-PESTE-SUINA-AFRICANA-84120-CINGHIALE,CAMPOMORONE,Liguria,Genova,GE,municipality_region,false,44.40560,8.94630,44.507337,8.890110,12.160,true
BENV-2026-PESTE-SUINA-AFRICANA-83830-CINGHIALE,CERANESI,Liguria,Genova,GE,municipality_region,false,44.40560,8.94630,44.511270,8.878941,12.909,true
BENV-2026-PESTE-SUINA-AFRICANA-84000-CINGHIALE,RECCO,Liguria,Genova,GE,municipality_region,false,44.40560,8.94630,44.365240,9.146300,16.515,true
BENV-2026-PESTE-SUINA-AFRICANA-84988-CINGHIALE,VENTASSO,Emilia Romagna,Reggio nell'Emilia,RE,municipality_region,false,44.69890,10.62970,44.368830,10.269310,46.509,true
BENV-2026-PESTE-SUINA-AFRICANA-84913-CINGHIALE,PIANA CRIXIA,Liguria,Savona,SV,municipality_region,false,44.30910,8.47720,44.486179,8.306101,23.927,true
BENV-2026-PESTE-SUINA-AFRICANA-85804-CINGHIALE,CENGIO,Liguria,Savona,SV,municipality_region,false,44.30910,8.47720,44.390259,8.207952,23.233,true
BENV-2026-PESTE-SUINA-AFRICANA-85005-CINGHIALE,FELINO,Emilia Romagna,Parma,PR,municipality_region,false,44.80150,10.32790,44.696587,10.237205,13.689,true
BENV-2026-PESTE-SUINA-AFRICANA-85075-CINGHIALE,VENTASSO,Emilia Romagna,Reggio nell'Emilia,RE,municipality_region,false,44.69890,10.62970,44.368830,10.269310,46.509,true
BENV-2026-PESTE-SUINA-AFRICANA-85124-CINGHIALE,FIVIZZANO,Toscana,Massa-Carrara,MS,municipality_region,false,44.03540,10.13970,44.238350,10.125990,22.594,true
BENV-2026-PESTE-SUINA-AFRICANA-85454-CINGHIALE,BAGNONE,Toscana,Massa-Carrara,MS,municipality_region,false,44.03540,10.13970,44.314739,9.994655,33.145,true
BENV-2026-PESTE-SUINA-AFRICANA-85154-CINGHIALE,FIVIZZANO,Toscana,Massa-Carrara,MS,municipality_region,false,44.03540,10.13970,44.238350,10.125990,22.594,true
BENV-2026-PESTE-SUINA-AFRICANA-85263-CINGHIALE,FIVIZZANO,Toscana,Massa-Carrara,MS,municipality_region,false,44.03540,10.13970,44.238350,10.125990,22.594,true
BENV-2026-PESTE-SUINA-AFRICANA-85521-CINGHIALE,PALANZANO,Emilia Romagna,Parma,PR,municipality_region,false,44.80150,10.32790,44.437437,10.194462,41.837,true
BENV-2026-PESTE-SUINA-AFRICANA-85654-CINGHIALE,CALICE AL CORNOVIGLIO,Liguria,La Spezia,SP,municipality_region,false,44.10250,9.82410,44.243152,9.836671,15.672,true
BENV-2026-PESTE-SUINA-AFRICANA-85668-CINGHIALE,VENTASSO,Emilia Romagna,Reggio nell'Emilia,RE,municipality_region,false,44.69890,10.62970,44.368830,10.269310,46.509,true
BENV-2026-PESTE-SUINA-AFRICANA-84483-CINGHIALE,GENOVA,Liguria,Genova,GE,municipality_region,false,44.40560,8.94630,44.407260,8.933862,1.005,true
BENV-2026-PESTE-SUINA-AFRICANA-85771-CINGHIALE,CENGIO,Liguria,Savona,SV,municipality_region,false,44.30910,8.47720,44.390259,8.207952,23.233,true
BENV-2026-PESTE-SUINA-AFRICANA-85916-CINGHIALE,VENTASSO,Emilia Romagna,Reggio nell'Emilia,RE,municipality_region,false,44.69890,10.62970,44.368830,10.269310,46.509,true
BENV-2026-PESTE-SUINA-AFRICANA-83082-CINGHIALE,SERRA RICCO\',Liguria,Genova,GE,municipality_region,false,44.40560,8.94630,44.518713,8.951623,12.585,true
BENV-2026-PESTE-SUINA-AFRICANA-82752-CINGHIALE,ROCCHETTA DI VARA,Liguria,La Spezia,SP,municipality_region,false,44.10250,9.82410,44.251273,9.757284,17.380,true
BENV-2026-PESTE-SUINA-AFRICANA-84043-CINGHIALE,RAPALLO,Liguria,Genova,GE,municipality_region,false,44.40560,8.94630,44.351147,9.229671,23.321,true
BENV-2026-PESTE-SUINA-AFRICANA-85121-CINGHIALE,VARAZZE,Liguria,Savona,SV,municipality_region,false,44.30910,8.47720,44.359300,8.575327,9.595,true
BENV-2026-PESTE-SUINA-AFRICANA-85131-CINGHIALE,MULAZZO,Toscana,Massa-Carrara,MS,municipality_region,false,44.03540,10.13970,44.315926,9.889626,37.024,true
BENV-2026-PESTE-SUINA-AFRICANA-85136-CINGHIALE,PODENZANA,Toscana,Massa-Carrara,MS,municipality_region,false,44.03540,10.13970,44.206248,9.941986,24.698,true
BENV-2026-PESTE-SUINA-AFRICANA-84865-CINGHIALE,GENOVA,Liguria,Genova,GE,municipality_region,false,44.40560,8.94630,44.407260,8.933862,1.005,true
BENV-2026-PESTE-SUINA-AFRICANA-85338-CINGHIALE,MONCHIO DELLE CORTI,Emilia Romagna,Parma,PR,municipality_region,false,44.80150,10.32790,44.412955,10.124190,46.116,true
BENV-2026-PESTE-SUINA-AFRICANA-85486-CINGHIALE,PIANA CRIXIA,Liguria,Savona,SV,municipality_region,false,44.30910,8.47720,44.486179,8.306101,23.927,true
BENV-2026-PESTE-SUINA-AFRICANA-83781-CINGHIALE,BOLANO,Liguria,La Spezia,SP,municipality_region,false,44.10250,9.82410,44.187649,9.895616,11.055,true
BENV-2026-PESTE-SUINA-AFRICANA-83832-CINGHIALE,SERRA RICCO\',Liguria,Genova,GE,municipality_region,false,44.40560,8.94630,44.518713,8.951623,12.585,true
BENV-2026-PESTE-SUINA-AFRICANA-83571-CINGHIALE,CARRO,Liguria,La Spezia,SP,municipality_region,false,44.10250,9.82410,44.272824,9.607479,25.632,true
BENV-2026-PESTE-SUINA-AFRICANA-85194-CINGHIALE,FIVIZZANO,Toscana,Massa-Carrara,MS,municipality_region,false,44.03540,10.13970,44.238350,10.125990,22.594,true
BENV-2026-PESTE-SUINA-AFRICANA-85239-CINGHIALE,VENTASSO,Emilia Romagna,Reggio nell'Emilia,RE,municipality_region,false,44.69890,10.62970,44.368830,10.269310,46.509,true
BENV-2026-PESTE-SUINA-AFRICANA-85260-CINGHIALE,MULAZZO,Toscana,Massa-Carrara,MS,municipality_region,false,44.03540,10.13970,44.315926,9.889626,37.024,true
BENV-2026-PESTE-SUINA-AFRICANA-85506-CINGHIALE,FANANO,Emilia Romagna,Modena,MO,municipality_region,false,44.64710,10.92520,44.207737,10.793837,49.956,true
BENV-2026-PESTE-SUINA-AFRICANA-84484-CINGHIALE,GENOVA,Liguria,Genova,GE,municipality_region,false,44.40560,8.94630,44.407260,8.933862,1.005,true
BENV-2026-PESTE-SUINA-AFRICANA-85872-CINGHIALE,VENTASSO,Emilia Romagna,Reggio nell'Emilia,RE,municipality_region,false,44.69890,10.62970,44.368830,10.269310,46.509,true
BENV-2026-PESTE-SUINA-AFRICANA-85915-CINGHIALE,FANANO,Emilia Romagna,Modena,MO,municipality_region,false,44.64710,10.92520,44.207737,10.793837,49.956,true
BENV-2026-PESTE-SUINA-AFRICANA-83382-CINGHIALE,SERRA RICCO\',Liguria,Genova,GE,municipality_region,false,44.40560,8.94630,44.518713,8.951623,12.585,true
BENV-2026-PESTE-SUINA-AFRICANA-83411-CINGHIALE,ZOAGLI,Liguria,Genova,GE,municipality_region,false,44.40560,8.94630,44.336762,9.266956,26.612,true
BENV-2026-PESTE-SUINA-AFRICANA-84689-CINGHIALE,DEIVA MARINA,Liguria,La Spezia,SP,municipality_region,false,44.10250,9.82410,44.218231,9.520046,27.457,true
BENV-2026-PESTE-SUINA-AFRICANA-83304-CINGHIALE,BEVERINO,Liguria,La Spezia,SP,municipality_region,false,44.10250,9.82410,44.205951,9.785730,11.904,true
BENV-2026-PESTE-SUINA-AFRICANA-82748-CINGHIALE,ROCCHETTA DI VARA,Liguria,La Spezia,SP,municipality_region,false,44.10250,9.82410,44.251273,9.757284,17.380,true
BENV-2026-PESTE-SUINA-AFRICANA-84106-CINGHIALE,DEIVA MARINA,Liguria,La Spezia,SP,municipality_region,false,44.10250,9.82410,44.218231,9.520046,27.457,true
BENV-2026-PESTE-SUINA-AFRICANA-85156-CINGHIALE,FIVIZZANO,Toscana,Massa-Carrara,MS,municipality_region,false,44.03540,10.13970,44.238350,10.125990,22.594,true
BENV-2026-PESTE-SUINA-AFRICANA-85209-CINGHIALE,VENTASSO,Emilia Romagna,Reggio nell'Emilia,RE,municipality_region,false,44.69890,10.62970,44.368830,10.269310,46.509,true
BENV-2026-PESTE-SUINA-AFRICANA-85216-CINGHIALE,GENOVA,Liguria,Genova,GE,municipality_region,false,44.40560,8.94630,44.407260,8.933862,1.005,true
BENV-2026-PESTE-SUINA-AFRICANA-85325-CINGHIALE,FIVIZZANO,Toscana,Massa-Carrara,MS,municipality_region,false,44.03540,10.13970,44.238350,10.125990,22.594,true
BENV-2026-PESTE-SUINA-AFRICANA-85524-CINGHIALE,FIVIZZANO,Toscana,Massa-Carrara,MS,municipality_region,false,44.03540,10.13970,44.238350,10.125990,22.594,true
BENV-2026-PESTE-SUINA-AFRICANA-85568-CINGHIALE,MONCHIO DELLE CORTI,Emilia Romagna,Parma,PR,municipality_region,false,44.80150,10.32790,44.412955,10.124190,46.116,true
BENV-2026-PESTE-SUINA-AFRICANA-85730-CINGHIALE,GENOVA,Liguria,Genova,GE,municipality_region,false,44.40560,8.94630,44.407260,8.933862,1.005,true
BENV-2026-PESTE-SUINA-AFRICANA-85751-CINGHIALE,PALANZANO,Emilia Romagna,Parma,PR,municipality_region,false,44.80150,10.32790,44.437437,10.194462,41.837,true
BENV-2026-PESTE-SUINA-AFRICANA-85765-CINGHIALE,BARGA,Toscana,Lucca,LU,municipality_region,false,43.84290,10.50270,44.073918,10.484263,25.730,true
BENV-2026-PESTE-SUINA-AFRICANA-85885-CINGHIALE,ALSENO,Emilia Romagna,Piacenza,PC,municipality_region,false,45.05260,9.69340,44.898364,9.961374,27.174,true
BENV-2026-PESTE-SUINA-AFRICANA-85886-CINGHIALE,PALANZANO,Emilia Romagna,Parma,PR,municipality_region,false,44.80150,10.32790,44.437437,10.194462,41.837,true
BENV-2026-PESTE-SUINA-AFRICANA-83372-CINGHIALE,SESTA GODANO,Liguria,La Spezia,SP,municipality_region,false,44.10250,9.82410,44.293966,9.675716,24.356,true
BENV-2026-PESTE-SUINA-AFRICANA-84611-CINGHIALE,ZOAGLI,Liguria,Genova,GE,municipality_region,false,44.40560,8.94630,44.336762,9.266956,26.612,true
BENV-2026-PESTE-SUINA-AFRICANA-84615-CINGHIALE,GENOVA,Liguria,Genova,GE,municipality_region,false,44.40560,8.94630,44.407260,8.933862,1.005,true
BENV-2026-PESTE-SUINA-AFRICANA-84710-CINGHIALE,ZOAGLI,Liguria,Genova,GE,municipality_region,false,44.40560,8.94630,44.336762,9.266956,26.612,true
BENV-2026-PESTE-SUINA-AFRICANA-83259-CINGHIALE,ROCCHETTA DI VARA,Liguria,La Spezia,SP,municipality_region,false,44.10250,9.82410,44.251273,9.757284,17.380,true
BENV-2026-PESTE-SUINA-AFRICANA-83088-CINGHIALE,ZIGNAGO,Liguria,La Spezia,SP,municipality_region,false,44.10250,9.82410,44.297246,9.749064,22.466,true
BENV-2026-PESTE-SUINA-AFRICANA-83116-CINGHIALE,AVEGNO,Liguria,Genova,GE,municipality_region,false,44.40560,8.94630,44.391336,9.156316,16.761,true
BENV-2026-PESTE-SUINA-AFRICANA-83122-CINGHIALE,CASTIGLIONE CHIAVARESE,Liguria,Genova,GE,municipality_region,false,44.40560,8.94630,44.274090,9.514675,47.508,true
BENV-2026-PESTE-SUINA-AFRICANA-82764-CINGHIALE,CALICE AL CORNOVIGLIO,Liguria,La Spezia,SP,municipality_region,false,44.10250,9.82410,44.243152,9.836671,15.672,true
BENV-2026-PESTE-SUINA-AFRICANA-84098-CINGHIALE,DEIVA MARINA,Liguria,La Spezia,SP,municipality_region,false,44.10250,9.82410,44.218231,9.520046,27.457,true
BENV-2026-PESTE-SUINA-AFRICANA-83889-CINGHIALE,SESTA GODANO,Liguria,La Spezia,SP,municipality_region,false,44.10250,9.82410,44.293966,9.675716,24.356,true
BENV-2026-PESTE-SUINA-AFRICANA-84868-CINGHIALE,CALICE AL CORNOVIGLIO,Liguria,La Spezia,SP,municipality_region,false,44.10250,9.82410,44.243152,9.836671,15.672,true
BENV-2026-PESTE-SUINA-AFRICANA-85336-CINGHIALE,MONCHIO DELLE CORTI,Emilia Romagna,Parma,PR,municipality_region,false,44.80150,10.32790,44.412955,10.124190,46.116,true
BENV-2026-PESTE-SUINA-AFRICANA-85399-CINGHIALE,VENTASSO,Emilia Romagna,Reggio nell'Emilia,RE,municipality_region,false,44.69890,10.62970,44.368830,10.269310,46.509,true
BENV-2026-PESTE-SUINA-AFRICANA-85442-CINGHIALE,VENTASSO,Emilia Romagna,Reggio nell'Emilia,RE,municipality_region,false,44.69890,10.62970,44.368830,10.269310,46.509,true
BENV-2026-PESTE-SUINA-AFRICANA-85453-CINGHIALE,TRESANA,Toscana,Massa-Carrara,MS,municipality_region,false,44.03540,10.13970,44.254248,9.912885,30.327,true
BENV-2026-PESTE-SUINA-AFRICANA-82910-CINGHIALE,RAPALLO,Liguria,Genova,GE,municipality_region,false,44.40560,8.94630,44.351147,9.229671,23.321,true
BENV-2026-PESTE-SUINA-AFRICANA-83763-CINGHIALE,CAMPOMORONE,Liguria,Genova,GE,municipality_region,false,44.40560,8.94630,44.507337,8.890110,12.160,true
BENV-2026-PESTE-SUINA-AFRICANA-83836-CINGHIALE,RAPALLO,Liguria,Genova,GE,municipality_region,false,44.40560,8.94630,44.351147,9.229671,23.321,true
BENV-2026-PESTE-SUINA-AFRICANA-85516-CINGHIALE,FOSDINOVO,Toscana,Massa-Carrara,MS,municipality_region,false,44.03540,10.13970,44.133820,10.018869,14.591,true
BENV-2026-PESTE-SUINA-AFRICANA-85525-CINGHIALE,FIVIZZANO,Toscana,Massa-Carrara,MS,municipality_region,false,44.03540,10.13970,44.238350,10.125990,22.594,true
BENV-2026-PESTE-SUINA-AFRICANA-85555-CINGHIALE,COREGLIA ANTELMINELLI,Toscana,Lucca,LU,municipality_region,false,43.84290,10.50270,44.063653,10.525509,24.614,true
BENV-2026-PESTE-SUINA-AFRICANA-85676-CINGHIALE,CENGIO,Liguria,Savona,SV,municipality_region,false,44.30910,8.47720,44.390259,8.207952,23.233,true
BENV-2026-PESTE-SUINA-AFRICANA-85873-CINGHIALE,VENTASSO,Emilia Romagna,Reggio nell'Emilia,RE,municipality_region,false,44.69890,10.62970,44.368830,10.269310,46.509,true
BENV-2026-PESTE-SUINA-AFRICANA-85889-CINGHIALE,FELINO,Emilia Romagna,Parma,PR,municipality_region,false,44.80150,10.32790,44.696587,10.237205,13.689,true
BENV-2026-PESTE-SUINA-AFRICANA-83034-CINGHIALE,SERRA RICCO\',Liguria,Genova,GE,municipality_region,false,44.40560,8.94630,44.518713,8.951623,12.585,true
BENV-2026-PESTE-SUINA-AFRICANA-85128-CINGHIALE,VENTASSO,Emilia Romagna,Reggio nell'Emilia,RE,municipality_region,false,44.69890,10.62970,44.368830,10.269310,46.509,true
BENV-2026-PESTE-SUINA-AFRICANA-84864-CINGHIALE,GENOVA,Liguria,Genova,GE,municipality_region,false,44.40560,8.94630,44.407260,8.933862,1.005,true
BENV-2026-PESTE-SUINA-AFRICANA-84914-CINGHIALE,PIANA CRIXIA,Liguria,Savona,SV,municipality_region,false,44.30910,8.47720,44.486179,8.306101,23.927,true
BENV-2026-PESTE-SUINA-AFRICANA-85384-CINGHIALE,RIVERGARO,Emilia Romagna,Piacenza,PC,municipality_region,false,45.05260,9.69340,44.910251,9.596521,17.567,true
BENV-2026-PESTE-SUINA-AFRICANA-85400-CINGHIALE,MEDESANO,Emilia Romagna,Parma,PR,municipality_region,false,44.80150,10.32790,44.756699,10.140737,15.590,true
BENV-2026-PESTE-SUINA-AFRICANA-85439-CINGHIALE,FIVIZZANO,Toscana,Massa-Carrara,MS,municipality_region,false,44.03540,10.13970,44.238350,10.125990,22.594,true
BENV-2026-PESTE-SUINA-AFRICANA-85448-CINGHIALE,COMANO,Toscana,Massa-Carrara,MS,municipality_region,false,44.03540,10.13970,44.293540,10.131165,28.712,true
BENV-2026-PESTE-SUINA-AFRICANA-85458-CINGHIALE,MIGNANEGO,Liguria,Genova,GE,municipality_region,false,44.40560,8.94630,44.548330,8.915657,16.056,true
BENV-2026-PESTE-SUINA-AFRICANA-82909-CINGHIALE,RAPALLO,Liguria,Genova,GE,municipality_region,false,44.40560,8.94630,44.351147,9.229671,23.321,true
BENV-2026-PESTE-SUINA-AFRICANA-82912-CINGHIALE,CASTIGLIONE CHIAVARESE,Liguria,Genova,GE,municipality_region,false,44.40560,8.94630,44.274090,9.514675,47.508,true
BENV-2026-PESTE-SUINA-AFRICANA-83669-CINGHIALE,RECCO,Liguria,Genova,GE,municipality_region,false,44.40560,8.94630,44.365240,9.146300,16.515,true
BENV-2026-PESTE-SUINA-AFRICANA-85308-CINGHIALE,VENTASSO,Emilia Romagna,Reggio nell'Emilia,RE,municipality_region,false,44.69890,10.62970,44.368830,10.269310,46.509,true
BENV-2026-PESTE-SUINA-AFRICANA-85526-CINGHIALE,PODENZANA,Toscana,Massa-Carrara,MS,municipality_region,false,44.03540,10.13970,44.206248,9.941986,24.698,true
BENV-2026-PESTE-SUINA-AFRICANA-85556-SUINO,SAN MARCELLO PITEGLIO,Toscana,Pistoia,PT,municipality_region,false,43.93350,10.91730,44.067673,10.812002,17.133,true
BENV-2026-PESTE-SUINA-AFRICANA-85587-CINGHIALE,MULAZZO,Toscana,Massa-Carrara,MS,municipality_region,false,44.03540,10.13970,44.315926,9.889626,37.024,true
BENV-2026-PESTE-SUINA-AFRICANA-85588-CINGHIALE,FIVIZZANO,Toscana,Massa-Carrara,MS,municipality_region,false,44.03540,10.13970,44.238350,10.125990,22.594,true
BENV-2026-PESTE-SUINA-AFRICANA-85749-CINGHIALE,COMANO,Toscana,Massa-Carrara,MS,municipality_region,false,44.03540,10.13970,44.293540,10.131165,28.712,true
BENV-2026-PESTE-SUINA-AFRICANA-85921-CINGHIALE,SAN MARCELLO PITEGLIO,Toscana,Pistoia,PT,municipality_region,false,43.93350,10.91730,44.067673,10.812002,17.133,true
BENV-2026-PESTE-SUINA-AFRICANA-85754-CINGHIALE,FANANO,Emilia Romagna,Modena,MO,municipality_region,false,44.64710,10.92520,44.207737,10.793837,49.956,true
BENV-2026-PESTE-SUINA-AFRICANA-85755-CINGHIALE,GALLICANO,Toscana,Lucca,LU,municipality_region,false,43.84290,10.50270,44.060651,10.435668,24.800,true
BENV-2026-PESTE-SUINA-AFRICANA-85756-CINGHIALE,GALLICANO,Toscana,Lucca,LU,municipality_region,false,43.84290,10.50270,44.060651,10.435668,24.800,true
BENV-2026-PESTE-SUINA-AFRICANA-85768-CINGHIALE,CENGIO,Liguria,Savona,SV,municipality_region,false,44.30910,8.47720,44.390259,8.207952,23.233,true
BENV-2026-PESTE-SUINA-AFRICANA-85892-CINGHIALE,LESIGNANO DE\' BAGNI,Emilia Romagna,Parma,PR,municipality_region,false,44.80150,10.32790,44.643428,10.300484,17.710,true
BENV-2026-PESTE-SUINA-AFRICANA-85909-CINGHIALE,SEROLE,Piemonte,Asti,AT,municipality_region,false,44.90080,8.20660,44.553887,8.259555,38.801,true
BENV-2026-PESTE-SUINA-AFRICANA-83408-CINGHIALE,RAPALLO,Liguria,Genova,GE,municipality_region,false,44.40560,8.94630,44.351147,9.229671,23.321,true
BENV-2026-PESTE-SUINA-AFRICANA-84610-CINGHIALE,ZOAGLI,Liguria,Genova,GE,municipality_region,false,44.40560,8.94630,44.336762,9.266956,26.612,true
BENV-2026-PESTE-SUINA-AFRICANA-84681-CINGHIALE,GENOVA,Liguria,Genova,GE,municipality_region,false,44.40560,8.94630,44.407260,8.933862,1.005,true
BENV-2026-PESTE-SUINA-AFRICANA-84706-CINGHIALE,SAN COLOMBANO CERTENOLI,Liguria,Genova,GE,municipality_region,false,44.40560,8.94630,44.399253,9.328805,30.395,true
BENV-2026-PESTE-SUINA-AFRICANA-83089-CINGHIALE,ZIGNAGO,Liguria,La Spezia,SP,municipality_region,false,44.10250,9.82410,44.297246,9.749064,22.466,true
BENV-2026-PESTE-SUINA-AFRICANA-84041-CINGHIALE,RAPALLO,Liguria,Genova,GE,municipality_region,false,44.40560,8.94630,44.351147,9.229671,23.321,true
BENV-2026-PESTE-SUINA-AFRICANA-85088-CINGHIALE,GENOVA,Liguria,Genova,GE,municipality_region,false,44.40560,8.94630,44.407260,8.933862,1.005,true
BENV-2026-PESTE-SUINA-AFRICANA-84916-CINGHIALE,VARAZZE,Liguria,Savona,SV,municipality_region,false,44.30910,8.47720,44.359300,8.575327,9.595,true
BENV-2026-PESTE-SUINA-AFRICANA-84925-CINGHIALE,FELINO,Emilia Romagna,Parma,PR,municipality_region,false,44.80150,10.32790,44.696587,10.237205,13.689,true
BENV-2026-PESTE-SUINA-AFRICANA-84954-CINGHIALE,PALANZANO,Emilia Romagna,Parma,PR,municipality_region,false,44.80150,10.32790,44.437437,10.194462,41.837,true
BENV-2026-PESTE-SUINA-AFRICANA-85335-CINGHIALE,MONCHIO DELLE CORTI,Emilia Romagna,Parma,PR,municipality_region,false,44.80150,10.32790,44.412955,10.124190,46.116,true
BENV-2026-PESTE-SUINA-AFRICANA-85210-CINGHIALE,VIGOLZONE,Emilia Romagna,Piacenza,PC,municipality_region,false,45.05260,9.69340,44.914662,9.669368,15.454,true
BENV-2026-PESTE-SUINA-AFRICANA-85240-CINGHIALE,LANGHIRANO,Emilia Romagna,Parma,PR,municipality_region,false,44.80150,10.32790,44.613064,10.266114,21.515,true
BENV-2026-PESTE-SUINA-AFRICANA-85253-CINGHIALE,AULLA,Toscana,Massa-Carrara,MS,municipality_region,false,44.03540,10.13970,44.214548,9.967787,24.189,true
BENV-2026-PESTE-SUINA-AFRICANA-85301-CINGHIALE,VENTASSO,Emilia Romagna,Reggio nell'Emilia,RE,municipality_region,false,44.69890,10.62970,44.368830,10.269310,46.509,true
BENV-2026-PESTE-SUINA-AFRICANA-85557-CINGHIALE,CALICE AL CORNOVIGLIO,Liguria,La Spezia,SP,municipality_region,false,44.10250,9.82410,44.243152,9.836671,15.672,true
BENV-2026-PESTE-SUINA-AFRICANA-85591-CINGHIALE,BORGO PRIOLO,Lombardia,Pavia,PV,municipality_region,false,45.18470,9.15820,44.966449,9.148504,24.280,true
BENV-2026-PESTE-SUINA-AFRICANA-83087-CINGHIALE,ROCCHETTA DI VARA,Liguria,La Spezia,SP,municipality_region,false,44.10250,9.82410,44.251273,9.757284,17.380,true
BENV-2026-PESTE-SUINA-AFRICANA-83090-CINGHIALE,ZIGNAGO,Liguria,La Spezia,SP,municipality_region,false,44.10250,9.82410,44.297246,9.749064,22.466,true
BENV-2026-PESTE-SUINA-AFRICANA-82747-CINGHIALE,ROCCHETTA DI VARA,Liguria,La Spezia,SP,municipality_region,false,44.10250,9.82410,44.251273,9.757284,17.380,true
BENV-2026-PESTE-SUINA-AFRICANA-82753-CINGHIALE,ROCCHETTA DI VARA,Liguria,La Spezia,SP,municipality_region,false,44.10250,9.82410,44.251273,9.757284,17.380,true
BENV-2026-PESTE-SUINA-AFRICANA-85008-CINGHIALE,GENOVA,Liguria,Genova,GE,municipality_region,false,44.40560,8.94630,44.407260,8.933862,1.005,true
BENV-2026-PESTE-SUINA-AFRICANA-85076-CINGHIALE,PIANA CRIXIA,Liguria,Savona,SV,municipality_region,false,44.30910,8.47720,44.486179,8.306101,23.927,true
BENV-2026-PESTE-SUINA-AFRICANA-85097-CINGHIALE,MONCHIO DELLE CORTI,Emilia Romagna,Parma,PR,municipality_region,false,44.80150,10.32790,44.412955,10.124190,46.116,true
BENV-2026-PESTE-SUINA-AFRICANA-84842-CINGHIALE,VILLA MINOZZO,Emilia Romagna,Reggio nell'Emilia,RE,municipality_region,false,44.69890,10.62970,44.365056,10.465995,39.324,true
BENV-2026-PESTE-SUINA-AFRICANA-82908-CINGHIALE,RAPALLO,Liguria,Genova,GE,municipality_region,false,44.40560,8.94630,44.351147,9.229671,23.321,true
BENV-2026-PESTE-SUINA-AFRICANA-85183-CINGHIALE,PALANZANO,Emilia Romagna,Parma,PR,municipality_region,false,44.80150,10.32790,44.437437,10.194462,41.837,true
BENV-2026-PESTE-SUINA-AFRICANA-85208-CINGHIALE,PALANZANO,Emilia Romagna,Parma,PR,municipality_region,false,44.80150,10.32790,44.437437,10.194462,41.837,true
BENV-2026-PESTE-SUINA-AFRICANA-85262-CINGHIALE,FOSDINOVO,Toscana,Massa-Carrara,MS,municipality_region,false,44.03540,10.13970,44.133820,10.018869,14.591,true
BENV-2026-PESTE-SUINA-AFRICANA-85283-CINGHIALE,VENTASSO,Emilia Romagna,Reggio nell'Emilia,RE,municipality_region,false,44.69890,10.62970,44.368830,10.269310,46.509,true
BENV-2026-PESTE-SUINA-AFRICANA-85333-CINGHIALE,VENTASSO,Emilia Romagna,Reggio nell'Emilia,RE,municipality_region,false,44.69890,10.62970,44.368830,10.269310,46.509,true
BENV-2026-PESTE-SUINA-AFRICANA-85509-CINGHIALE,CASTIGLIONE DI GARFAGNANA,Toscana,Lucca,LU,municipality_region,false,43.84290,10.50270,44.149950,10.410897,34.923,true
BENV-2026-PESTE-SUINA-AFRICANA-85683-CINGHIALE,PONTREMOLI,Toscana,Massa-Carrara,MS,municipality_region,false,44.03540,10.13970,44.375151,9.878882,43.121,true
BENV-2026-PESTE-SUINA-AFRICANA-85752-CINGHIALE,LESIGNANO DE\' BAGNI,Emilia Romagna,Parma,PR,municipality_region,false,44.80150,10.32790,44.643428,10.300484,17.710,true
BENV-2026-PESTE-SUINA-AFRICANA-85753-CINGHIALE,FANANO,Emilia Romagna,Modena,MO,municipality_region,false,44.64710,10.92520,44.207737,10.793837,49.956,true
BENV-2026-PESTE-SUINA-AFRICANA-85769-CINGHIALE,CENGIO,Liguria,Savona,SV,municipality_region,false,44.30910,8.47720,44.390259,8.207952,23.233,true
BENV-2026-PESTE-SUINA-AFRICANA-85846-CINGHIALE,CENGIO,Liguria,Savona,SV,municipality_region,false,44.30910,8.47720,44.390259,8.207952,23.233,true
BENV-2026-PESTE-SUINA-AFRICANA-84297-CINGHIALE,GENOVA,Liguria,Genova,GE,municipality_region,false,44.40560,8.94630,44.407260,8.933862,1.005,true
BENV-2026-PESTE-SUINA-AFRICANA-84372-CINGHIALE,MIGNANEGO,Liguria,Genova,GE,municipality_region,false,44.40560,8.94630,44.548330,8.915657,16.056,true
BENV-2026-PESTE-SUINA-AFRICANA-84621-CINGHIALE,MEDESANO,Emilia Romagna,Parma,PR,municipality_region,false,44.80150,10.32790,44.756699,10.140737,15.590,true
BENV-2026-PESTE-SUINA-AFRICANA-84622-CINGHIALE,MEDESANO,Emilia Romagna,Parma,PR,municipality_region,false,44.80150,10.32790,44.756699,10.140737,15.590,true
BENV-2026-PESTE-SUINA-AFRICANA-85090-CINGHIALE,GENOVA,Liguria,Genova,GE,municipality_region,false,44.40560,8.94630,44.407260,8.933862,1.005,true
BENV-2026-PESTE-SUINA-AFRICANA-85092-CINGHIALE,GENOVA,Liguria,Genova,GE,municipality_region,false,44.40560,8.94630,44.407260,8.933862,1.005,true
BENV-2026-PESTE-SUINA-AFRICANA-85138-CINGHIALE,TRESANA,Toscana,Massa-Carrara,MS,municipality_region,false,44.03540,10.13970,44.254248,9.912885,30.327,true
BENV-2026-PESTE-SUINA-AFRICANA-84906-CINGHIALE,GENOVA,Liguria,Genova,GE,municipality_region,false,44.40560,8.94630,44.407260,8.933862,1.005,true
BENV-2026-PESTE-SUINA-AFRICANA-85497-CINGHIALE,PIANA CRIXIA,Liguria,Savona,SV,municipality_region,false,44.30910,8.47720,44.486179,8.306101,23.927,true
BENV-2026-PESTE-SUINA-AFRICANA-84551-CINGHIALE,GENOVA,Liguria,Genova,GE,municipality_region,false,44.40560,8.94630,44.407260,8.933862,1.005,true
BENV-2026-PESTE-SUINA-AFRICANA-82729-CINGHIALE,SANT\'OLCESE,Liguria,Genova,GE,municipality_region,false,44.40560,8.94630,44.490864,8.970540,9.674,true
BENV-2026-PESTE-SUINA-AFRICANA-85000-CINGHIALE,CALICE AL CORNOVIGLIO,Liguria,La Spezia,SP,municipality_region,false,44.10250,9.82410,44.243152,9.836671,15.672,true
BENV-2026-PESTE-SUINA-AFRICANA-82913-CINGHIALE,CASTIGLIONE CHIAVARESE,Liguria,Genova,GE,municipality_region,false,44.40560,8.94630,44.274090,9.514675,47.508,true
BENV-2026-PESTE-SUINA-AFRICANA-85155-CINGHIALE,FIVIZZANO,Toscana,Massa-Carrara,MS,municipality_region,false,44.03540,10.13970,44.238350,10.125990,22.594,true
BENV-2026-PESTE-SUINA-AFRICANA-85270-CINGHIALE,VENTASSO,Emilia Romagna,Reggio nell'Emilia,RE,municipality_region,false,44.69890,10.62970,44.368830,10.269310,46.509,true
BENV-2026-PESTE-SUINA-AFRICANA-85309-CINGHIALE,VENTASSO,Emilia Romagna,Reggio nell'Emilia,RE,municipality_region,false,44.69890,10.62970,44.368830,10.269310,46.509,true
BENV-2026-PESTE-SUINA-AFRICANA-85334-CINGHIALE,VENTASSO,Emilia Romagna,Reggio nell'Emilia,RE,municipality_region,false,44.69890,10.62970,44.368830,10.269310,46.509,true
BENV-2026-PESTE-SUINA-AFRICANA-85520-CINGHIALE,PALANZANO,Emilia Romagna,Parma,PR,municipality_region,false,44.80150,10.32790,44.437437,10.194462,41.837,true
BENV-2026-PESTE-SUINA-AFRICANA-85554-CINGHIALE,BARGA,Toscana,Lucca,LU,municipality_region,false,43.84290,10.50270,44.073918,10.484263,25.730,true
BENV-2026-PESTE-SUINA-AFRICANA-85589-CINGHIALE,LICCIANA NARDI,Toscana,Massa-Carrara,MS,municipality_region,false,44.03540,10.13970,44.264900,10.038437,26.768,true
BENV-2026-PESTE-SUINA-AFRICANA-85614-CINGHIALE,RIVERGARO,Emilia Romagna,Piacenza,PC,municipality_region,false,45.05260,9.69340,44.910251,9.596521,17.567,true
BENV-2026-PESTE-SUINA-AFRICANA-85681-CINGHIALE,LICCIANA NARDI,Toscana,Massa-Carrara,MS,municipality_region,false,44.03540,10.13970,44.264900,10.038437,26.768,true
BENV-2026-PESTE-SUINA-AFRICANA-85876-CINGHIALE,VENTASSO,Emilia Romagna,Reggio nell'Emilia,RE,municipality_region,false,44.69890,10.62970,44.368830,10.269310,46.509,true
BENV-2026-PESTE-SUINA-AFRICANA-85880-CINGHIALE,VENTASSO,Emilia Romagna,Reggio nell'Emilia,RE,municipality_region,false,44.69890,10.62970,44.368830,10.269310,46.509,true
BENV-2026-PESTE-SUINA-AFRICANA-85881-CINGHIALE,VENTASSO,Emilia Romagna,Reggio nell'Emilia,RE,municipality_region,false,44.69890,10.62970,44.368830,10.269310,46.509,true
BENV-2026-PESTE-SUINA-AFRICANA-85918-CINGHIALE,LESIGNANO DE\' BAGNI,Emilia Romagna,Parma,PR,municipality_region,false,44.80150,10.32790,44.643428,10.300484,17.710,true
BENV-2026-PESTE-SUINA-AFRICANA-85922-CINGHIALE,ABETONE CUTIGLIANO,Toscana,Pistoia,PT,municipality_region,false,43.93350,10.91730,44.124864,10.711228,26.911,true
BENV-2026-PESTE-SUINA-AFRICANA-83415-CINGHIALE,RAPALLO,Liguria,Genova,GE,municipality_region,false,44.40560,8.94630,44.351147,9.229671,23.321,true
BENV-2026-PESTE-SUINA-AFRICANA-84366-CINGHIALE,MIGNANEGO,Liguria,Genova,GE,municipality_region,false,44.40560,8.94630,44.548330,8.915657,16.056,true
BENV-2026-PESTE-SUINA-AFRICANA-84127-CINGHIALE,RAPALLO,Liguria,Genova,GE,municipality_region,false,44.40560,8.94630,44.351147,9.229671,23.321,true
BENV-2026-PESTE-SUINA-AFRICANA-84867-CINGHIALE,GENOVA,Liguria,Genova,GE,municipality_region,false,44.40560,8.94630,44.407260,8.933862,1.005,true
BENV-2026-PESTE-SUINA-AFRICANA-84956-CINGHIALE,CALICE AL CORNOVIGLIO,Liguria,La Spezia,SP,municipality_region,false,44.10250,9.82410,44.243152,9.836671,15.672,true
BENV-2026-PESTE-SUINA-AFRICANA-82880-CINGHIALE,CALICE AL CORNOVIGLIO,Liguria,La Spezia,SP,municipality_region,false,44.10250,9.82410,44.243152,9.836671,15.672,true
BENV-2026-PESTE-SUINA-AFRICANA-83658-CINGHIALE,ROCCHETTA DI VARA,Liguria,La Spezia,SP,municipality_region,false,44.10250,9.82410,44.251273,9.757284,17.380,true
BENV-2026-PESTE-SUINA-AFRICANA-85300-CINGHIALE,VENTASSO,Emilia Romagna,Reggio nell'Emilia,RE,municipality_region,false,44.69890,10.62970,44.368830,10.269310,46.509,true
BENV-2026-PESTE-SUINA-AFRICANA-85316-CINGHIALE,FIVIZZANO,Toscana,Massa-Carrara,MS,municipality_region,false,44.03540,10.13970,44.238350,10.125990,22.594,true
BENV-2026-PESTE-SUINA-AFRICANA-85327-CINGHIALE,LICCIANA NARDI,Toscana,Massa-Carrara,MS,municipality_region,false,44.03540,10.13970,44.264900,10.038437,26.768,true
BENV-2026-PESTE-SUINA-AFRICANA-85517-CINGHIALE,FOSDINOVO,Toscana,Massa-Carrara,MS,municipality_region,false,44.03540,10.13970,44.133820,10.018869,14.591,true
BENV-2026-PESTE-SUINA-AFRICANA-84421-CINGHIALE,GENOVA,Liguria,Genova,GE,municipality_region,false,44.40560,8.94630,44.407260,8.933862,1.005,true
BENV-2026-PESTE-SUINA-AFRICANA-85759-CINGHIALE,CAREGGINE,Toscana,Lucca,LU,municipality_region,false,43.84290,10.50270,44.119949,10.325396,33.916,true
BENV-2026-PESTE-SUINA-AFRICANA-85761-CINGHIALE,BARGA,Toscana,Lucca,LU,municipality_region,false,43.84290,10.50270,44.073918,10.484263,25.730,true
BENV-2026-PESTE-SUINA-AFRICANA-85779-CINGHIALE,CENGIO,Liguria,Savona,SV,municipality_region,false,44.30910,8.47720,44.390259,8.207952,23.233,true
BENV-2026-PESTE-SUINA-AFRICANA-85879-CINGHIALE,VENTASSO,Emilia Romagna,Reggio nell'Emilia,RE,municipality_region,false,44.69890,10.62970,44.368830,10.269310,46.509,true
BENV-2026-PESTE-SUINA-AFRICANA-83370-CINGHIALE,BRUGNATO,Liguria,La Spezia,SP,municipality_region,false,44.10250,9.82410,44.237097,9.724035,16.962,true
BENV-2026-PESTE-SUINA-AFRICANA-83413-CINGHIALE,RAPALLO,Liguria,Genova,GE,municipality_region,false,44.40560,8.94630,44.351147,9.229671,23.321,true
BENV-2026-PESTE-SUINA-AFRICANA-84609-CINGHIALE,ZOAGLI,Liguria,Genova,GE,municipality_region,false,44.40560,8.94630,44.336762,9.266956,26.612,true
BENV-2026-PESTE-SUINA-AFRICANA-84680-CINGHIALE,GENOVA,Liguria,Genova,GE,municipality_region,false,44.40560,8.94630,44.407260,8.933862,1.005,true
BENV-2026-PESTE-SUINA-AFRICANA-84704-CINGHIALE,ZOAGLI,Liguria,Genova,GE,municipality_region,false,44.40560,8.94630,44.336762,9.266956,26.612,true
BENV-2026-PESTE-SUINA-AFRICANA-84040-CINGHIALE,RAPALLO,Liguria,Genova,GE,municipality_region,false,44.40560,8.94630,44.351147,9.229671,23.321,true
BENV-2026-PESTE-SUINA-AFRICANA-84109-CINGHIALE,DEIVA MARINA,Liguria,La Spezia,SP,municipality_region,false,44.10250,9.82410,44.218231,9.520046,27.457,true
BENV-2026-PESTE-SUINA-AFRICANA-84126-CINGHIALE,SANTA MARGHERITA LIGURE,Liguria,Genova,GE,municipality_region,false,44.40560,8.94630,44.333976,9.211127,22.506,true
BENV-2026-PESTE-SUINA-AFRICANA-85017-CINGHIALE,FELINO,Emilia Romagna,Parma,PR,municipality_region,false,44.80150,10.32790,44.696587,10.237205,13.689,true
BENV-2026-PESTE-SUINA-AFRICANA-85135-CINGHIALE,FIVIZZANO,Toscana,Massa-Carrara,MS,municipality_region,false,44.03540,10.13970,44.238350,10.125990,22.594,true
BENV-2026-PESTE-SUINA-AFRICANA-84896-CINGHIALE,PIANA CRIXIA,Liguria,Savona,SV,municipality_region,false,44.30910,8.47720,44.486179,8.306101,23.927,true
BENV-2026-PESTE-SUINA-AFRICANA-84924-CINGHIALE,PALANZANO,Emilia Romagna,Parma,PR,municipality_region,false,44.80150,10.32790,44.437437,10.194462,41.837,true
BENV-2026-PESTE-SUINA-AFRICANA-85368-CINGHIALE,FELINO,Emilia Romagna,Parma,PR,municipality_region,false,44.80150,10.32790,44.696587,10.237205,13.689,true
BENV-2026-PESTE-SUINA-AFRICANA-85398-CINGHIALE,VENTASSO,Emilia Romagna,Reggio nell'Emilia,RE,municipality_region,false,44.69890,10.62970,44.368830,10.269310,46.509,true
BENV-2026-PESTE-SUINA-AFRICANA-82868-CINGHIALE,SESTA GODANO,Liguria,La Spezia,SP,municipality_region,false,44.10250,9.82410,44.293966,9.675716,24.356,true
BENV-2026-PESTE-SUINA-AFRICANA-85152-CINGHIALE,VENTASSO,Emilia Romagna,Reggio nell'Emilia,RE,municipality_region,false,44.69890,10.62970,44.368830,10.269310,46.509,true
BENV-2026-PESTE-SUINA-AFRICANA-85519-CINGHIALE,VENTASSO,Emilia Romagna,Reggio nell'Emilia,RE,municipality_region,false,44.69890,10.62970,44.368830,10.269310,46.509,true
BENV-2026-PESTE-SUINA-AFRICANA-85522-CINGHIALE,LICCIANA NARDI,Toscana,Massa-Carrara,MS,municipality_region,false,44.03540,10.13970,44.264900,10.038437,26.768,true
BENV-2026-PESTE-SUINA-AFRICANA-85631-CINGHIALE,SAN MARCELLO PITEGLIO,Toscana,Pistoia,PT,municipality_region,false,43.93350,10.91730,44.067673,10.812002,17.133,true
BENV-2026-PESTE-SUINA-AFRICANA-85635-CINGHIALE,SAN MARCELLO PITEGLIO,Toscana,Pistoia,PT,municipality_region,false,43.93350,10.91730,44.067673,10.812002,17.133,true
BENV-2026-PESTE-SUINA-AFRICANA-85656-CINGHIALE,CALICE AL CORNOVIGLIO,Liguria,La Spezia,SP,municipality_region,false,44.10250,9.82410,44.243152,9.836671,15.672,true
BENV-2026-PESTE-SUINA-AFRICANA-85767-CINGHIALE,GALLICANO,Toscana,Lucca,LU,municipality_region,false,43.84290,10.50270,44.060651,10.435668,24.800,true
BENV-2026-PESTE-SUINA-AFRICANA-85870-CINGHIALE,VENTASSO,Emilia Romagna,Reggio nell'Emilia,RE,municipality_region,false,44.69890,10.62970,44.368830,10.269310,46.509,true
BENV-2026-PESTE-SUINA-AFRICANA-83383-CINGHIALE,SERRA RICCO\',Liguria,Genova,GE,municipality_region,false,44.40560,8.94630,44.518713,8.951623,12.585,true
BENV-2026-PESTE-SUINA-AFRICANA-83403-CINGHIALE,RAPALLO,Liguria,Genova,GE,municipality_region,false,44.40560,8.94630,44.351147,9.229671,23.321,true
BENV-2026-PESTE-SUINA-AFRICANA-83410-CINGHIALE,SAN COLOMBANO CERTENOLI,Liguria,Genova,GE,municipality_region,false,44.40560,8.94630,44.399253,9.328805,30.395,true
BENV-2026-PESTE-SUINA-AFRICANA-84548-CINGHIALE,PALANZANO,Emilia Romagna,Parma,PR,municipality_region,false,44.80150,10.32790,44.437437,10.194462,41.837,true
BENV-2026-PESTE-SUINA-AFRICANA-84614-CINGHIALE,GENOVA,Liguria,Genova,GE,municipality_region,false,44.40560,8.94630,44.407260,8.933862,1.005,true
BENV-2026-PESTE-SUINA-AFRICANA-84634-CINGHIALE,GENOVA,Liguria,Genova,GE,municipality_region,false,44.40560,8.94630,44.407260,8.933862,1.005,true
BENV-2026-PESTE-SUINA-AFRICANA-84111-CINGHIALE,DEIVA MARINA,Liguria,La Spezia,SP,municipality_region,false,44.10250,9.82410,44.218231,9.520046,27.457,true
BENV-2026-PESTE-SUINA-AFRICANA-85074-CINGHIALE,MONCHIO DELLE CORTI,Emilia Romagna,Parma,PR,municipality_region,false,44.80150,10.32790,44.412955,10.124190,46.116,true
BENV-2026-PESTE-SUINA-AFRICANA-85095-CINGHIALE,MONCHIO DELLE CORTI,Emilia Romagna,Parma,PR,municipality_region,false,44.80150,10.32790,44.412955,10.124190,46.116,true
BENV-2026-PESTE-SUINA-AFRICANA-85130-CINGHIALE,VENTASSO,Emilia Romagna,Reggio nell'Emilia,RE,municipality_region,false,44.69890,10.62970,44.368830,10.269310,46.509,true
BENV-2026-PESTE-SUINA-AFRICANA-85370-CINGHIALE,LANGHIRANO,Emilia Romagna,Parma,PR,municipality_region,false,44.80150,10.32790,44.613064,10.266114,21.515,true
BENV-2026-PESTE-SUINA-AFRICANA-85378-CINGHIALE,GENOVA,Liguria,Genova,GE,municipality_region,false,44.40560,8.94630,44.407260,8.933862,1.005,true
BENV-2026-PESTE-SUINA-AFRICANA-85380-CINGHIALE,SAN MARCELLO PITEGLIO,Toscana,Pistoia,PT,municipality_region,false,43.93350,10.91730,44.067673,10.812002,17.133,true
BENV-2026-PESTE-SUINA-AFRICANA-85396-CINGHIALE,VENTASSO,Emilia Romagna,Reggio nell'Emilia,RE,municipality_region,false,44.69890,10.62970,44.368830,10.269310,46.509,true
BENV-2026-PESTE-SUINA-AFRICANA-85195-CINGHIALE,FIVIZZANO,Toscana,Massa-Carrara,MS,municipality_region,false,44.03540,10.13970,44.238350,10.125990,22.594,true
BENV-2026-PESTE-SUINA-AFRICANA-85282-CINGHIALE,VENTASSO,Emilia Romagna,Reggio nell'Emilia,RE,municipality_region,false,44.69890,10.62970,44.368830,10.269310,46.509,true
BENV-2026-PESTE-SUINA-AFRICANA-85508-CINGHIALE,CAREGGINE,Toscana,Lucca,LU,municipality_region,false,43.84290,10.50270,44.119949,10.325396,33.916,true
BENV-2026-PESTE-SUINA-AFRICANA-85630-CINGHIALE,SAN MARCELLO PITEGLIO,Toscana,Pistoia,PT,municipality_region,false,43.93350,10.91730,44.067673,10.812002,17.133,true
BENV-2026-PESTE-SUINA-AFRICANA-85632-CINGHIALE,SAN MARCELLO PITEGLIO,Toscana,Pistoia,PT,municipality_region,false,43.93350,10.91730,44.067673,10.812002,17.133,true
BENV-2026-PESTE-SUINA-AFRICANA-82749-CINGHIALE,ROCCHETTA DI VARA,Liguria,La Spezia,SP,municipality_region,false,44.10250,9.82410,44.251273,9.757284,17.380,true
BENV-2026-PESTE-SUINA-AFRICANA-84999-CINGHIALE,CALICE AL CORNOVIGLIO,Liguria,La Spezia,SP,municipality_region,false,44.10250,9.82410,44.243152,9.836671,15.672,true
BENV-2026-PESTE-SUINA-AFRICANA-85004-CINGHIALE,FELINO,Emilia Romagna,Parma,PR,municipality_region,false,44.80150,10.32790,44.696587,10.237205,13.689,true
BENV-2026-PESTE-SUINA-AFRICANA-85134-CINGHIALE,LICCIANA NARDI,Toscana,Massa-Carrara,MS,municipality_region,false,44.03540,10.13970,44.264900,10.038437,26.768,true
BENV-2026-PESTE-SUINA-AFRICANA-84917-CINGHIALE,PIANA CRIXIA,Liguria,Savona,SV,municipality_region,false,44.30910,8.47720,44.486179,8.306101,23.927,true
BENV-2026-PESTE-SUINA-AFRICANA-85369-CINGHIALE,MONCHIO DELLE CORTI,Emilia Romagna,Parma,PR,municipality_region,false,44.80150,10.32790,44.412955,10.124190,46.116,true
BENV-2026-PESTE-SUINA-AFRICANA-85405-CINGHIALE,VARAZZE,Liguria,Savona,SV,municipality_region,false,44.30910,8.47720,44.359300,8.575327,9.595,true
BENV-2026-PESTE-SUINA-AFRICANA-85415-CINGHIALE,SAN MARCELLO PITEGLIO,Toscana,Pistoia,PT,municipality_region,false,43.93350,10.91730,44.067673,10.812002,17.133,true
BENV-2026-PESTE-SUINA-AFRICANA-85452-CINGHIALE,VARAZZE,Liguria,Savona,SV,municipality_region,false,44.30910,8.47720,44.359300,8.575327,9.595,true
BENV-2026-PESTE-SUINA-AFRICANA-85455-CINGHIALE,TRESANA,Toscana,Massa-Carrara,MS,municipality_region,false,44.03540,10.13970,44.254248,9.912885,30.327,true
BENV-2026-PESTE-SUINA-AFRICANA-83568-CINGHIALE,CAMPOMORONE,Liguria,Genova,GE,municipality_region,false,44.40560,8.94630,44.507337,8.890110,12.160,true
BENV-2026-PESTE-SUINA-AFRICANA-85218-CINGHIALE,GENOVA,Liguria,Genova,GE,municipality_region,false,44.40560,8.94630,44.407260,8.933862,1.005,true
BENV-2026-PESTE-SUINA-AFRICANA-85281-CINGHIALE,VENTASSO,Emilia Romagna,Reggio nell'Emilia,RE,municipality_region,false,44.69890,10.62970,44.368830,10.269310,46.509,true
BENV-2026-PESTE-SUINA-AFRICANA-85319-CINGHIALE,GENOVA,Liguria,Genova,GE,municipality_region,false,44.40560,8.94630,44.407260,8.933862,1.005,true
BENV-2026-PESTE-SUINA-AFRICANA-85324-CINGHIALE,FIVIZZANO,Toscana,Massa-Carrara,MS,municipality_region,false,44.03540,10.13970,44.238350,10.125990,22.594,true
BENV-2026-PESTE-SUINA-AFRICANA-85510-CINGHIALE,CAREGGINE,Toscana,Lucca,LU,municipality_region,false,43.84290,10.50270,44.119949,10.325396,33.916,true
BENV-2026-PESTE-SUINA-AFRICANA-85512-CINGHIALE,GENOVA,Liguria,Genova,GE,municipality_region,false,44.40560,8.94630,44.407260,8.933862,1.005,true
BENV-2026-PESTE-SUINA-AFRICANA-85743-CINGHIALE,VARAZZE,Liguria,Savona,SV,municipality_region,false,44.30910,8.47720,44.359300,8.575327,9.595,true
BENV-2026-PESTE-SUINA-AFRICANA-85766-CINGHIALE,BARGA,Toscana,Lucca,LU,municipality_region,false,43.84290,10.50270,44.073918,10.484263,25.730,true
BENV-2026-PESTE-SUINA-AFRICANA-85775-CINGHIALE,CENGIO,Liguria,Savona,SV,municipality_region,false,44.30910,8.47720,44.390259,8.207952,23.233,true
BENV-2026-PESTE-SUINA-AFRICANA-85799-CINGHIALE,LICCIANA NARDI,Toscana,Massa-Carrara,MS,municipality_region,false,44.03540,10.13970,44.264900,10.038437,26.768,true
BENV-2026-PESTE-SUINA-AFRICANA-83498-CINGHIALE,ROCCHETTA DI VARA,Liguria,La Spezia,SP,municipality_region,false,44.10250,9.82410,44.251273,9.757284,17.380,true
BENV-2026-PESTE-SUINA-AFRICANA-84555-CINGHIALE,GENOVA,Liguria,Genova,GE,municipality_region,false,44.40560,8.94630,44.407260,8.933862,1.005,true
BENV-2026-PESTE-SUINA-AFRICANA-84650-CINGHIALE,TIZZANO VAL PARMA,Emilia Romagna,Parma,PR,municipality_region,false,44.80150,10.32790,44.520544,10.199199,32.857,true
BENV-2026-PESTE-SUINA-AFRICANA-83895-CINGHIALE,GENOVA,Liguria,Genova,GE,municipality_region,false,44.40560,8.94630,44.407260,8.933862,1.005,true
BENV-2026-PESTE-SUINA-AFRICANA-83994-CINGHIALE,RECCO,Liguria,Genova,GE,municipality_region,false,44.40560,8.94630,44.365240,9.146300,16.515,true
BENV-2026-PESTE-SUINA-AFRICANA-85093-CINGHIALE,CALICE AL CORNOVIGLIO,Liguria,La Spezia,SP,municipality_region,false,44.10250,9.82410,44.243152,9.836671,15.672,true
BENV-2026-PESTE-SUINA-AFRICANA-84890-CINGHIALE,PIANA CRIXIA,Liguria,Savona,SV,municipality_region,false,44.30910,8.47720,44.486179,8.306101,23.927,true
BENV-2026-PESTE-SUINA-AFRICANA-84909-CINGHIALE,PIANA CRIXIA,Liguria,Savona,SV,municipality_region,false,44.30910,8.47720,44.486179,8.306101,23.927,true
BENV-2026-PESTE-SUINA-AFRICANA-84918-CINGHIALE,VARAZZE,Liguria,Savona,SV,municipality_region,false,44.30910,8.47720,44.359300,8.575327,9.595,true
BENV-2026-PESTE-SUINA-AFRICANA-85397-CINGHIALE,VENTASSO,Emilia Romagna,Reggio nell'Emilia,RE,municipality_region,false,44.69890,10.62970,44.368830,10.269310,46.509,true
BENV-2026-PESTE-SUINA-AFRICANA-85445-CINGHIALE,FOSDINOVO,Toscana,Massa-Carrara,MS,municipality_region,false,44.03540,10.13970,44.133820,10.018869,14.591,true
BENV-2026-PESTE-SUINA-AFRICANA-85470-CINGHIALE,MEDESANO,Emilia Romagna,Parma,PR,municipality_region,false,44.80150,10.32790,44.756699,10.140737,15.590,true
BENV-2026-PESTE-SUINA-AFRICANA-85495-CINGHIALE,VENTASSO,Emilia Romagna,Reggio nell'Emilia,RE,municipality_region,false,44.69890,10.62970,44.368830,10.269310,46.509,true
BENV-2026-PESTE-SUINA-AFRICANA-82867-CINGHIALE,SESTA GODANO,Liguria,La Spezia,SP,municipality_region,false,44.10250,9.82410,44.293966,9.675716,24.356,true
BENV-2026-PESTE-SUINA-AFRICANA-85205-CINGHIALE,CENGIO,Liguria,Savona,SV,municipality_region,false,44.30910,8.47720,44.390259,8.207952,23.233,true
BENV-2026-PESTE-SUINA-AFRICANA-85261-CINGHIALE,FOSDINOVO,Toscana,Massa-Carrara,MS,municipality_region,false,44.03540,10.13970,44.133820,10.018869,14.591,true
BENV-2026-PESTE-SUINA-AFRICANA-85269-CINGHIALE,VENTASSO,Emilia Romagna,Reggio nell'Emilia,RE,municipality_region,false,44.69890,10.62970,44.368830,10.269310,46.509,true
BENV-2026-PESTE-SUINA-AFRICANA-85604-CINGHIALE,FANANO,Emilia Romagna,Modena,MO,municipality_region,false,44.64710,10.92520,44.207737,10.793837,49.956,true
BENV-2026-PESTE-SUINA-AFRICANA-85758-CINGHIALE,CAREGGINE,Toscana,Lucca,LU,municipality_region,false,43.84290,10.50270,44.119949,10.325396,33.916,true
BENV-2026-PESTE-SUINA-AFRICANA-85760-CINGHIALE,CAREGGINE,Toscana,Lucca,LU,municipality_region,false,43.84290,10.50270,44.119949,10.325396,33.916,true
BENV-2026-PESTE-SUINA-AFRICANA-85777-CINGHIALE,CENGIO,Liguria,Savona,SV,municipality_region,false,44.30910,8.47720,44.390259,8.207952,23.233,true
BENV-2026-PESTE-SUINA-AFRICANA-85878-CINGHIALE,VENTASSO,Emilia Romagna,Reggio nell'Emilia,RE,municipality_region,false,44.69890,10.62970,44.368830,10.269310,46.509,true
BENV-2026-PESTE-SUINA-AFRICANA-85910-CINGHIALE,SEROLE,Piemonte,Asti,AT,municipality_region,false,44.90080,8.20660,44.553887,8.259555,38.801,true
BENV-2026-PESTE-SUINA-AFRICANA-85919-CINGHIALE,SAN MARCELLO PITEGLIO,Toscana,Pistoia,PT,municipality_region,false,43.93350,10.91730,44.067673,10.812002,17.133,true
BENV-2026-PESTE-SUINA-AFRICANA-84709-CINGHIALE,COGORNO,Liguria,Genova,GE,municipality_region,false,44.40560,8.94630,44.333081,9.372461,34.821,true
BENV-2026-PESTE-SUINA-AFRICANA-83121-CINGHIALE,RAPALLO,Liguria,Genova,GE,municipality_region,false,44.40560,8.94630,44.351147,9.229671,23.321,true
BENV-2026-PESTE-SUINA-AFRICANA-84051-CINGHIALE,GENOVA,Liguria,Genova,GE,municipality_region,false,44.40560,8.94630,44.407260,8.933862,1.005,true
BENV-2026-PESTE-SUINA-AFRICANA-84105-CINGHIALE,DEIVA MARINA,Liguria,La Spezia,SP,municipality_region,false,44.10250,9.82410,44.218231,9.520046,27.457,true
BENV-2026-PESTE-SUINA-AFRICANA-85065-CINGHIALE,VENTASSO,Emilia Romagna,Reggio nell'Emilia,RE,municipality_region,false,44.69890,10.62970,44.368830,10.269310,46.509,true
BENV-2026-PESTE-SUINA-AFRICANA-85071-CINGHIALE,PIANA CRIXIA,Liguria,Savona,SV,municipality_region,false,44.30910,8.47720,44.486179,8.306101,23.927,true
BENV-2026-PESTE-SUINA-AFRICANA-85137-CINGHIALE,FIVIZZANO,Toscana,Massa-Carrara,MS,municipality_region,false,44.03540,10.13970,44.238350,10.125990,22.594,true
BENV-2026-PESTE-SUINA-AFRICANA-84957-CINGHIALE,CALICE AL CORNOVIGLIO,Liguria,La Spezia,SP,municipality_region,false,44.10250,9.82410,44.243152,9.836671,15.672,true
BENV-2026-PESTE-SUINA-AFRICANA-85443-CINGHIALE,VENTASSO,Emilia Romagna,Reggio nell'Emilia,RE,municipality_region,false,44.69890,10.62970,44.368830,10.269310,46.509,true
BENV-2026-PESTE-SUINA-AFRICANA-82860-CINGHIALE,SESTA GODANO,Liguria,La Spezia,SP,municipality_region,false,44.10250,9.82410,44.293966,9.675716,24.356,true
BENV-2026-PESTE-SUINA-AFRICANA-82914-CINGHIALE,CASTIGLIONE CHIAVARESE,Liguria,Genova,GE,municipality_region,false,44.40560,8.94630,44.274090,9.514675,47.508,true
BENV-2026-PESTE-SUINA-AFRICANA-82915-CINGHIALE,CASTIGLIONE CHIAVARESE,Liguria,Genova,GE,municipality_region,false,44.40560,8.94630,44.274090,9.514675,47.508,true
BENV-2026-PESTE-SUINA-AFRICANA-85302-CINGHIALE,VENTASSO,Emilia Romagna,Reggio nell'Emilia,RE,municipality_region,false,44.69890,10.62970,44.368830,10.269310,46.509,true
BENV-2026-PESTE-SUINA-AFRICANA-85306-CINGHIALE,VENTASSO,Emilia Romagna,Reggio nell'Emilia,RE,municipality_region,false,44.69890,10.62970,44.368830,10.269310,46.509,true
BENV-2026-PESTE-SUINA-AFRICANA-85590-CINGHIALE,CASOLA IN LUNIGIANA,Toscana,Massa-Carrara,MS,municipality_region,false,44.03540,10.13970,44.199961,10.175460,18.520,true
BENV-2026-PESTE-SUINA-AFRICANA-85615-CINGHIALE,FELINO,Emilia Romagna,Parma,PR,municipality_region,false,44.80150,10.32790,44.696587,10.237205,13.689,true
BENV-2026-PESTE-SUINA-AFRICANA-85633-CINGHIALE,SAN MARCELLO PITEGLIO,Toscana,Pistoia,PT,municipality_region,false,43.93350,10.91730,44.067673,10.812002,17.133,true
BENV-2026-PESTE-SUINA-AFRICANA-85773-CINGHIALE,CENGIO,Liguria,Savona,SV,municipality_region,false,44.30910,8.47720,44.390259,8.207952,23.233,true
BENV-2026-PESTE-SUINA-AFRICANA-85820-CINGHIALE,GALLICANO,Toscana,Lucca,LU,municipality_region,false,43.84290,10.50270,44.060651,10.435668,24.800,true
BENV-2026-PESTE-SUINA-AFRICANA-85891-CINGHIALE,LESIGNANO DE\' BAGNI,Emilia Romagna,Parma,PR,municipality_region,false,44.80150,10.32790,44.643428,10.300484,17.710,true
BENV-2026-PESTE-SUINA-AFRICANA-85893-CINGHIALE,LESIGNANO DE\' BAGNI,Emilia Romagna,Parma,PR,municipality_region,false,44.80150,10.32790,44.643428,10.300484,17.710,true
BENV-2026-PESTE-SUINA-AFRICANA-85913-CINGHIALE,FANANO,Emilia Romagna,Modena,MO,municipality_region,false,44.64710,10.92520,44.207737,10.793837,49.956,true
BENV-2026-PESTE-SUINA-AFRICANA-83400-CINGHIALE,RAPALLO,Liguria,Genova,GE,municipality_region,false,44.40560,8.94630,44.351147,9.229671,23.321,true
BENV-2026-PESTE-SUINA-AFRICANA-84042-CINGHIALE,RAPALLO,Liguria,Genova,GE,municipality_region,false,44.40560,8.94630,44.351147,9.229671,23.321,true
BENV-2026-PESTE-SUINA-AFRICANA-85221-CINGHIALE,GENOVA,Liguria,Genova,GE,municipality_region,false,44.40560,8.94630,44.407260,8.933862,1.005,true
BENV-2026-PESTE-SUINA-AFRICANA-85256-CINGHIALE,FIVIZZANO,Toscana,Massa-Carrara,MS,municipality_region,false,44.03540,10.13970,44.238350,10.125990,22.594,true
BENV-2026-PESTE-SUINA-AFRICANA-85307-CINGHIALE,VENTASSO,Emilia Romagna,Reggio nell'Emilia,RE,municipality_region,false,44.69890,10.62970,44.368830,10.269310,46.509,true
BENV-2026-PESTE-SUINA-AFRICANA-85527-CINGHIALE,FIVIZZANO,Toscana,Massa-Carrara,MS,municipality_region,false,44.03540,10.13970,44.238350,10.125990,22.594,true
BENV-2026-PESTE-SUINA-AFRICANA-85653-CINGHIALE,VARAZZE,Liguria,Savona,SV,municipality_region,false,44.30910,8.47720,44.359300,8.575327,9.595,true
BENV-2026-PESTE-SUINA-AFRICANA-85684-CINGHIALE,FIVIZZANO,Toscana,Massa-Carrara,MS,municipality_region,false,44.03540,10.13970,44.238350,10.125990,22.594,true
BENV-2026-PESTE-SUINA-AFRICANA-85745-CINGHIALE,CENGIO,Liguria,Savona,SV,municipality_region,false,44.30910,8.47720,44.390259,8.207952,23.233,true
BENV-2026-PESTE-SUINA-AFRICANA-85890-CINGHIALE,FELINO,Emilia Romagna,Parma,PR,municipality_region,false,44.80150,10.32790,44.696587,10.237205,13.689,true
BENV-2026-PESTE-SUINA-AFRICANA-85914-CINGHIALE,FANANO,Emilia Romagna,Modena,MO,municipality_region,false,44.64710,10.92520,44.207737,10.793837,49.956,true
BENV-2026-PESTE-SUINA-AFRICANA-83496-CINGHIALE,ROCCHETTA DI VARA,Liguria,La Spezia,SP,municipality_region,false,44.10250,9.82410,44.251273,9.757284,17.380,true
BENV-2026-PESTE-SUINA-AFRICANA-84841-CINGHIALE,VILLA MINOZZO,Emilia Romagna,Reggio nell'Emilia,RE,municipality_region,false,44.69890,10.62970,44.365056,10.465995,39.324,true
BENV-2026-PESTE-SUINA-AFRICANA-84907-CINGHIALE,GENOVA,Liguria,Genova,GE,municipality_region,false,44.40560,8.94630,44.407260,8.933862,1.005,true
BENV-2026-PESTE-SUINA-AFRICANA-85337-CINGHIALE,MONCHIO DELLE CORTI,Emilia Romagna,Parma,PR,municipality_region,false,44.80150,10.32790,44.412955,10.124190,46.116,true
BENV-2026-PESTE-SUINA-AFRICANA-85366-CINGHIALE,VENTASSO,Emilia Romagna,Reggio nell'Emilia,RE,municipality_region,false,44.69890,10.62970,44.368830,10.269310,46.509,true
BENV-2026-PESTE-SUINA-AFRICANA-85371-CINGHIALE,VENTASSO,Emilia Romagna,Reggio nell'Emilia,RE,municipality_region,false,44.69890,10.62970,44.368830,10.269310,46.509,true
BENV-2026-PESTE-SUINA-AFRICANA-85441-CINGHIALE,COMANO,Toscana,Massa-Carrara,MS,municipality_region,false,44.03540,10.13970,44.293540,10.131165,28.712,true
BENV-2026-PESTE-SUINA-AFRICANA-82911-CINGHIALE,CASTIGLIONE CHIAVARESE,Liguria,Genova,GE,municipality_region,false,44.40560,8.94630,44.274090,9.514675,47.508,true
BENV-2026-PESTE-SUINA-AFRICANA-83633-CINGHIALE,SANT\'OLCESE,Liguria,Genova,GE,municipality_region,false,44.40560,8.94630,44.490864,8.970540,9.674,true
BENV-2026-PESTE-SUINA-AFRICANA-85184-CINGHIALE,MEDESANO,Emilia Romagna,Parma,PR,municipality_region,false,44.80150,10.32790,44.756699,10.140737,15.590,true
BENV-2026-PESTE-SUINA-AFRICANA-85211-CINGHIALE,RAPALLO,Liguria,Genova,GE,municipality_region,false,44.40560,8.94630,44.351147,9.229671,23.321,true
BENV-2026-PESTE-SUINA-AFRICANA-85219-CINGHIALE,GENOVA,Liguria,Genova,GE,municipality_region,false,44.40560,8.94630,44.407260,8.933862,1.005,true
BENV-2026-PESTE-SUINA-AFRICANA-85244-CINGHIALE,ROCCHETTA DI VARA,Liguria,La Spezia,SP,municipality_region,false,44.10250,9.82410,44.251273,9.757284,17.380,true
BENV-2026-PESTE-SUINA-AFRICANA-85284-CINGHIALE,VENTASSO,Emilia Romagna,Reggio nell'Emilia,RE,municipality_region,false,44.69890,10.62970,44.368830,10.269310,46.509,true
BENV-2026-PESTE-SUINA-AFRICANA-85315-CINGHIALE,BAGNONE,Toscana,Massa-Carrara,MS,municipality_region,false,44.03540,10.13970,44.314739,9.994655,33.145,true
BENV-2026-PESTE-SUINA-AFRICANA-85523-CINGHIALE,CASOLA IN LUNIGIANA,Toscana,Massa-Carrara,MS,municipality_region,false,44.03540,10.13970,44.199961,10.175460,18.520,true
BENV-2026-PESTE-SUINA-AFRICANA-85567-CINGHIALE,MEDESANO,Emilia Romagna,Parma,PR,municipality_region,false,44.80150,10.32790,44.756699,10.140737,15.590,true
BENV-2026-PESTE-SUINA-AFRICANA-85648-CINGHIALE,CENGIO,Liguria,Savona,SV,municipality_region,false,44.30910,8.47720,44.390259,8.207952,23.233,true
BENV-2026-PESTE-SUINA-AFRICANA-85680-CINGHIALE,CASOLA IN LUNIGIANA,Toscana,Massa-Carrara,MS,municipality_region,false,44.03540,10.13970,44.199961,10.175460,18.520,true
BENV-2026-PESTE-SUINA-AFRICANA-85682-CINGHIALE,PONTREMOLI,Toscana,Massa-Carrara,MS,municipality_region,false,44.03540,10.13970,44.375151,9.878882,43.121,true
BENV-2026-PESTE-SUINA-AFRICANA-85735-CINGHIALE,SAN MARCELLO PITEGLIO,Toscana,Pistoia,PT,municipality_region,false,43.93350,10.91730,44.067673,10.812002,17.133,true
BENV-2026-PESTE-SUINA-AFRICANA-85746-CINGHIALE,CENGIO,Liguria,Savona,SV,municipality_region,false,44.30910,8.47720,44.390259,8.207952,23.233,true
BENV-2026-PESTE-SUINA-AFRICANA-85750-CINGHIALE,LESIGNANO DE\' BAGNI,Emilia Romagna,Parma,PR,municipality_region,false,44.80150,10.32790,44.643428,10.300484,17.710,true
BENV-2026-PESTE-SUINA-AFRICANA-84367-CINGHIALE,CERANESI,Liguria,Genova,GE,municipality_region,false,44.40560,8.94630,44.511270,8.878941,12.909,true
BENV-2026-PESTE-SUINA-AFRICANA-84608-CINGHIALE,ZOAGLI,Liguria,Genova,GE,municipality_region,false,44.40560,8.94630,44.336762,9.266956,26.612,true
BENV-2026-PESTE-SUINA-AFRICANA-84712-CINGHIALE,RAPALLO,Liguria,Genova,GE,municipality_region,false,44.40560,8.94630,44.351147,9.229671,23.321,true
BENV-2026-PESTE-SUINA-AFRICANA-83211-CINGHIALE,SERRA RICCO\',Liguria,Genova,GE,municipality_region,false,44.40560,8.94630,44.518713,8.951623,12.585,true
BENV-2026-PESTE-SUINA-AFRICANA-83119-CINGHIALE,RAPALLO,Liguria,Genova,GE,municipality_region,false,44.40560,8.94630,44.351147,9.229671,23.321,true
BENV-2026-PESTE-SUINA-AFRICANA-82750-CINGHIALE,DEIVA MARINA,Liguria,La Spezia,SP,municipality_region,false,44.10250,9.82410,44.218231,9.520046,27.457,true
BENV-2026-PESTE-SUINA-AFRICANA-85096-CINGHIALE,MONCHIO DELLE CORTI,Emilia Romagna,Parma,PR,municipality_region,false,44.80150,10.32790,44.412955,10.124190,46.116,true
BENV-2026-PESTE-SUINA-AFRICANA-85129-CINGHIALE,VENTASSO,Emilia Romagna,Reggio nell'Emilia,RE,municipality_region,false,44.69890,10.62970,44.368830,10.269310,46.509,true
BENV-2026-PESTE-SUINA-AFRICANA-85132-CINGHIALE,FOSDINOVO,Toscana,Massa-Carrara,MS,municipality_region,false,44.03540,10.13970,44.133820,10.018869,14.591,true
BENV-2026-PESTE-SUINA-AFRICANA-85401-CINGHIALE,PALANZANO,Emilia Romagna,Parma,PR,municipality_region,false,44.80150,10.32790,44.437437,10.194462,41.837,true
BENV-2026-PESTE-SUINA-AFRICANA-85414-CINGHIALE,SAN MARCELLO PITEGLIO,Toscana,Pistoia,PT,municipality_region,false,43.93350,10.91730,44.067673,10.812002,17.133,true
BENV-2026-PESTE-SUINA-AFRICANA-85494-CINGHIALE,VENTASSO,Emilia Romagna,Reggio nell'Emilia,RE,municipality_region,false,44.69890,10.62970,44.368830,10.269310,46.509,true
BENV-2026-RABBIA-84861-CANE,VITTORIO VENETO,Veneto,Treviso,TV,municipality_region,false,45.66690,12.24300,45.989665,12.296436,36.128,true
BENV-2026-SALMONELLOSI-83324-BOVINO,MONTICHIARI,Lombardia,Brescia,BS,municipality_region,false,45.54160,10.21180,45.415181,10.390675,19.802,true
BENV-2026-SALMONELLOSI-85185-BOVINO,POMPIANO,Lombardia,Brescia,BS,municipality_region,false,45.54160,10.21180,45.431977,9.989265,21.202,true
BENV-2026-SALMONELLOSI-85652-SUINO,MANCIANO,Toscana,Grosseto,GR,municipality_region,false,42.76350,11.11240,42.587336,11.515988,38.371,true
BENV-2026-SALMONELLOSI-84591-SUINO,MONTE VIDON COMBATTE,Marche,Fermo,FM,municipality_region,false,43.16060,13.71830,43.050066,13.631002,14.188,true
BENV-2026-SALMONELLOSI-83422-BOVINO,MONTICHIARI,Lombardia,Brescia,BS,municipality_region,false,45.54160,10.21180,45.415181,10.390675,19.802,true
BENV-2026-SALMONELLOSI-83833-BUFALO,SAN TAMMARO,Campania,Caserta,CE,municipality_region,false,41.07230,14.33110,41.075902,14.231671,8.344,true
BENV-2026-SALMONELLOSI-82920-BOVINO,VILLAFRANCA DI VERONA,Veneto,Verona,VR,municipality_region,false,45.43840,10.99160,45.350928,10.845996,14.962,true
BENV-2026-SALMONELLOSI-82869-GALLUS-GALLUS,PICINISCO,Lazio,Frosinone,FR,municipality_region,false,41.63960,13.35120,41.646263,13.867783,42.932,true
BENV-2026-SALMONELLOSI-83084-OVINO,SANTA GIUSTA,Sardegna,Oristano,OR,municipality_region,false,39.90380,8.59260,39.878178,8.609973,3.212,true
BENV-2026-SALMONELLOSI-83013-BOVINO,ANZIO,Lazio,Roma,RM,municipality_region,false,41.90280,12.49640,41.447101,12.628562,51.847,true
BENV-2026-SALMONELLOSI-83702-GALLUS-GALLUS,VICENZA,Veneto,Vicenza,VI,municipality_region,false,45.54550,11.53540,45.634859,11.406354,14.127,true
BENV-2026-SALMONELLOSI-83475-BUFALO,CAPACCIO,Campania,Salerno,SA,municipality_region,true,40.68240,14.76810,40.443862,15.040038,35.089,true
BENV-2026-SALMONELLOSI-85362-GALLUS-GALLUS,CAVOUR,Piemonte,Torino,TO,municipality_region,false,45.07030,7.68690,44.785499,7.373841,40.129,true
BENV-2026-SALMONELLOSI-85609-BOVINO,OSIO SOPRA,Lombardia,Bergamo,BG,municipality_region,false,45.69830,9.67730,45.630787,9.591063,10.063,true
BENV-2026-SALMONELLOSI-85912-BUFALO,AGROPOLI,Campania,Salerno,SA,municipality_region,false,40.68240,14.76810,40.346905,14.996553,42.008,true
BENV-2026-SALMONELLOSI-84021-BUFALO,VAIRANO PATENORA,Campania,Caserta,CE,municipality_region,false,41.07230,14.33110,41.337019,14.131121,33.858,true
BENV-2026-SALMONELLOSI-85720-BUFALO,EBOLI,Campania,Salerno,SA,municipality_region,false,40.68240,14.76810,40.617515,15.056944,25.414,true
BENV-2026-SALMONELLOSI-85289-BOVINO,NEGRAR DI VALPOLICELLA,Veneto,Verona,VR,municipality_region,false,45.43840,10.99160,45.529671,10.940022,10.916,true
BENV-2026-SALMONELLOSI-85721-BUFALO,EBOLI,Campania,Salerno,SA,municipality_region,false,40.68240,14.76810,40.617515,15.056944,25.414,true
BENV-2026-SALMONELLOSI-85063-BOVINO,VETRALLA,Lazio,Viterbo,VT,municipality_region,false,42.42070,12.10770,42.320534,12.057500,11.877,true
BENV-2026-SALMONELLOSI-84939-BUFALO,CAPACCIO,Campania,Salerno,SA,municipality_region,true,40.68240,14.76810,40.443862,15.040038,35.089,true
BENV-2026-SALMONELLOSI-AVIARE-NON-TIFOIDEE-83780-GALLUS-GALLUS,TUSCANIA,Lazio,Viterbo,VT,municipality_region,false,42.42070,12.10770,42.420214,11.870261,19.490,true
BENV-2026-SALMONELLOSI-AVIARE-NON-TIFOIDEE-83997-GALLUS-GALLUS,MONTE SAN GIOVANNI CAMPANO,Lazio,Frosinone,FR,municipality_region,false,41.63960,13.35120,41.640620,13.513704,13.505,true
BENV-2026-SALMONELLOSI-AVIARE-NON-TIFOIDEE-84464-GALLUS-GALLUS,DERUTA,Umbria,Perugia,PG,municipality_region,false,43.11070,12.39080,42.982290,12.419588,14.469,true
BENV-2026-SALMONELLOSI-AVIARE-NON-TIFOIDEE-85597-GALLUS-GALLUS,IRSINA,Basilicata,Matera,MT,municipality_region,false,40.66640,16.60430,40.749622,16.235775,32.412,true
BENV-2026-SALMONELLOSI-AVIARE-NON-TIFOIDEE-84625-GALLUS-GALLUS,MATERA,Basilicata,Matera,MT,municipality_region,false,40.66640,16.60430,40.447642,16.473574,26.714,true
BENV-2026-SALMONELLOSI-AVIARE-NON-TIFOIDEE-83784-GALLUS-GALLUS,PARMA,Emilia Romagna,Parma,PR,municipality_region,false,44.80150,10.32790,44.801368,10.328083,0.021,true
BENV-2026-SALMONELLOSI-AVIARE-NON-TIFOIDEE-84719-GALLUS-GALLUS,MONTENERO DI BISACCIA,Molise,Campobasso,CB,municipality_region,false,41.56030,14.66270,42.065450,14.789569,57.146,true
BENV-2026-SALMONELLOSI-AVIARE-NON-TIFOIDEE-83796-GALLUS-GALLUS,VILLACIDRO,Sardegna,Sud Sardegna,SU,municipality_region,false,39.16720,8.52220,39.456992,8.736722,37.134,true
BENV-2026-SALMONELLOSI-AVIARE-NON-TIFOIDEE-83608-GALLUS-GALLUS,MONTALTO DI CASTRO,Lazio,Viterbo,VT,municipality_region,false,42.42070,12.10770,42.353460,11.606312,41.852,true
BENV-2026-SALMONELLOSI-AVIARE-NON-TIFOIDEE-83232-TACCHINO,SORGA\',Veneto,Verona,VR,municipality_region,false,45.43840,10.99160,45.213400,10.979362,25.037,true
BENV-2026-SALMONELLOSI-AVIARE-NON-TIFOIDEE-83301-GALLUS-GALLUS,CHIARAMONTI,Sardegna,Sassari,SS,municipality_region,false,40.72590,8.55570,40.749064,8.818618,22.301,true
BENV-2026-SALMONELLOSI-AVIARE-NON-TIFOIDEE-84163-GALLUS-GALLUS,LIMBADI,Calabria,Vibo Valentia,VV,municipality_region,false,38.67620,16.10160,38.557477,15.965895,17.700,true
BENV-2026-SALMONELLOSI-AVIARE-NON-TIFOIDEE-85600-GALLUS-GALLUS,IRSINA,Basilicata,Matera,MT,municipality_region,false,40.66640,16.60430,40.749622,16.235775,32.412,true
BENV-2026-SALMONELLOSI-AVIARE-NON-TIFOIDEE-84357-GALLUS-GALLUS,COLICO,Lombardia,Lecco,LC,municipality_region,false,45.85660,9.39770,46.116215,9.314998,29.567,true
BENV-2026-SALMONELLOSI-AVIARE-NON-TIFOIDEE-84404-GALLUS-GALLUS,GRONTARDO,Lombardia,Cremona,CR,municipality_region,false,45.13320,10.02270,45.201873,10.150773,12.614,true
BENV-2026-SALMONELLOSI-AVIARE-NON-TIFOIDEE-83254-GALLUS-GALLUS,ORDONA,Puglia,Foggia,FG,municipality_region,false,41.46220,15.54460,41.315529,15.627355,17.710,true
BENV-2026-SALMONELLOSI-AVIARE-NON-TIFOIDEE-83256-GALLUS-GALLUS,MONTECORVINO ROVELLA,Campania,Salerno,SA,municipality_region,false,40.68240,14.76810,40.695913,14.976105,17.602,true
BENV-2026-SALMONELLOSI-AVIARE-NON-TIFOIDEE-85006-QUAGLIA,CARPI,Emilia Romagna,Modena,MO,municipality_region,false,44.64710,10.92520,44.783570,10.885452,15.496,true
BENV-2026-SALMONELLOSI-AVIARE-NON-TIFOIDEE-84945-GALLUS-GALLUS,MONTIGLIO MONFERRATO,Piemonte,Asti,AT,municipality_region,false,44.90080,8.20660,45.064470,8.098861,20.075,true
BENV-2026-SALMONELLOSI-AVIARE-NON-TIFOIDEE-83314-GALLUS-GALLUS,MONTECORVINO ROVELLA,Campania,Salerno,SA,municipality_region,false,40.68240,14.76810,40.695913,14.976105,17.602,true
BENV-2026-SALMONELLOSI-AVIARE-NON-TIFOIDEE-84058-GALLUS-GALLUS,URBISAGLIA,Marche,Macerata,MC,municipality_region,false,43.29840,13.45310,43.196608,13.376571,12.905,true
BENV-2026-SALMONELLOSI-AVIARE-NON-TIFOIDEE-85006-GALLUS-GALLUS,CARPI,Emilia Romagna,Modena,MO,municipality_region,false,44.64710,10.92520,44.783570,10.885452,15.496,true
BENV-2026-SALMONELLOSI-AVIARE-NON-TIFOIDEE-83523-GALLUS-GALLUS,VILLA DEL CONTE,Veneto,Padova,PD,municipality_region,false,45.40640,11.87680,45.586598,11.859005,20.085,true
BENV-2026-SALMONELLOSI-AVIARE-NON-TIFOIDEE-85607-GALLUS-GALLUS,CASTELFRANCO VENETO,Veneto,Treviso,TV,municipality_region,false,45.66690,12.24300,45.672811,11.925245,24.699,true
BENV-2026-SALMONELLOSI-AVIARE-NON-TIFOIDEE-85638-GALLUS-GALLUS,FORMIGINE,Emilia Romagna,Modena,MO,municipality_region,false,44.64710,10.92520,44.575143,10.847028,10.115,true
BENV-2026-SALMONELLOSI-AVIARE-NON-TIFOIDEE-84623-GALLUS-GALLUS,ISOLA DELLA SCALA,Veneto,Verona,VR,municipality_region,false,45.43840,10.99160,45.273105,11.006889,18.419,true
BENV-2026-SALMONELLOSI-AVIARE-NON-TIFOIDEE-84068-GALLUS-GALLUS,LIMBADI,Calabria,Vibo Valentia,VV,municipality_region,false,38.67620,16.10160,38.557477,15.965895,17.700,true
BENV-2026-SALMONELLOSI-AVIARE-NON-TIFOIDEE-85705-GALLUS-GALLUS,CELLENO,Lazio,Viterbo,VT,municipality_region,false,42.42070,12.10770,42.559768,12.125758,15.534,true
BENV-2026-SALMONELLOSI-AVIARE-NON-TIFOIDEE-85679-GALLUS-GALLUS,ISOLA DELLA SCALA,Veneto,Verona,VR,municipality_region,false,45.43840,10.99160,45.273105,11.006889,18.419,true
BENV-2026-SALMONELLOSI-AVIARE-NON-TIFOIDEE-83903-GALLUS-GALLUS,ISOLA DELLA SCALA,Veneto,Verona,VR,municipality_region,false,45.43840,10.99160,45.273105,11.006889,18.419,true
BENV-2026-SALMONELLOSI-AVIARE-NON-TIFOIDEE-84187-GALLUS-GALLUS,LONATO DEL GARDA,Lombardia,Brescia,BS,municipality_region,false,45.54160,10.21180,45.461039,10.484535,23.066,true
BENV-2026-SALMONELLOSI-AVIARE-NON-TIFOIDEE-83804-GALLUS-GALLUS,TAGLIO DI PO,Veneto,Rovigo,RO,municipality_region,false,45.06980,11.79020,45.005777,12.210798,33.806,true
BENV-2026-SALMONELLOSI-AVIARE-NON-TIFOIDEE-85558-GALLUS-GALLUS,RICCIA,Molise,Campobasso,CB,municipality_region,false,41.56030,14.66270,41.483976,14.835084,16.673,true
BENV-2026-SALMONELLOSI-AVIARE-NON-TIFOIDEE-85001-GALLUS-GALLUS,RODENGO-SAIANO,Lombardia,Brescia,BS,municipality_region,false,45.54160,10.21180,45.597646,10.109468,10.114,true
BENV-2026-SALMONELLOSI-AVIARE-NON-TIFOIDEE-85416-GALLUS-GALLUS,CASTELFRANCO VENETO,Veneto,Treviso,TV,municipality_region,false,45.66690,12.24300,45.672811,11.925245,24.699,true
BENV-2026-SALMONELLOSI-AVIARE-NON-TIFOIDEE-85317-GALLUS-GALLUS,CURTATONE,Lombardia,Mantova,MN,municipality_region,false,45.15640,10.79140,45.109553,10.715842,7.891,true
BENV-2026-SALMONELLOSI-AVIARE-NON-TIFOIDEE-85267-GALLUS-GALLUS,CAPRINO VERONESE,Veneto,Verona,VR,municipality_region,false,45.43840,10.99160,45.605938,10.795132,24.111,true
BENV-2026-SALMONELLOSI-AVIARE-NON-TIFOIDEE-85651-GALLUS-GALLUS,OLEVANO SUL TUSCIANO,Campania,Salerno,SA,municipality_region,false,40.68240,14.76810,40.668904,15.032615,22.357,true
BENV-2026-SALMONELLOSI-AVIARE-NON-TIFOIDEE-85238-GALLUS-GALLUS,PIEVE DEL GRAPPA,Veneto,Treviso,TV,municipality_region,false,45.66690,12.24300,45.827223,11.838844,36.073,true
BENV-2026-SALMONELLOSI-AVIARE-NON-TIFOIDEE-85266-GALLUS-GALLUS,CIGOLE,Lombardia,Brescia,BS,municipality_region,false,45.54160,10.21180,45.308636,10.189375,25.963,true
BENV-2026-SALMONELLOSI-AVIARE-NON-TIFOIDEE-83388-GALLUS-GALLUS,PRESSANA,Veneto,Verona,VR,municipality_region,false,45.43840,10.99160,45.284749,11.402090,36.338,true
BENV-2026-SALMONELLOSI-AVIARE-NON-TIFOIDEE-85062-GALLUS-GALLUS,PIEVE DEL GRAPPA,Veneto,Treviso,TV,municipality_region,false,45.66690,12.24300,45.827223,11.838844,36.073,true
BENV-2026-SCRAPIE-83460-OVINO,BONARCADO,Sardegna,Oristano,OR,municipality_region,false,39.90380,8.59260,40.095850,8.657124,22.051,true
BENV-2026-SCRAPIE-83563-CAPRA,SILANUS,Sardegna,Nuoro,NU,municipality_region,false,40.32020,9.32640,40.288864,8.890493,37.128,true
BENV-2026-SCRAPIE-83545-OVINO,BONARCADO,Sardegna,Oristano,OR,municipality_region,false,39.90380,8.59260,40.095850,8.657124,22.051,true
BENV-2026-SCRAPIE-84271-CAPRA,OVODDA,Sardegna,Nuoro,NU,municipality_region,false,40.32020,9.32640,40.095654,9.162334,28.593,true
BENV-2026-SCRAPIE-84926-OVINO,CAMPLI,Abruzzo,Teramo,TE,municipality_region,false,42.66120,13.69900,42.726231,13.686284,7.305,true
BENV-2026-SCRAPIE-83545-CAPRA,BONARCADO,Sardegna,Oristano,OR,municipality_region,false,39.90380,8.59260,40.095850,8.657124,22.051,true
BENV-2026-SCRAPIE-84271-OVINO,OVODDA,Sardegna,Nuoro,NU,municipality_region,false,40.32020,9.32640,40.095654,9.162334,28.593,true
BENV-2026-SCRAPIE-83564-OVINO,BORORE,Sardegna,Nuoro,NU,municipality_region,false,40.32020,9.32640,40.216854,8.803725,45.811,true
BENV-2026-TUBERCOLOSI-BOVINA-MTBC-83530-CINGHIALE,FABRIANO,Marche,Ancona,AN,municipality_region,false,43.61580,13.51890,43.335841,12.904619,58.531,true
BENV-2026-TUBERCOLOSI-BOVINA-MTBC-84185-CINGHIALE,CAMERINO,Marche,Macerata,MC,municipality_region,false,43.29840,13.45310,43.135764,13.068309,36.046,true
BENV-2026-TUBERCOLOSI-BOVINA-MTBC-85507-CINGHIALE,CAMERINO,Marche,Macerata,MC,municipality_region,false,43.29840,13.45310,43.135764,13.068309,36.046,true
BENV-2026-TUBERCOLOSI-BOVINA-MTBC-83528-CINGHIALE,FABRIANO,Marche,Ancona,AN,municipality_region,false,43.61580,13.51890,43.335841,12.904619,58.531,true
BENV-2026-TUBERCOLOSI-BOVINA-MTBC-83665-CINGHIALE,FABRIANO,Marche,Ancona,AN,municipality_region,false,43.61580,13.51890,43.335841,12.904619,58.531,true
BENV-2026-TUBERCOLOSI-BOVINA-MTBC-83671-CINGHIALE,RIOLO TERME,Emilia Romagna,Ravenna,RA,municipality_region,false,44.41840,12.20350,44.277084,11.724520,41.201,true
BENV-2026-TUBERCOLOSI-BOVINA-MTBC-84526-CINGHIALE,POGGIBONSI,Toscana,Siena,SI,municipality_region,false,43.31880,11.33080,43.465028,11.148337,21.949,true
BENV-2026-TUBERCOLOSI-BOVINA-MTBC-84431-CINGHIALE,PIORACO,Marche,Macerata,MC,municipality_region,false,43.29840,13.45310,43.179050,12.985670,40.123,true
BENV-2026-TUBERCOLOSI-BOVINA-MTBC-84186-CINGHIALE,CAMERINO,Marche,Macerata,MC,municipality_region,false,43.29840,13.45310,43.135764,13.068309,36.046,true
BENV-2026-TUBERCOLOSI-BOVINA-MTBC-83244-CINGHIALE,SAN GIMIGNANO,Toscana,Siena,SI,municipality_region,false,43.31880,11.33080,43.467799,11.043212,28.539,true
BENV-2026-TUBERCOLOSI-BOVINA-MTBC-84347-CINGHIALE,FABRIANO,Marche,Ancona,AN,municipality_region,false,43.61580,13.51890,43.335841,12.904619,58.531,true
BENV-2026-TUBERCOLOSI-BOVINA-MTBC-83470-CINGHIALE,FABRIANO,Marche,Ancona,AN,municipality_region,false,43.61580,13.51890,43.335841,12.904619,58.531,true
BENV-2026-TUBERCOLOSI-BOVINA-MTBC-83529-CINGHIALE,FABRIANO,Marche,Ancona,AN,municipality_region,false,43.61580,13.51890,43.335841,12.904619,58.531,true
BENV-2026-TUBERCOLOSI-BOVINA-MTBC-84348-CINGHIALE,FABRIANO,Marche,Ancona,AN,municipality_region,false,43.61580,13.51890,43.335841,12.904619,58.531,true
BENV-2026-TUBERCOLOSI-BOVINA-MTBC-84897-CINGHIALE,MONTESPERTOLI,Toscana,Firenze,FI,municipality_region,false,43.76960,11.25580,43.643550,11.075141,20.182,true
BENV-2026-TUBERCOLOSI-BOVINA-MTBC-83474-BOVINO,ARIANO NEL POLESINE,Veneto,Rovigo,RO,municipality_region,false,45.06980,11.79020,44.946084,12.124922,29.693,true
BENV-2026-TUBERCOLOSI-BOVINA-MTBC-83015-BOVINO,SAN LUCIDO,Calabria,Cosenza,CS,municipality_region,false,39.29830,16.25370,39.308892,16.050788,17.499,true
BENV-2026-TUBERCOLOSI-BOVINA-MTBC-84200-BOVINO,DRAPIA,Calabria,Vibo Valentia,VV,municipality_region,false,38.67620,16.10160,38.664524,15.910363,16.653,true
BENV-2026-TUBERCOLOSI-BOVINA-MTBC-84227-BOVINO,ROGGIANO GRAVINA,Calabria,Cosenza,CS,municipality_region,false,39.29830,16.25370,39.618199,16.159687,36.475,true
BENV-2026-TUBERCOLOSI-BOVINA-MTBC-83834-BOVINO,VALLINFREDA,Lazio,Roma,RM,municipality_region,false,41.90280,12.49640,42.084282,12.996612,46.001,true
BENV-2026-TUBERCOLOSI-BOVINA-MTBC-82856-BOVINO,PIGNATARO INTERAMNA,Lazio,Frosinone,FR,municipality_region,false,41.63960,13.35120,41.439218,13.786212,42.513,true
BENV-2026-TUBERCOLOSI-BOVINA-MTBC-83334-BOVINO,ROMBIOLO,Calabria,Vibo Valentia,VV,municipality_region,false,38.67620,16.10160,38.591778,16.001696,12.784,true
BENV-2026-TUBERCOLOSI-BOVINA-MTBC-84415-BOVINO,MAIERATO,Calabria,Vibo Valentia,VV,municipality_region,false,38.67620,16.10160,38.705048,16.190070,8.322,true
BENV-2026-TUBERCOLOSI-BOVINA-MTBC-83274-BOVINO,BAGNARA CALABRA,Calabria,Reggio Calabria,RC,municipality_region,false,38.11130,15.64730,38.288471,15.807795,24.183,true
BENV-2026-TUBERCOLOSI-BOVINA-MTBC-84072-BOVINO,TOLVE,Basilicata,Potenza,PZ,municipality_region,false,40.64040,15.80560,40.694219,16.016271,18.749,true
BENV-2026-TUBERCOLOSI-BOVINA-MTBC-83426-BOVINO,AMELIA,Umbria,Terni,TR,municipality_region,false,42.56360,12.64270,42.553528,12.416776,18.538,true
BENV-2026-TUBERCOLOSI-BOVINA-MTBC-83942-BOVINO,GRUMENTO NOVA,Basilicata,Potenza,PZ,municipality_region,false,40.64040,15.80560,40.282810,15.888773,40.380,true
BENV-2026-TUBERCOLOSI-BOVINA-MTBC-84905-BOVINO,TURSI,Basilicata,Matera,MT,municipality_region,false,40.66640,16.60430,40.245213,16.469687,48.199,true
BENV-2026-TUBERCOLOSI-BOVINA-MTBC-84262-BOVINO,FERRANDINA,Basilicata,Matera,MT,municipality_region,false,40.66640,16.60430,40.501218,16.454683,22.294,true
BENV-2026-TUBERCOLOSI-BOVINA-MTBC-83115-BOVINO,PALAZZO ADRIANO,Sicilia,Palermo,PA,municipality_region,false,38.11570,13.36150,37.681254,13.379266,48.333,true
BENV-2026-TUBERCOLOSI-BOVINA-MTBC-83835-BOVINO,SPILINGA,Calabria,Vibo Valentia,VV,municipality_region,false,38.67620,16.10160,38.628412,15.906178,17.783,true
BENV-2026-TUBERCOLOSI-BOVINA-MTBC-83991-BOVINO,ROSCIGNO,Campania,Salerno,SA,municipality_region,false,40.68240,14.76810,40.399030,15.345926,58.111,true
BENV-2026-TUBERCOLOSI-BOVINA-MTBC-85099-BOVINO,BISEGNA,Abruzzo,L'Aquila,AQ,municipality_region,false,42.34980,13.39950,41.921128,13.757605,56.071,true
BENV-2026-TUBERCOLOSI-BOVINA-MTBC-82879-BOVINO,RAGUSA,Sicilia,Ragusa,RG,municipality_region,false,36.92690,14.72550,36.921983,14.721345,0.660,true
BENV-2026-TUBERCOLOSI-BOVINA-MTBC-85027-BOVINO,MOLITERNO,Basilicata,Potenza,PZ,municipality_region,false,40.64040,15.80560,40.241932,15.869020,44.632,true
BENV-2026-TUBERCOLOSI-BOVINA-MTBC-85098-BOVINO,BISEGNA,Abruzzo,L'Aquila,AQ,municipality_region,false,42.34980,13.39950,41.921128,13.757605,56.071,true
BENV-2026-TUBERCOLOSI-BOVINA-MTBC-82900-BOVINO,CELLE DI BULGHERIA,Campania,Salerno,SA,municipality_region,false,40.68240,14.76810,40.095489,15.402705,84.544,true
BENV-2026-TUBERCOLOSI-BOVINA-MTBC-84226-BOVINO,MORETTA,Piemonte,Cuneo,CN,municipality_region,false,44.38450,7.54270,44.763839,7.537125,42.183,true
BENV-2026-TUBERCOLOSI-BOVINA-MTBC-83165-BOVINO,BRUZZANO ZEFFIRIO,Calabria,Reggio Calabria,RC,municipality_region,false,38.11130,15.64730,38.013268,16.082604,39.638,true
BENV-2026-TUBERCOLOSI-BOVINA-MTBC-84022-BOVINO,CALTAGIRONE,Sicilia,Catania,CT,municipality_region,false,37.50790,15.08300,37.237201,14.513202,58.663,true
BENV-2026-TUBERCOLOSI-BOVINA-MTBC-84085-BOVINO,BRUZZANO ZEFFIRIO,Calabria,Reggio Calabria,RC,municipality_region,false,38.11130,15.64730,38.013268,16.082604,39.638,true
BENV-2026-TUBERCOLOSI-BOVINA-MTBC-84093-BOVINO,GIFFONI VALLE PIANA,Campania,Salerno,SA,municipality_region,false,40.68240,14.76810,40.718112,14.942347,15.216,true
BENV-2026-TUBERCOLOSI-BOVINA-MTBC-85009-BOVINO,CARPINONE,Molise,Isernia,IS,municipality_region,false,41.59600,14.23300,41.590426,14.323322,7.537,true
BENV-2026-TUBERCOLOSI-BOVINA-MTBC-85117-BOVINO,BISEGNA,Abruzzo,L'Aquila,AQ,municipality_region,false,42.34980,13.39950,41.921128,13.757605,56.071,true
BENV-2026-TUBERCOLOSI-BOVINA-MTBC-85499-BOVINO,MATELICA,Marche,Macerata,MC,municipality_region,false,43.29840,13.45310,43.256560,13.010514,36.130,true
BENV-2026-TUBERCOLOSI-BOVINA-MTBC-85233-BOVINO,GIFFONI VALLE PIANA,Campania,Salerno,SA,municipality_region,false,40.68240,14.76810,40.718112,14.942347,15.216,true
BENV-2026-TUBERCOLOSI-BOVINA-MTBC-85690-BOVINO,EBOLI,Campania,Salerno,SA,municipality_region,false,40.68240,14.76810,40.617515,15.056944,25.414,true
BENV-2026-TUBERCOLOSI-BOVINA-MTBC-84630-BOVINO,CALASCIBETTA,Sicilia,Enna,EN,municipality_region,false,37.56760,14.27990,37.590191,14.271972,2.607,true
BENV-2026-TUBERCOLOSI-BOVINA-MTBC-84632-BOVINO,BRONTE,Sicilia,Catania,CT,municipality_region,false,37.50790,15.08300,37.787160,14.833845,38.019,true
BENV-2026-TUBERCOLOSI-BOVINA-MTBC-83049-BOVINO,ANGUILLARA SABAZIA,Lazio,Roma,RM,municipality_region,false,41.90280,12.49640,42.083709,12.282982,26.753,true
BENV-2026-TUBERCOLOSI-BOVINA-MTBC-85331-BOVINO,UMBRIATICO,Calabria,Crotone,KR,municipality_region,false,39.08080,17.12710,39.354501,16.918710,35.335,true
BENV-2026-TUBERCOLOSI-BOVINA-MTBC-83215-BOVINO,NOTO,Sicilia,Siracusa,SR,municipality_region,false,37.07550,15.28660,36.890886,15.070645,28.095,true
BENV-2026-TUBERCOLOSI-BOVINA-MTBC-83776-BOVINO,PIANA DEGLI ALBANESI,Sicilia,Palermo,PA,municipality_region,false,38.11570,13.36150,37.994836,13.282689,15.107,true
BENV-2026-TUBERCOLOSI-BOVINA-MTBC-83601-BOVINO,GIFFONI VALLE PIANA,Campania,Salerno,SA,municipality_region,false,40.68240,14.76810,40.718112,14.942347,15.216,true
BENV-2026-TUBERCOLOSI-BOVINA-MTBC-85159-BOVINO,SAN NICANDRO GARGANICO,Puglia,Foggia,FG,municipality_region,false,41.46220,15.54460,41.838446,15.565338,41.872,true
BENV-2026-TUBERCOLOSI-BOVINA-MTBC-84394-BOVINO,SAN GIOVANNI ROTONDO,Puglia,Foggia,FG,municipality_region,false,41.46220,15.54460,41.705055,15.730646,31.123,true
BENV-2026-TUBERCOLOSI-BOVINA-MTBC-83921-BOVINO,CASTELDACCIA,Sicilia,Palermo,PA,municipality_region,false,38.11570,13.36150,38.054118,13.530226,16.278,true
BENV-2026-TUBERCOLOSI-BOVINA-MTBC-83750-BOVINO,CACCAMO,Sicilia,Palermo,PA,municipality_region,false,38.11570,13.36150,37.931800,13.663490,33.435,true
BENV-2026-TUBERCOLOSI-BOVINA-MTBC-83556-BOVINO,SASSOFERRATO,Marche,Ancona,AN,municipality_region,false,43.61580,13.51890,43.432655,12.857263,57.100,true
BENV-2026-TUBERCOLOSI-BOVINA-MTBC-85193-BOVINO,SAN CALOGERO,Calabria,Vibo Valentia,VV,municipality_region,false,38.67620,16.10160,38.575578,16.020296,13.231,true
BENV-2026-TUBERCOLOSI-BOVINA-MTBC-84274-BOVINO,SIRACUSA,Sicilia,Siracusa,SR,municipality_region,false,37.07550,15.28660,37.064614,15.290720,1.264,true
BENV-2026-TUBERCOLOSI-BOVINA-MTBC-83506-BOVINO,CAMERINO,Marche,Macerata,MC,municipality_region,false,43.29840,13.45310,43.135764,13.068309,36.046,true
BENV-2026-TUBERCOLOSI-BOVINA-MTBC-84272-BOVINO,CALTABELLOTTA,Sicilia,Agrigento,AG,municipality_region,false,37.30940,13.58580,37.577341,13.216548,44.163,true
BENV-2026-TUBERCOLOSI-BOVINA-MTBC-84360-BOVINO,SAN GIOVANNI ROTONDO,Puglia,Foggia,FG,municipality_region,false,41.46220,15.54460,41.705055,15.730646,31.123,true
BENV-2026-TUBERCOLOSI-BOVINA-MTBC-83262-BOVINO,VERZINO,Calabria,Crotone,KR,municipality_region,false,39.08080,17.12710,39.311098,16.860406,34.409,true
BENV-2026-TUBERCOLOSI-BOVINA-MTBC-83299-BOVINO,TORTORICI,Sicilia,Messina,ME,municipality_region,false,38.19380,15.55400,38.030103,14.824190,66.394,true
BENV-2026-TUBERCOLOSI-BOVINA-MTBC-84090-BOVINO,SERRE,Campania,Salerno,SA,municipality_region,false,40.68240,14.76810,40.582511,15.185554,36.937,true
BENV-2026-TUBERCOLOSI-BOVINA-MTBC-83958-BOVINO,PUTIGNANO,Puglia,Bari,BA,municipality_region,false,41.11710,16.87190,40.851830,17.121294,36.170,true
BENV-2026-TUBERCOLOSI-BOVINA-MTBC-84823-BOVINO,SAN LORENZO BELLIZZI,Calabria,Cosenza,CS,municipality_region,false,39.29830,16.25370,39.889205,16.330288,66.033,true
BENV-2026-TUBERCOLOSI-BOVINA-MTBC-83968-BOVINO,TREIA,Marche,Macerata,MC,municipality_region,false,43.29840,13.45310,43.310556,13.311475,11.540,true
BENV-2026-TUBERCOLOSI-BOVINA-MTBC-84887-BOVINO,VIETRI SUL MARE,Campania,Salerno,SA,municipality_region,false,40.68240,14.76810,40.671548,14.728600,3.543,true
BENV-2026-TUBERCOLOSI-BOVINA-MTBC-83376-BOVINO,MONTEROSSO CALABRO,Calabria,Vibo Valentia,VV,municipality_region,false,38.67620,16.10160,38.716999,16.291059,17.056,true
BENV-2026-TUBERCOLOSI-BOVINA-MTBC-83490-BOVINO,SASSANO,Campania,Salerno,SA,municipality_region,false,40.68240,14.76810,40.337709,15.563066,77.368,true
BENV-2026-TUBERCOLOSI-BOVINA-MTBC-84230-BOVINO,GIFFONI VALLE PIANA,Campania,Salerno,SA,municipality_region,false,40.68240,14.76810,40.718112,14.942347,15.216,true
BENV-2026-TUBERCOLOSI-BOVINA-MTBC-84281-BOVINO,CONDOFURI,Calabria,Reggio Calabria,RC,municipality_region,false,38.11130,15.64730,38.004659,15.857397,21.886,true
BENV-2026-TUBERCOLOSI-BOVINA-MTBC-84649-BOVINO,SERRA SAN QUIRICO,Marche,Ancona,AN,municipality_region,false,43.61580,13.51890,43.447683,13.013860,44.801,true
BENV-2026-TUBERCOLOSI-BOVINA-MTBC-84639-BOVINO,GIFFONI VALLE PIANA,Campania,Salerno,SA,municipality_region,false,40.68240,14.76810,40.718112,14.942347,15.216,true
BENV-2026-TUBERCOLOSI-BOVINA-MTBC-84055-BOVINO,LEONFORTE,Sicilia,Enna,EN,municipality_region,false,37.56760,14.27990,37.639212,14.392427,12.715,true
BENV-2026-TUBERCOLOSI-BOVINA-MTBC-84005-BUFALO,ISOLA DI CAPO RIZZUTO,Calabria,Crotone,KR,municipality_region,false,39.08080,17.12710,38.959993,17.093315,13.747,true
BENV-2026-TUBERCOLOSI-BOVINA-MTBC-82866-BOVINO,CALTAGIRONE,Sicilia,Catania,CT,municipality_region,false,37.50790,15.08300,37.237201,14.513202,58.663,true
BENV-2026-TUBERCOLOSI-BOVINA-MTBC-83650-BUFALO,CANCELLO ED ARNONE,Campania,Caserta,CE,municipality_region,false,41.07230,14.33110,41.074112,14.027423,25.457,true
BENV-2026-TUBERCOLOSI-BOVINA-MTBC-84231-BOVINO,GIFFONI VALLE PIANA,Campania,Salerno,SA,municipality_region,false,40.68240,14.76810,40.718112,14.942347,15.216,true
BENV-2026-TUBERCOLOSI-BOVINA-MTBC-85029-BOVINO,SANZA,Campania,Salerno,SA,municipality_region,false,40.68240,14.76810,40.244607,15.552666,82.311,true
BENV-2026-TUBERCOLOSI-BOVINA-MTBC-85111-BOVINO,CERASO,Campania,Salerno,SA,municipality_region,false,40.68240,14.76810,40.194304,15.256061,68.198,true
BENV-2026-TUBERCOLOSI-BOVINA-MTBC-85456-BOVINO,SANT\'ONOFRIO,Calabria,Vibo Valentia,VV,municipality_region,false,38.67620,16.10160,38.694981,16.144097,4.239,true
BENV-2026-TUBERCOLOSI-BOVINA-MTBC-85500-BOVINO,SAN NICANDRO GARGANICO,Puglia,Foggia,FG,municipality_region,false,41.46220,15.54460,41.838446,15.565338,41.872,true
BENV-2026-TUBERCOLOSI-BOVINA-MTBC-84422-BOVINO,MATELICA,Marche,Macerata,MC,municipality_region,false,43.29840,13.45310,43.256560,13.010514,36.130,true
BENV-2026-TUBERCOLOSI-BOVINA-MTBC-83405-BOVINO,CIMINNA,Sicilia,Palermo,PA,municipality_region,false,38.11570,13.36150,37.896816,13.562345,30.034,true
BENV-2026-TUBERCOLOSI-BOVINA-MTBC-84629-BOVINO,CASTEL DI IUDICA,Sicilia,Catania,CT,municipality_region,false,37.50790,15.08300,37.494173,14.649715,38.253,true
BENV-2026-TUBERCOLOSI-BOVINA-MTBC-84047-BOVINO,MODICA,Sicilia,Ragusa,RG,municipality_region,false,36.92690,14.72550,36.858921,14.761302,8.202,true
BENV-2026-TUBERCOLOSI-BOVINA-MTBC-85125-BOVINO,TROINA,Sicilia,Enna,EN,municipality_region,false,37.56760,14.27990,37.785354,14.598475,37.045,true
BENV-2026-TUBERCOLOSI-BOVINA-MTBC-83823-BOVINO,BORGO SAN LORENZO,Toscana,Firenze,FI,municipality_region,false,43.76960,11.25580,43.954248,11.386468,23.050,true
BENV-2026-TUBERCOLOSI-BOVINA-MTBC-84533-BOVINO,CENTURIPE,Sicilia,Enna,EN,municipality_region,false,37.56760,14.27990,37.622952,14.739079,40.921,true
BENV-2026-TUBERCOLOSI-BOVINA-MTBC-85719-BOVINO,SANT\'ONOFRIO,Calabria,Vibo Valentia,VV,municipality_region,false,38.67620,16.10160,38.694981,16.144097,4.239,true
BENV-2026-TUBERCOLOSI-BOVINA-MTBC-83364-BOVINO,NICOSIA,Sicilia,Enna,EN,municipality_region,false,37.56760,14.27990,37.747452,14.397271,22.510,true
BENV-2026-TUBERCOLOSI-BOVINA-MTBC-84275-BOVINO,SIRACUSA,Sicilia,Siracusa,SR,municipality_region,false,37.07550,15.28660,37.064614,15.290720,1.264,true
BENV-2026-TUBERCOLOSI-BOVINA-MTBC-83227-BOVINO,ROMBIOLO,Calabria,Vibo Valentia,VV,municipality_region,false,38.67620,16.10160,38.591778,16.001696,12.784,true
BENV-2026-TUBERCOLOSI-BOVINA-MTBC-85031-BOVINO,MESORACA,Calabria,Crotone,KR,municipality_region,false,39.08080,17.12710,39.080127,16.789599,29.132,true
BENV-2026-TUBERCOLOSI-BOVINA-MTBC-84855-BOVINO,PISCIOTTA,Campania,Salerno,SA,municipality_region,false,40.68240,14.76810,40.108902,15.234561,75.013,true
BENV-2026-TUBERCOLOSI-BOVINA-MTBC-85374-BOVINO,SARACENA,Calabria,Cosenza,CS,municipality_region,false,39.29830,16.25370,39.776837,16.156472,53.860,true
BENV-2026-TUBERCOLOSI-BOVINA-MTBC-83774-BOVINO,AGIRA,Sicilia,Enna,EN,municipality_region,false,37.56760,14.27990,37.656151,14.521575,23.455,true
BENV-2026-TUBERCOLOSI-BOVINA-MTBC-84668-BOVINO,PAZZANO,Calabria,Reggio Calabria,RC,municipality_region,false,38.11130,15.64730,38.475763,16.452501,81.119,true
BENV-2026-TUBERCOLOSI-BOVINA-MTBC-83190-BOVINO,MODICA,Sicilia,Ragusa,RG,municipality_region,false,36.92690,14.72550,36.858921,14.761302,8.202,true
BENV-2026-TUBERCOLOSI-BOVINA-MTBC-85440-BOVINO,SAN NICANDRO GARGANICO,Puglia,Foggia,FG,municipality_region,false,41.46220,15.54460,41.838446,15.565338,41.872,true
BENV-2026-TUBERCOLOSI-BOVINA-MTBC-83591-BOVINO,VOLTURARA IRPINA,Campania,Avellino,AV,municipality_region,false,40.91460,14.79000,40.878104,14.917085,11.427,true
BENV-2026-TUBERCOLOSI-BOVINA-MTBC-83526-BOVINO,CASABONA,Calabria,Crotone,KR,municipality_region,false,39.08080,17.12710,39.250284,16.960659,23.687,true
BENV-2026-TUBERCOLOSI-BOVINA-MTBC-83220-BOVINO,ALIFE,Campania,Caserta,CE,municipality_region,false,41.07230,14.33110,41.326120,14.334026,28.225,true
BENV-2026-TUBERCOLOSI-BOVINA-MTBC-83223-BOVINO,SAN NICANDRO GARGANICO,Puglia,Foggia,FG,municipality_region,false,41.46220,15.54460,41.838446,15.565338,41.872,true
BENV-2026-TUBERCOLOSI-BOVINA-MTBC-85024-BOVINO,VILLETTA BARREA,Abruzzo,L'Aquila,AQ,municipality_region,false,42.34980,13.39950,41.775827,13.938511,77.803,true
BENV-2026-TUBERCOLOSI-BOVINA-MTBC-84958-BOVINO,CALASCIBETTA,Sicilia,Enna,EN,municipality_region,false,37.56760,14.27990,37.590191,14.271972,2.607,true
BENV-2026-TUBERCOLOSI-BOVINA-MTBC-83614-BOVINO,CESARO\',Sicilia,Messina,ME,municipality_region,false,38.19380,15.55400,37.844756,14.713076,83.263,true
BENV-2026-TUBERCOLOSI-BOVINA-MTBC-85234-BOVINO,ABRIOLA,Basilicata,Potenza,PZ,municipality_region,false,40.64040,15.80560,40.507882,15.813760,14.751,true
BENV-2026-TUBERCOLOSI-BOVINA-MTBC-85248-BOVINO,GIFFONI VALLE PIANA,Campania,Salerno,SA,municipality_region,false,40.68240,14.76810,40.718112,14.942347,15.216,true
BENV-2026-TUBERCOLOSI-BOVINA-MTBC-85313-BOVINO,LAURIA,Basilicata,Potenza,PZ,municipality_region,false,40.64040,15.80560,40.047351,15.836595,65.996,true
BENV-2026-TUBERCOLOSI-BOVINA-MTBC-84375-BOVINO,LENTINI,Sicilia,Siracusa,SR,municipality_region,false,37.07550,15.28660,37.284685,14.998778,34.514,true
BENV-2026-TUBERCOLOSI-BOVINA-MTBC-84320-BOVINO,PIETRAPAOLA,Calabria,Cosenza,CS,municipality_region,false,39.29830,16.25370,39.487501,16.815803,52.686,true
BENV-2026-TUBERCOLOSI-BOVINA-MTBC-84602-BOVINO,CENTURIPE,Sicilia,Enna,EN,municipality_region,false,37.56760,14.27990,37.622952,14.739079,40.921,true
BENV-2026-TUBERCOLOSI-BOVINA-MTBC-84673-BOVINO,GIFFONI VALLE PIANA,Campania,Salerno,SA,municipality_region,false,40.68240,14.76810,40.718112,14.942347,15.216,true
BENV-2026-TUBERCOLOSI-BOVINA-MTBC-84091-BOVINO,POGGIARDO,Puglia,Lecce,LE,municipality_region,false,40.35150,18.17500,40.054223,18.379132,37.326,true
BENV-2026-TUBERCOLOSI-BOVINA-MTBC-85232-BOVINO,GIFFONI VALLE PIANA,Campania,Salerno,SA,municipality_region,false,40.68240,14.76810,40.718112,14.942347,15.216,true
BENV-2026-TUBERCOLOSI-BOVINA-MTBC-84435-BOVINO,VOLTURARA IRPINA,Campania,Avellino,AV,municipality_region,false,40.91460,14.79000,40.878104,14.917085,11.427,true
BENV-2026-TUBERCOLOSI-BOVINA-MTBC-84057-BOVINO,AIDONE,Sicilia,Enna,EN,municipality_region,false,37.56760,14.27990,37.415421,14.445276,22.343,true
BENV-2026-TUBERCOLOSI-BOVINA-MTBC-84082-BOVINO,CANCELLO ED ARNONE,Campania,Caserta,CE,municipality_region,false,41.07230,14.33110,41.074112,14.027423,25.457,true
BENV-2026-TUBERCOLOSI-BOVINA-MTBC-83565-BOVINO,FERRANDINA,Basilicata,Matera,MT,municipality_region,false,40.66640,16.60430,40.501218,16.454683,22.294,true
BENV-2026-TUBERCOLOSI-BOVINA-MTBC-83628-BOVINO,REGALBUTO,Sicilia,Enna,EN,municipality_region,false,37.56760,14.27990,37.653547,14.639636,33.098,true
BENV-2026-TUBERCOLOSI-BOVINA-MTBC-85320-BOVINO,GIFFONI SEI CASALI,Campania,Salerno,SA,municipality_region,false,40.68240,14.76810,40.719141,14.905972,12.320,true
BENV-2026-TUBERCOLOSI-BOVINA-MTBC-83562-BOVINO,CASABONA,Calabria,Crotone,KR,municipality_region,false,39.08080,17.12710,39.250284,16.960659,23.687,true
BENV-2026-TUBERCOLOSI-BOVINA-MTBC-84390-BOVINO,BONIFATI,Calabria,Cosenza,CS,municipality_region,false,39.29830,16.25370,39.585296,15.900282,44.039,true
BENV-2026-TUBERCOLOSI-BOVINA-MTBC-84432-BOVINO,APRICENA,Puglia,Foggia,FG,municipality_region,false,41.46220,15.54460,41.783938,15.443744,36.745,true
BENV-2026-TUBERCOLOSI-BOVINA-MTBC-83527-BOVINO,CASABONA,Calabria,Crotone,KR,municipality_region,false,39.08080,17.12710,39.250284,16.960659,23.687,true
BENV-2026-TUBERCOLOSI-BOVINA-MTBC-84361-BOVINO,SAN GIOVANNI ROTONDO,Puglia,Foggia,FG,municipality_region,false,41.46220,15.54460,41.705055,15.730646,31.123,true
BENV-2026-TUBERCOLOSI-BOVINA-MTBC-84601-BOVINO,GIFFONI VALLE PIANA,Campania,Salerno,SA,municipality_region,false,40.68240,14.76810,40.718112,14.942347,15.216,true
BENV-2026-TUBERCOLOSI-BOVINA-MTBC-83037-BOVINO,CAGNANO VARANO,Puglia,Foggia,FG,municipality_region,false,41.46220,15.54460,41.828742,15.773151,44.965,true
BENV-2026-TUBERCOLOSI-BOVINA-MTBC-83990-BOVINO,ROSCIGNO,Campania,Salerno,SA,municipality_region,false,40.68240,14.76810,40.399030,15.345926,58.111,true
BENV-2026-WEST-NILE-FEVER-85418-GAZZA,VERBANIA,Piemonte,Verbano-Cusio-Ossola,VB,municipality_region,false,45.92140,8.55100,45.937663,8.526530,2.618,true
BENV-2026-WEST-NILE-FEVER-85662-CORNACCHIA-GRIGIA,ARGENTA,Emilia Romagna,Ferrara,FE,municipality_region,false,44.83530,11.61980,44.614338,11.833842,29.827,true
BENV-2026-WEST-NILE-FEVER-85578-INSETTI-VARIE-SPECIE,CASTELVETRO PIACENTINO,Emilia Romagna,Piacenza,PC,municipality_region,false,45.05260,9.69340,45.100335,9.986716,23.635,true
BENV-2026-WEST-NILE-FEVER-85650-GAZZA,ARGENTA,Emilia Romagna,Ferrara,FE,municipality_region,false,44.83530,11.61980,44.614338,11.833842,29.827,true
BENV-2026-WEST-NILE-FEVER-85904-GAZZA,PORTOMAGGIORE,Emilia Romagna,Ferrara,FE,municipality_region,false,44.83530,11.61980,44.699258,11.804078,20.987,true
BENV-2026-WEST-NILE-FEVER-85601-GAZZA,FERRARA,Emilia Romagna,Ferrara,FE,municipality_region,false,44.83530,11.61980,44.766764,11.827939,18.104,true
BENV-2026-WEST-NILE-FEVER-85352-INSETTI-VARIE-SPECIE,VILLAFRANCA DI VERONA,Veneto,Verona,VR,municipality_region,false,45.43840,10.99160,45.350928,10.845996,14.962,true
BENV-2026-WEST-NILE-FEVER-85543-GAZZA,LODI,Lombardia,Lodi,LO,municipality_region,false,45.30970,9.50370,45.261310,9.491678,5.462,true
BENV-2026-WEST-NILE-FEVER-85599-INSETTI-VARIE-SPECIE,NOGAROLE ROCCA,Veneto,Verona,VR,municipality_region,false,45.43840,10.99160,45.291882,10.883788,18.340,true
BENV-2026-WEST-NILE-FEVER-85373-INSETTI-VARIE-SPECIE,CHIARI,Lombardia,Brescia,BS,municipality_region,false,45.54160,10.21180,45.536462,9.928846,22.045,true
BENV-2026-WEST-NILE-FEVER-85542-GAZZA,SEDRIANO,Lombardia,Milano,MI,municipality_region,false,45.46420,9.19000,45.488333,8.968731,17.460,true
BENV-2026-WEST-NILE-FEVER-85748-CORNACCHIA-GRIGIA,CREMONA,Lombardia,Cremona,CR,municipality_region,false,45.13320,10.02270,45.220864,10.037038,9.812,true
BENV-2026-WEST-NILE-FEVER-85816-GAZZA,CAPALBIO,Toscana,Grosseto,GR,municipality_region,false,42.76350,11.11240,42.454879,11.419515,42.537,true
BENV-2026-WEST-NILE-FEVER-84069-CORNACCHIA,SAN VERO MILIS,Sardegna,Oristano,OR,municipality_region,false,39.90380,8.59260,40.014548,8.598224,12.324,true
BENV-2026-WEST-NILE-FEVER-85229-CORNACCHIA-GRIGIA,SARDARA,Sardegna,Sud Sardegna,SU,municipality_region,false,39.16720,8.52220,39.616442,8.820634,56.152,true
BENV-2026-WEST-NILE-FEVER-85666-INSETTI-VARIE-SPECIE,MISANO ADRIATICO,Emilia Romagna,Rimini,RN,municipality_region,false,44.06780,12.56950,43.977495,12.698695,14.406,true
BENV-2026-WEST-NILE-FEVER-84509-AQUILA-REALE,BARGE,Piemonte,Cuneo,CN,municipality_region,false,44.38450,7.54270,44.727536,7.321021,41.994,true
BENV-2026-WEST-NILE-FEVER-85694-GABBIANO-REALE,PAGAZZANO,Lombardia,Bergamo,BG,municipality_region,false,45.69830,9.67730,45.534277,9.671157,18.245,true
BENV-2026-WEST-NILE-FEVER-85902-CORNACCHIA-GRIGIA,FABBRICO,Emilia Romagna,Reggio nell'Emilia,RE,municipality_region,false,44.69890,10.62970,44.872091,10.810062,23.948,true
BENV-2026-WEST-NILE-FEVER-85905-GAZZA,OSTELLATO,Emilia Romagna,Ferrara,FE,municipality_region,false,44.83530,11.61980,44.745678,11.943521,27.421,true
BENV-2026-WEST-NILE-FEVER-85566-INSETTI-VARIE-SPECIE,BARBARANO MOSSANO,Veneto,Vicenza,VI,municipality_region,false,45.54550,11.53540,45.408342,11.567659,15.457,true
BENV-2026-WEST-NILE-FEVER-85602-CORNACCHIA-GRIGIA,COLORNO,Emilia Romagna,Parma,PR,municipality_region,false,44.80150,10.32790,44.926532,10.377117,14.434,true
BENV-2026-WEST-NILE-FEVER-85693-AIRONE-CENERINO,SORISOLE,Lombardia,Bergamo,BG,municipality_region,false,45.69830,9.67730,45.744579,9.661195,5.296,true
BENV-2026-WEST-NILE-FEVER-85417-MERLO,VERBANIA,Piemonte,Verbano-Cusio-Ossola,VB,municipality_region,false,45.92140,8.55100,45.937663,8.526530,2.618,true
BENV-2026-WEST-NILE-FEVER-85628-INSETTI-VARIE-SPECIE,VERCELLI,Piemonte,Vercelli,VC,municipality_region,false,45.32310,8.42390,45.555383,8.346284,26.529,true
BENV-2026-WEST-NILE-FEVER-85661-INSETTI-VARIE-SPECIE,MEDICINA,Emilia Romagna,Bologna,BO,municipality_region,false,44.49490,11.34260,44.476674,11.638338,23.548,true
BENV-2026-WEST-NILE-FEVER-85899-CORNACCHIA-GRIGIA,CORREGGIO,Emilia Romagna,Reggio nell'Emilia,RE,municipality_region,false,44.69890,10.62970,44.770561,10.779783,14.284,true
BENV-2026-WEST-NILE-FEVER-85900-GAZZA,POLESINE ZIBELLO,Emilia Romagna,Parma,PR,municipality_region,false,44.80150,10.32790,45.010809,10.098713,29.453,true
BENV-2026-WEST-NILE-FEVER-84003-CORNACCHIA-GRIGIA,ORISTANO,Sardegna,Oristano,OR,municipality_region,false,39.90380,8.59260,40.026568,8.679642,15.536,true
BENV-2026-WEST-NILE-FEVER-85511-INSETTI-VARIE-SPECIE,CASALE MONFERRATO,Piemonte,Alessandria,AL,municipality_region,false,44.91320,8.62000,45.136266,8.449813,28.180,true
BENV-2026-WEST-NILE-FEVER-85620-INSETTI-VARIE-SPECIE,VILLACHIARA,Lombardia,Brescia,BS,municipality_region,false,45.54160,10.21180,45.355375,9.930966,30.145,true
BENV-2026-WEST-NILE-FEVER-85627-INSETTI-VARIE-SPECIE,TICINETO,Piemonte,Alessandria,AL,municipality_region,false,44.91320,8.62000,45.098026,8.555658,21.165,true
BENV-2026-WEST-NILE-FEVER-85598-INSETTI-VARIE-SPECIE,QUARTO D\'ALTINO,Veneto,Venezia,VE,municipality_region,false,45.44080,12.31550,45.580451,12.370500,16.109,true
BENV-2026-WEST-NILE-FEVER-85624-INSETTI-VARIE-SPECIE,CASALEONE,Veneto,Verona,VR,municipality_region,false,45.43840,10.99160,45.170669,11.199365,33.916,true
BENV-2026-WEST-NILE-FEVER-85667-INSETTI-VARIE-SPECIE,SAN CESARIO SUL PANARO,Emilia Romagna,Modena,MO,municipality_region,false,44.64710,10.92520,44.561136,11.033218,12.826,true
BENV-2026-WEST-NILE-FEVER-85672-COLOMBACCIO,PIEVE D\'OLMI,Lombardia,Cremona,CR,municipality_region,false,45.13320,10.02270,45.089570,10.123675,9.291,true
BENV-2026-WEST-NILE-FEVER-85847-INSETTI-VARIE-SPECIE,SABAUDIA,Lazio,Latina,LT,municipality_region,false,41.46760,12.90370,41.301567,13.025873,21.089,true
BENV-2026-WEST-NILE-FEVER-84069-CORNACCHIA-GRIGIA,SAN VERO MILIS,Sardegna,Oristano,OR,municipality_region,false,39.90380,8.59260,40.014548,8.598224,12.324,true
BENV-2026-WEST-NILE-FEVER-85541-CORNACCHIA-GRIGIA,POZZUOLO MARTESANA,Lombardia,Milano,MI,municipality_region,false,45.46420,9.19000,45.513975,9.456252,21.480,true
BENV-2026-WEST-NILE-FEVER-85660-INSETTI-VARIE-SPECIE,SORBOLO MEZZANI,Emilia Romagna,Parma,PR,municipality_region,false,44.80150,10.32790,44.900097,10.442160,14.189,true
BENV-2026-WEST-NILE-FEVER-85671-GABBIANO-REALE,SIRMIONE,Lombardia,Brescia,BS,municipality_region,false,45.54160,10.21180,45.468849,10.607824,31.905,true
BENV-2026-WEST-NILE-FEVER-85407-INSETTI-VARIE-SPECIE,TICINETO,Piemonte,Alessandria,AL,municipality_region,false,44.91320,8.62000,45.098026,8.555658,21.165,true
BENV-2026-WEST-NILE-FEVER-85570-INSETTI-VARIE-SPECIE,VILLANOVA DEL GHEBBO,Veneto,Rovigo,RO,municipality_region,false,45.06980,11.79020,45.059183,11.639009,11.933,true
BENV-2026-WEST-NILE-FEVER-85571-INSETTI-VARIE-SPECIE,BRUGINE,Veneto,Padova,PD,municipality_region,false,45.40640,11.87680,45.296592,11.995113,15.315,true
BENV-2026-WEST-NILE-FEVER-85573-MERLO,SESTO ED UNITI,Lombardia,Cremona,CR,municipality_region,false,45.13320,10.02270,45.186436,9.935128,9.066,true
BENV-2026-WEST-NILE-FEVER-85574-MERLO,ROBECCO D\'OGLIO,Lombardia,Cremona,CR,municipality_region,false,45.13320,10.02270,45.259374,10.076571,14.651,true
BENV-2026-WEST-NILE-FEVER-85585-CAVALLO,BORGO VENETO,Veneto,Padova,PD,municipality_region,false,45.40640,11.87680,45.213452,11.541421,33.884,true
BENV-2026-WEST-NILE-FEVER-85665-CORNACCHIA-NERA,CASTELVETRO PIACENTINO,Emilia Romagna,Piacenza,PC,municipality_region,false,45.05260,9.69340,45.100335,9.986716,23.635,true
BENV-2026-WEST-NILE-FEVER-85675-CORNACCHIA-GRIGIA,CURTATONE,Lombardia,Mantova,MN,municipality_region,false,45.15640,10.79140,45.109553,10.715842,7.891,true
BENV-2026-WEST-NILE-FEVER-85476-INSETTI-VARIE-SPECIE,MANTOVA,Lombardia,Mantova,MN,municipality_region,false,45.15640,10.79140,45.169362,10.670616,9.579,true
BENV-2026-WEST-NILE-FEVER-85310-INSETTI-VARIE-SPECIE,MESOLA,Emilia Romagna,Ferrara,FE,municipality_region,false,44.83530,11.61980,44.920782,12.229224,48.951,true
BENV-2026-WEST-NILE-FEVER-85613-CORNACCHIA-GRIGIA,CEREA,Veneto,Verona,VR,municipality_region,false,45.43840,10.99160,45.192043,11.212924,32.402,true
BENV-2026-WEST-NILE-FEVER-85629-INSETTI-VARIE-SPECIE,REFRANCORE,Piemonte,Asti,AT,municipality_region,false,44.90080,8.20660,44.936297,8.343661,11.491,true
BENV-2026-WEST-NILE-FEVER-85819-INSETTI-VARIE-SPECIE,MOSCIANO SANT\'ANGELO,Abruzzo,Teramo,TE,municipality_region,false,42.66120,13.69900,42.746847,13.888296,18.165,true
BENV-2026-WEST-NILE-FEVER-85457-GAZZA,PADOVA,Veneto,Padova,PD,municipality_region,false,45.40640,11.87680,45.407717,11.873446,0.300,true
BENV-2026-WEST-NILE-FEVER-85182-GAZZA,CASALEONE,Veneto,Verona,VR,municipality_region,false,45.43840,10.99160,45.170669,11.199365,33.916,true
BENV-2026-WEST-NILE-FEVER-85606-GAZZA,FERRARA,Emilia Romagna,Ferrara,FE,municipality_region,false,44.83530,11.61980,44.766764,11.827939,18.104,true
BENV-2026-WEST-NILE-FEVER-85636-CORNACCHIA-GRIGIA,ROMA,Lazio,Roma,RM,municipality_region,false,41.90280,12.49640,41.893320,12.482932,1.534,true
BENV-2026-WEST-NILE-FEVER-85637-CAVALLO,SAN GREGORIO DA SASSOLA,Lazio,Roma,RM,municipality_region,false,41.90280,12.49640,41.917121,12.870786,31.022,true
BENV-2026-WEST-NILE-FEVER-85670-GHEPPIO,LONATO DEL GARDA,Lombardia,Brescia,BS,municipality_region,false,45.54160,10.21180,45.461039,10.484535,23.066,true
BENV-2026-WEST-NILE-FEVER-85603-INSETTI-VARIE-SPECIE,BRESCELLO,Emilia Romagna,Reggio nell'Emilia,RE,municipality_region,false,44.69890,10.62970,44.901224,10.515728,24.228,true
BENV-2026-WEST-NILE-FEVER-85710-GHEPPIO,CARMIGNANO DI BRENTA,Veneto,Padova,PD,municipality_region,false,45.40640,11.87680,45.628771,11.699861,28.310,true
BENV-2026-WEST-NILE-FEVER-85286-CAVALLO,NOTO,Sicilia,Siracusa,SR,municipality_region,false,37.07550,15.28660,36.890886,15.070645,28.095,true
BENV-2026-WEST-NILE-FEVER-85298-CORVO,VELEZZO LOMELLINA,Lombardia,Pavia,PV,municipality_region,false,45.18470,9.15820,45.163359,8.737243,33.083,true
BENV-2026-WEST-NILE-FEVER-85328-GAZZA,CAMPOMORONE,Liguria,Genova,GE,municipality_region,false,44.40560,8.94630,44.507337,8.890110,12.160,true
BENV-2026-WEST-NILE-FEVER-85569-INSETTI-VARIE-SPECIE,FICAROLO,Veneto,Rovigo,RO,municipality_region,false,45.06980,11.79020,44.953799,11.435729,30.706,true
BENV-2026-WEST-NILE-FEVER-85711-GABBIANO-REALE,SCORZE\',Veneto,Venezia,VE,municipality_region,false,45.44080,12.31550,45.571354,12.108383,21.708,true
BENV-2026-WEST-NILE-FEVER-85812-GAZZA,VERBANIA,Piemonte,Verbano-Cusio-Ossola,VB,municipality_region,false,45.92140,8.55100,45.937663,8.526530,2.618,true
BENV-2026-WEST-NILE-FEVER-84252-CORNACCHIA-GRIGIA,CABRAS,Sardegna,Oristano,OR,municipality_region,false,39.90380,8.59260,39.930314,8.532054,5.946,true
BENV-2026-WEST-NILE-FEVER-85475-INSETTI-VARIE-SPECIE,MOTTEGGIANA,Lombardia,Mantova,MN,municipality_region,false,45.15640,10.79140,45.034940,10.764023,13.676,true
BENV-2026-WEST-NILE-FEVER-85647-INSETTI-VARIE-SPECIE,CASELLE LANDI,Lombardia,Lodi,LO,municipality_region,false,45.30970,9.50370,45.102568,9.795567,32.455,true
BENV-2026-WEST-NILE-FEVER-85664-GAZZA,SAN SECONDO PARMENSE,Emilia Romagna,Parma,PR,municipality_region,false,44.80150,10.32790,44.920160,10.229558,15.303,true
BENV-2026-WEST-NILE-FEVER-85712-STROLAGA-MEZZANA,VENEZIA,Veneto,Venezia,VE,municipality_region,false,45.44080,12.31550,45.437191,12.334590,1.543,true
BENV-2026-WEST-NILE-FEVER-85641-INSETTI-VARIE-SPECIE,ORISTANO,Sardegna,Oristano,OR,municipality_region,false,39.90380,8.59260,40.026568,8.679642,15.536,true
BENV-2026-WEST-NILE-FEVER-85408-INSETTI-VARIE-SPECIE,VESPOLATE,Piemonte,Novara,NO,municipality_region,false,45.44690,8.62220,45.350871,8.668921,11.284,true
