file,external_id,location,region,province,match,old_lat,old_lon,new_lat,new_lon,changed
adis_events.csv,IT-ASF-2026-00478,Comano,Toscana,Massa-Carrara,municipality_region,44.29335,10.13109,44.293540,10.131165,true
adis_events.csv,IT-ASF-2026-00826,Comano,Toscana,Massa-Carrara,municipality_region,44.29335,10.13109,44.293540,10.131165,true
adis_events.csv,IT-ASF-2026-00895,Comano,Toscana,Massa-Carrara,municipality_region,44.29335,10.13109,44.293540,10.131165,true
adis_events.csv,IT-ASF-2026-00001,Comano,Toscana,Massa-Carrara,municipality_region,44.29335,10.13109,44.293540,10.131165,true
adis_events.csv,IT-ASF-2026-00002,Comano,Toscana,Massa-Carrara,municipality_region,44.29335,10.13109,44.293540,10.131165,true
adis_events.csv,IT-ASF-2026-00003,Comano,Toscana,Massa-Carrara,municipality_region,44.29335,10.13109,44.293540,10.131165,true
adis_events.csv,IT-ASF-2026-00004,San Marcello Pistoiese,Toscana,,not_found,44.05560,10.79060,44.05560,10.79060,false
adis_events.csv,IT-ASF-2026-00195,Bagnone,Toscana,Massa-Carrara,municipality_region,44.31500,9.99500,44.314739,9.994655,true
adis_events.csv,IT-ASF-2026-00196,Bagnone,Toscana,Massa-Carrara,municipality_region,44.31500,9.99500,44.314739,9.994655,true
adis_events.csv,IT-ASF-2026-00197,Bagnone,Toscana,Massa-Carrara,municipality_region,44.31500,9.99500,44.314739,9.994655,true
adis_events.csv,IT-ASF-2026-00198,Bagnone,Toscana,Massa-Carrara,municipality_region,44.31500,9.99500,44.314739,9.994655,true
adis_events.csv,IT-ASF-2026-00199,Bagnone,Toscana,Massa-Carrara,municipality_region,44.31500,9.99500,44.314739,9.994655,true
adis_events.csv,IT-ASF-2026-00200,Bagnone,Toscana,Massa-Carrara,municipality_region,44.31500,9.99500,44.314739,9.994655,true
adis_events.csv,IT-ASF-2026-00201,Bagnone,Toscana,Massa-Carrara,municipality_region,44.31500,9.99500,44.314739,9.994655,true
adis_events.csv,IT-ASF-2026-00202,Bagnone,Toscana,Massa-Carrara,municipality_region,44.31500,9.99500,44.314739,9.994655,true
adis_events.csv,IT-ASF-2026-00203,Bagnone,Toscana,Massa-Carrara,municipality_region,44.31500,9.99500,44.314739,9.994655,true
adis_events.csv,IT-ASF-2026-00204,Fivizzano,Toscana,Massa-Carrara,municipality_region,44.23784,10.12650,44.238350,10.125990,true
adis_events.csv,IT-ASF-2026-00205,Fivizzano,Toscana,Massa-Carrara,municipality_region,44.23784,10.12650,44.238350,10.125990,true
adis_events.csv,IT-ASF-2026-00206,Rapallo,Liguria,Genova,municipality_region,44.34960,9.22796,44.351147,9.229671,true
adis_events.csv,IT-ASF-2026-00207,Rapallo,Liguria,Genova,municipality_region,44.34960,9.22796,44.351147,9.229671,true
adis_events.csv,IT-ASF-2026-00208,Comano,Toscana,Massa-Carrara,municipality_region,44.29335,10.13109,44.293540,10.131165,true
adis_events.csv,IT-ASF-2026-00209,Comano,Toscana,Massa-Carrara,municipality_region,44.29335,10.13109,44.293540,10.131165,true
adis_events.csv,IT-ASF-2026-00210,Comano,Toscana,Massa-Carrara,municipality_region,44.29335,10.13109,44.293540,10.131165,true
adis_events.csv,IT-ASF-2026-00211,Comano,Toscana,Massa-Carrara,municipality_region,44.29335,10.13109,44.293540,10.131165,true
adis_events.csv,IT-ASF-2026-00212,Comano,Toscana,Massa-Carrara,municipality_region,44.29335,10.13109,44.293540,10.131165,true
adis_events.csv,IT-ASF-2026-00213,Comano,Toscana,Massa-Carrara,municipality_region,44.29335,10.13109,44.293540,10.131165,true
adis_events.csv,IT-ASF-2026-00214,Comano,Toscana,Massa-Carrara,municipality_region,44.29335,10.13109,44.293540,10.131165,true
adis_events.csv,IT-ASF-2026-00215,Comano,Toscana,Massa-Carrara,municipality_region,44.29335,10.13109,44.293540,10.131165,true
adis_events.csv,IT-ASF-2026-00216,Comano,Toscana,Massa-Carrara,municipality_region,44.29335,10.13109,44.293540,10.131165,true
adis_events.csv,IT-ASF-2026-00217,Comano,Toscana,Massa-Carrara,municipality_region,44.29335,10.13109,44.293540,10.131165,true
adis_events.csv,IT-ASF-2026-00218,Comano,Toscana,Massa-Carrara,municipality_region,44.29335,10.13109,44.293540,10.131165,true
adis_events.csv,IT-ASF-2026-00219,Comano,Toscana,Massa-Carrara,municipality_region,44.29335,10.13109,44.293540,10.131165,true
adis_events.csv,IT-ASF-2026-00220,Comano,Toscana,Massa-Carrara,municipality_region,44.29335,10.13109,44.293540,10.131165,true
adis_events.csv,IT-ASF-2026-00221,Comano,Toscana,Massa-Carrara,municipality_region,44.29335,10.13109,44.293540,10.131165,true
adis_events.csv,IT-ASF-2026-00222,Comano,Toscana,Massa-Carrara,municipality_region,44.29335,10.13109,44.293540,10.131165,true
adis_events.csv,IT-ASF-2026-00223,Comano,Toscana,Massa-Carrara,municipality_region,44.29335,10.13109,44.293540,10.131165,true
adis_events.csv,IT-ASF-2026-00224,Comano,Toscana,Massa-Carrara,municipality_region,44.29335,10.13109,44.293540,10.131165,true
adis_events.csv,IT-ASF-2026-00225,Comano,Toscana,Massa-Carrara,municipality_region,44.29335,10.13109,44.293540,10.131165,true
adis_events.csv,IT-ASF-2026-00226,Comano,Toscana,Massa-Carrara,municipality_region,44.29335,10.13109,44.293540,10.131165,true
adis_events.csv,IT-ASF-2026-00227,Comano,Toscana,Massa-Carrara,municipality_region,44.29335,10.13109,44.293540,10.131165,true
adis_events.csv,IT-ASF-2026-00228,Comano,Toscana,Massa-Carrara,municipality_region,44.29335,10.13109,44.293540,10.131165,true
adis_events.csv,IT-ASF-2026-00229,Comano,Toscana,Massa-Carrara,municipality_region,44.29335,10.13109,44.293540,10.131165,true
adis_events.csv,IT-ASF-2026-00230,Comano,Toscana,Massa-Carrara,municipality_region,44.29335,10.13109,44.293540,10.131165,true
adis_events.csv,IT-ASF-2026-00231,Comano,Toscana,Massa-Carrara,municipality_region,44.29335,10.13109,44.293540,10.131165,true
adis_events.csv,IT-ASF-2026-00232,Comano,Toscana,Massa-Carrara,municipality_region,44.29335,10.13109,44.293540,10.131165,true
adis_events.csv,IT-ASF-2026-00233,Comano,Toscana,Massa-Carrara,municipality_region,44.29335,10.13109,44.293540,10.131165,true
adis_events.csv,IT-ASF-2026-00234,Comano,Toscana,Massa-Carrara,municipality_region,44.29335,10.13109,44.293540,10.131165,true
adis_events.csv,IT-ASF-2026-00235,Comano,Toscana,Massa-Carrara,municipality_region,44.29335,10.13109,44.293540,10.131165,true
adis_events.csv,IT-ASF-2026-00236,Comano,Toscana,Massa-Carrara,municipality_region,44.29335,10.13109,44.293540,10.131165,true
adis_events.csv,IT-ASF-2026-00237,Comano,Toscana,Massa-Carrara,municipality_region,44.29335,10.13109,44.293540,10.131165,true
adis_events.csv,IT-ASF-2026-00238,Comano,Toscana,Massa-Carrara,municipality_region,44.29335,10.13109,44.293540,10.131165,true
adis_events.csv,IT-ASF-2026-00239,Comano,Toscana,Massa-Carrara,municipality_region,44.29335,10.13109,44.293540,10.131165,true
adis_events.csv,IT-ASF-2026-00240,Comano,Toscana,Massa-Carrara,municipality_region,44.29335,10.13109,44.293540,10.131165,true
adis_events.csv,IT-ASF-2026-00436,Ligonchio,Emilia-Romagna,,not_found,44.31600,10.33800,44.31600,10.33800,false
adis_events.csv,IT-ASF-2026-00437,Ligonchio,Emilia-Romagna,,not_found,44.31600,10.33800,44.31600,10.33800,false
adis_events.csv,IT-ASF-2026-00438,Ligonchio,Emilia-Romagna,,not_found,44.31600,10.33800,44.31600,10.33800,false
adis_events.csv,IT-ASF-2026-00439,Ligonchio,Emilia-Romagna,,not_found,44.31600,10.33800,44.31600,10.33800,false
adis_events.csv,IT-ASF-2026-00440,Ligonchio,Emilia-Romagna,,not_found,44.31600,10.33800,44.31600,10.33800,false
adis_events.csv,IT-ASF-2026-00441,Ligonchio,Emilia-Romagna,,not_found,44.31600,10.33800,44.31600,10.33800,false
adis_events.csv,IT-ASF-2026-00442,Ligonchio,Emilia-Romagna,,not_found,44.31600,10.33800,44.31600,10.33800,false
adis_events.csv,IT-ASF-2026-00443,Ligonchio,Emilia-Romagna,,not_found,44.31600,10.33800,44.31600,10.33800,false
adis_events.csv,IT-ASF-2026-00444,Ligonchio,Emilia-Romagna,,not_found,44.31600,10.33800,44.31600,10.33800,false
adis_events.csv,IT-ASF-2026-00445,Ligonchio,Emilia-Romagna,,not_found,44.31600,10.33800,44.31600,10.33800,false
adis_events.csv,IT-ASF-2026-00446,Collagna,Emilia-Romagna,,not_found,44.34700,10.27400,44.34700,10.27400,false
adis_events.csv,IT-ASF-2026-00447,Collagna,Emilia-Romagna,,not_found,44.34700,10.27400,44.34700,10.27400,false
adis_events.csv,IT-ASF-2026-00448,Collagna,Emilia-Romagna,,not_found,44.34700,10.27400,44.34700,10.27400,false
adis_events.csv,IT-ASF-2026-00449,Collagna,Emilia-Romagna,,not_found,44.34700,10.27400,44.34700,10.27400,false
adis_events.csv,IT-ASF-2026-00450,Collagna,Emilia-Romagna,,not_found,44.34700,10.27400,44.34700,10.27400,false
adis_events.csv,IT-ASF-2026-00451,Collagna,Emilia-Romagna,,not_found,44.34700,10.27400,44.34700,10.27400,false
adis_events.csv,IT-ASF-2026-00452,Collagna,Emilia-Romagna,,not_found,44.34700,10.27400,44.34700,10.27400,false
adis_events.csv,IT-ASF-2026-00453,Collagna,Emilia-Romagna,,not_found,44.34700,10.27400,44.34700,10.27400,false
adis_events.csv,IT-ASF-2026-00454,Collagna,Emilia-Romagna,,not_found,44.34700,10.27400,44.34700,10.27400,false
adis_events.csv,IT-ASF-2026-00455,Genova,Liguria,Genova,municipality_region,44.40478,8.94439,44.407260,8.933862,true
adis_events.csv,IT-ASF-2026-00456,Genova,Liguria,Genova,municipality_region,44.40478,8.94439,44.407260,8.933862,true
adis_events.csv,IT-ASF-2026-00457,Genova,Liguria,Genova,municipality_region,44.40478,8.94439,44.407260,8.933862,true
adis_events.csv,IT-ASF-2026-00458,Genova,Liguria,Genova,municipality_region,44.40478,8.94439,44.407260,8.933862,true
adis_events.csv,IT-ASF-2026-00459,Genova,Liguria,Genova,municipality_region,44.40478,8.94439,44.407260,8.933862,true
adis_events.csv,IT-ASF-2026-00460,Genova,Liguria,Genova,municipality_region,44.40478,8.94439,44.407260,8.933862,true
adis_events.csv,IT-ASF-2026-00461,Genova,Liguria,Genova,municipality_region,44.40478,8.94439,44.407260,8.933862,true
adis_events.csv,IT-ASF-2026-00462,Genova,Liguria,Genova,municipality_region,44.40478,8.94439,44.407260,8.933862,true
adis_events.csv,IT-ASF-2026-00463,Genova,Liguria,Genova,municipality_region,44.40478,8.94439,44.407260,8.933862,true
adis_events.csv,IT-ASF-2026-00464,Genova,Liguria,Genova,municipality_region,44.40478,8.94439,44.407260,8.933862,true
adis_events.csv,IT-ASF-2026-00465,Genova,Liguria,Genova,municipality_region,44.40478,8.94439,44.407260,8.933862,true
adis_events.csv,IT-ASF-2026-00466,Genova,Liguria,Genova,municipality_region,44.40478,8.94439,44.407260,8.933862,true
adis_events.csv,IT-ASF-2026-00467,Genova,Liguria,Genova,municipality_region,44.40478,8.94439,44.407260,8.933862,true
adis_events.csv,IT-ASF-2026-00468,Genova,Liguria,Genova,municipality_region,44.40478,8.94439,44.407260,8.933862,true
adis_events.csv,IT-ASF-2026-00469,Genova,Liguria,Genova,municipality_region,44.40478,8.94439,44.407260,8.933862,true
adis_events.csv,IT-ASF-2026-00470,Genova,Liguria,Genova,municipality_region,44.40478,8.94439,44.407260,8.933862,true
adis_events.csv,IT-ASF-2026-00471,Genova,Liguria,Genova,municipality_region,44.40478,8.94439,44.407260,8.933862,true
adis_events.csv,IT-ASF-2026-00472,Genova,Liguria,Genova,municipality_region,44.40478,8.94439,44.407260,8.933862,true
adis_events.csv,IT-ASF-2026-00473,Genova,Liguria,Genova,municipality_region,44.40478,8.94439,44.407260,8.933862,true
adis_events.csv,IT-ASF-2026-00474,Genova,Liguria,Genova,municipality_region,44.40478,8.94439,44.407260,8.933862,true
adis_events.csv,IT-ASF-2026-00475,Genova,Liguria,Genova,municipality_region,44.40478,8.94439,44.407260,8.933862,true
adis_events.csv,IT-ASF-2026-00476,Genova,Liguria,Genova,municipality_region,44.40478,8.94439,44.407260,8.933862,true
adis_events.csv,IT-ASF-2026-00477,Genova,Liguria,Genova,municipality_region,44.40478,8.94439,44.407260,8.933862,true
adis_events.csv,IT-ASF-2026-00479,Genova,Liguria,Genova,municipality_region,44.40478,8.94439,44.407260,8.933862,true
adis_events.csv,IT-ASF-2026-00480,Genova,Liguria,Genova,municipality_region,44.40478,8.94439,44.407260,8.933862,true
adis_events.csv,IT-ASF-2026-00481,Genova,Liguria,Genova,municipality_region,44.40478,8.94439,44.407260,8.933862,true
adis_events.csv,IT-ASF-2026-00482,Genova,Liguria,Genova,municipality_region,44.40478,8.94439,44.407260,8.933862,true
adis_events.csv,IT-ASF-2026-00483,Genova,Liguria,Genova,municipality_region,44.40478,8.94439,44.407260,8.933862,true
adis_events.csv,IT-ASF-2026-00484,Genova,Liguria,Genova,municipality_region,44.40478,8.94439,44.407260,8.933862,true
adis_events.csv,IT-ASF-2026-00485,Genova,Liguria,Genova,municipality_region,44.40478,8.94439,44.407260,8.933862,true
adis_events.csv,IT-ASF-2026-00486,Genova,Liguria,Genova,municipality_region,44.40478,8.94439,44.407260,8.933862,true
adis_events.csv,IT-ASF-2026-00487,Genova,Liguria,Genova,municipality_region,44.40478,8.94439,44.407260,8.933862,true
adis_events.csv,IT-ASF-2026-00488,Genova,Liguria,Genova,municipality_region,44.40478,8.94439,44.407260,8.933862,true
adis_events.csv,IT-ASF-2026-00489,Genova,Liguria,Genova,municipality_region,44.40478,8.94439,44.407260,8.933862,true
adis_events.csv,IT-ASF-2026-00490,Langhirano,Emilia-Romagna,Parma,municipality_region,44.61240,10.26600,44.613064,10.266114,true
adis_events.csv,IT-ASF-2026-00491,Langhirano,Emilia-Romagna,Parma,municipality_region,44.61240,10.26600,44.613064,10.266114,true
adis_events.csv,IT-ASF-2026-00492,Langhirano,Emilia-Romagna,Parma,municipality_region,44.61240,10.26600,44.613064,10.266114,true
adis_events.csv,IT-ASF-2026-00493,Langhirano,Emilia-Romagna,Parma,municipality_region,44.61240,10.26600,44.613064,10.266114,true
adis_events.csv,IT-ASF-2026-00688,Felino,Emilia-Romagna,Parma,municipality_region,44.69230,10.24100,44.696587,10.237205,true
adis_events.csv,IT-ASF-2026-00689,Felino,Emilia-Romagna,Parma,municipality_region,44.69230,10.24100,44.696587,10.237205,true
adis_events.csv,IT-ASF-2026-00690,Felino,Emilia-Romagna,Parma,municipality_region,44.69230,10.24100,44.696587,10.237205,true
adis_events.csv,IT-ASF-2026-00691,Felino,Emilia-Romagna,Parma,municipality_region,44.69230,10.24100,44.696587,10.237205,true
adis_events.csv,IT-ASF-2026-00692,Barga,Toscana,Lucca,municipality_region,44.07310,10.48050,44.073918,10.484263,true
adis_events.csv,IT-ASF-2026-00693,Barga,Toscana,Lucca,municipality_region,44.07310,10.48050,44.073918,10.484263,true
adis_events.csv,IT-ASF-2026-00694,Barga,Toscana,Lucca,municipality_region,44.07310,10.48050,44.073918,10.484263,true
adis_events.csv,IT-ASF-2026-00695,Barga,Toscana,Lucca,municipality_region,44.07310,10.48050,44.073918,10.484263,true
adis_events.csv,IT-ASF-2026-00696,Barga,Toscana,Lucca,municipality_region,44.07310,10.48050,44.073918,10.484263,true
adis_events.csv,IT-ASF-2026-00697,Barga,Toscana,Lucca,municipality_region,44.07310,10.48050,44.073918,10.484263,true
adis_events.csv,IT-ASF-2026-00698,Barga,Toscana,Lucca,municipality_region,44.07310,10.48050,44.073918,10.484263,true
adis_events.csv,IT-ASF-2026-00699,Barga,Toscana,Lucca,municipality_region,44.07310,10.48050,44.073918,10.484263,true
adis_events.csv,IT-ASF-2026-00700,Barga,Toscana,Lucca,municipality_region,44.07310,10.48050,44.073918,10.484263,true
adis_events.csv,IT-ASF-2026-00701,Barga,Toscana,Lucca,municipality_region,44.07310,10.48050,44.073918,10.484263,true
adis_events.csv,IT-ASF-2026-00702,Barga,Toscana,Lucca,municipality_region,44.07310,10.48050,44.073918,10.484263,true
adis_events.csv,IT-ASF-2026-00703,Barga,Toscana,Lucca,municipality_region,44.07310,10.48050,44.073918,10.484263,true
adis_events.csv,IT-ASF-2026-00704,Barga,Toscana,Lucca,municipality_region,44.07310,10.48050,44.073918,10.484263,true
adis_events.csv,IT-ASF-2026-00705,Barga,Toscana,Lucca,municipality_region,44.07310,10.48050,44.073918,10.484263,true
adis_events.csv,IT-ASF-2026-00706,Barga,Toscana,Lucca,municipality_region,44.07310,10.48050,44.073918,10.484263,true
adis_events.csv,IT-ASF-2026-00707,Barga,Toscana,Lucca,municipality_region,44.07310,10.48050,44.073918,10.484263,true
adis_events.csv,IT-ASF-2026-00708,Barga,Toscana,Lucca,municipality_region,44.07310,10.48050,44.073918,10.484263,true
adis_events.csv,IT-ASF-2026-00709,Barga,Toscana,Lucca,municipality_region,44.07310,10.48050,44.073918,10.484263,true
adis_events.csv,IT-ASF-2026-00710,Barga,Toscana,Lucca,municipality_region,44.07310,10.48050,44.073918,10.484263,true
adis_events.csv,IT-ASF-2026-00711,Barga,Toscana,Lucca,municipality_region,44.07310,10.48050,44.073918,10.484263,true
adis_events.csv,IT-ASF-2026-00712,Barga,Toscana,Lucca,municipality_region,44.07310,10.48050,44.073918,10.484263,true
adis_events.csv,IT-ASF-2026-00713,Barga,Toscana,Lucca,municipality_region,44.07310,10.48050,44.073918,10.484263,true
adis_events.csv,IT-ASF-2026-00714,Barga,Toscana,Lucca,municipality_region,44.07310,10.48050,44.073918,10.484263,true
adis_events.csv,IT-ASF-2026-00715,Barga,Toscana,Lucca,municipality_region,44.07310,10.48050,44.073918,10.484263,true
adis_events.csv,IT-ASF-2026-00716,Barga,Toscana,Lucca,municipality_region,44.07310,10.48050,44.073918,10.484263,true
adis_events.csv,IT-ASF-2026-00717,Barga,Toscana,Lucca,municipality_region,44.07310,10.48050,44.073918,10.484263,true
adis_events.csv,IT-ASF-2026-00718,Barga,Toscana,Lucca,municipality_region,44.07310,10.48050,44.073918,10.484263,true
adis_events.csv,IT-ASF-2026-00719,Barga,Toscana,Lucca,municipality_region,44.07310,10.48050,44.073918,10.484263,true
adis_events.csv,IT-ASF-2026-00720,Barga,Toscana,Lucca,municipality_region,44.07310,10.48050,44.073918,10.484263,true
adis_events.csv,IT-ASF-2026-00721,Barga,Toscana,Lucca,municipality_region,44.07310,10.48050,44.073918,10.484263,true
adis_events.csv,IT-ASF-2026-00722,Barga,Toscana,Lucca,municipality_region,44.07310,10.48050,44.073918,10.484263,true
adis_events.csv,IT-ASF-2026-00723,Barga,Toscana,Lucca,municipality_region,44.07310,10.48050,44.073918,10.484263,true
adis_events.csv,IT-ASF-2026-00724,Barga,Toscana,Lucca,municipality_region,44.07310,10.48050,44.073918,10.484263,true
adis_events.csv,IT-ASF-2026-00725,Barga,Toscana,Lucca,municipality_region,44.07310,10.48050,44.073918,10.484263,true
adis_events.csv,IT-ASF-2026-00726,Barga,Toscana,Lucca,municipality_region,44.07310,10.48050,44.073918,10.484263,true
adis_events.csv,IT-ASF-2026-00727,Barga,Toscana,Lucca,municipality_region,44.07310,10.48050,44.073918,10.484263,true
adis_events.csv,IT-ASF-2026-00728,Barga,Toscana,Lucca,municipality_region,44.07310,10.48050,44.073918,10.484263,true
adis_events.csv,IT-ASF-2026-00729,Barga,Toscana,Lucca,municipality_region,44.07310,10.48050,44.073918,10.484263,true
adis_events.csv,IT-ASF-2026-00730,Barga,Toscana,Lucca,municipality_region,44.07310,10.48050,44.073918,10.484263,true
adis_events.csv,IT-ASF-2026-00731,Barga,Toscana,Lucca,municipality_region,44.07310,10.48050,44.073918,10.484263,true
adis_events.csv,IT-ASF-2026-00732,Barga,Toscana,Lucca,municipality_region,44.07310,10.48050,44.073918,10.484263,true
adis_events.csv,IT-ASF-2026-00733,Barga,Toscana,Lucca,municipality_region,44.07310,10.48050,44.073918,10.484263,true
adis_events.csv,IT-ASF-2026-00734,Barga,Toscana,Lucca,municipality_region,44.07310,10.48050,44.073918,10.484263,true
adis_events.csv,IT-ASF-2026-00735,San Marcello Pistoiese,Toscana,,not_found,44.05560,10.79060,44.05560,10.79060,false
adis_events.csv,IT-ASF-2026-00736,San Marcello Pistoiese,Toscana,,not_found,44.05560,10.79060,44.05560,10.79060,false
adis_events.csv,IT-ASF-2026-00966,San Marco In Lamis,Puglia,Foggia,municipality_region,41.71210,15.63825,41.713138,15.639850,true
adis_events.csv,IT-ASF-2026-00967,San Marco In Lamis,Puglia,Foggia,municipality_region,41.71210,15.63825,41.713138,15.639850,true
adis_events.csv,IT-ASF-2026-00968,San Marco In Lamis,Puglia,Foggia,municipality_region,41.71210,15.63825,41.713138,15.639850,true
adis_events.csv,IT-ASF-2026-00969,San Marco In Lamis,Puglia,Foggia,municipality_region,41.71210,15.63825,41.713138,15.639850,true
adis_events.csv,IT-ASF-2026-00970,San Marco In Lamis,Puglia,Foggia,municipality_region,41.71210,15.63825,41.713138,15.639850,true
adis_events.csv,IT-ASF-2026-00971,San Marco In Lamis,Puglia,Foggia,municipality_region,41.71210,15.63825,41.713138,15.639850,true
adis_events.csv,IT-ASF-2026-00972,San Marco In Lamis,Puglia,Foggia,municipality_region,41.71210,15.63825,41.713138,15.639850,true
adis_events.csv,IT-ASF-2026-00973,San Marco In Lamis,Puglia,Foggia,municipality_region,41.71210,15.63825,41.713138,15.639850,true
adis_events.csv,IT-ASF-2026-00974,San Marco In Lamis,Puglia,Foggia,municipality_region,41.71210,15.63825,41.713138,15.639850,true
adis_events.csv,IT-ASF-2026-00975,San Marco In Lamis,Puglia,Foggia,municipality_region,41.71210,15.63825,41.713138,15.639850,true
adis_events.csv,IT-ASF-2026-00976,San Marco In Lamis,Puglia,Foggia,municipality_region,41.71210,15.63825,41.713138,15.639850,true
adis_events.csv,IT-ASF-2026-00977,San Marco In Lamis,Puglia,Foggia,municipality_region,41.71210,15.63825,41.713138,15.639850,true
adis_events.csv,IT-ASF-2026-00978,San Marco In Lamis,Puglia,Foggia,municipality_region,41.71210,15.63825,41.713138,15.639850,true
adis_events.csv,IT-ASF-2026-00979,San Marco In Lamis,Puglia,Foggia,municipality_region,41.71210,15.63825,41.713138,15.639850,true
adis_events.csv,IT-ASF-2026-00980,San Marco In Lamis,Puglia,Foggia,municipality_region,41.71210,15.63825,41.713138,15.639850,true
adis_events.csv,IT-SHB-2026-00001,San Marco In Lamis,Puglia,Foggia,municipality_region,41.71210,15.63825,41.713138,15.639850,true
adis_events.csv,IT-SHB-2026-00002,San Marco In Lamis,Puglia,Foggia,municipality_region,41.71210,15.63825,41.713138,15.639850,true
adis_events.csv,IT-ANTHRAX-2026-00001,San Marco In Lamis,Puglia,Foggia,municipality_region,41.71210,15.63825,41.713138,15.639850,true
adis_events.csv,IT-EBL-2026-00001,San Marco In Lamis,Puglia,Foggia,municipality_region,41.71210,15.63825,41.713138,15.639850,true
adis_events.csv,IT-EBL-2026-00002,San Marco In Lamis,Puglia,Foggia,municipality_region,41.71210,15.63825,41.713138,15.639850,true
adis_events.csv,IT-EBL-2026-00003,San Marco In Lamis,Puglia,Foggia,municipality_region,41.71210,15.63825,41.713138,15.639850,true
wahis_events.csv,WAHIS-YYYY-COUNTRY-DISEASE-AREA-001,Area Pavia,Lombardia,Pavia,municipality_region,45.036855,9.137825,45.036855,9.137825,false
wahis_events.csv,WAHIS-YYYY-COUNTRY-DISEASE-AREA-002,Area Verona,Veneto,Verona,municipality_region,45.438496,10.992412,45.438496,10.992412,false
izs_benv_events.csv,BENV-2026-AETHINA-TUMIDA-84991-APE,GAETA,Lazio,Latina,municipality_region,41.218312,13.562810,41.218312,13.562810,false
izs_benv_events.csv,BENV-2026-AETHINA-TUMIDA-84270-APE,NOVARA DI SICILIA,Sicilia,Messina,municipality_region,38.016082,15.131830,38.016082,15.131830,false
izs_benv_events.csv,BENV-2026-AGALASSIA-CONTAGIOSA-83941-OVINO,BARI SARDO,Sardegna,Nuoro,municipality_region,39.842053,9.644147,39.842053,9.644147,false
izs_benv_events.csv,BENV-2026-AGALASSIA-CONTAGIOSA-83237-OVINO,GIAVE,Sardegna,Sassari,municipality_region,40.451958,8.752221,40.451958,8.752221,false
izs_benv_events.csv,BENV-2026-AGALASSIA-CONTAGIOSA-82873-OVINO,URI,Sardegna,Sassari,municipality_region,40.639459,8.485412,40.639459,8.485412,false
izs_benv_events.csv,BENV-2026-AGALASSIA-CONTAGIOSA-85192-OVINO,ITTIRI,Sardegna,Sassari,municipality_region,40.593046,8.568353,40.593046,8.568353,false
izs_benv_events.csv,BENV-2026-AGALASSIA-CONTAGIOSA-83512-OVINO,GIAVE,Sardegna,Sassari,municipality_region,40.451958,8.752221,40.451958,8.752221,false
izs_benv_events.csv,BENV-2026-ANEMIA-INFETTIVA-83941-OVINO,BARI SARDO,Sardegna,Nuoro,municipality_region,39.842053,9.644147,39.842053,9.644147,false
izs_benv_events.csv,BENV-2026-ANEMIA-INFETTIVA-82873-OVINO,URI,Sardegna,Sassari,municipality_region,40.639459,8.485412,40.639459,8.485412,false
izs_benv_events.csv,BENV-2026-ANEMIA-INFETTIVA-85618-OVINO,URI,Sardegna,Sassari,municipality_region,40.639459,8.485412,40.639459,8.485412,false
izs_benv_events.csv,BENV-2026-ANEMIA-INFETTIVA-83237-OVINO,GIAVE,Sardegna,Sassari,municipality_region,40.451958,8.752221,40.451958,8.752221,false
izs_benv_events.csv,BENV-2026-ANEMIA-INFETTIVA-85553-OVINO,BARI SARDO,Sardegna,Nuoro,municipality_region,39.842053,9.644147,39.842053,9.644147,false
izs_benv_events.csv,BENV-2026-ANEMIA-INFETTIVA-85192-OVINO,ITTIRI,Sardegna,Sassari,municipality_region,40.593046,8.568353,40.593046,8.568353,false
izs_benv_events.csv,BENV-2026-ANEMIA-INFETTIVA-83512-OVINO,GIAVE,Sardegna,Sassari,municipality_region,40.451958,8.752221,40.451958,8.752221,false
izs_benv_events.csv,BENV-2026-BLUETONGUE-83631-BOVINO,RENDE,Calabria,Cosenza,municipality_region,39.331993,16.184383,39.331993,16.184383,false
izs_benv_events.csv,BENV-2026-BLUETONGUE-83660-BOVINO,BASCIANO,Abruzzo,Teramo,municipality_region,42.594401,13.739647,42.594401,13.739647,false
izs_benv_events.csv,BENV-2026-BLUETONGUE-83662-BOVINO,CAMPLI,Abruzzo,Teramo,municipality_region,42.726231,13.686284,42.726231,13.686284,false
izs_benv_events.csv,BENV-2026-BLUETONGUE-83361-BOVINO,ALSENO,Emilia Romagna,Piacenza,municipality_region,44.898364,9.961374,44.898364,9.961374,false
izs_benv_events.csv,BENV-2026-BLUETONGUE-84201-BOVINO,FLAIBANO,Friuli Venezia Giulia,Udine,municipality_region,46.058333,12.983642,46.058333,12.983642,false
izs_benv_events.csv,BENV-2026-BLUETONGUE-84763-BOVINO,CASTROVILLARI,Calabria,Cosenza,municipality_region,39.815494,16.202772,39.815494,16.202772,false
izs_benv_events.csv,BENV-2026-BLUETONGUE-84844-BOVINO,TRIUGGIO,Lombardia,Monza e della Brianza,municipality_region,45.661364,9.267441,45.661364,9.267441,false
izs_benv_events.csv,BENV-2026-BLUETONGUE-84852-BOVINO,VALVESTINO,Lombardia,Brescia,municipality_region,45.762092,10.594646,45.762092,10.594646,false
izs_benv_events.csv,BENV-2026-BLUETONGUE-83380-CAPRA,BORGOSESIA,Piemonte,Vercelli,municipality_region,45.716668,8.276857,45.716668,8.276857,false
izs_benv_events.csv,BENV-2026-BLUETONGUE-84207-BOVINO,ENDINE GAIANO,Lombardia,Bergamo,municipality_region,45.792486,9.969058,45.792486,9.969058,false
izs_benv_events.csv,BENV-2026-BLUETONGUE-83879-BOVINO,MORTEGLIANO,Friuli Venezia Giulia,Udine,municipality_region,45.945806,13.172796,45.945806,13.172796,false
izs_benv_events.csv,BENV-2026-BLUETONGUE-83943-BOVINO,COLLEDARA,Abruzzo,Teramo,municipality_region,42.540868,13.678938,42.540868,13.678938,false
izs_benv_events.csv,BENV-2026-BLUETONGUE-83726-OVINO,SARDARA,Sardegna,Sud Sardegna,municipality_region,39.616442,8.820634,39.616442,8.820634,false
izs_benv_events.csv,BENV-2026-BLUETONGUE-83574-BOVINO,VALVESTINO,Lombardia,Brescia,municipality_region,45.762092,10.594646,45.762092,10.594646,false
izs_benv_events.csv,BENV-2026-BLUETONGUE-84470-BOVINO,LONATE CEPPINO,Lombardia,Varese,municipality_region,45.704503,8.874286,45.704503,8.874286,false
izs_benv_events.csv,BENV-2026-BLUETONGUE-84291-BOVINO,ENNA,Sicilia,Enna,municipality_region,37.566757,14.280747,37.566757,14.280747,false
izs_benv_events.csv,BENV-2026-BLUETONGUE-83268-BOVINO,PIURO,Lombardia,Sondrio,municipality_region,46.330143,9.420908,46.330143,9.420908,false
izs_benv_events.csv,BENV-2026-BLUETONGUE-84029-BOVINO,MONTEREALE VALCELLINA,Friuli Venezia Giulia,Pordenone,municipality_region,46.160509,12.662136,46.160509,12.662136,false
izs_benv_events.csv,BENV-2026-BLUETONGUE-84059-BOVINO,AIELLO DEL FRIULI,Friuli Venezia Giulia,Udine,municipality_region,45.872922,13.363628,45.872922,13.363628,false
izs_benv_events.csv,BENV-2026-BLUETONGUE-84833-BOVINO,REDONDESCO,Lombardia,Mantova,municipality_region,45.166376,10.512282,45.166376,10.512282,false
izs_benv_events.csv,BENV-2026-BLUETONGUE-82916-BOVINO,SERRAMAZZONI,Emilia Romagna,Modena,municipality_region,44.422462,10.789147,44.422462,10.789147,false
izs_benv_events.csv,BENV-2026-BLUETONGUE-83828-OVINO,TORREANO,Friuli Venezia Giulia,Udine,municipality_region,46.128525,13.431132,46.128525,13.431132,false
izs_benv_events.csv,BENV-2026-BLUETONGUE-83525-BOVINO,ANGERA,Lombardia,Varese,municipality_region,45.772188,8.575122,45.772188,8.575122,false
izs_benv_events.csv,BENV-2026-BLUETONGUE-84290-BOVINO,ENNA,Sicilia,Enna,municipality_region,37.566757,14.280747,37.566757,14.280747,false
izs_benv_events.csv,BENV-2026-BLUETONGUE-83214-BOVINO,PIANICO,Lombardia,Bergamo,municipality_region,45.809887,10.043060,45.809887,10.043060,false
izs_benv_events.csv,BENV-2026-BLUETONGUE-82794-BOVINO,MAJANO,Friuli Venezia Giulia,Udine,municipality_region,46.185205,13.068214,46.185205,13.068214,false
izs_benv_events.csv,BENV-2026-BLUETONGUE-83882-BOVINO,TENNO,Trentino Alto Adige,Trento,municipality_province_code,45.918797,10.832775,45.918797,10.832775,false
izs_benv_events.csv,BENV-2026-BLUETONGUE-83932-CAPRA,PREMIA,Piemonte,Verbano-Cusio-Ossola,municipality_region,46.268144,8339.000000,46.268144,8339.000000,false
izs_benv_events.csv,BENV-2026-BLUETONGUE-84902-BOVINO,PELLEGRINO PARMENSE,Emilia Romagna,Parma,municipality_region,44.733168,9.927556,44.733168,9.927556,false
izs_benv_events.csv,BENV-2026-BLUETONGUE-83572-BOVINO,LONATO DEL GARDA,Lombardia,Brescia,municipality_region,45.461039,10.484535,45.461039,10.484535,false
izs_benv_events.csv,BENV-2026-BLUETONGUE-85326-BOVINO,MESENZANA,Lombardia,Varese,municipality_region,45.947817,8.757834,45.947817,8.757834,false
izs_benv_events.csv,BENV-2026-BLUETONGUE-84496-BOVINO,PIANICO,Lombardia,Bergamo,municipality_region,45.809887,10.043060,45.809887,10.043060,false
izs_benv_events.csv,BENV-2026-BLUETONGUE-84788-BOVINO,BASCIANO,Abruzzo,Teramo,municipality_region,42.594401,13.739647,42.594401,13.739647,false
izs_benv_events.csv,BENV-2026-BLUETONGUE-82918-BOVINO,BORGONOVO VAL TIDONE,Emilia Romagna,Piacenza,municipality_region,45.014362,9.443461,45.014362,9.443461,false
izs_benv_events.csv,BENV-2026-BLUETONGUE-83560-BOVINO,PELLIZZANO,Trentino Alto Adige,Trento,municipality_province_code,46.309824,10.760451,46.309824,10.760451,false
izs_benv_events.csv,BENV-2026-BLUETONGUE-85586-BOVINO,CAPO DI PONTE,Lombardia,Brescia,municipality_region,46.030996,10.345862,46.030996,10.345862,false
izs_benv_events.csv,BENV-2026-BLUETONGUE-84466-BOVINO,SGONICO,Friuli Venezia Giulia,Trieste,municipality_region,45.736024,13.748245,45.736024,13.748245,false
izs_benv_events.csv,BENV-2026-BLUETONGUE-84472-BOVINO,MARIANO COMENSE,Lombardia,Como,municipality_region,45.697149,9.178344,45.697149,9.178344,false
izs_benv_events.csv,BENV-2026-BLUETONGUE-83509-OVINO,DORGALI,Sardegna,Nuoro,municipality_region,40.292802,9.588832,40.292802,9.588832,false
izs_benv_events.csv,BENV-2026-BLUETONGUE-83511-BOVINO,FONTANELICE,Emilia Romagna,Bologna,municipality_region,44.260098,11.559736,44.260098,11.559736,false
izs_benv_events.csv,BENV-2026-BLUETONGUE-83517-BOVINO,TEGLIO,Lombardia,Sondrio,municipality_region,46.172675,10.064126,46.172675,10.064126,false
izs_benv_events.csv,BENV-2026-BLUETONGUE-83059-CAPRA,MALVITO,Calabria,Cosenza,municipality_region,39.599698,16.053285,39.599698,16.053285,false
izs_benv_events.csv,BENV-2026-BLUETONGUE-84779-BOVINO,BISENTI,Abruzzo,Teramo,municipality_region,42.529128,13.801283,42.529128,13.801283,false
izs_benv_events.csv,BENV-2026-BLUETONGUE-83754-BOVINO,TERAMO,Abruzzo,Teramo,municipality_region,42.658118,13.699625,42.658118,13.699625,false
izs_benv_events.csv,BENV-2026-BLUETONGUE-83549-BOVINO,FERRANDINA,Basilicata,Matera,municipality_region,40.501218,16.454683,40.501218,16.454683,false
izs_benv_events.csv,BENV-2026-BLUETONGUE-85259-BOVINO,BUSSETO,Emilia Romagna,Parma,municipality_region,44.980567,10.042075,44.980567,10.042075,false
izs_benv_events.csv,BENV-2026-BLUETONGUE-83381-BOVINO,ZIBIDO SAN GIACOMO,Lombardia,Milano,municipality_region,45.360000,9.106028,45.360000,9.106028,false
izs_benv_events.csv,BENV-2026-BLUETONGUE-84212-BOVINO,CELLINO ATTANASIO,Abruzzo,Teramo,municipality_region,42.587311,13.850525,42.587311,13.850525,false
izs_benv_events.csv,BENV-2026-BLUETONGUE-84129-CAPRA,GRIGNASCO,Piemonte,Novara,municipality_region,45.684099,8.337853,45.684099,8.337853,false
izs_benv_events.csv,BENV-2026-BLUETONGUE-83970-OVINO,FURORE,Campania,Salerno,municipality_region,40.618936,14.548137,40.618936,14.548137,false
izs_benv_events.csv,BENV-2026-BLUETONGUE-82928-BOVINO,PELLIZZANO,Trentino Alto Adige,Trento,municipality_province_code,46.309824,10.760451,46.309824,10.760451,false
izs_benv_events.csv,BENV-2026-BLUETONGUE-84786-BOVINO,LADISPOLI,Lazio,Roma,municipality_region,41.953722,12.073465,41.953722,12.073465,false
izs_benv_events.csv,BENV-2026-BLUETONGUE-83724-CAPRA,GIUNGANO,Campania,Salerno,municipality_region,40.394707,15.107155,40.394707,15.107155,false
izs_benv_events.csv,BENV-2026-BLUETONGUE-83540-BOVINO,LEGNANO,Lombardia,Milano,municipality_region,45.594698,8.918360,45.594698,8.918360,false
izs_benv_events.csv,BENV-2026-BLUETONGUE-85168-BOVINO,VILLACHIARA,Lombardia,Brescia,municipality_region,45.355375,9.930966,45.355375,9.930966,false
izs_benv_events.csv,BENV-2026-BLUETONGUE-84399-BOVINO,ALTA VAL TIDONE,Emilia Romagna,Piacenza,municipality_region,44.919977,9.347182,44.919977,9.347182,false
izs_benv_events.csv,BENV-2026-BLUETONGUE-84498-BOVINO,VALVESTINO,Lombardia,Brescia,municipality_region,45.762092,10.594646,45.762092,10.594646,false
izs_benv_events.csv,BENV-2026-BLUETONGUE-84250-BOVINO,CARFIZZI,Calabria,Crotone,municipality_region,39.306360,16.973792,39.306360,16.973792,false
izs_benv_events.csv,BENV-2026-BLUETONGUE-84564-BOVINO,CASTELVETRO DI MODENA,Emilia Romagna,Modena,municipality_region,44.503462,10.943300,44.503462,10.943300,false
izs_benv_events.csv,BENV-2026-BLUETONGUE-83213-BOVINO,TRESCORE BALNEARIO,Lombardia,Bergamo,municipality_region,45.696483,9.842557,45.696483,9.842557,false
izs_benv_events.csv,BENV-2026-BLUETONGUE-83347-BOVINO,RIVA DEL GARDA,Trentino Alto Adige,Trento,municipality_province_code,45.884771,10.839694,45.884771,10.839694,false
izs_benv_events.csv,BENV-2026-BLUETONGUE-84416-BOVINO,MONTEREALE VALCELLINA,Friuli Venezia Giulia,Pordenone,municipality_region,46.160509,12.662136,46.160509,12.662136,false
izs_benv_events.csv,BENV-2026-BLUETONGUE-84439-BOVINO,MONCHIO DELLE CORTI,Emilia Romagna,Parma,municipality_region,44.412955,10.124190,44.412955,10.124190,false
izs_benv_events.csv,BENV-2026-BLUETONGUE-83378-BOVINO,CUNICO,Piemonte,Asti,municipality_region,45.039950,8.096731,45.039950,8.096731,false
izs_benv_events.csv,BENV-2026-BLUETONGUE-83510-BOVINO,NOTARESCO,Abruzzo,Teramo,municipality_region,42.654145,13.894698,42.654145,13.894698,false
izs_benv_events.csv,BENV-2026-BLUETONGUE-84202-BOVINO,BAGNOLO MELLA,Lombardia,Brescia,municipality_region,45.429079,10.184370,45.429079,10.184370,false
izs_benv_events.csv,BENV-2026-BLUETONGUE-83931-BOVINO,DOMODOSSOLA,Piemonte,Verbano-Cusio-Ossola,municipality_region,46.115245,8.292046,46.115245,8.292046,false
izs_benv_events.csv,BENV-2026-BLUETONGUE-83981-BOVINO,MONTECHIARUGOLO,Emilia Romagna,Parma,municipality_region,44.693401,10.422480,44.693401,10.422480,false
izs_benv_events.csv,BENV-2026-BLUETONGUE-84028-BOVINO,SPILIMBERGO,Friuli Venezia Giulia,Pordenone,municipality_region,46.111335,12.901629,46.111335,12.901629,false
izs_benv_events.csv,BENV-2026-BLUETONGUE-84094-BOVINO,REGALBUTO,Sicilia,Enna,municipality_region,37.653547,14.639636,37.653547,14.639636,false
izs_benv_events.csv,BENV-2026-BLUETONGUE-84162-BOVINO,TOLMEZZO,Friuli Venezia Giulia,Udine,municipality_region,46.429503,13.056167,46.429503,13.056167,false
izs_benv_events.csv,BENV-2026-BLUETONGUE-83934-BOVINO,BUDOIA,Friuli Venezia Giulia,Pordenone,municipality_region,46.042962,12.532586,46.042962,12.532586,false
izs_benv_events.csv,BENV-2026-BLUETONGUE-83971-OVINO,SCALA,Campania,Salerno,municipality_region,40.653614,14.607792,40.653614,14.607792,false
izs_benv_events.csv,BENV-2026-BLUETONGUE-84889-BOVINO,PONCARALE,Lombardia,Brescia,municipality_region,45.460663,10.173909,45.460663,10.173909,false
izs_benv_events.csv,BENV-2026-BLUETONGUE-83711-BOVINO,STRESA,Piemonte,Verbano-Cusio-Ossola,municipality_region,45.883728,8.539027,45.883728,8.539027,false
izs_benv_events.csv,BENV-2026-BLUETONGUE-83636-BOVINO,MONZAMBANO,Lombardia,Mantova,municipality_region,45.386139,10.692404,45.386139,10.692404,false
izs_benv_events.csv,BENV-2026-BLUETONGUE-83509-CAPRA,DORGALI,Sardegna,Nuoro,municipality_region,40.292802,9.588832,40.292802,9.588832,false
izs_benv_events.csv,BENV-2026-BLUETONGUE-83524-BOVINO,MORAZZONE,Lombardia,Varese,municipality_region,45.764961,8.831500,45.764961,8.831500,false
izs_benv_events.csv,BENV-2026-BLUETONGUE-84319-BOVINO,CASTROVILLARI,Calabria,Cosenza,municipality_region,39.815494,16.202772,39.815494,16.202772,false
izs_benv_events.csv,BENV-2026-BLUETONGUE-83346-BOVINO,LEDRO,Trentino Alto Adige,Trento,municipality_province_code,45.886414,10.715385,45.886414,10.715385,false
izs_benv_events.csv,BENV-2026-BLUETONGUE-83919-BOVINO,COSTA VOLPINO,Lombardia,Bergamo,municipality_region,45.829888,10.098161,45.829888,10.098161,false
izs_benv_events.csv,BENV-2026-BLUETONGUE-83805-CAPRA,ROSE,Calabria,Cosenza,municipality_region,39.398495,16.287193,39.398495,16.287193,false
izs_benv_events.csv,BENV-2026-BLUETONGUE-83558-BOVINO,CASTEL ROZZONE,Lombardia,Bergamo,municipality_region,45.552277,9.619855,45.552277,9.619855,false
izs_benv_events.csv,BENV-2026-BLUETONGUE-84745-BOVINO,PALAZZO PIGNANO,Lombardia,Cremona,municipality_region,45.390073,9.569557,45.390073,9.569557,false
izs_benv_events.csv,BENV-2026-BLUETONGUE-84783-BOVINO,CAMPLI,Abruzzo,Teramo,municipality_region,42.726231,13.686284,42.726231,13.686284,false
izs_benv_events.csv,BENV-2026-BLUETONGUE-84787-BOVINO,LADISPOLI,Lazio,Roma,municipality_region,41.953722,12.073465,41.953722,12.073465,false
izs_benv_events.csv,BENV-2026-BLUETONGUE-83561-BOVINO,REGALBUTO,Sicilia,Enna,municipality_region,37.653547,14.639636,37.653547,14.639636,false
izs_benv_events.csv,BENV-2026-BLUETONGUE-84402-BOVINO,MONTERENZIO,Emilia Romagna,Bologna,municipality_region,44.326882,11.406144,44.326882,11.406144,false
izs_benv_events.csv,BENV-2026-BLUETONGUE-84497-BOVINO,TRESCORE BALNEARIO,Lombardia,Bergamo,municipality_region,45.696483,9.842557,45.696483,9.842557,false
izs_benv_events.csv,BENV-2026-BLUETONGUE-84301-CAPRA,VERBANIA,Piemonte,Verbano-Cusio-Ossola,municipality_region,45.937663,8.526530,45.937663,8.526530,false
izs_benv_events.csv,BENV-2026-BLUETONGUE-84657-BOVINO,FORNI DI SOTTO,Friuli Venezia Giulia,Udine,municipality_region,46.395045,12.670226,46.395045,12.670226,false
izs_benv_events.csv,BENV-2026-BLUETONGUE-84542-BOVINO,FONTANELLATO,Emilia Romagna,Parma,municipality_region,44.881666,10.172179,44.881666,10.172179,false
izs_benv_events.csv,BENV-2026-BLUETONGUE-82793-BOVINO,COLLOREDO DI MONTE ALBANO,Friuli Venezia Giulia,Udine,municipality_region,46.166405,13.139017,46.166405,13.139017,false
izs_benv_events.csv,BENV-2026-BLUETONGUE-83873-BOVINO,CORNEDO ALL\'ISARCO - KARNEID,Trentino Alto Adige,Bolzano,not_found,46.49830,11.35480,46.49830,11.35480,false
izs_benv_events.csv,BENV-2026-BLUETONGUE-84777-BOVINO,PENNA SANT\'ANDREA,Abruzzo,Teramo,municipality_region,42.593443,13.772196,42.593443,13.772196,false
izs_benv_events.csv,BENV-2026-BLUETONGUE-84778-BOVINO,PALAZZO PIGNANO,Lombardia,Cremona,municipality_region,45.390073,9.569557,45.390073,9.569557,false
izs_benv_events.csv,BENV-2026-BLUETONGUE-84782-BOVINO,CAMPLI,Abruzzo,Teramo,municipality_region,42.726231,13.686284,42.726231,13.686284,false
izs_benv_events.csv,BENV-2026-BLUETONGUE-84785-BOVINO,CENTALLO,Piemonte,Cuneo,municipality_region,44.501533,7.587830,44.501533,7.587830,false
izs_benv_events.csv,BENV-2026-BLUETONGUE-82921-BOVINO,NOVA LEVANTE - WELSCHNOFEN,Trentino Alto Adige,Bolzano,not_found,46.49830,11.35480,46.49830,11.35480,false
izs_benv_events.csv,BENV-2026-BLUETONGUE-83573-BOVINO,TREMOSINE,Lombardia,Brescia,not_found,45.54160,10.21180,45.54160,10.21180,false
izs_benv_events.csv,BENV-2026-BLUETONGUE-85172-BOVINO,LENO,Lombardia,Brescia,municipality_region,45.367012,10.218452,45.367012,10.218452,false
izs_benv_events.csv,BENV-2026-BLUETONGUE-84418-BOVINO,VILLESSE,Friuli Venezia Giulia,Gorizia,municipality_region,45.863908,13.440230,45.863908,13.440230,false
izs_benv_events.csv,BENV-2026-BLUETONGUE-83251-BOVINO,MONTAGNA IN VALTELLINA,Lombardia,Sondrio,municipality_region,46.178495,9.902950,46.178495,9.902950,false
izs_benv_events.csv,BENV-2026-BLUETONGUE-83263-BOVINO,FANANO,Emilia Romagna,Modena,municipality_region,44.207737,10.793837,44.207737,10.793837,false
izs_benv_events.csv,BENV-2026-BLUETONGUE-83345-BOVINO,TENNO,Trentino Alto Adige,Trento,municipality_province_code,45.918797,10.832775,45.918797,10.832775,false
izs_benv_events.csv,BENV-2026-BLUETONGUE-83145-BOVINO,LADISPOLI,Lazio,Roma,municipality_region,41.953722,12.073465,41.953722,12.073465,false
izs_benv_events.csv,BENV-2026-BLUETONGUE-84023-BOVINO,PARUZZARO,Piemonte,Novara,municipality_region,45.750241,8.517599,45.750241,8.517599,false
izs_benv_events.csv,BENV-2026-BLUETONGUE-84048-BOVINO,BEURA-CARDEZZA,Piemonte,Verbano-Cusio-Ossola,municipality_region,46.079578,8.299716,46.079578,8.299716,false
izs_benv_events.csv,BENV-2026-BLUETONGUE-84092-BOVINO,CIVIDALE DEL FRIULI,Friuli Venezia Giulia,Udine,municipality_region,46.093623,13.430328,46.093623,13.430328,false
izs_benv_events.csv,BENV-2026-BLUETONGUE-84128-OVINO,BORGOSESIA,Piemonte,Vercelli,municipality_region,45.716668,8.276857,45.716668,8.276857,false
izs_benv_events.csv,BENV-2026-BLUETONGUE-83807-BOVINO,PONCARALE,Lombardia,Brescia,municipality_region,45.460663,10.173909,45.460663,10.173909,false
izs_benv_events.csv,BENV-2026-BLUETONGUE-83661-BOVINO,CAMPLI,Abruzzo,Teramo,municipality_region,42.726231,13.686284,42.726231,13.686284,false
izs_benv_events.csv,BENV-2026-BLUETONGUE-84406-BOVINO,VALSAMOGGIA,Emilia Romagna,Bologna,municipality_region,44.439824,11.059275,44.439824,11.059275,false
izs_benv_events.csv,BENV-2026-BLUETONGUE-84468-BOVINO,CAPANNORI,Toscana,Lucca,municipality_region,43.842039,10.573525,43.842039,10.573525,false
izs_benv_events.csv,BENV-2026-BLUETONGUE-83933-CAPRA,MALESCO,Piemonte,Verbano-Cusio-Ossola,municipality_region,46.126618,8.500919,46.126618,8.500919,false
izs_benv_events.csv,BENV-2026-BLUETONGUE-84796-BOVINO,CELLINO ATTANASIO,Abruzzo,Teramo,municipality_region,42.587311,13.850525,42.587311,13.850525,false
izs_benv_events.csv,BENV-2026-BLUETONGUE-83714-BOVINO,PADERNO FRANCIACORTA,Lombardia,Brescia,municipality_region,45.589187,10.076411,45.589187,10.076411,false
izs_benv_events.csv,BENV-2026-BLUETONGUE-85515-BOVINO,LENO,Lombardia,Brescia,municipality_region,45.367012,10.218452,45.367012,10.218452,false
izs_benv_events.csv,BENV-2026-BLUETONGUE-83417-BOVINO,VILLAVALLELONGA,Abruzzo,L'Aquila,municipality_region,41.866996,13.624510,41.866996,13.624510,false
izs_benv_events.csv,BENV-2026-BLUETONGUE-83344-BOVINO,VALLARSA,Trentino Alto Adige,Trento,municipality_province_code,45.803355,11.105110,45.803355,11.105110,false
izs_benv_events.csv,BENV-2026-BLUETONGUE-84776-BOVINO,NOTARESCO,Abruzzo,Teramo,municipality_region,42.654145,13.894698,42.654145,13.894698,false
izs_benv_events.csv,BENV-2026-BLUETONGUE-83828-CAPRA,TORREANO,Friuli Venezia Giulia,Udine,municipality_region,46.128525,13.431132,46.128525,13.431132,false
izs_benv_events.csv,BENV-2026-BLUETONGUE-83325-BOVINO,GERMIGNAGA,Lombardia,Varese,municipality_region,45.993507,8.724159,45.993507,8.724159,false
izs_benv_events.csv,BENV-2026-BLUETONGUE-83877-BOVINO,VARMO,Friuli Venezia Giulia,Udine,municipality_region,45.887015,12.987726,45.887015,12.987726,false
izs_benv_events.csv,BENV-2026-BLUETONGUE-84757-BOVINO,LEONFORTE,Sicilia,Enna,municipality_region,37.639212,14.392427,37.639212,14.392427,false
izs_benv_events.csv,BENV-2026-BLUETONGUE-82919-BOVINO,LAMA MOCOGNO,Emilia Romagna,Modena,municipality_region,44.307263,10.731777,44.307263,10.731777,false
izs_benv_events.csv,BENV-2026-BLUETONGUE-82925-BOVINO,IMER,Trentino Alto Adige,Trento,municipality_province_code,46.151060,11.796303,46.151060,11.796303,false
izs_benv_events.csv,BENV-2026-BLUETONGUE-83566-OVINO,CIVITAVECCHIA,Lazio,Roma,municipality_region,42.093752,11.792246,42.093752,11.792246,false
izs_benv_events.csv,BENV-2026-BLUETONGUE-83627-BOVINO,TEGLIO,Lombardia,Sondrio,municipality_region,46.172675,10.064126,46.172675,10.064126,false
izs_benv_events.csv,BENV-2026-BLUETONGUE-84395-BOVINO,GONARS,Friuli Venezia Giulia,Udine,municipality_region,45.895917,13.237131,45.895917,13.237131,false
izs_benv_events.csv,BENV-2026-BLUETONGUE-84471-BOVINO,BREBBIA,Lombardia,Varese,municipality_region,45.828539,8.650052,45.828539,8.650052,false
izs_benv_events.csv,BENV-2026-BLUETONGUE-84504-BOVINO,SASSUOLO,Emilia Romagna,Modena,municipality_region,44.540977,10.782902,44.540977,10.782902,false
izs_benv_events.csv,BENV-2026-BLUETONGUE-83385-OVINO,CARBONIA,Sardegna,Sud Sardegna,municipality_region,39.165332,8.527834,39.165332,8.527834,false
izs_benv_events.csv,BENV-2026-BLUETONGUE-83399-OVINO,SAN FLORO,Calabria,Catanzaro,municipality_region,38.837986,16.518704,38.837986,16.518704,false
izs_benv_events.csv,BENV-2026-BLUETONGUE-83515-BOVINO,GERA LARIO,Lombardia,Como,municipality_region,46.171099,9.371899,46.171099,9.371899,false
izs_benv_events.csv,BENV-2026-BLUETONGUE-84157-BOVINO,GROSIO,Lombardia,Sondrio,municipality_region,46.298930,10.274516,46.298930,10.274516,false
izs_benv_events.csv,BENV-2026-BLUETONGUE-83872-BOVINO,RENON - RITTEN,Trentino Alto Adige,Bolzano,not_found,46.49830,11.35480,46.49830,11.35480,false
izs_benv_events.csv,BENV-2026-BLUETONGUE-83982-BOVINO,CASALFIUMANESE,Emilia Romagna,Bologna,municipality_region,44.296864,11.624022,44.296864,11.624022,false
izs_benv_events.csv,BENV-2026-BLUETONGUE-83900-CAPRA,LONGOBARDI,Calabria,Cosenza,municipality_region,39.207090,16.076490,39.207090,16.076490,false
izs_benv_events.csv,BENV-2026-BLUETONGUE-83439-CAPRA,TRAMONTI,Campania,Salerno,municipality_region,40.699733,14.641537,40.699733,14.641537,false
izs_benv_events.csv,BENV-2026-BLUETONGUE-84922-BOVINO,FRANCOFONTE,Sicilia,Siracusa,municipality_region,37.226582,14.881881,37.226582,14.881881,false
izs_benv_events.csv,BENV-2026-BLUETONGUE-83890-BOVINO,MOTTA CAMASTRA,Sicilia,Messina,municipality_region,37.894319,15.170271,37.894319,15.170271,false
izs_benv_events.csv,BENV-2026-BLUETONGUE-85257-BOVINO,FIDENZA,Emilia Romagna,Parma,municipality_region,44.866522,10.061194,44.866522,10.061194,false
izs_benv_events.csv,BENV-2026-BLUETONGUE-84024-OVINO,CAROLEI,Calabria,Cosenza,municipality_region,39.256292,16.220093,39.256292,16.220093,false
izs_benv_events.csv,BENV-2026-BLUETONGUE-84491-OVINO,PIEVE TORINA,Marche,Macerata,municipality_region,43.043287,13.048911,43.043287,13.048911,false
izs_benv_events.csv,BENV-2026-BLUETONGUE-85066-CAPRA,SANTA SOFIA D\'EPIRO,Calabria,Cosenza,municipality_region,39.547090,16.329117,39.547090,16.329117,false
izs_benv_events.csv,BENV-2026-BLUETONGUE-84726-BOVINO,SIRACUSA,Sicilia,Siracusa,municipality_region,37.064614,15.290720,37.064614,15.290720,false
izs_benv_events.csv,BENV-2026-BLUETONGUE-84721-BOVINO,ZIBIDO SAN GIACOMO,Lombardia,Milano,municipality_region,45.360000,9.106028,45.360000,9.106028,false
izs_benv_events.csv,BENV-2026-BLUETONGUE-84921-BOVINO,FRANCOFONTE,Sicilia,Siracusa,municipality_region,37.226582,14.881881,37.226582,14.881881,false
izs_benv_events.csv,BENV-2026-BLUETONGUE-85312-CAPRA,MARANO MARCHESATO,Calabria,Cosenza,municipality_region,39.315993,16.173791,39.315993,16.173791,false
izs_benv_events.csv,BENV-2026-BLUETONGUE-83414-BOVINO,SAN MARCO IN LAMIS,Puglia,Foggia,municipality_region,41.713138,15.639850,41.713138,15.639850,false
izs_benv_events.csv,BENV-2026-BLUETONGUE-84746-BOVINO,SIRACUSA,Sicilia,Siracusa,municipality_region,37.064614,15.290720,37.064614,15.290720,false
izs_benv_events.csv,BENV-2026-BLUETONGUE-84923-BOVINO,SIRACUSA,Sicilia,Siracusa,municipality_region,37.064614,15.290720,37.064614,15.290720,false
izs_benv_events.csv,BENV-2026-BLUETONGUE-83824-BOVINO,CAROVIGNO,Puglia,Brindisi,municipality_region,40.707185,17.656848,40.707185,17.656848,false
izs_benv_events.csv,BENV-2026-BLUETONGUE-85018-OVINO,PESCHE,Molise,Isernia,municipality_region,41.611068,14.281951,41.611068,14.281951,false
izs_benv_events.csv,BENV-2026-BLUETONGUE-85078-BOVINO,CASTELNOVO DI SOTTO,Emilia Romagna,Reggio nell'Emilia,municipality_region,44.810863,10.563295,44.810863,10.563295,false
izs_benv_events.csv,BENV-2026-BLUETONGUE-82959-BOVINO,MANIACE,Sicilia,Catania,municipality_region,37.862423,14.807835,37.862423,14.807835,false
izs_benv_events.csv,BENV-2026-BLUETONGUE-85258-BOVINO,TERENZO,Emilia Romagna,Parma,municipality_region,44.609958,10.089682,44.609958,10.089682,false
izs_benv_events.csv,BENV-2026-BLUETONGUE-84396-BOVINO,ARBOREA,Sardegna,Oristano,municipality_region,39.773846,8.581753,39.773846,8.581753,false
izs_benv_events.csv,BENV-2026-BRUCELLOSI-83533-LEPRE,GREVE IN CHIANTI,Toscana,Firenze,municipality_region,43.582460,11.316873,43.582460,11.316873,false
izs_benv_events.csv,BENV-2026-BRUCELLOSI-83918-BOVINO,GERACI SICULO,Sicilia,Palermo,municipality_region,37.859137,14.154416,37.859137,14.154416,false
izs_benv_events.csv,BENV-2026-BRUCELLOSI-83753-BOVINO,SAN NICANDRO GARGANICO,Puglia,Foggia,municipality_region,41.838446,15.565338,41.838446,15.565338,false
izs_benv_events.csv,BENV-2026-BRUCELLOSI-84038-BOVINO,APRICENA,Puglia,Foggia,municipality_region,41.783938,15.443744,41.783938,15.443744,false
izs_benv_events.csv,BENV-2026-BRUCELLOSI-83896-BOVINO,SAN NICANDRO GARGANICO,Puglia,Foggia,municipality_region,41.838446,15.565338,41.838446,15.565338,false
izs_benv_events.csv,BENV-2026-BRUCELLOSI-83181-OVINO,VILLAROSA,Sicilia,Enna,municipality_region,37.587017,14.173589,37.587017,14.173589,false
izs_benv_events.csv,BENV-2026-BRUCELLOSI-85040-BOVINO,SAN NICANDRO GARGANICO,Puglia,Foggia,municipality_region,41.838446,15.565338,41.838446,15.565338,false
izs_benv_events.csv,BENV-2026-BRUCELLOSI-83737-BOVINO,SAN NICANDRO GARGANICO,Puglia,Foggia,municipality_region,41.838446,15.565338,41.838446,15.565338,false
izs_benv_events.csv,BENV-2026-BRUCELLOSI-84900-BOVINO,SANT\'AGATA DEL BIANCO,Calabria,Reggio Calabria,municipality_region,38.092788,16.083088,38.092788,16.083088,false
izs_benv_events.csv,BENV-2026-BRUCELLOSI-83594-BOVINO,CARLENTINI,Sicilia,Siracusa,municipality_region,37.275881,15.014978,37.275881,15.014978,false
izs_benv_events.csv,BENV-2026-BRUCELLOSI-84474-BOVINO,APRICENA,Puglia,Foggia,municipality_region,41.783938,15.443744,41.783938,15.443744,false
izs_benv_events.csv,BENV-2026-BRUCELLOSI-84465-OVINO,FIUMEDINISI,Sicilia,Messina,municipality_region,38.026238,15.382083,38.026238,15.382083,false
izs_benv_events.csv,BENV-2026-BRUCELLOSI-83938-BOVINO,RANDAZZO,Sicilia,Catania,municipality_region,37.877934,14.946248,37.877934,14.946248,false
izs_benv_events.csv,BENV-2026-BRUCELLOSI-83548-OVINO,RODI\' MILICI,Sicilia,Messina,municipality_region,38.068965,15.174781,38.068965,15.174781,false
izs_benv_events.csv,BENV-2026-BRUCELLOSI-83206-BOVINO,PATTI,Sicilia,Messina,municipality_region,38.138901,14.964816,38.138901,14.964816,false
izs_benv_events.csv,BENV-2026-BRUCELLOSI-83267-BOVINO,PATERNO\',Sicilia,Catania,municipality_region,37.567070,14.905352,37.567070,14.905352,false
izs_benv_events.csv,BENV-2026-BRUCELLOSI-83674-BOVINO,AUGUSTA,Sicilia,Siracusa,municipality_region,37.236936,15.219658,37.236936,15.219658,false
izs_benv_events.csv,BENV-2026-BRUCELLOSI-84039-BOVINO,MESSINA,Sicilia,Messina,municipality_region,38.193757,15.554208,38.193757,15.554208,false
izs_benv_events.csv,BENV-2026-BRUCELLOSI-83548-CAPRA,RODI\' MILICI,Sicilia,Messina,municipality_region,38.068965,15.174781,38.068965,15.174781,false
izs_benv_events.csv,BENV-2026-BRUCELLOSI-84512-CAPRA,FONDACHELLI-FANTINA,Sicilia,Messina,municipality_region,38.000627,15.182419,38.000627,15.182419,false
izs_benv_events.csv,BENV-2026-BRUCELLOSI-83489-BOVINO,AGIRA,Sicilia,Enna,municipality_region,37.656151,14.521575,37.656151,14.521575,false
izs_benv_events.csv,BENV-2026-BRUCELLOSI-83675-BOVINO,GANGI,Sicilia,Palermo,municipality_region,37.795627,14.206720,37.795627,14.206720,false
izs_benv_events.csv,BENV-2026-BRUCELLOSI-84038-BUFALO,APRICENA,Puglia,Foggia,municipality_region,41.783938,15.443744,41.783938,15.443744,false
izs_benv_events.csv,BENV-2026-BRUCELLOSI-84992-BUFALO,CANCELLO ED ARNONE,Campania,Caserta,municipality_region,41.074112,14.027423,41.074112,14.027423,false
izs_benv_events.csv,BENV-2026-BRUCELLOSI-83676-BOVINO,BUCCHERI,Sicilia,Siracusa,municipality_region,37.126491,14.850380,37.126491,14.850380,false
izs_benv_events.csv,BENV-2026-BRUCELLOSI-85498-BOVINO,CENTURIPE,Sicilia,Enna,municipality_region,37.622952,14.739079,37.622952,14.739079,false
izs_benv_events.csv,BENV-2026-BRUCELLOSI-84268-BOVINO,SAN NICANDRO GARGANICO,Puglia,Foggia,municipality_region,41.838446,15.565338,41.838446,15.565338,false
izs_benv_events.csv,BENV-2026-BRUCELLOSI-84688-BOVINO,SAN NICANDRO GARGANICO,Puglia,Foggia,municipality_region,41.838446,15.565338,41.838446,15.565338,false
izs_benv_events.csv,BENV-2026-BRUCELLOSI-83085-BOVINO,AGIRA,Sicilia,Enna,municipality_region,37.656151,14.521575,37.656151,14.521575,false
izs_benv_events.csv,BENV-2026-BRUCELLOSI-84512-OVINO,FONDACHELLI-FANTINA,Sicilia,Messina,municipality_region,38.000627,15.182419,38.000627,15.182419,false
izs_benv_events.csv,BENV-2026-BRUCELLOSI-83870-BOVINO,APRICENA,Puglia,Foggia,municipality_region,41.783938,15.443744,41.783938,15.443744,false
izs_benv_events.csv,BENV-2026-CARBONCHIO-EMATICO-85449-OVINO,SAN GREGORIO MAGNO,Campania,Salerno,municipality_region,40.656523,15.403609,40.656523,15.403609,false
izs_benv_events.csv,BENV-2026-CARBONCHIO-EMATICO-85449-CAPRA,SAN GREGORIO MAGNO,Campania,Salerno,municipality_region,40.656523,15.403609,40.656523,15.403609,false
izs_benv_events.csv,BENV-2026-DERMATITE-NODULARE-CONTAGIOSA-84487-BOVINO,SAN VITO,Sardegna,Sud Sardegna,municipality_region,39.443245,9.540751,39.443245,9.540751,false
izs_benv_events.csv,BENV-2026-DERMATITE-NODULARE-CONTAGIOSA-84419-BOVINO,SAN VITO,Sardegna,Sud Sardegna,municipality_region,39.443245,9.540751,39.443245,9.540751,false
izs_benv_events.csv,BENV-2026-DERMATITE-NODULARE-CONTAGIOSA-84213-BOVINO,MURAVERA,Sardegna,Sud Sardegna,municipality_region,39.420945,9.573551,39.420945,9.573551,false
izs_benv_events.csv,BENV-2026-DERMATITE-NODULARE-CONTAGIOSA-84417-BOVINO,SAN VITO,Sardegna,Sud Sardegna,municipality_region,39.443245,9.540751,39.443245,9.540751,false
izs_benv_events.csv,BENV-2026-DERMATITE-NODULARE-CONTAGIOSA-84247-BOVINO,VILLAPUTZU,Sardegna,Sud Sardegna,municipality_region,39.441045,9.573951,39.441045,9.573951,false
izs_benv_events.csv,BENV-2026-DERMATITE-NODULARE-CONTAGIOSA-85538-BOVINO,SAMUGHEO,Sardegna,Oristano,municipality_region,39.946150,8.940532,39.946150,8.940532,false
izs_benv_events.csv,BENV-2026-DERMATITE-NODULARE-CONTAGIOSA-84397-BOVINO,BALLAO,Sardegna,Sud Sardegna,municipality_region,39.549746,9.361545,39.549746,9.361545,false
izs_benv_events.csv,BENV-2026-DERMATITE-NODULARE-CONTAGIOSA-84671-BOVINO,SAN VITO,Sardegna,Sud Sardegna,municipality_region,39.443245,9.540751,39.443245,9.540751,false
izs_benv_events.csv,BENV-2026-DERMATITE-NODULARE-CONTAGIOSA-84600-BOVINO,MURAVERA,Sardegna,Sud Sardegna,municipality_region,39.420945,9.573551,39.420945,9.573551,false
izs_benv_events.csv,BENV-2026-DERMATITE-NODULARE-CONTAGIOSA-84901-BOVINO,ESCALAPLANO,Sardegna,Sud Sardegna,municipality_region,39.626647,9.357144,39.626647,9.357144,false
izs_benv_events.csv,BENV-2026-FEBBREQ-85173-BOVINO,LENO,Lombardia,Brescia,municipality_region,45.367012,10.218452,45.367012,10.218452,false
izs_benv_events.csv,BENV-2026-FEBBREQ-83252-BUFALO,EBOLI,Campania,Salerno,municipality_region,40.617515,15.056944,40.617515,15.056944,false
izs_benv_events.csv,BENV-2026-FEBBREQ-83357-OVINO,L\'AQUILA,Abruzzo,L'Aquila,municipality_region,42.136885,13.610341,42.136885,13.610341,false
izs_benv_events.csv,BENV-2026-FEBBREQ-82831-CAPRA,TEGGIANO,Campania,Salerno,municipality_region,40.379209,15.540465,40.379209,15.540465,false
izs_benv_events.csv,BENV-2026-FEBBREQ-83940-BOVINO,ORGOSOLO,Sardegna,Nuoro,municipality_region,40.204758,9.354936,40.204758,9.354936,false
izs_benv_events.csv,BENV-2026-FEBBREQ-83673-BOVINO,GRAVINA IN PUGLIA,Puglia,Bari,municipality_region,40.819725,16.422779,40.819725,16.422779,false
izs_benv_events.csv,BENV-2026-FEBBREQ-83423-OVINO,SANT\'OMERO,Abruzzo,Teramo,municipality_region,42.786672,13.801764,42.786672,13.801764,false
izs_benv_events.csv,BENV-2026-FEBBREQ-83265-BOVINO,ROMA,Lazio,Roma,municipality_region,41.893320,12.482932,41.893320,12.482932,false
izs_benv_events.csv,BENV-2026-FEBBREQ-83423-CAPRA,SANT\'OMERO,Abruzzo,Teramo,municipality_region,42.786672,13.801764,42.786672,13.801764,false
izs_benv_events.csv,BENV-2026-FEBBREQ-83554-CAPRA,CASTELLEONE,Lombardia,Cremona,municipality_region,45.293813,9.764302,45.293813,9.764302,false
izs_benv_events.csv,BENV-2026-FEBBREQ-84349-BUFALO,SICIGNANO DEGLI ALBURNI,Campania,Salerno,municipality_region,40.581042,15.300396,40.581042,15.300396,false
izs_benv_events.csv,BENV-2026-FEBBREQ-83158-CAPRA,SAN GREGORIO MAGNO,Campania,Salerno,municipality_region,40.656523,15.403609,40.656523,15.403609,false
izs_benv_events.csv,BENV-2026-IDATIDOSI-84824-OVINO,SIAMANNA,Sardegna,Oristano,municipality_region,39.920748,8.761028,39.920748,8.761028,false
izs_benv_events.csv,BENV-2026-IDATIDOSI-85339-OVINO,USELLUS,Sardegna,Oristano,municipality_region,39.809646,8.850732,39.809646,8.850732,false
izs_benv_events.csv,BENV-2026-IDATIDOSI-85342-OVINO,CUGLIERI,Sardegna,Oristano,municipality_region,40.188472,8.567405,40.188472,8.567405,false
izs_benv_events.csv,BENV-2026-IDATIDOSI-85350-OVINO,URAS,Sardegna,Oristano,municipality_region,39.700643,8.700030,39.700643,8.700030,false
izs_benv_events.csv,BENV-2026-IDATIDOSI-85437-OVINO,PAULILATINO,Sardegna,Oristano,municipality_region,40.084032,8.763937,40.084032,8.763937,false
izs_benv_events.csv,BENV-2026-IDATIDOSI-85438-OVINO,PAULILATINO,Sardegna,Oristano,municipality_region,40.084032,8.763937,40.084032,8.763937,false
izs_benv_events.csv,BENV-2026-IDATIDOSI-85490-OVINO,VILLA SANT\'ANTONIO,Sardegna,Oristano,municipality_region,39.859148,8.901532,39.859148,8.901532,false
izs_benv_events.csv,BENV-2026-IDATIDOSI-84664-OVINO,SCANO DI MONTIFERRO,Sardegna,Oristano,municipality_region,40.216330,8.584092,40.216330,8.584092,false
izs_benv_events.csv,BENV-2026-IDATIDOSI-83857-OVINO,SEDILO,Sardegna,Oristano,municipality_region,40.173151,8.919122,40.173151,8.919122,false
izs_benv_events.csv,BENV-2026-IDATIDOSI-83887-OVINO,TRESNURAGHES,Sardegna,Oristano,municipality_region,40.252104,8.519960,40.252104,8.519960,false
izs_benv_events.csv,BENV-2026-IDATIDOSI-84822-OVINO,SIAPICCIA,Sardegna,Oristano,municipality_region,39.927948,8.762128,39.927948,8.762128,false
izs_benv_events.csv,BENV-2026-IDATIDOSI-85409-OVINO,SIAPICCIA,Sardegna,Oristano,municipality_region,39.927948,8.762128,39.927948,8.762128,false
izs_benv_events.csv,BENV-2026-IDATIDOSI-85411-OVINO,SIAPICCIA,Sardegna,Oristano,municipality_region,39.927948,8.762128,39.927948,8.762128,false
izs_benv_events.csv,BENV-2026-IDATIDOSI-85422-OVINO,LACONI,Sardegna,Oristano,municipality_region,39.852649,9.050435,39.852649,9.050435,false
izs_benv_events.csv,BENV-2026-IDATIDOSI-84144-OVINO,FORDONGIANUS,Sardegna,Oristano,municipality_region,39.994549,8.809828,39.994549,8.809828,false
izs_benv_events.csv,BENV-2026-IDATIDOSI-84851-OVINO,NURECI,Sardegna,Oristano,municipality_region,39.823348,8.973834,39.823348,8.973834,false
izs_benv_events.csv,BENV-2026-IDATIDOSI-85354-OVINO,ALES,Sardegna,Oristano,municipality_region,39.768245,8.815632,39.768245,8.815632,false
izs_benv_events.csv,BENV-2026-IDATIDOSI-85372-OVINO,CABRAS,Sardegna,Oristano,municipality_region,39.930314,8.532054,39.930314,8.532054,false
izs_benv_events.csv,BENV-2026-IDATIDOSI-85431-OVINO,RUINAS,Sardegna,Oristano,municipality_region,39.907148,8.897631,39.907148,8.897631,false
izs_benv_events.csv,BENV-2026-IDATIDOSI-82809-BOVINO,BRACCIANO,Lazio,Roma,municipality_region,42.101095,12.173857,42.101095,12.173857,false
izs_benv_events.csv,BENV-2026-IDATIDOSI-85153-OVINO,SIRIS,Sardegna,Oristano,municipality_region,39.712644,8.774832,39.712644,8.774832,false
izs_benv_events.csv,BENV-2026-IDATIDOSI-85186-BOVINO,OLLASTRA,Sardegna,Oristano,municipality_region,39.950948,8.734227,39.950948,8.734227,false
izs_benv_events.csv,BENV-2026-IDATIDOSI-84209-OVINO,USELLUS,Sardegna,Oristano,municipality_region,39.809646,8.850732,39.809646,8.850732,false
izs_benv_events.csv,BENV-2026-IDATIDOSI-84659-BOVINO,BRACCIANO,Lazio,Roma,municipality_region,42.101095,12.173857,42.101095,12.173857,false
izs_benv_events.csv,BENV-2026-IDATIDOSI-84677-OVINO,SENEGHE,Sardegna,Oristano,municipality_region,40.082249,8.615723,40.082249,8.615723,false
izs_benv_events.csv,BENV-2026-IDATIDOSI-84679-OVINO,SENEGHE,Sardegna,Oristano,municipality_region,40.082249,8.615723,40.082249,8.615723,false
izs_benv_events.csv,BENV-2026-IDATIDOSI-84692-OVINO,LACONI,Sardegna,Oristano,municipality_region,39.852649,9.050435,39.852649,9.050435,false
izs_benv_events.csv,BENV-2026-IDATIDOSI-84073-OVINO,SANTA GIUSTA,Sardegna,Oristano,municipality_region,39.878178,8.609973,39.878178,8.609973,false
izs_benv_events.csv,BENV-2026-IDATIDOSI-83886-OVINO,SAGAMA,Sardegna,Oristano,municipality_region,40.261552,8.577520,40.261552,8.577520,false
izs_benv_events.csv,BENV-2026-IDATIDOSI-83983-OVINO,ALLAI,Sardegna,Oristano,municipality_region,39.957173,8.863076,39.957173,8.863076,false
izs_benv_events.csv,BENV-2026-IDATIDOSI-85535-OVINO,BUSACHI,Sardegna,Oristano,municipality_region,40.032651,8.896729,40.032651,8.896729,false
izs_benv_events.csv,BENV-2026-IDATIDOSI-84191-OVINO,NARBOLIA,Sardegna,Oristano,municipality_region,40.047650,8.575169,40.047650,8.575169,false
izs_benv_events.csv,BENV-2026-IDATIDOSI-84203-OVINO,PAU,Sardegna,Oristano,municipality_region,39.791546,8.802331,39.791546,8.802331,false
izs_benv_events.csv,BENV-2026-IDATIDOSI-84225-OVINO,MILIS,Sardegna,Oristano,municipality_region,40.050449,8.637024,40.050449,8.637024,false
izs_benv_events.csv,BENV-2026-IDATIDOSI-84077-OVINO,ORISTANO,Sardegna,Oristano,municipality_region,40.026568,8.679642,40.026568,8.679642,false
izs_benv_events.csv,BENV-2026-IDATIDOSI-83858-OVINO,SENEGHE,Sardegna,Oristano,municipality_region,40.082249,8.615723,40.082249,8.615723,false
izs_benv_events.csv,BENV-2026-IDATIDOSI-83969-BOVINO,ARBOREA,Sardegna,Oristano,municipality_region,39.773846,8.581753,39.773846,8.581753,false
izs_benv_events.csv,BENV-2026-IDATIDOSI-84847-CAPRA,PALMAS ARBOREA,Sardegna,Oristano,municipality_region,39.876646,8.643127,39.876646,8.643127,false
izs_benv_events.csv,BENV-2026-IDATIDOSI-85351-OVINO,SAN NICOLO\' D\'ARCIDANO,Sardegna,Oristano,municipality_region,39.683392,8.646875,39.683392,8.646875,false
izs_benv_events.csv,BENV-2026-IDATIDOSI-85435-OVINO,RUINAS,Sardegna,Oristano,municipality_region,39.907148,8.897631,39.907148,8.897631,false
izs_benv_events.csv,BENV-2026-IDATIDOSI-85501-OVINO,NURECI,Sardegna,Oristano,municipality_region,39.823348,8.973834,39.823348,8.973834,false
izs_benv_events.csv,BENV-2026-IDATIDOSI-84189-OVINO,SAN VERO MILIS,Sardegna,Oristano,municipality_region,40.014548,8.598224,40.014548,8.598224,false
izs_benv_events.csv,BENV-2026-IDATIDOSI-84208-OVINO,ALES,Sardegna,Oristano,municipality_region,39.768245,8.815632,39.768245,8.815632,false
izs_benv_events.csv,BENV-2026-IDATIDOSI-84075-CAPRA,ORISTANO,Sardegna,Oristano,municipality_region,40.026568,8.679642,40.026568,8.679642,false
izs_benv_events.csv,BENV-2026-IDATIDOSI-84140-OVINO,POMPU,Sardegna,Oristano,municipality_region,39.724544,8.795432,39.724544,8.795432,false
izs_benv_events.csv,BENV-2026-IDATIDOSI-84141-OVINO,SENIS,Sardegna,Oristano,municipality_region,39.824147,8.940033,39.824147,8.940033,false
izs_benv_events.csv,BENV-2026-IDATIDOSI-84172-OVINO,SIAPICCIA,Sardegna,Oristano,municipality_region,39.927948,8.762128,39.927948,8.762128,false
izs_benv_events.csv,BENV-2026-IDATIDOSI-84846-OVINO,SANTA GIUSTA,Sardegna,Oristano,municipality_region,39.878178,8.609973,39.878178,8.609973,false
izs_benv_events.csv,BENV-2026-IDATIDOSI-84849-OVINO,NURECI,Sardegna,Oristano,municipality_region,39.823348,8.973834,39.823348,8.973834,false
izs_benv_events.csv,BENV-2026-IDATIDOSI-85349-OVINO,URAS,Sardegna,Oristano,municipality_region,39.700643,8.700030,39.700643,8.700030,false
izs_benv_events.csv,BENV-2026-IDATIDOSI-85357-OVINO,USELLUS,Sardegna,Oristano,municipality_region,39.809646,8.850732,39.809646,8.850732,false
izs_benv_events.csv,BENV-2026-IDATIDOSI-83847-OVINO,SAN VERO MILIS,Sardegna,Oristano,municipality_region,40.014548,8.598224,40.014548,8.598224,false
izs_benv_events.csv,BENV-2026-IDATIDOSI-83604-OVINO,ZEDDIANI,Sardegna,Oristano,municipality_region,39.989947,8.595324,39.989947,8.595324,false
izs_benv_events.csv,BENV-2026-IDATIDOSI-85176-BOVINO,SENEGHE,Sardegna,Oristano,municipality_region,40.082249,8.615723,40.082249,8.615723,false
izs_benv_events.csv,BENV-2026-IDATIDOSI-85189-BOVINO,ORISTANO,Sardegna,Oristano,municipality_region,40.026568,8.679642,40.026568,8.679642,false
izs_benv_events.csv,BENV-2026-IDATIDOSI-85546-OVINO,VILLAURBANA,Sardegna,Oristano,municipality_region,39.885647,8.777429,39.885647,8.777429,false
izs_benv_events.csv,BENV-2026-IDATIDOSI-84188-OVINO,NARBOLIA,Sardegna,Oristano,municipality_region,40.047650,8.575169,40.047650,8.575169,false
izs_benv_events.csv,BENV-2026-IDATIDOSI-84193-OVINO,CABRAS,Sardegna,Oristano,municipality_region,39.930314,8.532054,39.930314,8.532054,false
izs_benv_events.csv,BENV-2026-IDATIDOSI-85764-BOVINO,SAMUGHEO,Sardegna,Oristano,municipality_region,39.946150,8.940532,39.946150,8.940532,false
izs_benv_events.csv,BENV-2026-IDATIDOSI-84210-OVINO,CURCURIS,Sardegna,Oristano,municipality_region,39.746145,8.830632,39.746145,8.830632,false
izs_benv_events.csv,BENV-2026-IDATIDOSI-84224-OVINO,TRAMATZA,Sardegna,Oristano,municipality_region,40.003748,8.649537,40.003748,8.649537,false
izs_benv_events.csv,BENV-2026-IDATIDOSI-84234-OVINO,SANTA GIUSTA,Sardegna,Oristano,municipality_region,39.878178,8.609973,39.878178,8.609973,false
izs_benv_events.csv,BENV-2026-IDATIDOSI-84675-OVINO,SENEGHE,Sardegna,Oristano,municipality_region,40.082249,8.615723,40.082249,8.615723,false
izs_benv_events.csv,BENV-2026-IDATIDOSI-84678-OVINO,SENEGHE,Sardegna,Oristano,municipality_region,40.082249,8.615723,40.082249,8.615723,false
izs_benv_events.csv,BENV-2026-IDATIDOSI-84694-OVINO,ASUNI,Sardegna,Oristano,municipality_region,39.872448,8.946433,39.872448,8.946433,false
izs_benv_events.csv,BENV-2026-IDATIDOSI-84821-OVINO,SIAMANNA,Sardegna,Oristano,municipality_region,39.920748,8.761028,39.920748,8.761028,false
izs_benv_events.csv,BENV-2026-IDATIDOSI-84912-OVINO,SOLARUSSA,Sardegna,Oristano,municipality_region,39.955747,8.671526,39.955747,8.671526,false
izs_benv_events.csv,BENV-2026-IDATIDOSI-85355-OVINO,USELLUS,Sardegna,Oristano,municipality_region,39.809646,8.850732,39.809646,8.850732,false
izs_benv_events.csv,BENV-2026-IDATIDOSI-85410-OVINO,SIAMANNA,Sardegna,Oristano,municipality_region,39.920748,8.761028,39.920748,8.761028,false
izs_benv_events.csv,BENV-2026-IDATIDOSI-83846-OVINO,CABRAS,Sardegna,Oristano,municipality_region,39.930314,8.532054,39.930314,8.532054,false
izs_benv_events.csv,BENV-2026-IDATIDOSI-83848-OVINO,CABRAS,Sardegna,Oristano,municipality_region,39.930314,8.532054,39.930314,8.532054,false
izs_benv_events.csv,BENV-2026-IDATIDOSI-84139-OVINO,BIDONI\',Sardegna,Oristano,municipality_region,40.113053,8.936429,40.113053,8.936429,false
izs_benv_events.csv,BENV-2026-IDATIDOSI-84166-OVINO,ARBOREA,Sardegna,Oristano,municipality_region,39.773846,8.581753,39.773846,8.581753,false
izs_benv_events.csv,BENV-2026-IDATIDOSI-84176-OVINO,SIAMANNA,Sardegna,Oristano,municipality_region,39.920748,8.761028,39.920748,8.761028,false
izs_benv_events.csv,BENV-2026-IDATIDOSI-85340-OVINO,USELLUS,Sardegna,Oristano,municipality_region,39.809646,8.850732,39.809646,8.850732,false
izs_benv_events.csv,BENV-2026-IDATIDOSI-85429-OVINO,LACONI,Sardegna,Oristano,municipality_region,39.852649,9.050435,39.852649,9.050435,false
izs_benv_events.csv,BENV-2026-IDATIDOSI-85432-OVINO,RUINAS,Sardegna,Oristano,municipality_region,39.907148,8.897631,39.907148,8.897631,false
izs_benv_events.csv,BENV-2026-IDATIDOSI-83854-OVINO,SENEGHE,Sardegna,Oristano,municipality_region,40.082249,8.615723,40.082249,8.615723,false
izs_benv_events.csv,BENV-2026-IDATIDOSI-85859-BOVINO,CANALE MONTERANO,Lazio,Roma,municipality_region,42.136043,12.103066,42.136043,12.103066,false
izs_benv_events.csv,BENV-2026-IDATIDOSI-84179-OVINO,ASUNI,Sardegna,Oristano,municipality_region,39.872448,8.946433,39.872448,8.946433,false
izs_benv_events.csv,BENV-2026-IDATIDOSI-84217-OVINO,MOGORO,Sardegna,Oristano,municipality_region,39.684710,8.777088,39.684710,8.777088,false
izs_benv_events.csv,BENV-2026-IDATIDOSI-84237-OVINO,SIAPICCIA,Sardegna,Oristano,municipality_region,39.927948,8.762128,39.927948,8.762128,false
izs_benv_events.csv,BENV-2026-IDATIDOSI-84690-OVINO,TRAMATZA,Sardegna,Oristano,municipality_region,40.003748,8.649537,40.003748,8.649537,false
izs_benv_events.csv,BENV-2026-IDATIDOSI-84850-OVINO,ASSOLO,Sardegna,Oristano,municipality_region,39.809947,8.918233,39.809947,8.918233,false
izs_benv_events.csv,BENV-2026-IDATIDOSI-85348-OVINO,URAS,Sardegna,Oristano,municipality_region,39.700643,8.700030,39.700643,8.700030,false
izs_benv_events.csv,BENV-2026-IDATIDOSI-85413-OVINO,OLLASTRA,Sardegna,Oristano,municipality_region,39.950948,8.734227,39.950948,8.734227,false
izs_benv_events.csv,BENV-2026-IDATIDOSI-85424-OVINO,RUINAS,Sardegna,Oristano,municipality_region,39.907148,8.897631,39.907148,8.897631,false
izs_benv_events.csv,BENV-2026-IDATIDOSI-85434-OVINO,MOGORELLA,Sardegna,Oristano,municipality_region,39.864598,8.857931,39.864598,8.857931,false
izs_benv_events.csv,BENV-2026-IDATIDOSI-84670-OVINO,MONTRESTA,Sardegna,Oristano,municipality_region,40.373654,8.499617,40.373654,8.499617,false
izs_benv_events.csv,BENV-2026-IDATIDOSI-84124-BOVINO,ABBASANTA,Sardegna,Oristano,municipality_region,40.126752,8.818027,40.126752,8.818027,false
izs_benv_events.csv,BENV-2026-IDATIDOSI-83883-OVINO,TRAMATZA,Sardegna,Oristano,municipality_region,40.003748,8.649537,40.003748,8.649537,false
izs_benv_events.csv,BENV-2026-IDATIDOSI-85295-BOVINO,MORGONGIORI,Sardegna,Oristano,municipality_region,39.746644,8.770131,39.746644,8.770131,false
izs_benv_events.csv,BENV-2026-IDATIDOSI-85322-BOVINO,SAMUGHEO,Sardegna,Oristano,municipality_region,39.946150,8.940532,39.946150,8.940532,false
izs_benv_events.csv,BENV-2026-IDATIDOSI-84485-OVINO,VILLAURBANA,Sardegna,Oristano,municipality_region,39.885647,8.777429,39.885647,8.777429,false
izs_benv_events.csv,BENV-2026-IDATIDOSI-84233-OVINO,ORISTANO,Sardegna,Oristano,municipality_region,40.026568,8.679642,40.026568,8.679642,false
izs_benv_events.csv,BENV-2026-IDATIDOSI-84238-OVINO,SIAPICCIA,Sardegna,Oristano,municipality_region,39.927948,8.762128,39.927948,8.762128,false
izs_benv_events.csv,BENV-2026-IDATIDOSI-83859-OVINO,SENEGHE,Sardegna,Oristano,municipality_region,40.082249,8.615723,40.082249,8.615723,false
izs_benv_events.csv,BENV-2026-IDATIDOSI-83864-OVINO,SIAMAGGIORE,Sardegna,Oristano,municipality_region,39.950147,8.636025,39.950147,8.636025,false
izs_benv_events.csv,BENV-2026-IDATIDOSI-85353-OVINO,PAU,Sardegna,Oristano,municipality_region,39.791546,8.802331,39.791546,8.802331,false
izs_benv_events.csv,BENV-2026-IDATIDOSI-83849-OVINO,CABRAS,Sardegna,Oristano,municipality_region,39.930314,8.532054,39.930314,8.532054,false
izs_benv_events.csv,BENV-2026-IDATIDOSI-83851-OVINO,BUSACHI,Sardegna,Oristano,municipality_region,40.032651,8.896729,40.032651,8.896729,false
izs_benv_events.csv,BENV-2026-IDATIDOSI-84229-OVINO,AIDOMAGGIORE,Sardegna,Oristano,municipality_region,40.170753,8.856527,40.170753,8.856527,false
izs_benv_events.csv,BENV-2026-IDATIDOSI-84669-OVINO,MONTRESTA,Sardegna,Oristano,municipality_region,40.373654,8.499617,40.373654,8.499617,false
izs_benv_events.csv,BENV-2026-IDATIDOSI-84676-OVINO,SENEGHE,Sardegna,Oristano,municipality_region,40.082249,8.615723,40.082249,8.615723,false
izs_benv_events.csv,BENV-2026-IDATIDOSI-84695-OVINO,MOGORELLA,Sardegna,Oristano,municipality_region,39.864598,8.857931,39.864598,8.857931,false
izs_benv_events.csv,BENV-2026-IDATIDOSI-84705-OVINO,SAN NICOLO\' D\'ARCIDANO,Sardegna,Oristano,municipality_region,39.683392,8.646875,39.683392,8.646875,false
izs_benv_events.csv,BENV-2026-IDATIDOSI-84708-OVINO,URAS,Sardegna,Oristano,municipality_region,39.700643,8.700030,39.700643,8.700030,false
izs_benv_events.csv,BENV-2026-IDATIDOSI-84076-OVINO,SANTA GIUSTA,Sardegna,Oristano,municipality_region,39.878178,8.609973,39.878178,8.609973,false
izs_benv_events.csv,BENV-2026-IDATIDOSI-83861-OVINO,SENEGHE,Sardegna,Oristano,municipality_region,40.082249,8.615723,40.082249,8.615723,false
izs_benv_events.csv,BENV-2026-IDATIDOSI-85423-OVINO,LACONI,Sardegna,Oristano,municipality_region,39.852649,9.050435,39.852649,9.050435,false
izs_benv_events.csv,BENV-2026-IDATIDOSI-85493-OVINO,VILLA SANT\'ANTONIO,Sardegna,Oristano,municipality_region,39.859148,8.901532,39.859148,8.901532,false
izs_benv_events.csv,BENV-2026-IDATIDOSI-83603-BOVINO,ANGUILLARA SABAZIA,Lazio,Roma,municipality_region,42.083709,12.282982,42.083709,12.282982,false
izs_benv_events.csv,BENV-2026-IDATIDOSI-84204-OVINO,ALES,Sardegna,Oristano,municipality_region,39.768245,8.815632,39.768245,8.815632,false
izs_benv_events.csv,BENV-2026-IDATIDOSI-84206-OVINO,USELLUS,Sardegna,Oristano,municipality_region,39.809646,8.850732,39.809646,8.850732,false
izs_benv_events.csv,BENV-2026-IDATIDOSI-84328-BOVINO,ROSELLO,Abruzzo,Chieti,municipality_region,41.900832,14.349818,41.900832,14.349818,false
izs_benv_events.csv,BENV-2026-IDATIDOSI-84699-OVINO,ALES,Sardegna,Oristano,municipality_region,39.768245,8.815632,39.768245,8.815632,false
izs_benv_events.csv,BENV-2026-IDATIDOSI-84703-OVINO,SAN NICOLO\' D\'ARCIDANO,Sardegna,Oristano,municipality_region,39.683392,8.646875,39.683392,8.646875,false
izs_benv_events.csv,BENV-2026-IDATIDOSI-84168-OVINO,ALLAI,Sardegna,Oristano,municipality_region,39.957173,8.863076,39.957173,8.863076,false
izs_benv_events.csv,BENV-2026-IDATIDOSI-84177-OVINO,LACONI,Sardegna,Oristano,municipality_region,39.852649,9.050435,39.852649,9.050435,false
izs_benv_events.csv,BENV-2026-IDATIDOSI-85341-OVINO,BARESSA,Sardegna,Oristano,municipality_region,39.712745,8.875334,39.712745,8.875334,false
izs_benv_events.csv,BENV-2026-IDATIDOSI-85345-OVINO,ALES,Sardegna,Oristano,municipality_region,39.768245,8.815632,39.768245,8.815632,false
izs_benv_events.csv,BENV-2026-IDATIDOSI-85425-OVINO,RUINAS,Sardegna,Oristano,municipality_region,39.907148,8.897631,39.907148,8.897631,false
izs_benv_events.csv,BENV-2026-IDATIDOSI-85492-OVINO,VILLA SANT\'ANTONIO,Sardegna,Oristano,municipality_region,39.859148,8.901532,39.859148,8.901532,false
izs_benv_events.csv,BENV-2026-IDATIDOSI-83855-OVINO,SEDILO,Sardegna,Oristano,municipality_region,40.173151,8.919122,40.173151,8.919122,false
izs_benv_events.csv,BENV-2026-IDATIDOSI-85294-BOVINO,MORGONGIORI,Sardegna,Oristano,municipality_region,39.746644,8.770131,39.746644,8.770131,false
izs_benv_events.csv,BENV-2026-IDATIDOSI-84700-OVINO,USELLUS,Sardegna,Oristano,municipality_region,39.809646,8.850732,39.809646,8.850732,false
izs_benv_events.csv,BENV-2026-IDATIDOSI-84167-OVINO,SAMUGHEO,Sardegna,Oristano,municipality_region,39.946150,8.940532,39.946150,8.940532,false
izs_benv_events.csv,BENV-2026-IDATIDOSI-85343-OVINO,BARESSA,Sardegna,Oristano,municipality_region,39.712745,8.875334,39.712745,8.875334,false
izs_benv_events.csv,BENV-2026-IDATIDOSI-85356-OVINO,USELLUS,Sardegna,Oristano,municipality_region,39.809646,8.850732,39.809646,8.850732,false
izs_benv_events.csv,BENV-2026-IDATIDOSI-85360-OVINO,SAN VERO MILIS,Sardegna,Oristano,municipality_region,40.014548,8.598224,40.014548,8.598224,false
izs_benv_events.csv,BENV-2026-IDATIDOSI-85412-OVINO,OLLASTRA,Sardegna,Oristano,municipality_region,39.950948,8.734227,39.950948,8.734227,false
izs_benv_events.csv,BENV-2026-IDATIDOSI-85419-OVINO,MOGORELLA,Sardegna,Oristano,municipality_region,39.864598,8.857931,39.864598,8.857931,false
izs_benv_events.csv,BENV-2026-IDATIDOSI-85433-OVINO,MOGORELLA,Sardegna,Oristano,municipality_region,39.864598,8.857931,39.864598,8.857931,false
izs_benv_events.csv,BENV-2026-IDATIDOSI-83626-OVINO,PALMAS ARBOREA,Sardegna,Oristano,municipality_region,39.876646,8.643127,39.876646,8.643127,false
izs_benv_events.csv,BENV-2026-IDATIDOSI-84503-OVINO,VILLAURBANA,Sardegna,Oristano,municipality_region,39.885647,8.777429,39.885647,8.777429,false
izs_benv_events.csv,BENV-2026-IDATIDOSI-84505-OVINO,VILLAURBANA,Sardegna,Oristano,municipality_region,39.885647,8.777429,39.885647,8.777429,false
izs_benv_events.csv,BENV-2026-IDATIDOSI-84507-OVINO,VILLAURBANA,Sardegna,Oristano,municipality_region,39.885647,8.777429,39.885647,8.777429,false
izs_benv_events.csv,BENV-2026-IDATIDOSI-84180-OVINO,SENIS,Sardegna,Oristano,municipality_region,39.824147,8.940033,39.824147,8.940033,false
izs_benv_events.csv,BENV-2026-IDATIDOSI-84701-OVINO,PAU,Sardegna,Oristano,municipality_region,39.791546,8.802331,39.791546,8.802331,false
izs_benv_events.csv,BENV-2026-IDATIDOSI-84711-OVINO,URAS,Sardegna,Oristano,municipality_region,39.700643,8.700030,39.700643,8.700030,false
izs_benv_events.csv,BENV-2026-IDATIDOSI-84169-OVINO,SAMUGHEO,Sardegna,Oristano,municipality_region,39.946150,8.940532,39.946150,8.940532,false
izs_benv_events.csv,BENV-2026-IDATIDOSI-84174-OVINO,SIAPICCIA,Sardegna,Oristano,municipality_region,39.927948,8.762128,39.927948,8.762128,false
izs_benv_events.csv,BENV-2026-IDATIDOSI-83863-OVINO,FORDONGIANUS,Sardegna,Oristano,municipality_region,39.994549,8.809828,39.994549,8.809828,false
izs_benv_events.csv,BENV-2026-IDATIDOSI-83980-OVINO,ALLAI,Sardegna,Oristano,municipality_region,39.957173,8.863076,39.957173,8.863076,false
izs_benv_events.csv,BENV-2026-IDATIDOSI-84816-BOVINO,GHILARZA,Sardegna,Oristano,municipality_region,40.119652,8.834927,40.119652,8.834927,false
izs_benv_events.csv,BENV-2026-IDATIDOSI-84820-OVINO,SIAPICCIA,Sardegna,Oristano,municipality_region,39.927948,8.762128,39.927948,8.762128,false
izs_benv_events.csv,BENV-2026-IDATIDOSI-85347-OVINO,CURCURIS,Sardegna,Oristano,municipality_region,39.746145,8.830632,39.746145,8.830632,false
izs_benv_events.csv,BENV-2026-IDATIDOSI-85472-OVINO,TRAMATZA,Sardegna,Oristano,municipality_region,40.003748,8.649537,40.003748,8.649537,false
izs_benv_events.csv,BENV-2026-IDATIDOSI-83852-OVINO,BUSACHI,Sardegna,Oristano,municipality_region,40.032651,8.896729,40.032651,8.896729,false
izs_benv_events.csv,BENV-2026-IDATIDOSI-84506-OVINO,OLLASTRA,Sardegna,Oristano,municipality_region,39.950948,8.734227,39.950948,8.734227,false
izs_benv_events.csv,BENV-2026-IDATIDOSI-84219-OVINO,POMPU,Sardegna,Oristano,municipality_region,39.724544,8.795432,39.724544,8.795432,false
izs_benv_events.csv,BENV-2026-IDATIDOSI-84123-BOVINO,FORDONGIANUS,Sardegna,Oristano,municipality_region,39.994549,8.809828,39.994549,8.809828,false
izs_benv_events.csv,BENV-2026-IDATIDOSI-84137-OVINO,SOLARUSSA,Sardegna,Oristano,municipality_region,39.955747,8.671526,39.955747,8.671526,false
izs_benv_events.csv,BENV-2026-IDATIDOSI-84145-OVINO,SCANO DI MONTIFERRO,Sardegna,Oristano,municipality_region,40.216330,8.584092,40.216330,8.584092,false
izs_benv_events.csv,BENV-2026-IDATIDOSI-84985-OVINO,RIOLA SARDO,Sardegna,Oristano,municipality_region,39.994102,8.538673,39.994102,8.538673,false
izs_benv_events.csv,BENV-2026-IDATIDOSI-85427-OVINO,LACONI,Sardegna,Oristano,municipality_region,39.852649,9.050435,39.852649,9.050435,false
izs_benv_events.csv,BENV-2026-IDATIDOSI-83718-SCIACALLO,TORVISCOSA,Friuli Venezia Giulia,Udine,municipality_region,45.822216,13.276933,45.822216,13.276933,false
izs_benv_events.csv,BENV-2026-IDATIDOSI-83829-OVINO,BARATILI SAN PIETRO,Sardegna,Oristano,municipality_region,39.992831,8.555784,39.992831,8.555784,false
izs_benv_events.csv,BENV-2026-IDATIDOSI-83624-OVINO,SIAMANNA,Sardegna,Oristano,municipality_region,39.920748,8.761028,39.920748,8.761028,false
izs_benv_events.csv,BENV-2026-IDATIDOSI-83625-OVINO,SIAMANNA,Sardegna,Oristano,municipality_region,39.920748,8.761028,39.920748,8.761028,false
izs_benv_events.csv,BENV-2026-IDATIDOSI-85545-OVINO,OLLASTRA,Sardegna,Oristano,municipality_region,39.950948,8.734227,39.950948,8.734227,false
izs_benv_events.csv,BENV-2026-IDATIDOSI-85548-OVINO,MORGONGIORI,Sardegna,Oristano,municipality_region,39.746644,8.770131,39.746644,8.770131,false
izs_benv_events.csv,BENV-2026-IDATIDOSI-84190-OVINO,SAN VERO MILIS,Sardegna,Oristano,municipality_region,40.014548,8.598224,40.014548,8.598224,false
izs_benv_events.csv,BENV-2026-IDATIDOSI-84223-OVINO,MOGORO,Sardegna,Oristano,municipality_region,39.684710,8.777088,39.684710,8.777088,false
izs_benv_events.csv,BENV-2026-IDATIDOSI-84655-BOVINO,CERVETERI,Lazio,Roma,municipality_region,41.998360,12.098851,41.998360,12.098851,false
izs_benv_events.csv,BENV-2026-IDATIDOSI-84693-OVINO,ASUNI,Sardegna,Oristano,municipality_region,39.872448,8.946433,39.872448,8.946433,false
izs_benv_events.csv,BENV-2026-IDATIDOSI-84074-OVINO,PALMAS ARBOREA,Sardegna,Oristano,municipality_region,39.876646,8.643127,39.876646,8.643127,false
izs_benv_events.csv,BENV-2026-IDATIDOSI-84117-BOVINO,SCANO DI MONTIFERRO,Sardegna,Oristano,municipality_region,40.216330,8.584092,40.216330,8.584092,false
izs_benv_events.csv,BENV-2026-IDATIDOSI-84146-OVINO,NEONELI,Sardegna,Oristano,municipality_region,40.064752,8.946730,40.064752,8.946730,false
izs_benv_events.csv,BENV-2026-IDATIDOSI-84175-OVINO,SENIS,Sardegna,Oristano,municipality_region,39.824147,8.940033,39.824147,8.940033,false
izs_benv_events.csv,BENV-2026-IDATIDOSI-83775-BOVINO,SANTU LUSSURGIU,Sardegna,Oristano,municipality_region,40.141686,8.651038,40.141686,8.651038,false
izs_benv_events.csv,BENV-2026-IDATIDOSI-83853-OVINO,BUSACHI,Sardegna,Oristano,municipality_region,40.032651,8.896729,40.032651,8.896729,false
izs_benv_events.csv,BENV-2026-IDATIDOSI-83584-OVINO,ORISTANO,Sardegna,Oristano,municipality_region,40.026568,8.679642,40.026568,8.679642,false
izs_benv_events.csv,BENV-2026-IDATIDOSI-85323-BOVINO,SAMUGHEO,Sardegna,Oristano,municipality_region,39.946150,8.940532,39.946150,8.940532,false
izs_benv_events.csv,BENV-2026-IDATIDOSI-83519-BOVINO,ARBOREA,Sardegna,Oristano,municipality_region,39.773846,8.581753,39.773846,8.581753,false
izs_benv_events.csv,BENV-2026-IDATIDOSI-84205-OVINO,USELLUS,Sardegna,Oristano,municipality_region,39.809646,8.850732,39.809646,8.850732,false
izs_benv_events.csv,BENV-2026-IDATIDOSI-84232-OVINO,PALMAS ARBOREA,Sardegna,Oristano,municipality_region,39.876646,8.643127,39.876646,8.643127,false
izs_benv_events.csv,BENV-2026-IDATIDOSI-85547-OVINO,MOGORO,Sardegna,Oristano,municipality_region,39.684710,8.777088,39.684710,8.777088,false
izs_benv_events.csv,BENV-2026-IDATIDOSI-84211-OVINO,ALES,Sardegna,Oristano,municipality_region,39.768245,8.815632,39.768245,8.815632,false
izs_benv_events.csv,BENV-2026-IDATIDOSI-84218-OVINO,MOGORO,Sardegna,Oristano,municipality_region,39.684710,8.777088,39.684710,8.777088,false
izs_benv_events.csv,BENV-2026-IDATIDOSI-84302-BOVINO,BRACCIANO,Lazio,Roma,municipality_region,42.101095,12.173857,42.101095,12.173857,false
izs_benv_events.csv,BENV-2026-IDATIDOSI-84691-OVINO,LACONI,Sardegna,Oristano,municipality_region,39.852649,9.050435,39.852649,9.050435,false
izs_benv_events.csv,BENV-2026-IDATIDOSI-83300-BOVINO,MARRUBIU,Sardegna,Oristano,municipality_region,39.752143,8.637228,39.752143,8.637228,false
izs_benv_events.csv,BENV-2026-IDATIDOSI-84178-OVINO,OLLASTRA,Sardegna,Oristano,municipality_region,39.950948,8.734227,39.950948,8.734227,false
izs_benv_events.csv,BENV-2026-IDATIDOSI-83888-OVINO,SCANO DI MONTIFERRO,Sardegna,Oristano,municipality_region,40.216330,8.584092,40.216330,8.584092,false
izs_benv_events.csv,BENV-2026-IDATIDOSI-84984-OVINO,NARBOLIA,Sardegna,Oristano,municipality_region,40.047650,8.575169,40.047650,8.575169,false
izs_benv_events.csv,BENV-2026-IDATIDOSI-85344-OVINO,BARESSA,Sardegna,Oristano,municipality_region,39.712745,8.875334,39.712745,8.875334,false
izs_benv_events.csv,BENV-2026-IDATIDOSI-85346-OVINO,SAN NICOLO\' D\'ARCIDANO,Sardegna,Oristano,municipality_region,39.683392,8.646875,39.683392,8.646875,false
izs_benv_events.csv,BENV-2026-IDATIDOSI-85426-OVINO,MOGORELLA,Sardegna,Oristano,municipality_region,39.864598,8.857931,39.864598,8.857931,false
izs_benv_events.csv,BENV-2026-IDATIDOSI-85698-OVINO,ARBOREA,Sardegna,Oristano,municipality_region,39.773846,8.581753,39.773846,8.581753,false
izs_benv_events.csv,BENV-2026-IDATIDOSI-85704-OVINO,SAN NICOLO\' D\'ARCIDANO,Sardegna,Oristano,municipality_region,39.683392,8.646875,39.683392,8.646875,false
izs_benv_events.csv,BENV-2026-IDATIDOSI-85381-OVINO,TRESNURAGHES,Sardegna,Oristano,municipality_region,40.252104,8.519960,40.252104,8.519960,false
izs_benv_events.csv,BENV-2026-IDATIDOSI-85430-OVINO,RUINAS,Sardegna,Oristano,municipality_region,39.907148,8.897631,39.907148,8.897631,false
izs_benv_events.csv,BENV-2026-IDATIDOSI-85621-BOVINO,SENEGHE,Sardegna,Oristano,municipality_region,40.082249,8.615723,40.082249,8.615723,false
izs_benv_events.csv,BENV-2026-IDATIDOSI-85703-OVINO,SAN NICOLO\' D\'ARCIDANO,Sardegna,Oristano,municipality_region,39.683392,8.646875,39.683392,8.646875,false
izs_benv_events.csv,BENV-2026-IDATIDOSI-85174-BOVINO,BAULADU,Sardegna,Oristano,municipality_region,40.020549,8.671925,40.020549,8.671925,false
izs_benv_events.csv,BENV-2026-IDATIDOSI-85785-OVINO,MOGORO,Sardegna,Oristano,municipality_region,39.684710,8.777088,39.684710,8.777088,false
izs_benv_events.csv,BENV-2026-IDATIDOSI-85114-BOVINO,SENEGHE,Sardegna,Oristano,municipality_region,40.082249,8.615723,40.082249,8.615723,false
izs_benv_events.csv,BENV-2026-IDATIDOSI-85699-OVINO,SAN NICOLO\' D\'ARCIDANO,Sardegna,Oristano,municipality_region,39.683392,8.646875,39.683392,8.646875,false
izs_benv_events.csv,BENV-2026-IDATIDOSI-85786-OVINO,MOGORO,Sardegna,Oristano,municipality_region,39.684710,8.777088,39.684710,8.777088,false
izs_benv_events.csv,BENV-2026-IDATIDOSI-84910-OVINO,SOLARUSSA,Sardegna,Oristano,municipality_region,39.955747,8.671526,39.955747,8.671526,false
izs_benv_events.csv,BENV-2026-IDATIDOSI-85619-OVINO,BUSACHI,Sardegna,Oristano,municipality_region,40.032651,8.896729,40.032651,8.896729,false
izs_benv_events.csv,BENV-2026-IDATIDOSI-85701-OVINO,URAS,Sardegna,Oristano,municipality_region,39.700643,8.700030,39.700643,8.700030,false
izs_benv_events.csv,BENV-2026-IDATIDOSI-85625-OVINO,AIDOMAGGIORE,Sardegna,Oristano,municipality_region,40.170753,8.856527,40.170753,8.856527,false
izs_benv_events.csv,BENV-2026-IDATIDOSI-85702-OVINO,URAS,Sardegna,Oristano,municipality_region,39.700643,8.700030,39.700643,8.700030,false
izs_benv_events.csv,BENV-2026-IDATIDOSI-85113-BOVINO,SENEGHE,Sardegna,Oristano,municipality_region,40.082249,8.615723,40.082249,8.615723,false
izs_benv_events.csv,BENV-2026-IDATIDOSI-85175-BOVINO,BAULADU,Sardegna,Oristano,municipality_region,40.020549,8.671925,40.020549,8.671925,false
izs_benv_events.csv,BENV-2026-IDATIDOSI-85645-OVINO,CUGLIERI,Sardegna,Oristano,municipality_region,40.188472,8.567405,40.188472,8.567405,false
izs_benv_events.csv,BENV-2026-IDATIDOSI-85787-OVINO,VILLAURBANA,Sardegna,Oristano,municipality_region,39.885647,8.777429,39.885647,8.777429,false
izs_benv_events.csv,BENV-2026-IDATIDOSI-85361-OVINO,SAN VERO MILIS,Sardegna,Oristano,municipality_region,40.014548,8.598224,40.014548,8.598224,false
izs_benv_events.csv,BENV-2026-IDATIDOSI-ECHINOCOCCOSI-85153-OVINO,SIRIS,Sardegna,Oristano,municipality_region,39.712644,8.774832,39.712644,8.774832,false
izs_benv_events.csv,BENV-2026-IDATIDOSI-ECHINOCOCCOSI-84209-OVINO,USELLUS,Sardegna,Oristano,municipality_region,39.809646,8.850732,39.809646,8.850732,false
izs_benv_events.csv,BENV-2026-IDATIDOSI-ECHINOCOCCOSI-84659-BOVINO,BRACCIANO,Lazio,Roma,municipality_region,42.101095,12.173857,42.101095,12.173857,false
izs_benv_events.csv,BENV-2026-IDATIDOSI-ECHINOCOCCOSI-84677-OVINO,SENEGHE,Sardegna,Oristano,municipality_region,40.082249,8.615723,40.082249,8.615723,false
izs_benv_events.csv,BENV-2026-IDATIDOSI-ECHINOCOCCOSI-84073-OVINO,SANTA GIUSTA,Sardegna,Oristano,municipality_region,39.878178,8.609973,39.878178,8.609973,false
izs_benv_events.csv,BENV-2026-IDATIDOSI-ECHINOCOCCOSI-83886-OVINO,SAGAMA,Sardegna,Oristano,municipality_region,40.261552,8.577520,40.261552,8.577520,false
izs_benv_events.csv,BENV-2026-IDATIDOSI-ECHINOCOCCOSI-83983-OVINO,ALLAI,Sardegna,Oristano,municipality_region,39.957173,8.863076,39.957173,8.863076,false
izs_benv_events.csv,BENV-2026-IDATIDOSI-ECHINOCOCCOSI-82809-BOVINO,BRACCIANO,Lazio,Roma,municipality_region,42.101095,12.173857,42.101095,12.173857,false
izs_benv_events.csv,BENV-2026-IDATIDOSI-ECHINOCOCCOSI-84189-OVINO,SAN VERO MILIS,Sardegna,Oristano,municipality_region,40.014548,8.598224,40.014548,8.598224,false
izs_benv_events.csv,BENV-2026-IDATIDOSI-ECHINOCOCCOSI-84208-OVINO,ALES,Sardegna,Oristano,municipality_region,39.768245,8.815632,39.768245,8.815632,false
izs_benv_events.csv,BENV-2026-IDATIDOSI-ECHINOCOCCOSI-84077-OVINO,ORISTANO,Sardegna,Oristano,municipality_region,40.026568,8.679642,40.026568,8.679642,false
izs_benv_events.csv,BENV-2026-IDATIDOSI-ECHINOCOCCOSI-83858-OVINO,SENEGHE,Sardegna,Oristano,municipality_region,40.082249,8.615723,40.082249,8.615723,false
izs_benv_events.csv,BENV-2026-IDATIDOSI-ECHINOCOCCOSI-83969-BOVINO,ARBOREA,Sardegna,Oristano,municipality_region,39.773846,8.581753,39.773846,8.581753,false
izs_benv_events.csv,BENV-2026-IDATIDOSI-ECHINOCOCCOSI-84847-CAPRA,PALMAS ARBOREA,Sardegna,Oristano,municipality_region,39.876646,8.643127,39.876646,8.643127,false
izs_benv_events.csv,BENV-2026-IDATIDOSI-ECHINOCOCCOSI-84188-OVINO,NARBOLIA,Sardegna,Oristano,municipality_region,40.047650,8.575169,40.047650,8.575169,false
izs_benv_events.csv,BENV-2026-IDATIDOSI-ECHINOCOCCOSI-84193-OVINO,CABRAS,Sardegna,Oristano,municipality_region,39.930314,8.532054,39.930314,8.532054,false
izs_benv_events.csv,BENV-2026-IDATIDOSI-ECHINOCOCCOSI-84075-CAPRA,ORISTANO,Sardegna,Oristano,municipality_region,40.026568,8.679642,40.026568,8.679642,false
izs_benv_events.csv,BENV-2026-IDATIDOSI-ECHINOCOCCOSI-84140-OVINO,POMPU,Sardegna,Oristano,municipality_region,39.724544,8.795432,39.724544,8.795432,false
izs_benv_events.csv,BENV-2026-IDATIDOSI-ECHINOCOCCOSI-84141-OVINO,SENIS,Sardegna,Oristano,municipality_region,39.824147,8.940033,39.824147,8.940033,false
izs_benv_events.csv,BENV-2026-IDATIDOSI-ECHINOCOCCOSI-84172-OVINO,SIAPICCIA,Sardegna,Oristano,municipality_region,39.927948,8.762128,39.927948,8.762128,false
izs_benv_events.csv,BENV-2026-IDATIDOSI-ECHINOCOCCOSI-84846-OVINO,SANTA GIUSTA,Sardegna,Oristano,municipality_region,39.878178,8.609973,39.878178,8.609973,false
izs_benv_events.csv,BENV-2026-IDATIDOSI-ECHINOCOCCOSI-84849-OVINO,NURECI,Sardegna,Oristano,municipality_region,39.823348,8.973834,39.823348,8.973834,false
izs_benv_events.csv,BENV-2026-IDATIDOSI-ECHINOCOCCOSI-83847-OVINO,SAN VERO MILIS,Sardegna,Oristano,municipality_region,40.014548,8.598224,40.014548,8.598224,false
izs_benv_events.csv,BENV-2026-IDATIDOSI-ECHINOCOCCOSI-83604-OVINO,ZEDDIANI,Sardegna,Oristano,municipality_region,39.989947,8.595324,39.989947,8.595324,false
izs_benv_events.csv,BENV-2026-IDATIDOSI-ECHINOCOCCOSI-84210-OVINO,CURCURIS,Sardegna,Oristano,municipality_region,39.746145,8.830632,39.746145,8.830632,false
izs_benv_events.csv,BENV-2026-IDATIDOSI-ECHINOCOCCOSI-84224-OVINO,TRAMATZA,Sardegna,Oristano,municipality_region,40.003748,8.649537,40.003748,8.649537,false
izs_benv_events.csv,BENV-2026-IDATIDOSI-ECHINOCOCCOSI-84234-OVINO,SANTA GIUSTA,Sardegna,Oristano,municipality_region,39.878178,8.609973,39.878178,8.609973,false
izs_benv_events.csv,BENV-2026-IDATIDOSI-ECHINOCOCCOSI-84675-OVINO,SENEGHE,Sardegna,Oristano,municipality_region,40.082249,8.615723,40.082249,8.615723,false
izs_benv_events.csv,BENV-2026-IDATIDOSI-ECHINOCOCCOSI-84678-OVINO,SENEGHE,Sardegna,Oristano,municipality_region,40.082249,8.615723,40.082249,8.615723,false
izs_benv_events.csv,BENV-2026-IDATIDOSI-ECHINOCOCCOSI-84821-OVINO,SIAMANNA,Sardegna,Oristano,municipality_region,39.920748,8.761028,39.920748,8.761028,false
izs_benv_events.csv,BENV-2026-IDATIDOSI-ECHINOCOCCOSI-83846-OVINO,CABRAS,Sardegna,Oristano,municipality_region,39.930314,8.532054,39.930314,8.532054,false
izs_benv_events.csv,BENV-2026-IDATIDOSI-ECHINOCOCCOSI-83848-OVINO,CABRAS,Sardegna,Oristano,municipality_region,39.930314,8.532054,39.930314,8.532054,false
izs_benv_events.csv,BENV-2026-IDATIDOSI-ECHINOCOCCOSI-84139-OVINO,BIDONI\',Sardegna,Oristano,municipality_region,40.113053,8.936429,40.113053,8.936429,false
izs_benv_events.csv,BENV-2026-IDATIDOSI-ECHINOCOCCOSI-84166-OVINO,ARBOREA,Sardegna,Oristano,municipality_region,39.773846,8.581753,39.773846,8.581753,false
izs_benv_events.csv,BENV-2026-IDATIDOSI-ECHINOCOCCOSI-84176-OVINO,SIAMANNA,Sardegna,Oristano,municipality_region,39.920748,8.761028,39.920748,8.761028,false
izs_benv_events.csv,BENV-2026-IDATIDOSI-ECHINOCOCCOSI-83854-OVINO,SENEGHE,Sardegna,Oristano,municipality_region,40.082249,8.615723,40.082249,8.615723,false
izs_benv_events.csv,BENV-2026-IDATIDOSI-ECHINOCOCCOSI-84179-OVINO,ASUNI,Sardegna,Oristano,municipality_region,39.872448,8.946433,39.872448,8.946433,false
izs_benv_events.csv,BENV-2026-IDATIDOSI-ECHINOCOCCOSI-84217-OVINO,MOGORO,Sardegna,Oristano,municipality_region,39.684710,8.777088,39.684710,8.777088,false
izs_benv_events.csv,BENV-2026-IDATIDOSI-ECHINOCOCCOSI-84237-OVINO,SIAPICCIA,Sardegna,Oristano,municipality_region,39.927948,8.762128,39.927948,8.762128,false
izs_benv_events.csv,BENV-2026-IDATIDOSI-ECHINOCOCCOSI-84124-BOVINO,ABBASANTA,Sardegna,Oristano,municipality_region,40.126752,8.818027,40.126752,8.818027,false
izs_benv_events.csv,BENV-2026-IDATIDOSI-ECHINOCOCCOSI-83883-OVINO,TRAMATZA,Sardegna,Oristano,municipality_region,40.003748,8.649537,40.003748,8.649537,false
izs_benv_events.csv,BENV-2026-IDATIDOSI-ECHINOCOCCOSI-84485-OVINO,VILLAURBANA,Sardegna,Oristano,municipality_region,39.885647,8.777429,39.885647,8.777429,false
izs_benv_events.csv,BENV-2026-IDATIDOSI-ECHINOCOCCOSI-84233-OVINO,ORISTANO,Sardegna,Oristano,municipality_region,40.026568,8.679642,40.026568,8.679642,false
izs_benv_events.csv,BENV-2026-IDATIDOSI-ECHINOCOCCOSI-84238-OVINO,SIAPICCIA,Sardegna,Oristano,municipality_region,39.927948,8.762128,39.927948,8.762128,false
izs_benv_events.csv,BENV-2026-IDATIDOSI-ECHINOCOCCOSI-83859-OVINO,SENEGHE,Sardegna,Oristano,municipality_region,40.082249,8.615723,40.082249,8.615723,false
izs_benv_events.csv,BENV-2026-IDATIDOSI-ECHINOCOCCOSI-83864-OVINO,SIAMAGGIORE,Sardegna,Oristano,municipality_region,39.950147,8.636025,39.950147,8.636025,false
izs_benv_events.csv,BENV-2026-IDATIDOSI-ECHINOCOCCOSI-83849-OVINO,CABRAS,Sardegna,Oristano,municipality_region,39.930314,8.532054,39.930314,8.532054,false
izs_benv_events.csv,BENV-2026-IDATIDOSI-ECHINOCOCCOSI-83851-OVINO,BUSACHI,Sardegna,Oristano,municipality_region,40.032651,8.896729,40.032651,8.896729,false
izs_benv_events.csv,BENV-2026-IDATIDOSI-ECHINOCOCCOSI-84229-OVINO,AIDOMAGGIORE,Sardegna,Oristano,municipality_region,40.170753,8.856527,40.170753,8.856527,false
izs_benv_events.csv,BENV-2026-IDATIDOSI-ECHINOCOCCOSI-84676-OVINO,SENEGHE,Sardegna,Oristano,municipality_region,40.082249,8.615723,40.082249,8.615723,false
izs_benv_events.csv,BENV-2026-IDATIDOSI-ECHINOCOCCOSI-84708-OVINO,URAS,Sardegna,Oristano,municipality_region,39.700643,8.700030,39.700643,8.700030,false
izs_benv_events.csv,BENV-2026-IDATIDOSI-ECHINOCOCCOSI-84076-OVINO,SANTA GIUSTA,Sardegna,Oristano,municipality_region,39.878178,8.609973,39.878178,8.609973,false
izs_benv_events.csv,BENV-2026-IDATIDOSI-ECHINOCOCCOSI-83861-OVINO,SENEGHE,Sardegna,Oristano,municipality_region,40.082249,8.615723,40.082249,8.615723,false
izs_benv_events.csv,BENV-2026-IDATIDOSI-ECHINOCOCCOSI-83603-BOVINO,ANGUILLARA SABAZIA,Lazio,Roma,municipality_region,42.083709,12.282982,42.083709,12.282982,false
izs_benv_events.csv,BENV-2026-IDATIDOSI-ECHINOCOCCOSI-84699-OVINO,ALES,Sardegna,Oristano,municipality_region,39.768245,8.815632,39.768245,8.815632,false
izs_benv_events.csv,BENV-2026-IDATIDOSI-ECHINOCOCCOSI-84703-OVINO,SAN NICOLO\' D\'ARCIDANO,Sardegna,Oristano,municipality_region,39.683392,8.646875,39.683392,8.646875,false
izs_benv_events.csv,BENV-2026-IDATIDOSI-ECHINOCOCCOSI-84168-OVINO,ALLAI,Sardegna,Oristano,municipality_region,39.957173,8.863076,39.957173,8.863076,false
izs_benv_events.csv,BENV-2026-IDATIDOSI-ECHINOCOCCOSI-84177-OVINO,LACONI,Sardegna,Oristano,municipality_region,39.852649,9.050435,39.852649,9.050435,false
izs_benv_events.csv,BENV-2026-IDATIDOSI-ECHINOCOCCOSI-83855-OVINO,SEDILO,Sardegna,Oristano,municipality_region,40.173151,8.919122,40.173151,8.919122,false
izs_benv_events.csv,BENV-2026-IDATIDOSI-ECHINOCOCCOSI-84204-OVINO,ALES,Sardegna,Oristano,municipality_region,39.768245,8.815632,39.768245,8.815632,false
izs_benv_events.csv,BENV-2026-IDATIDOSI-ECHINOCOCCOSI-84206-OVINO,USELLUS,Sardegna,Oristano,municipality_region,39.809646,8.850732,39.809646,8.850732,false
izs_benv_events.csv,BENV-2026-IDATIDOSI-ECHINOCOCCOSI-84328-BOVINO,ROSELLO,Abruzzo,Chieti,municipality_region,41.900832,14.349818,41.900832,14.349818,false
izs_benv_events.csv,BENV-2026-IDATIDOSI-ECHINOCOCCOSI-84700-OVINO,USELLUS,Sardegna,Oristano,municipality_region,39.809646,8.850732,39.809646,8.850732,false
izs_benv_events.csv,BENV-2026-IDATIDOSI-ECHINOCOCCOSI-84167-OVINO,SAMUGHEO,Sardegna,Oristano,municipality_region,39.946150,8.940532,39.946150,8.940532,false
izs_benv_events.csv,BENV-2026-IDATIDOSI-ECHINOCOCCOSI-85360-OVINO,SAN VERO MILIS,Sardegna,Oristano,municipality_region,40.014548,8.598224,40.014548,8.598224,false
izs_benv_events.csv,BENV-2026-IDATIDOSI-ECHINOCOCCOSI-83626-OVINO,PALMAS ARBOREA,Sardegna,Oristano,municipality_region,39.876646,8.643127,39.876646,8.643127,false
izs_benv_events.csv,BENV-2026-IDATIDOSI-ECHINOCOCCOSI-84503-OVINO,VILLAURBANA,Sardegna,Oristano,municipality_region,39.885647,8.777429,39.885647,8.777429,false
izs_benv_events.csv,BENV-2026-IDATIDOSI-ECHINOCOCCOSI-84505-OVINO,VILLAURBANA,Sardegna,Oristano,municipality_region,39.885647,8.777429,39.885647,8.777429,false
izs_benv_events.csv,BENV-2026-IDATIDOSI-ECHINOCOCCOSI-84507-OVINO,VILLAURBANA,Sardegna,Oristano,municipality_region,39.885647,8.777429,39.885647,8.777429,false
izs_benv_events.csv,BENV-2026-IDATIDOSI-ECHINOCOCCOSI-84180-OVINO,SENIS,Sardegna,Oristano,municipality_region,39.824147,8.940033,39.824147,8.940033,false
izs_benv_events.csv,BENV-2026-IDATIDOSI-ECHINOCOCCOSI-84711-OVINO,URAS,Sardegna,Oristano,municipality_region,39.700643,8.700030,39.700643,8.700030,false
izs_benv_events.csv,BENV-2026-IDATIDOSI-ECHINOCOCCOSI-84169-OVINO,SAMUGHEO,Sardegna,Oristano,municipality_region,39.946150,8.940532,39.946150,8.940532,false
izs_benv_events.csv,BENV-2026-IDATIDOSI-ECHINOCOCCOSI-84174-OVINO,SIAPICCIA,Sardegna,Oristano,municipality_region,39.927948,8.762128,39.927948,8.762128,false
izs_benv_events.csv,BENV-2026-IDATIDOSI-ECHINOCOCCOSI-83863-OVINO,FORDONGIANUS,Sardegna,Oristano,municipality_region,39.994549,8.809828,39.994549,8.809828,false
izs_benv_events.csv,BENV-2026-IDATIDOSI-ECHINOCOCCOSI-83980-OVINO,ALLAI,Sardegna,Oristano,municipality_region,39.957173,8.863076,39.957173,8.863076,false
izs_benv_events.csv,BENV-2026-IDATIDOSI-ECHINOCOCCOSI-84820-OVINO,SIAPICCIA,Sardegna,Oristano,municipality_region,39.927948,8.762128,39.927948,8.762128,false
izs_benv_events.csv,BENV-2026-IDATIDOSI-ECHINOCOCCOSI-83852-OVINO,BUSACHI,Sardegna,Oristano,municipality_region,40.032651,8.896729,40.032651,8.896729,false
izs_benv_events.csv,BENV-2026-IDATIDOSI-ECHINOCOCCOSI-84506-OVINO,OLLASTRA,Sardegna,Oristano,municipality_region,39.950948,8.734227,39.950948,8.734227,false
izs_benv_events.csv,BENV-2026-IDATIDOSI-ECHINOCOCCOSI-84219-OVINO,POMPU,Sardegna,Oristano,municipality_region,39.724544,8.795432,39.724544,8.795432,false
izs_benv_events.csv,BENV-2026-IDATIDOSI-ECHINOCOCCOSI-84123-BOVINO,FORDONGIANUS,Sardegna,Oristano,municipality_region,39.994549,8.809828,39.994549,8.809828,false
izs_benv_events.csv,BENV-2026-IDATIDOSI-ECHINOCOCCOSI-84137-OVINO,SOLARUSSA,Sardegna,Oristano,municipality_region,39.955747,8.671526,39.955747,8.671526,false
izs_benv_events.csv,BENV-2026-IDATIDOSI-ECHINOCOCCOSI-84145-OVINO,SCANO DI MONTIFERRO,Sardegna,Oristano,municipality_region,40.216330,8.584092,40.216330,8.584092,false
izs_benv_events.csv,BENV-2026-IDATIDOSI-ECHINOCOCCOSI-83718-SCIACALLO,TORVISCOSA,Friuli Venezia Giulia,Udine,municipality_region,45.822216,13.276933,45.822216,13.276933,false
izs_benv_events.csv,BENV-2026-IDATIDOSI-ECHINOCOCCOSI-83829-OVINO,BARATILI SAN PIETRO,Sardegna,Oristano,municipality_region,39.992831,8.555784,39.992831,8.555784,false
izs_benv_events.csv,BENV-2026-IDATIDOSI-ECHINOCOCCOSI-83624-OVINO,SIAMANNA,Sardegna,Oristano,municipality_region,39.920748,8.761028,39.920748,8.761028,false
izs_benv_events.csv,BENV-2026-IDATIDOSI-ECHINOCOCCOSI-83625-OVINO,SIAMANNA,Sardegna,Oristano,municipality_region,39.920748,8.761028,39.920748,8.761028,false
izs_benv_events.csv,BENV-2026-IDATIDOSI-ECHINOCOCCOSI-84190-OVINO,SAN VERO MILIS,Sardegna,Oristano,municipality_region,40.014548,8.598224,40.014548,8.598224,false
izs_benv_events.csv,BENV-2026-IDATIDOSI-ECHINOCOCCOSI-84223-OVINO,MOGORO,Sardegna,Oristano,municipality_region,39.684710,8.777088,39.684710,8.777088,false
izs_benv_events.csv,BENV-2026-IDATIDOSI-ECHINOCOCCOSI-83775-BOVINO,SANTU LUSSURGIU,Sardegna,Oristano,municipality_region,40.141686,8.651038,40.141686,8.651038,false
izs_benv_events.csv,BENV-2026-IDATIDOSI-ECHINOCOCCOSI-83853-OVINO,BUSACHI,Sardegna,Oristano,municipality_region,40.032651,8.896729,40.032651,8.896729,false
izs_benv_events.csv,BENV-2026-IDATIDOSI-ECHINOCOCCOSI-83584-OVINO,ORISTANO,Sardegna,Oristano,municipality_region,40.026568,8.679642,40.026568,8.679642,false
izs_benv_events.csv,BENV-2026-IDATIDOSI-ECHINOCOCCOSI-84655-BOVINO,CERVETERI,Lazio,Roma,municipality_region,41.998360,12.098851,41.998360,12.098851,false
izs_benv_events.csv,BENV-2026-IDATIDOSI-ECHINOCOCCOSI-84074-OVINO,PALMAS ARBOREA,Sardegna,Oristano,municipality_region,39.876646,8.643127,39.876646,8.643127,false
izs_benv_events.csv,BENV-2026-IDATIDOSI-ECHINOCOCCOSI-84117-BOVINO,SCANO DI MONTIFERRO,Sardegna,Oristano,municipality_region,40.216330,8.584092,40.216330,8.584092,false
izs_benv_events.csv,BENV-2026-IDATIDOSI-ECHINOCOCCOSI-84146-OVINO,NEONELI,Sardegna,Oristano,municipality_region,40.064752,8.946730,40.064752,8.946730,false
izs_benv_events.csv,BENV-2026-IDATIDOSI-ECHINOCOCCOSI-84175-OVINO,SENIS,Sardegna,Oristano,municipality_region,39.824147,8.940033,39.824147,8.940033,false
izs_benv_events.csv,BENV-2026-IDATIDOSI-ECHINOCOCCOSI-83519-BOVINO,ARBOREA,Sardegna,Oristano,municipality_region,39.773846,8.581753,39.773846,8.581753,false
izs_benv_events.csv,BENV-2026-IDATIDOSI-ECHINOCOCCOSI-84205-OVINO,USELLUS,Sardegna,Oristano,municipality_region,39.809646,8.850732,39.809646,8.850732,false
izs_benv_events.csv,BENV-2026-IDATIDOSI-ECHINOCOCCOSI-84232-OVINO,PALMAS ARBOREA,Sardegna,Oristano,municipality_region,39.876646,8.643127,39.876646,8.643127,false
izs_benv_events.csv,BENV-2026-IDATIDOSI-ECHINOCOCCOSI-84211-OVINO,ALES,Sardegna,Oristano,municipality_region,39.768245,8.815632,39.768245,8.815632,false
izs_benv_events.csv,BENV-2026-IDATIDOSI-ECHINOCOCCOSI-84218-OVINO,MOGORO,Sardegna,Oristano,municipality_region,39.684710,8.777088,39.684710,8.777088,false
izs_benv_events.csv,BENV-2026-IDATIDOSI-ECHINOCOCCOSI-84302-BOVINO,BRACCIANO,Lazio,Roma,municipality_region,42.101095,12.173857,42.101095,12.173857,false
izs_benv_events.csv,BENV-2026-IDATIDOSI-ECHINOCOCCOSI-83300-BOVINO,MARRUBIU,Sardegna,Oristano,municipality_region,39.752143,8.637228,39.752143,8.637228,false
izs_benv_events.csv,BENV-2026-IDATIDOSI-ECHINOCOCCOSI-84178-OVINO,OLLASTRA,Sardegna,Oristano,municipality_region,39.950948,8.734227,39.950948,8.734227,false
izs_benv_events.csv,BENV-2026-IDATIDOSI-ECHINOCOCCOSI-83888-OVINO,SCANO DI MONTIFERRO,Sardegna,Oristano,municipality_region,40.216330,8.584092,40.216330,8.584092,false
izs_benv_events.csv,BENV-2026-IDATIDOSI-ECHINOCOCCOSI-84144-OVINO,FORDONGIANUS,Sardegna,Oristano,municipality_region,39.994549,8.809828,39.994549,8.809828,false
izs_benv_events.csv,BENV-2026-IDATIDOSI-ECHINOCOCCOSI-83857-OVINO,SEDILO,Sardegna,Oristano,municipality_region,40.173151,8.919122,40.173151,8.919122,false
izs_benv_events.csv,BENV-2026-IDATIDOSI-ECHINOCOCCOSI-83887-OVINO,TRESNURAGHES,Sardegna,Oristano,municipality_region,40.252104,8.519960,40.252104,8.519960,false
izs_benv_events.csv,BENV-2026-IDATIDOSI-ECHINOCOCCOSI-84822-OVINO,SIAPICCIA,Sardegna,Oristano,municipality_region,39.927948,8.762128,39.927948,8.762128,false
izs_benv_events.csv,BENV-2026-IDATIDOSI-ECHINOCOCCOSI-84824-OVINO,SIAMANNA,Sardegna,Oristano,municipality_region,39.920748,8.761028,39.920748,8.761028,false
izs_benv_events.csv,BENV-2026-IDATIDOSI-ECHINOCOCCOSI-84191-OVINO,NARBOLIA,Sardegna,Oristano,municipality_region,40.047650,8.575169,40.047650,8.575169,false
izs_benv_events.csv,BENV-2026-IDATIDOSI-ECHINOCOCCOSI-84203-OVINO,PAU,Sardegna,Oristano,municipality_region,39.791546,8.802331,39.791546,8.802331,false
izs_benv_events.csv,BENV-2026-IDATIDOSI-ECHINOCOCCOSI-84225-OVINO,MILIS,Sardegna,Oristano,municipality_region,40.050449,8.637024,40.050449,8.637024,false
izs_benv_events.csv,BENV-2026-IDATIDOSI-ECHINOCOCCOSI-84664-OVINO,SCANO DI MONTIFERRO,Sardegna,Oristano,municipality_region,40.216330,8.584092,40.216330,8.584092,false
izs_benv_events.csv,BENV-2026-IDATIDOSI-ECHINOCOCCOSI-85422-OVINO,LACONI,Sardegna,Oristano,municipality_region,39.852649,9.050435,39.852649,9.050435,false
izs_benv_events.csv,BENV-2026-IDATIDOSI-ECHINOCOCCOSI-84670-OVINO,MONTRESTA,Sardegna,Oristano,municipality_region,40.373654,8.499617,40.373654,8.499617,false
izs_benv_events.csv,BENV-2026-IDATIDOSI-ECHINOCOCCOSI-84690-OVINO,TRAMATZA,Sardegna,Oristano,municipality_region,40.003748,8.649537,40.003748,8.649537,false
izs_benv_events.csv,BENV-2026-IDATIDOSI-ECHINOCOCCOSI-84701-OVINO,PAU,Sardegna,Oristano,municipality_region,39.791546,8.802331,39.791546,8.802331,false
izs_benv_events.csv,BENV-2026-IDATIDOSI-ECHINOCOCCOSI-85349-OVINO,URAS,Sardegna,Oristano,municipality_region,39.700643,8.700030,39.700643,8.700030,false
izs_benv_events.csv,BENV-2026-IDATIDOSI-ECHINOCOCCOSI-85381-OVINO,TRESNURAGHES,Sardegna,Oristano,municipality_region,40.252104,8.519960,40.252104,8.519960,false
izs_benv_events.csv,BENV-2026-IDATIDOSI-ECHINOCOCCOSI-85426-OVINO,MOGORELLA,Sardegna,Oristano,municipality_region,39.864598,8.857931,39.864598,8.857931,false
izs_benv_events.csv,BENV-2026-IDATIDOSI-ECHINOCOCCOSI-85430-OVINO,RUINAS,Sardegna,Oristano,municipality_region,39.907148,8.897631,39.907148,8.897631,false
izs_benv_events.csv,BENV-2026-IDATIDOSI-ECHINOCOCCOSI-85431-OVINO,RUINAS,Sardegna,Oristano,municipality_region,39.907148,8.897631,39.907148,8.897631,false
izs_benv_events.csv,BENV-2026-IDATIDOSI-ECHINOCOCCOSI-85434-OVINO,MOGORELLA,Sardegna,Oristano,municipality_region,39.864598,8.857931,39.864598,8.857931,false
izs_benv_events.csv,BENV-2026-IDATIDOSI-ECHINOCOCCOSI-84669-OVINO,MONTRESTA,Sardegna,Oristano,municipality_region,40.373654,8.499617,40.373654,8.499617,false
izs_benv_events.csv,BENV-2026-IDATIDOSI-ECHINOCOCCOSI-84984-OVINO,NARBOLIA,Sardegna,Oristano,municipality_region,40.047650,8.575169,40.047650,8.575169,false
izs_benv_events.csv,BENV-2026-IDATIDOSI-ECHINOCOCCOSI-85341-OVINO,BARESSA,Sardegna,Oristano,municipality_region,39.712745,8.875334,39.712745,8.875334,false
izs_benv_events.csv,BENV-2026-IDATIDOSI-ECHINOCOCCOSI-85344-OVINO,BARESSA,Sardegna,Oristano,municipality_region,39.712745,8.875334,39.712745,8.875334,false
izs_benv_events.csv,BENV-2026-IDATIDOSI-ECHINOCOCCOSI-85413-OVINO,OLLASTRA,Sardegna,Oristano,municipality_region,39.950948,8.734227,39.950948,8.734227,false
izs_benv_events.csv,BENV-2026-IDATIDOSI-ECHINOCOCCOSI-85438-OVINO,PAULILATINO,Sardegna,Oristano,municipality_region,40.084032,8.763937,40.084032,8.763937,false
izs_benv_events.csv,BENV-2026-IDATIDOSI-ECHINOCOCCOSI-85174-BOVINO,BAULADU,Sardegna,Oristano,municipality_region,40.020549,8.671925,40.020549,8.671925,false
izs_benv_events.csv,BENV-2026-IDATIDOSI-ECHINOCOCCOSI-85114-BOVINO,SENEGHE,Sardegna,Oristano,municipality_region,40.082249,8.615723,40.082249,8.615723,false
izs_benv_events.csv,BENV-2026-IDATIDOSI-ECHINOCOCCOSI-84816-BOVINO,GHILARZA,Sardegna,Oristano,municipality_region,40.119652,8.834927,40.119652,8.834927,false
izs_benv_events.csv,BENV-2026-IDATIDOSI-ECHINOCOCCOSI-84912-OVINO,SOLARUSSA,Sardegna,Oristano,municipality_region,39.955747,8.671526,39.955747,8.671526,false
izs_benv_events.csv,BENV-2026-IDATIDOSI-ECHINOCOCCOSI-85340-OVINO,USELLUS,Sardegna,Oristano,municipality_region,39.809646,8.850732,39.809646,8.850732,false
izs_benv_events.csv,BENV-2026-IDATIDOSI-ECHINOCOCCOSI-85435-OVINO,RUINAS,Sardegna,Oristano,municipality_region,39.907148,8.897631,39.907148,8.897631,false
izs_benv_events.csv,BENV-2026-IDATIDOSI-ECHINOCOCCOSI-85546-OVINO,VILLAURBANA,Sardegna,Oristano,municipality_region,39.885647,8.777429,39.885647,8.777429,false
izs_benv_events.csv,BENV-2026-IDATIDOSI-ECHINOCOCCOSI-85425-OVINO,RUINAS,Sardegna,Oristano,municipality_region,39.907148,8.897631,39.907148,8.897631,false
izs_benv_events.csv,BENV-2026-IDATIDOSI-ECHINOCOCCOSI-85433-OVINO,MOGORELLA,Sardegna,Oristano,municipality_region,39.864598,8.857931,39.864598,8.857931,false
izs_benv_events.csv,BENV-2026-IDATIDOSI-ECHINOCOCCOSI-85294-BOVINO,MORGONGIORI,Sardegna,Oristano,municipality_region,39.746644,8.770131,39.746644,8.770131,false
izs_benv_events.csv,BENV-2026-IDATIDOSI-ECHINOCOCCOSI-85348-OVINO,URAS,Sardegna,Oristano,municipality_region,39.700643,8.700030,39.700643,8.700030,false
izs_benv_events.csv,BENV-2026-IDATIDOSI-ECHINOCOCCOSI-85424-OVINO,RUINAS,Sardegna,Oristano,municipality_region,39.907148,8.897631,39.907148,8.897631,false
izs_benv_events.csv,BENV-2026-IDATIDOSI-ECHINOCOCCOSI-85322-BOVINO,SAMUGHEO,Sardegna,Oristano,municipality_region,39.946150,8.940532,39.946150,8.940532,false
izs_benv_events.csv,BENV-2026-IDATIDOSI-ECHINOCOCCOSI-84985-OVINO,RIOLA SARDO,Sardegna,Oristano,municipality_region,39.994102,8.538673,39.994102,8.538673,false
izs_benv_events.csv,BENV-2026-IDATIDOSI-ECHINOCOCCOSI-84910-OVINO,SOLARUSSA,Sardegna,Oristano,municipality_region,39.955747,8.671526,39.955747,8.671526,false
izs_benv_events.csv,BENV-2026-IDATIDOSI-ECHINOCOCCOSI-85351-OVINO,SAN NICOLO\' D\'ARCIDANO,Sardegna,Oristano,municipality_region,39.683392,8.646875,39.683392,8.646875,false
izs_benv_events.csv,BENV-2026-IDATIDOSI-ECHINOCOCCOSI-85432-OVINO,RUINAS,Sardegna,Oristano,municipality_region,39.907148,8.897631,39.907148,8.897631,false
izs_benv_events.csv,BENV-2026-IDATIDOSI-ECHINOCOCCOSI-85547-OVINO,MOGORO,Sardegna,Oristano,municipality_region,39.684710,8.777088,39.684710,8.777088,false
izs_benv_events.csv,BENV-2026-IDATIDOSI-ECHINOCOCCOSI-85345-OVINO,ALES,Sardegna,Oristano,municipality_region,39.768245,8.815632,39.768245,8.815632,false
izs_benv_events.csv,BENV-2026-IDATIDOSI-ECHINOCOCCOSI-85350-OVINO,URAS,Sardegna,Oristano,municipality_region,39.700643,8.700030,39.700643,8.700030,false
izs_benv_events.csv,BENV-2026-IDATIDOSI-ECHINOCOCCOSI-85411-OVINO,SIAPICCIA,Sardegna,Oristano,municipality_region,39.927948,8.762128,39.927948,8.762128,false
izs_benv_events.csv,BENV-2026-IDATIDOSI-ECHINOCOCCOSI-84691-OVINO,LACONI,Sardegna,Oristano,municipality_region,39.852649,9.050435,39.852649,9.050435,false
izs_benv_events.csv,BENV-2026-IDATIDOSI-ECHINOCOCCOSI-84695-OVINO,MOGORELLA,Sardegna,Oristano,municipality_region,39.864598,8.857931,39.864598,8.857931,false
izs_benv_events.csv,BENV-2026-IDATIDOSI-ECHINOCOCCOSI-85353-OVINO,PAU,Sardegna,Oristano,municipality_region,39.791546,8.802331,39.791546,8.802331,false
izs_benv_events.csv,BENV-2026-IDATIDOSI-ECHINOCOCCOSI-85354-OVINO,ALES,Sardegna,Oristano,municipality_region,39.768245,8.815632,39.768245,8.815632,false
izs_benv_events.csv,BENV-2026-IDATIDOSI-ECHINOCOCCOSI-85472-OVINO,TRAMATZA,Sardegna,Oristano,municipality_region,40.003748,8.649537,40.003748,8.649537,false
izs_benv_events.csv,BENV-2026-IDATIDOSI-ECHINOCOCCOSI-85548-OVINO,MORGONGIORI,Sardegna,Oristano,municipality_region,39.746644,8.770131,39.746644,8.770131,false
izs_benv_events.csv,BENV-2026-IDATIDOSI-ECHINOCOCCOSI-85355-OVINO,USELLUS,Sardegna,Oristano,municipality_region,39.809646,8.850732,39.809646,8.850732,false
izs_benv_events.csv,BENV-2026-IDATIDOSI-ECHINOCOCCOSI-85356-OVINO,USELLUS,Sardegna,Oristano,municipality_region,39.809646,8.850732,39.809646,8.850732,false
izs_benv_events.csv,BENV-2026-IDATIDOSI-ECHINOCOCCOSI-84850-OVINO,ASSOLO,Sardegna,Oristano,municipality_region,39.809947,8.918233,39.809947,8.918233,false
izs_benv_events.csv,BENV-2026-IDATIDOSI-ECHINOCOCCOSI-85343-OVINO,BARESSA,Sardegna,Oristano,municipality_region,39.712745,8.875334,39.712745,8.875334,false
izs_benv_events.csv,BENV-2026-IDATIDOSI-ECHINOCOCCOSI-85346-OVINO,SAN NICOLO\' D\'ARCIDANO,Sardegna,Oristano,municipality_region,39.683392,8.646875,39.683392,8.646875,false
izs_benv_events.csv,BENV-2026-IDATIDOSI-ECHINOCOCCOSI-85409-OVINO,SIAPICCIA,Sardegna,Oristano,municipality_region,39.927948,8.762128,39.927948,8.762128,false
izs_benv_events.csv,BENV-2026-IDATIDOSI-ECHINOCOCCOSI-85419-OVINO,MOGORELLA,Sardegna,Oristano,municipality_region,39.864598,8.857931,39.864598,8.857931,false
izs_benv_events.csv,BENV-2026-IDATIDOSI-ECHINOCOCCOSI-85295-BOVINO,MORGONGIORI,Sardegna,Oristano,municipality_region,39.746644,8.770131,39.746644,8.770131,false
izs_benv_events.csv,BENV-2026-IDATIDOSI-ECHINOCOCCOSI-85545-OVINO,OLLASTRA,Sardegna,Oristano,municipality_region,39.950948,8.734227,39.950948,8.734227,false
izs_benv_events.csv,BENV-2026-IDATIDOSI-ECHINOCOCCOSI-84693-OVINO,ASUNI,Sardegna,Oristano,municipality_region,39.872448,8.946433,39.872448,8.946433,false
izs_benv_events.csv,BENV-2026-IDATIDOSI-ECHINOCOCCOSI-85113-BOVINO,SENEGHE,Sardegna,Oristano,municipality_region,40.082249,8.615723,40.082249,8.615723,false
izs_benv_events.csv,BENV-2026-IDATIDOSI-ECHINOCOCCOSI-84851-OVINO,NURECI,Sardegna,Oristano,municipality_region,39.823348,8.973834,39.823348,8.973834,false
izs_benv_events.csv,BENV-2026-IDATIDOSI-ECHINOCOCCOSI-85410-OVINO,SIAMANNA,Sardegna,Oristano,municipality_region,39.920748,8.761028,39.920748,8.761028,false
izs_benv_events.csv,BENV-2026-IDATIDOSI-ECHINOCOCCOSI-85429-OVINO,LACONI,Sardegna,Oristano,municipality_region,39.852649,9.050435,39.852649,9.050435,false
izs_benv_events.csv,BENV-2026-IDATIDOSI-ECHINOCOCCOSI-85175-BOVINO,BAULADU,Sardegna,Oristano,municipality_region,40.020549,8.671925,40.020549,8.671925,false
izs_benv_events.csv,BENV-2026-IDATIDOSI-ECHINOCOCCOSI-84679-OVINO,SENEGHE,Sardegna,Oristano,municipality_region,40.082249,8.615723,40.082249,8.615723,false
izs_benv_events.csv,BENV-2026-IDATIDOSI-ECHINOCOCCOSI-84692-OVINO,LACONI,Sardegna,Oristano,municipality_region,39.852649,9.050435,39.852649,9.050435,false
izs_benv_events.csv,BENV-2026-IDATIDOSI-ECHINOCOCCOSI-85339-OVINO,USELLUS,Sardegna,Oristano,municipality_region,39.809646,8.850732,39.809646,8.850732,false
izs_benv_events.csv,BENV-2026-IDATIDOSI-ECHINOCOCCOSI-85357-OVINO,USELLUS,Sardegna,Oristano,municipality_region,39.809646,8.850732,39.809646,8.850732,false
izs_benv_events.csv,BENV-2026-IDATIDOSI-ECHINOCOCCOSI-85412-OVINO,OLLASTRA,Sardegna,Oristano,municipality_region,39.950948,8.734227,39.950948,8.734227,false
izs_benv_events.csv,BENV-2026-IDATIDOSI-ECHINOCOCCOSI-85361-OVINO,SAN VERO MILIS,Sardegna,Oristano,municipality_region,40.014548,8.598224,40.014548,8.598224,false
izs_benv_events.csv,BENV-2026-IDATIDOSI-ECHINOCOCCOSI-85186-BOVINO,OLLASTRA,Sardegna,Oristano,municipality_region,39.950948,8.734227,39.950948,8.734227,false
izs_benv_events.csv,BENV-2026-IDATIDOSI-ECHINOCOCCOSI-85189-BOVINO,ORISTANO,Sardegna,Oristano,municipality_region,40.026568,8.679642,40.026568,8.679642,false
izs_benv_events.csv,BENV-2026-IDATIDOSI-ECHINOCOCCOSI-85535-OVINO,BUSACHI,Sardegna,Oristano,municipality_region,40.032651,8.896729,40.032651,8.896729,false
izs_benv_events.csv,BENV-2026-IDATIDOSI-ECHINOCOCCOSI-85176-BOVINO,SENEGHE,Sardegna,Oristano,municipality_region,40.082249,8.615723,40.082249,8.615723,false
izs_benv_events.csv,BENV-2026-IDATIDOSI-ECHINOCOCCOSI-85423-OVINO,LACONI,Sardegna,Oristano,municipality_region,39.852649,9.050435,39.852649,9.050435,false
izs_benv_events.csv,BENV-2026-IDATIDOSI-ECHINOCOCCOSI-85437-OVINO,PAULILATINO,Sardegna,Oristano,municipality_region,40.084032,8.763937,40.084032,8.763937,false
izs_benv_events.csv,BENV-2026-IDATIDOSI-ECHINOCOCCOSI-85342-OVINO,CUGLIERI,Sardegna,Oristano,municipality_region,40.188472,8.567405,40.188472,8.567405,false
izs_benv_events.csv,BENV-2026-IDATIDOSI-ECHINOCOCCOSI-85347-OVINO,CURCURIS,Sardegna,Oristano,municipality_region,39.746145,8.830632,39.746145,8.830632,false
izs_benv_events.csv,BENV-2026-IDATIDOSI-ECHINOCOCCOSI-85427-OVINO,LACONI,Sardegna,Oristano,municipality_region,39.852649,9.050435,39.852649,9.050435,false
izs_benv_events.csv,BENV-2026-IDATIDOSI-ECHINOCOCCOSI-85323-BOVINO,SAMUGHEO,Sardegna,Oristano,municipality_region,39.946150,8.940532,39.946150,8.940532,false
izs_benv_events.csv,BENV-2026-IDATIDOSI-ECHINOCOCCOSI-84694-OVINO,ASUNI,Sardegna,Oristano,municipality_region,39.872448,8.946433,39.872448,8.946433,false
izs_benv_events.csv,BENV-2026-IDATIDOSI-ECHINOCOCCOSI-84705-OVINO,SAN NICOLO\' D\'ARCIDANO,Sardegna,Oristano,municipality_region,39.683392,8.646875,39.683392,8.646875,false
izs_benv_events.csv,BENV-2026-INFLUENZA-AVIARIA-AD-ALTA-PATOGENICITA-82810-GERMANO-REALE,CASALROMANO,Lombardia,Mantova,municipality_region,45.200675,10.369378,45.200675,10.369378,false
izs_benv_events.csv,BENV-2026-INFLUENZA-AVIARIA-AD-ALTA-PATOGENICITA-82889-CANAPIGLIA,MARANO LAGUNARE,Friuli Venezia Giulia,Udine,municipality_region,45.764993,13.167501,45.764993,13.167501,false
izs_benv_events.csv,BENV-2026-INFLUENZA-AVIARIA-AD-ALTA-PATOGENICITA-83099-POIANA-COMUNE,SAN MICHELE AL TAGLIAMENTO,Veneto,Venezia,municipality_region,45.763918,12.995425,45.763918,12.995425,false
izs_benv_events.csv,BENV-2026-INFLUENZA-AVIARIA-AD-ALTA-PATOGENICITA-83450-ALZAVOLA,CAMPAGNA LUPIA,Veneto,Venezia,municipality_region,45.354994,12.096814,45.354994,12.096814,false
izs_benv_events.csv,BENV-2026-INFLUENZA-AVIARIA-AD-ALTA-PATOGENICITA-83245-CIGNO-REALE,GRADO,Friuli Venezia Giulia,Gorizia,municipality_region,45.677692,13.386443,45.677692,13.386443,false
izs_benv_events.csv,BENV-2026-INFLUENZA-AVIARIA-AD-ALTA-PATOGENICITA-84264-CIGNO-REALE,GRADO,Friuli Venezia Giulia,Gorizia,municipality_region,45.677692,13.386443,45.677692,13.386443,false
izs_benv_events.csv,BENV-2026-INFLUENZA-AVIARIA-AD-ALTA-PATOGENICITA-83979-VOLPE-ROSSA,MEDESANO,Emilia Romagna,Parma,municipality_region,44.756699,10.140737,44.756699,10.140737,false
izs_benv_events.csv,BENV-2026-INFLUENZA-AVIARIA-AD-ALTA-PATOGENICITA-83250-CIGNO-REALE,GRADO,Friuli Venezia Giulia,Gorizia,municipality_region,45.677692,13.386443,45.677692,13.386443,false
izs_benv_events.csv,BENV-2026-INFLUENZA-AVIARIA-AD-ALTA-PATOGENICITA-82883-FISCHIONE,GRADO,Friuli Venezia Giulia,Gorizia,municipality_region,45.677692,13.386443,45.677692,13.386443,false
izs_benv_events.csv,BENV-2026-INFLUENZA-AVIRIA-POLLAME-83207-TACCHINO,VILLAFRANCA DI VERONA,Veneto,Verona,municipality_region,45.350928,10.845996,45.350928,10.845996,false
izs_benv_events.csv,BENV-2026-INFLUENZA-AVIRIA-POLLAME-83112-OCA,NOCETO,Emilia Romagna,Parma,municipality_region,44.809901,10.177260,44.809901,10.177260,false
izs_benv_events.csv,BENV-2026-INFLUENZA-AVIRIA-POLLAME-83139-GALLUS-GALLUS,SAN GIULIANO TERME,Toscana,Pisa,municipality_region,43.762996,10.441040,43.762996,10.441040,false
izs_benv_events.csv,BENV-2026-INFLUENZA-AVIRIA-POLLAME-83723-QUAGLIA,MARSCIANO,Umbria,Perugia,municipality_region,42.910028,12.337042,42.910028,12.337042,false
izs_benv_events.csv,BENV-2026-INFLUENZA-AVIRIA-POLLAME-83939-GALLUS-GALLUS,SUBBIANO,Toscana,Arezzo,municipality_region,43.574848,11.870369,43.574848,11.870369,false
izs_benv_events.csv,BENV-2026-INFLUENZA-AVIRIA-POLLAME-83112-GALLUS-GALLUS,NOCETO,Emilia Romagna,Parma,municipality_region,44.809901,10.177260,44.809901,10.177260,false
izs_benv_events.csv,BENV-2026-INFLUENZA-AVIRIA-POLLAME-82894-TACCHINO,CERESARA,Lombardia,Mantova,municipality_region,45.265130,10.567035,45.265130,10.567035,false
izs_benv_events.csv,BENV-2026-INFLUENZA-AVIRIA-POLLAME-83766-STARNA,CAMPI BISENZIO,Toscana,Firenze,municipality_region,43.821634,11.136678,43.821634,11.136678,false
izs_benv_events.csv,BENV-2026-INFLUENZA-AVIRIA-POLLAME-83246-TACCHINO,ILLASI,Veneto,Verona,municipality_region,45.465933,11.180021,45.465933,11.180021,false
izs_benv_events.csv,BENV-2026-INFLUENZA-AVIRIA-POLLAME-83153-TACCHINO,ZIMELLA,Veneto,Verona,municipality_region,45.343627,11.352305,45.343627,11.352305,false
izs_benv_events.csv,BENV-2026-INFLUENZA-AVIRIA-POLLAME-83723-STARNA,MARSCIANO,Umbria,Perugia,municipality_region,42.910028,12.337042,42.910028,12.337042,false
izs_benv_events.csv,BENV-2026-INFLUENZA-AVIRIA-POLLAME-83179-TACCHINO,VOLTA MANTOVANA,Lombardia,Mantova,municipality_region,45.321302,10.659224,45.321302,10.659224,false
izs_benv_events.csv,BENV-2026-INFLUENZA-AVIRIA-POLLAME-83182-TACCHINO,VOLTA MANTOVANA,Lombardia,Mantova,municipality_region,45.321302,10.659224,45.321302,10.659224,false
izs_benv_events.csv,BENV-2026-INFLUENZA-AVIRIA-POLLAME-83112-ANATRA,NOCETO,Emilia Romagna,Parma,municipality_region,44.809901,10.177260,44.809901,10.177260,false
izs_benv_events.csv,BENV-2026-INFLUENZA-AVIRIA-POLLAME-82714-TACCHINO,VIGASIO,Veneto,Verona,municipality_region,45.317030,10.942198,45.317030,10.942198,false
izs_benv_events.csv,BENV-2026-INFLUENZA-AVIRIA-POLLAME-83766-QUAGLIA,CAMPI BISENZIO,Toscana,Firenze,municipality_region,43.821634,11.136678,43.821634,11.136678,false
izs_benv_events.csv,BENV-2026-INFLUENZA-AVIRIA-POLLAME-83175-TACCHINO,VALEGGIO SUL MINCIO,Veneto,Verona,municipality_region,45.353751,10.734546,45.353751,10.734546,false
izs_benv_events.csv,BENV-2026-INFLUENZA-AVIRIA-POLLAME-83031-GALLUS-GALLUS,VIGASIO,Veneto,Verona,municipality_region,45.317030,10.942198,45.317030,10.942198,false
izs_benv_events.csv,BENV-2026-INFLUENZA-AVIRIA-POLLAME-82811-GALLUS-GALLUS,ROVERBELLA,Lombardia,Mantova,municipality_region,45.265780,10.767527,45.265780,10.767527,false
izs_benv_events.csv,BENV-2026-INFLUENZA-AVIRIA-POLLAME-83174-TACCHINO,VILLAFRANCA DI VERONA,Veneto,Verona,municipality_region,45.350928,10.845996,45.350928,10.845996,false
izs_benv_events.csv,BENV-2026-INFLUENZA-AVIRIA-POLLAME-83723-PERNICE,MARSCIANO,Umbria,Perugia,municipality_region,42.910028,12.337042,42.910028,12.337042,false
izs_benv_events.csv,BENV-2026-INFLUENZA-AVIRIA-POLLAME-83766-GALLUS-GALLUS,CAMPI BISENZIO,Toscana,Firenze,municipality_region,43.821634,11.136678,43.821634,11.136678,false
izs_benv_events.csv,BENV-2026-INFLUENZA-AVIRIA-POLLAME-83173-TACCHINO,ZEVIO,Veneto,Verona,municipality_region,45.375131,11.135882,45.375131,11.135882,false
izs_benv_events.csv,BENV-2026-INFLUENZA-AVIRIA-POLLAME-83939-PICCIONE-SELVATICO,SUBBIANO,Toscana,Arezzo,municipality_region,43.574848,11.870369,43.574848,11.870369,false
izs_benv_events.csv,BENV-2026-INFLUENZA-AVIRIA-POLLAME-83766-ANATRA,CAMPI BISENZIO,Toscana,Firenze,municipality_region,43.821634,11.136678,43.821634,11.136678,false
izs_benv_events.csv,BENV-2026-INFLUENZA-AVIRIA-POLLAME-83723-FAGIANO,MARSCIANO,Umbria,Perugia,municipality_region,42.910028,12.337042,42.910028,12.337042,false
izs_benv_events.csv,BENV-2026-INFLUENZA-AVIRIA-POLLAME-83125-TACCHINO,VERONA,Veneto,Verona,municipality_region,45.438496,10.992412,45.438496,10.992412,false
izs_benv_events.csv,BENV-2026-INFLUENZA-AVIRIA-POLLAME-83766-PERNICE,CAMPI BISENZIO,Toscana,Firenze,municipality_region,43.821634,11.136678,43.821634,11.136678,false
izs_benv_events.csv,BENV-2026-INFLUENZA-AVIRIA-POLLAME-83766-FAGIANO,CAMPI BISENZIO,Toscana,Firenze,municipality_region,43.821634,11.136678,43.821634,11.136678,false
izs_benv_events.csv,BENV-2026-INFLUENZA-AVIRIA-POLLAME-83096-GALLUS-GALLUS,VALEGGIO SUL MINCIO,Veneto,Verona,municipality_region,45.353751,10.734546,45.353751,10.734546,false
izs_benv_events.csv,BENV-2026-KOI-HERPESVIRUS-DISEASE-85853-CARPA,OSIGLIA,Liguria,Savona,municipality_region,44.282632,8.202144,44.282632,8.202144,false
izs_benv_events.csv,BENV-2026-LARINGO-TRACHEITE-INFETTIVA-85393-GALLUS-GALLUS,CORVARA IN BADIA - CORVARA,Trentino Alto Adige,Bolzano,not_found,46.49830,11.35480,46.49830,11.35480,false
izs_benv_events.csv,BENV-2026-LEISHMANIOSI-85709-CANE,GAVORRANO,Toscana,Grosseto,municipality_region,42.925374,10.905803,42.925374,10.905803,false
izs_benv_events.csv,BENV-2026-LEISHMANIOSI-85203-CANE,Grosseto,Toscana,Grosseto,municipality_region,42.775110,11.287804,42.775110,11.287804,false
izs_benv_events.csv,BENV-2026-LEISHMANIOSI-85169-CANE,Grosseto,Toscana,Grosseto,municipality_region,42.775110,11.287804,42.775110,11.287804,false
izs_benv_events.csv,BENV-2026-LEISHMANIOSI-85202-CANE,Grosseto,Toscana,Grosseto,municipality_region,42.775110,11.287804,42.775110,11.287804,false
izs_benv_events.csv,BENV-2026-LEISHMANIOSI-85658-CANE,SCANSANO,Toscana,Grosseto,municipality_region,42.688369,11.335453,42.688369,11.335453,false
izs_benv_events.csv,BENV-2026-LEISHMANIOSI-85171-CANE,Campagnatico,Toscana,Grosseto,municipality_region,42.883729,11.273537,42.883729,11.273537,false
izs_benv_events.csv,BENV-2026-LEISHMANIOSI-85655-CANE,Grosseto,Toscana,Grosseto,municipality_region,42.775110,11.287804,42.775110,11.287804,false
izs_benv_events.csv,BENV-2026-LEISHMANIOSI-85823-CANE,Grosseto,Toscana,Grosseto,municipality_region,42.775110,11.287804,42.775110,11.287804,false
izs_benv_events.csv,BENV-2026-LEISHMANIOSI-85824-CANE,Grosseto,Toscana,Grosseto,municipality_region,42.775110,11.287804,42.775110,11.287804,false
izs_benv_events.csv,BENV-2026-LEISHMANIOSI-85115-CANE,Grosseto,Toscana,Grosseto,municipality_region,42.775110,11.287804,42.775110,11.287804,false
izs_benv_events.csv,BENV-2026-LEISHMANIOSI-85197-CANE,Grosseto,Toscana,Grosseto,municipality_region,42.775110,11.287804,42.775110,11.287804,false
izs_benv_events.csv,BENV-2026-LEISHMANIOSI-85713-CANE,GAVORRANO,Toscana,Grosseto,municipality_region,42.925374,10.905803,42.925374,10.905803,false
izs_benv_events.csv,BENV-2026-LEISHMANIOSI-85894-CANE,MONTE ARGENTARIO,Toscana,Grosseto,municipality_region,42.407352,11.150384,42.407352,11.150384,false
izs_benv_events.csv,BENV-2026-LEISHMANIOSI-85657-CANE,Campagnatico,Toscana,Grosseto,municipality_region,42.883729,11.273537,42.883729,11.273537,false
izs_benv_events.csv,BENV-2026-LEISHMANIOSI-85861-CANE,Grosseto,Toscana,Grosseto,municipality_region,42.775110,11.287804,42.775110,11.287804,false
izs_benv_events.csv,BENV-2026-LEISHMANIOSI-85485-CANE,Grosseto,Toscana,Grosseto,municipality_region,42.775110,11.287804,42.775110,11.287804,false
izs_benv_events.csv,BENV-2026-LEISHMANIOSI-84096-CANE,Battaglia Terme,Veneto,Padova,municipality_region,45.288143,11.781834,45.288143,11.781834,false
izs_benv_events.csv,BENV-2026-LEISHMANIOSI-84882-CANE,Malo,Veneto,Vicenza,municipality_region,45.660296,11.407493,45.660296,11.407493,false
izs_benv_events.csv,BENV-2026-LEISHMANIOSI-83740-CANE,Valdobbiadene,Veneto,Treviso,municipality_region,45.901413,11.995512,45.901413,11.995512,false
izs_benv_events.csv,BENV-2026-LEISHMANIOSI-85011-CANE,Brescia,Lombardia,Brescia,municipality_region,45.779580,10.425873,45.779580,10.425873,false
izs_benv_events.csv,BENV-2026-LEISHMANIOSI-84095-CANE,Cinto Euganeo,Veneto,Padova,municipality_region,45.289467,11.672376,45.289467,11.672376,false
izs_benv_events.csv,BENV-2026-LEISHMANIOSI-84886-CANE,Malo,Veneto,Vicenza,municipality_region,45.660296,11.407493,45.660296,11.407493,false
izs_benv_events.csv,BENV-2026-LEISHMANIOSI-85013-CANE,Pezzaze,Lombardia,Brescia,municipality_region,45.774127,10.237377,45.774127,10.237377,false
izs_benv_events.csv,BENV-2026-LEISHMANIOSI-84885-CANE,Monte di Malo,Veneto,Vicenza,municipality_region,45.660464,11.362566,45.660464,11.362566,false
izs_benv_events.csv,BENV-2026-LEPTOSPIROSI-83713-CANE,VICENZA,Veneto,Vicenza,municipality_region,45.634859,11.406354,45.634859,11.406354,false
izs_benv_events.csv,BENV-2026-LEPTOSPIROSI-83531-CAVALLO,CIVITA D\'ANTINO,Abruzzo,L'Aquila,municipality_region,41.886105,13.471126,41.886105,13.471126,false
izs_benv_events.csv,BENV-2026-LEPTOSPIROSI-84354-CANE,SAURIS,Friuli Venezia Giulia,Udine,municipality_region,46.465366,12.708717,46.465366,12.708717,false
izs_benv_events.csv,BENV-2026-LEPTOSPIROSI-84182-CAVALLO,ROCCA PRIORA,Lazio,Roma,municipality_region,41.791089,12.761993,41.791089,12.761993,false
izs_benv_events.csv,BENV-2026-LEPTOSPIROSI-82822-CANE,BORGOSATOLLO,Lombardia,Brescia,municipality_region,45.477262,10.240811,45.477262,10.240811,false
izs_benv_events.csv,BENV-2026-LEPTOSPIROSI-85064-CANIDI,CASCINA,Toscana,Pisa,municipality_region,43.676674,10.549224,43.676674,10.549224,false
izs_benv_events.csv,BENV-2026-LEPTOSPIROSI-85201-CANE,GAVORRANO,Toscana,Grosseto,municipality_region,42.925374,10.905803,42.925374,10.905803,false
izs_benv_events.csv,BENV-2026-LEPTOSPIROSI-83412-CAVALLO,POSTA,Lazio,Rieti,municipality_region,42.523551,13.096014,42.523551,13.096014,false
izs_benv_events.csv,BENV-2026-LEPTOSPIROSI-84299-BOVINO,AIELLO DEL FRIULI,Friuli Venezia Giulia,Udine,municipality_region,45.872922,13.363628,45.872922,13.363628,false
izs_benv_events.csv,BENV-2026-LEPTOSPIROSI-83192-BOVINO,SORIANO NEL CIMINO,Lazio,Viterbo,municipality_region,42.418761,12.234308,42.418761,12.234308,false
izs_benv_events.csv,BENV-2026-LEPTOSPIROSI-83592-CANE,ARCUGNANO,Veneto,Vicenza,municipality_region,45.500472,11.535699,45.500472,11.535699,false
izs_benv_events.csv,BENV-2026-LEPTOSPIROSI-84549-CANE,PIOVE DI SACCO,Veneto,Padova,municipality_region,45.297692,12.036814,45.297692,12.036814,false
izs_benv_events.csv,BENV-2026-LEPTOSPIROSI-85329-CANE,SORGA\',Veneto,Verona,municipality_region,45.213400,10.979362,45.213400,10.979362,false
izs_benv_events.csv,BENV-2026-LEPTOSPIROSI-84502-CANE,SAN PIETRO IN CARIANO,Veneto,Verona,municipality_region,45.520913,10.886377,45.520913,10.886377,false
izs_benv_events.csv,BENV-2026-LEPTOSPIROSI-85382-CANE,Brescia,Lombardia,Brescia,municipality_region,45.779580,10.425873,45.779580,10.425873,false
izs_benv_events.csv,BENV-2026-LEPTOSPIROSI-83168-CANE,CASSACCO,Friuli Venezia Giulia,Udine,municipality_region,46.173595,13.187934,46.173595,13.187934,false
izs_benv_events.csv,BENV-2026-LEPTOSPIROSI-85736-CANE,Grosseto,Toscana,Grosseto,municipality_region,42.775110,11.287804,42.775110,11.287804,false
izs_benv_events.csv,BENV-2026-LEPTOSPIROSI-85642-BOVINO,SORIANO NEL CIMINO,Lazio,Viterbo,municipality_region,42.418761,12.234308,42.418761,12.234308,false
izs_benv_events.csv,BENV-2026-LEPTOSPIROSI-83865-SUINO,MEANA SARDO,Sardegna,Nuoro,municipality_region,39.944251,9.072334,39.944251,9.072334,false
izs_benv_events.csv,BENV-2026-LEPTOSPIROSI-85465-CANIDI,SANTORSO,Veneto,Vicenza,municipality_region,45.737299,11.390321,45.737299,11.390321,false
izs_benv_events.csv,BENV-2026-LEUCOSI-BOVINA-ENZOOTICA-85529-BOVINO,LESINA,Puglia,Foggia,municipality_region,41.859439,15.352741,41.859439,15.352741,false
izs_benv_events.csv,BENV-2026-LEUCOSI-BOVINA-ENZOOTICA-85268-BOVINO,SAN MARCO IN LAMIS,Puglia,Foggia,municipality_region,41.713138,15.639850,41.713138,15.639850,false
izs_benv_events.csv,BENV-2026-LEUCOSI-BOVINA-ENZOOTICA-84298-BOVINO,TREIA,Marche,Macerata,municipality_region,43.310556,13.311475,43.310556,13.311475,false
izs_benv_events.csv,BENV-2026-MALATTIA-DA-VIRUS-USUTU-85691-INSETTI-VARIE-SPECIE,RIVIGNANO TEOR,Friuli Venezia Giulia,Udine,municipality_region,45.861300,13.047569,45.861300,13.047569,false
izs_benv_events.csv,BENV-2026-MALATTIA-DA-VIRUS-USUTU-85687-INSETTI-VARIE-SPECIE,BADIA POLESINE,Veneto,Rovigo,municipality_region,45.094056,11.493462,45.094056,11.493462,false
izs_benv_events.csv,BENV-2026-MALATTIA-DA-VIRUS-USUTU-85686-INSETTI-VARIE-SPECIE,CENESELLI,Veneto,Rovigo,municipality_region,45.013695,11.369156,45.013695,11.369156,false
izs_benv_events.csv,BENV-2026-MALATTIA-DA-VIRUS-USUTU-85610-INSETTI-VARIE-SPECIE,CASALEONE,Veneto,Verona,municipality_region,45.170669,11.199365,45.170669,11.199365,false
izs_benv_events.csv,BENV-2026-MALATTIA-DA-VIRUS-USUTU-85685-INSETTI-VARIE-SPECIE,ALBIGNASEGO,Veneto,Padova,municipality_region,45.347492,11.867209,45.347492,11.867209,false
izs_benv_events.csv,BENV-2026-MALATTIA-DA-VIRUS-USUTU-85689-INSETTI-VARIE-SPECIE,PALAZZOLO DELLO STELLA,Friuli Venezia Giulia,Udine,municipality_region,45.804827,13.079579,45.804827,13.079579,false
izs_benv_events.csv,BENV-2026-MALATTIA-DA-VIRUS-USUTU-85673-COLOMBACCIO,PIEVE D\'OLMI,Lombardia,Cremona,municipality_region,45.089570,10.123675,45.089570,10.123675,false
izs_benv_events.csv,BENV-2026-MALATTIA-DA-VIRUS-USUTU-85477-INSETTI-VARIE-SPECIE,SAN GIORGIO BIGARELLO,Lombardia,Mantova,municipality_region,45.180530,10.871789,45.180530,10.871789,false
izs_benv_events.csv,BENV-2026-MALATTIA-DA-VIRUS-USUTU-85608-INSETTI-VARIE-SPECIE,SELVAZZANO DENTRO,Veneto,Padova,municipality_region,45.389790,11.785892,45.389790,11.785892,false
izs_benv_events.csv,BENV-2026-MALATTIA-DA-VIRUS-USUTU-85688-INSETTI-VARIE-SPECIE,TRIBANO,Veneto,Padova,municipality_region,45.210010,11.832142,45.210010,11.832142,false
izs_benv_events.csv,BENV-2026-MALATTIA-DA-VIRUS-USUTU-85708-GAZZA,VEGGIANO,Veneto,Padova,municipality_region,45.448322,11.710822,45.448322,11.710822,false
izs_benv_events.csv,BENV-2026-MALATTIA-DI-NEWCASTLE-83233-PICCIONE-SELVATICO,MELDOLA,Emilia Romagna,Forlì-Cesena,municipality_region,44.126721,12.061153,44.126721,12.061153,false
izs_benv_events.csv,BENV-2026-MALATTIA-DI-NEWCASTLE-83086-TORTORA-SELVATICA,GIUGLIANO IN CAMPANIA,Campania,Napoli,municipality_region,40.928687,14.200699,40.928687,14.200699,false
izs_benv_events.csv,BENV-2026-MALATTIA-DI-NEWCASTLE-83154-PICCIONE-SELVATICO,PRATO,Toscana,Prato,municipality_region,43.935718,11.094147,43.935718,11.094147,false
izs_benv_events.csv,BENV-2026-MALATTIA-DI-NEWCASTLE-84519-PICCIONE-SELVATICO,MONTEGIORGIO,Marche,Fermo,municipality_region,43.132253,13.536383,43.132253,13.536383,false
izs_benv_events.csv,BENV-2026-MALATTIA-DI-NEWCASTLE-83377-TORTORA-SELVATICA,AGLIANA,Toscana,Pistoia,municipality_region,43.903816,11.003396,43.903816,11.003396,false
izs_benv_events.csv,BENV-2026-MALATTIA-DI-NEWCASTLE-83454-TORTORA-SELVATICA,PRATO,Toscana,Prato,municipality_region,43.935718,11.094147,43.935718,11.094147,false
izs_benv_events.csv,BENV-2026-MALATTIA-DI-NEWCASTLE-83154-GALLUS-GALLUS,PRATO,Toscana,Prato,municipality_region,43.935718,11.094147,43.935718,11.094147,false
izs_benv_events.csv,BENV-2026-MALATTIA-DI-NEWCASTLE-83758-TORTORA-SELVATICA,PRATO,Toscana,Prato,municipality_region,43.935718,11.094147,43.935718,11.094147,false
izs_benv_events.csv,BENV-2026-MALATTIA-DI-NEWCASTLE-83234-GALLUS-GALLUS,ARGELATO,Emilia Romagna,Bologna,municipality_region,44.641570,11.347810,44.641570,11.347810,false
izs_benv_events.csv,BENV-2026-MALATTIA-DI-NEWCASTLE-83808-TORTORA-SELVATICA,Grosseto,Toscana,Grosseto,municipality_region,42.775110,11.287804,42.775110,11.287804,false
izs_benv_events.csv,BENV-2026-MALATTIA-DI-NEWCASTLE-84329-PICCIONE-SELVATICO,FERMO,Marche,Fermo,municipality_region,43.092249,13.638768,43.092249,13.638768,false
izs_benv_events.csv,BENV-2026-MALATTIA-DI-NEWCASTLE-83464-ANATRA,MAIOLATI SPONTINI,Marche,Ancona,municipality_region,43.477658,13.121768,43.477658,13.121768,false
izs_benv_events.csv,BENV-2026-MALATTIA-DI-NEWCASTLE-83407-PICCIONE-SELVATICO,MONDAVIO,Marche,Pesaro e Urbino,municipality_region,43.674205,12.968771,43.674205,12.968771,false
izs_benv_events.csv,BENV-2026-MALATTIA-DI-NEWCASTLE-83234-TORTORA-SELVATICA,ARGELATO,Emilia Romagna,Bologna,municipality_region,44.641570,11.347810,44.641570,11.347810,false
izs_benv_events.csv,BENV-2026-MALATTIA-VIRALE-EMORRAGICA-85468-CONIGLIO,MONTALCINO,Toscana,Siena,municipality_region,43.058300,11.490066,43.058300,11.490066,false
izs_benv_events.csv,BENV-2026-MALATTIA-VIRALE-EMORRAGICA-85212-CONIGLIO,CAIRATE,Lombardia,Varese,municipality_region,45.690919,8.872461,45.690919,8.872461,false
izs_benv_events.csv,BENV-2026-METRITE-CONTAGIOSA-83590-CAVALLO,CASTELFRANCO EMILIA,Emilia Romagna,Modena,municipality_region,44.595024,11.052901,44.595024,11.052901,false
izs_benv_events.csv,BENV-2026-METRITE-CONTAGIOSA-85718-CAVALLO,MATERA,Basilicata,Matera,municipality_region,40.447642,16.473574,40.447642,16.473574,false
izs_benv_events.csv,BENV-2026-TUBERCOLOSI-BOVINA-MTBC-83310-BOVINO,ASCOLI PICENO,Marche,Ascoli Piceno,municipality_region,42.883420,13.539593,42.883420,13.539593,false
izs_benv_events.csv,BENV-2026-TUBERCOLOSI-BOVINA-MTBC-83557-BOVINO,MAGLIANO IN TOSCANA,Toscana,Grosseto,municipality_region,42.599442,11.291739,42.599442,11.291739,false
izs_benv_events.csv,BENV-2026-TUBERCOLOSI-BOVINA-MTBC-83794-BOVINO,Grosseto,Toscana,Grosseto,municipality_region,42.775110,11.287804,42.775110,11.287804,false
izs_benv_events.csv,BENV-2026-TUBERCOLOSI-BOVINA-MTBC-84843-BOVINO,TUGLIE,Puglia,Lecce,municipality_region,40.073821,18.098125,40.073821,18.098125,false
izs_benv_events.csv,BENV-2026-TUBERCOLOSI-BOVINA-MTBC-83760-BOVINO,CAMPO DI TRENS - FREIENFELD,Trentino Alto Adige,Bolzano,not_found,46.49830,11.35480,46.49830,11.35480,false
izs_benv_events.csv,BENV-2026-PESTE-AMERICANA-84930-APE,PIANORO,Emilia Romagna,Bologna,municipality_region,44.392964,11.342314,44.392964,11.342314,false
izs_benv_events.csv,BENV-2026-PESTE-AMERICANA-84562-APE,PIANORO,Emilia Romagna,Bologna,municipality_region,44.392964,11.342314,44.392964,11.342314,false
izs_benv_events.csv,BENV-2026-PESTE-AMERICANA-84514-APE,PALU\',Veneto,Verona,municipality_region,45.325834,11.155173,45.325834,11.155173,false
izs_benv_events.csv,BENV-2026-PESTE-AMERICANA-85715-APE,CERVETERI,Lazio,Roma,municipality_region,41.998360,12.098851,41.998360,12.098851,false
izs_benv_events.csv,BENV-2026-PESTE-AMERICANA-85491-APE,TUBRE - TAUFERS IM MUENSTERTAL,Trentino Alto Adige,Bolzano,not_found,46.49830,11.35480,46.49830,11.35480,false
izs_benv_events.csv,BENV-2026-PESTE-AMERICANA-85484-APE,FELTRE,Veneto,Belluno,municipality_region,46.016376,11.906254,46.016376,11.906254,false
izs_benv_events.csv,BENV-2026-PESTE-SUINA-AFRICANA-83123-CINGHIALE,CASTIGLIONE DI GARFAGNANA,Toscana,Lucca,municipality_region,44.149950,10.410897,44.149950,10.410897,false
izs_benv_events.csv,BENV-2026-PESTE-SUINA-AFRICANA-83134-CINGHIALE,SAN ROMANO IN GARFAGNANA,Toscana,Lucca,municipality_region,44.169669,10.347051,44.169669,10.347051,false
izs_benv_events.csv,BENV-2026-PESTE-SUINA-AFRICANA-83136-CINGHIALE,VILLA COLLEMANDINA,Toscana,Lucca,municipality_region,44.158759,10.397742,44.158759,10.397742,false
izs_benv_events.csv,BENV-2026-PESTE-SUINA-AFRICANA-82761-CINGHIALE,LICCIANA NARDI,Toscana,Massa-Carrara,municipality_region,44.264900,10.038437,44.264900,10.038437,false
izs_benv_events.csv,BENV-2026-PESTE-SUINA-AFRICANA-82773-CINGHIALE,VILLA COLLEMANDINA,Toscana,Lucca,municipality_region,44.158759,10.397742,44.158759,10.397742,false
izs_benv_events.csv,BENV-2026-PESTE-SUINA-AFRICANA-82781-CINGHIALE,VILLA COLLEMANDINA,Toscana,Lucca,municipality_region,44.158759,10.397742,44.158759,10.397742,false
izs_benv_events.csv,BENV-2026-PESTE-SUINA-AFRICANA-84130-CINGHIALE,PODENZANA,Toscana,Massa-Carrara,municipality_region,44.206248,9.941986,44.206248,9.941986,false
izs_benv_events.csv,BENV-2026-PESTE-SUINA-AFRICANA-83696-CINGHIALE,VAGLI SOTTO,Toscana,Lucca,municipality_region,44.109248,10.288795,44.109248,10.288795,false
izs_benv_events.csv,BENV-2026-PESTE-SUINA-AFRICANA-83710-CINGHIALE,VILLA MINOZZO,Emilia Romagna,Reggio nell'Emilia,municipality_region,44.365056,10.465995,44.365056,10.465995,false
izs_benv_events.csv,BENV-2026-PESTE-SUINA-AFRICANA-83722-CINGHIALE,MULAZZO,Toscana,Massa-Carrara,municipality_region,44.315926,9.889626,44.315926,9.889626,false
izs_benv_events.csv,BENV-2026-PESTE-SUINA-AFRICANA-83801-CINGHIALE,COMANO,Toscana,Massa-Carrara,municipality_region,44.293540,10.131165,44.293540,10.131165,false
izs_benv_events.csv,BENV-2026-PESTE-SUINA-AFRICANA-83838-CINGHIALE,LICCIANA NARDI,Toscana,Massa-Carrara,municipality_region,44.264900,10.038437,44.264900,10.038437,false
izs_benv_events.csv,BENV-2026-PESTE-SUINA-AFRICANA-83579-CINGHIALE,BAGNONE,Toscana,Massa-Carrara,municipality_region,44.314739,9.994655,44.314739,9.994655,false
izs_benv_events.csv,BENV-2026-PESTE-SUINA-AFRICANA-83617-CINGHIALE,LUGAGNANO VAL D\'ARDA,Emilia Romagna,Piacenza,municipality_region,44.821994,9.828482,44.821994,9.828482,false
izs_benv_events.csv,BENV-2026-PESTE-SUINA-AFRICANA-83645-CINGHIALE,FILATTIERA,Toscana,Massa-Carrara,municipality_region,44.330791,9.934823,44.330791,9.934823,false
izs_benv_events.csv,BENV-2026-PESTE-SUINA-AFRICANA-83909-CINGHIALE,VILLA COLLEMANDINA,Toscana,Lucca,municipality_region,44.158759,10.397742,44.158759,10.397742,false
izs_benv_events.csv,BENV-2026-PESTE-SUINA-AFRICANA-83911-CINGHIALE,SILLANO GIUNCUGNANO,Toscana,Lucca,municipality_region,44.254506,10.315717,44.254506,10.315717,false
izs_benv_events.csv,BENV-2026-PESTE-SUINA-AFRICANA-83974-CINGHIALE,MEDESANO,Emilia Romagna,Parma,municipality_region,44.756699,10.140737,44.756699,10.140737,false
izs_benv_events.csv,BENV-2026-PESTE-SUINA-AFRICANA-84014-CINGHIALE,LICCIANA NARDI,Toscana,Massa-Carrara,municipality_region,44.264900,10.038437,44.264900,10.038437,false
izs_benv_events.csv,BENV-2026-PESTE-SUINA-AFRICANA-84015-CINGHIALE,CASOLA IN LUNIGIANA,Toscana,Massa-Carrara,municipality_region,44.199961,10.175460,44.199961,10.175460,false
izs_benv_events.csv,BENV-2026-PESTE-SUINA-AFRICANA-84016-CINGHIALE,PONTREMOLI,Toscana,Massa-Carrara,municipality_region,44.375151,9.878882,44.375151,9.878882,false
izs_benv_events.csv,BENV-2026-PESTE-SUINA-AFRICANA-84839-CINGHIALE,PONTREMOLI,Toscana,Massa-Carrara,municipality_region,44.375151,9.878882,44.375151,9.878882,false
izs_benv_events.csv,BENV-2026-PESTE-SUINA-AFRICANA-84643-CINGHIALE,VAGLI SOTTO,Toscana,Lucca,municipality_region,44.109248,10.288795,44.109248,10.288795,false
izs_benv_events.csv,BENV-2026-PESTE-SUINA-AFRICANA-84654-CINGHIALE,CASTELNUOVO DI GARFAGNANA,Toscana,Lucca,municipality_region,44.110022,10.411786,44.110022,10.411786,false
izs_benv_events.csv,BENV-2026-PESTE-SUINA-AFRICANA-84662-CINGHIALE,BAGNONE,Toscana,Massa-Carrara,municipality_region,44.314739,9.994655,44.314739,9.994655,false
izs_benv_events.csv,BENV-2026-PESTE-SUINA-AFRICANA-83229-CINGHIALE,CASOLA IN LUNIGIANA,Toscana,Massa-Carrara,municipality_region,44.199961,10.175460,44.199961,10.175460,false
izs_benv_events.csv,BENV-2026-PESTE-SUINA-AFRICANA-83239-CINGHIALE,FILATTIERA,Toscana,Massa-Carrara,municipality_region,44.330791,9.934823,44.330791,9.934823,false
izs_benv_events.csv,BENV-2026-PESTE-SUINA-AFRICANA-83277-CINGHIALE,VAGLI SOTTO,Toscana,Lucca,municipality_region,44.109248,10.288795,44.109248,10.288795,false
izs_benv_events.csv,BENV-2026-PESTE-SUINA-AFRICANA-83280-CINGHIALE,VAGLI SOTTO,Toscana,Lucca,municipality_region,44.109248,10.288795,44.109248,10.288795,false
izs_benv_events.csv,BENV-2026-PESTE-SUINA-AFRICANA-83291-CINGHIALE,LICCIANA NARDI,Toscana,Massa-Carrara,municipality_region,44.264900,10.038437,44.264900,10.038437,false
izs_benv_events.csv,BENV-2026-PESTE-SUINA-AFRICANA-83295-CINGHIALE,BAGNONE,Toscana,Massa-Carrara,municipality_region,44.314739,9.994655,44.314739,9.994655,false
izs_benv_events.csv,BENV-2026-PESTE-SUINA-AFRICANA-83051-CINGHIALE,MINUCCIANO,Toscana,Lucca,municipality_region,44.170449,10.207592,44.170449,10.207592,false
izs_benv_events.csv,BENV-2026-PESTE-SUINA-AFRICANA-83075-CINGHIALE,SAN ROMANO IN GARFAGNANA,Toscana,Lucca,municipality_region,44.169669,10.347051,44.169669,10.347051,false
izs_benv_events.csv,BENV-2026-PESTE-SUINA-AFRICANA-83913-CINGHIALE,SILLANO GIUNCUGNANO,Toscana,Lucca,municipality_region,44.254506,10.315717,44.254506,10.315717,false
izs_benv_events.csv,BENV-2026-PESTE-SUINA-AFRICANA-83944-CINGHIALE,SILLANO GIUNCUGNANO,Toscana,Lucca,municipality_region,44.254506,10.315717,44.254506,10.315717,false
izs_benv_events.csv,BENV-2026-PESTE-SUINA-AFRICANA-84981-CINGHIALE,PEZZOLO VALLE UZZONE,Piemonte,Cuneo,municipality_region,44.538740,8.193943,44.538740,8.193943,false
izs_benv_events.csv,BENV-2026-PESTE-SUINA-AFRICANA-85019-CINGHIALE,PODENZANA,Toscana,Massa-Carrara,municipality_region,44.206248,9.941986,44.206248,9.941986,false
izs_benv_events.csv,BENV-2026-PESTE-SUINA-AFRICANA-85022-CINGHIALE,FOSDINOVO,Toscana,Massa-Carrara,municipality_region,44.133820,10.018869,44.133820,10.018869,false
izs_benv_events.csv,BENV-2026-PESTE-SUINA-AFRICANA-85030-CINGHIALE,FIVIZZANO,Toscana,Massa-Carrara,municipality_region,44.238350,10.125990,44.238350,10.125990,false
izs_benv_events.csv,BENV-2026-PESTE-SUINA-AFRICANA-85061-CINGHIALE,CARRARA,Toscana,Massa-Carrara,municipality_region,44.079180,10.102353,44.079180,10.102353,false
izs_benv_events.csv,BENV-2026-PESTE-SUINA-AFRICANA-85144-CINGHIALE,BARGA,Toscana,Lucca,municipality_region,44.073918,10.484263,44.073918,10.484263,false
izs_benv_events.csv,BENV-2026-PESTE-SUINA-AFRICANA-85145-CINGHIALE,BARGA,Toscana,Lucca,municipality_region,44.073918,10.484263,44.073918,10.484263,false
izs_benv_events.csv,BENV-2026-PESTE-SUINA-AFRICANA-84831-CINGHIALE,FOSCIANDORA,Toscana,Lucca,municipality_region,44.116476,10.459489,44.116476,10.459489,false
izs_benv_events.csv,BENV-2026-PESTE-SUINA-AFRICANA-84835-CINGHIALE,CAREGGINE,Toscana,Lucca,municipality_region,44.119949,10.325396,44.119949,10.325396,false
izs_benv_events.csv,BENV-2026-PESTE-SUINA-AFRICANA-84880-CINGHIALE,TRESANA,Toscana,Massa-Carrara,municipality_region,44.254248,9.912885,44.254248,9.912885,false
izs_benv_events.csv,BENV-2026-PESTE-SUINA-AFRICANA-82840-CINGHIALE,SAN ROMANO IN GARFAGNANA,Toscana,Lucca,municipality_region,44.169669,10.347051,44.169669,10.347051,false
izs_benv_events.csv,BENV-2026-PESTE-SUINA-AFRICANA-82851-CINGHIALE,MINUCCIANO,Toscana,Lucca,municipality_region,44.170449,10.207592,44.170449,10.207592,false
izs_benv_events.csv,BENV-2026-PESTE-SUINA-AFRICANA-83743-CINGHIALE,PIAZZA AL SERCHIO,Toscana,Lucca,municipality_region,44.183484,10.300924,44.183484,10.300924,false
izs_benv_events.csv,BENV-2026-PESTE-SUINA-AFRICANA-83787-CINGHIALE,VAGLI SOTTO,Toscana,Lucca,municipality_region,44.109248,10.288795,44.109248,10.288795,false
izs_benv_events.csv,BENV-2026-PESTE-SUINA-AFRICANA-83788-CINGHIALE,VAGLI SOTTO,Toscana,Lucca,municipality_region,44.109248,10.288795,44.109248,10.288795,false
izs_benv_events.csv,BENV-2026-PESTE-SUINA-AFRICANA-83802-CINGHIALE,COMANO,Toscana,Massa-Carrara,municipality_region,44.293540,10.131165,44.293540,10.131165,false
izs_benv_events.csv,BENV-2026-PESTE-SUINA-AFRICANA-83819-CINGHIALE,VAGLI SOTTO,Toscana,Lucca,municipality_region,44.109248,10.288795,44.109248,10.288795,false
izs_benv_events.csv,BENV-2026-PESTE-SUINA-AFRICANA-83839-CINGHIALE,LICCIANA NARDI,Toscana,Massa-Carrara,municipality_region,44.264900,10.038437,44.264900,10.038437,false
izs_benv_events.csv,BENV-2026-PESTE-SUINA-AFRICANA-83643-CINGHIALE,FILATTIERA,Toscana,Massa-Carrara,municipality_region,44.330791,9.934823,44.330791,9.934823,false
izs_benv_events.csv,BENV-2026-PESTE-SUINA-AFRICANA-84381-CINGHIALE,PONTI,Piemonte,Alessandria,municipality_region,44.627476,8.365390,44.627476,8.365390,false
izs_benv_events.csv,BENV-2026-PESTE-SUINA-AFRICANA-84409-CINGHIALE,CAMPORGIANO,Toscana,Lucca,municipality_region,44.158056,10.335151,44.158056,10.335151,false
izs_benv_events.csv,BENV-2026-PESTE-SUINA-AFRICANA-84448-CINGHIALE,SAN ROMANO IN GARFAGNANA,Toscana,Lucca,municipality_region,44.169669,10.347051,44.169669,10.347051,false
izs_benv_events.csv,BENV-2026-PESTE-SUINA-AFRICANA-84517-CINGHIALE,VILLA COLLEMANDINA,Toscana,Lucca,municipality_region,44.158759,10.397742,44.158759,10.397742,false
izs_benv_events.csv,BENV-2026-PESTE-SUINA-AFRICANA-84532-CINGHIALE,PIANA CRIXIA,Liguria,Savona,municipality_region,44.486179,8.306101,44.486179,8.306101,false
izs_benv_events.csv,BENV-2026-PESTE-SUINA-AFRICANA-83446-CINGHIALE,SAN ROMANO IN GARFAGNANA,Toscana,Lucca,municipality_region,44.169669,10.347051,44.169669,10.347051,false
izs_benv_events.csv,BENV-2026-PESTE-SUINA-AFRICANA-83477-CINGHIALE,VILLA COLLEMANDINA,Toscana,Lucca,municipality_region,44.158759,10.397742,44.158759,10.397742,false
izs_benv_events.csv,BENV-2026-PESTE-SUINA-AFRICANA-83521-CINGHIALE,PIAZZA AL SERCHIO,Toscana,Lucca,municipality_region,44.183484,10.300924,44.183484,10.300924,false
izs_benv_events.csv,BENV-2026-PESTE-SUINA-AFRICANA-84228-CINGHIALE,LANGHIRANO,Emilia Romagna,Parma,municipality_region,44.613064,10.266114,44.613064,10.266114,false
izs_benv_events.csv,BENV-2026-PESTE-SUINA-AFRICANA-84246-CINGHIALE,LANGHIRANO,Emilia Romagna,Parma,municipality_region,44.613064,10.266114,44.613064,10.266114,false
izs_benv_events.csv,BENV-2026-PESTE-SUINA-AFRICANA-84303-CINGHIALE,SILLANO GIUNCUGNANO,Toscana,Lucca,municipality_region,44.254506,10.315717,44.254506,10.315717,false
izs_benv_events.csv,BENV-2026-PESTE-SUINA-AFRICANA-84595-CINGHIALE,BAGNONE,Toscana,Massa-Carrara,municipality_region,44.314739,9.994655,44.314739,9.994655,false
izs_benv_events.csv,BENV-2026-PESTE-SUINA-AFRICANA-84605-CINGHIALE,FOSCIANDORA,Toscana,Lucca,municipality_region,44.116476,10.459489,44.116476,10.459489,false
izs_benv_events.csv,BENV-2026-PESTE-SUINA-AFRICANA-84647-CINGHIALE,FOSCIANDORA,Toscana,Lucca,municipality_region,44.116476,10.459489,44.116476,10.459489,false
izs_benv_events.csv,BENV-2026-PESTE-SUINA-AFRICANA-84666-CINGHIALE,PODENZANA,Toscana,Massa-Carrara,municipality_region,44.206248,9.941986,44.206248,9.941986,false
izs_benv_events.csv,BENV-2026-PESTE-SUINA-AFRICANA-83201-CINGHIALE,BAGNONE,Toscana,Massa-Carrara,municipality_region,44.314739,9.994655,44.314739,9.994655,false
izs_benv_events.csv,BENV-2026-PESTE-SUINA-AFRICANA-83217-CINGHIALE,VAGLI SOTTO,Toscana,Lucca,municipality_region,44.109248,10.288795,44.109248,10.288795,false
izs_benv_events.csv,BENV-2026-PESTE-SUINA-AFRICANA-83288-CINGHIALE,MINUCCIANO,Toscana,Lucca,municipality_region,44.170449,10.207592,44.170449,10.207592,false
izs_benv_events.csv,BENV-2026-PESTE-SUINA-AFRICANA-83338-CINGHIALE,MULAZZO,Toscana,Massa-Carrara,municipality_region,44.315926,9.889626,44.315926,9.889626,false
izs_benv_events.csv,BENV-2026-PESTE-SUINA-AFRICANA-83350-CINGHIALE,MINUCCIANO,Toscana,Lucca,municipality_region,44.170449,10.207592,44.170449,10.207592,false
izs_benv_events.csv,BENV-2026-PESTE-SUINA-AFRICANA-83027-CINGHIALE,VILLAFRANCA IN LUNIGIANA,Toscana,Massa-Carrara,municipality_region,44.294670,9.949656,44.294670,9.949656,false
izs_benv_events.csv,BENV-2026-PESTE-SUINA-AFRICANA-83045-CINGHIALE,SAN ROMANO IN GARFAGNANA,Toscana,Lucca,municipality_region,44.169669,10.347051,44.169669,10.347051,false
izs_benv_events.csv,BENV-2026-PESTE-SUINA-AFRICANA-83047-CINGHIALE,SAN ROMANO IN GARFAGNANA,Toscana,Lucca,municipality_region,44.169669,10.347051,44.169669,10.347051,false
izs_benv_events.csv,BENV-2026-PESTE-SUINA-AFRICANA-83055-CINGHIALE,VILLA COLLEMANDINA,Toscana,Lucca,municipality_region,44.158759,10.397742,44.158759,10.397742,false
izs_benv_events.csv,BENV-2026-PESTE-SUINA-AFRICANA-83073-CINGHIALE,SAN ROMANO IN GARFAGNANA,Toscana,Lucca,municipality_region,44.169669,10.347051,44.169669,10.347051,false
izs_benv_events.csv,BENV-2026-PESTE-SUINA-AFRICANA-83137-CINGHIALE,SAN ROMANO IN GARFAGNANA,Toscana,Lucca,municipality_region,44.169669,10.347051,44.169669,10.347051,false
izs_benv_events.csv,BENV-2026-PESTE-SUINA-AFRICANA-83142-CINGHIALE,LICCIANA NARDI,Toscana,Massa-Carrara,municipality_region,44.264900,10.038437,44.264900,10.038437,false
izs_benv_events.csv,BENV-2026-PESTE-SUINA-AFRICANA-82783-CINGHIALE,VILLA COLLEMANDINA,Toscana,Lucca,municipality_region,44.158759,10.397742,44.158759,10.397742,false
izs_benv_events.csv,BENV-2026-PESTE-SUINA-AFRICANA-85020-CINGHIALE,FIVIZZANO,Toscana,Massa-Carrara,municipality_region,44.238350,10.125990,44.238350,10.125990,false
izs_benv_events.csv,BENV-2026-PESTE-SUINA-AFRICANA-85050-CINGHIALE,BARGA,Toscana,Lucca,municipality_region,44.073918,10.484263,44.073918,10.484263,false
izs_benv_events.csv,BENV-2026-PESTE-SUINA-AFRICANA-85077-CINGHIALE,CRAVANZANA,Piemonte,Cuneo,municipality_region,44.574620,8.126185,44.574620,8.126185,false
izs_benv_events.csv,BENV-2026-PESTE-SUINA-AFRICANA-85142-CINGHIALE,VAGLI SOTTO,Toscana,Lucca,municipality_region,44.109248,10.288795,44.109248,10.288795,false
izs_benv_events.csv,BENV-2026-PESTE-SUINA-AFRICANA-84714-CINGHIALE,PONTI,Piemonte,Alessandria,municipality_region,44.627476,8.365390,44.627476,8.365390,false
izs_benv_events.csv,BENV-2026-PESTE-SUINA-AFRICANA-84830-CINGHIALE,VAGLI SOTTO,Toscana,Lucca,municipality_region,44.109248,10.288795,44.109248,10.288795,false
izs_benv_events.csv,BENV-2026-PESTE-SUINA-AFRICANA-84953-CINGHIALE,PODENZANA,Toscana,Massa-Carrara,municipality_region,44.206248,9.941986,44.206248,9.941986,false
izs_benv_events.csv,BENV-2026-PESTE-SUINA-AFRICANA-82844-CINGHIALE,SAN ROMANO IN GARFAGNANA,Toscana,Lucca,municipality_region,44.169669,10.347051,44.169669,10.347051,false
izs_benv_events.csv,BENV-2026-PESTE-SUINA-AFRICANA-83024-CINGHIALE,MULAZZO,Toscana,Massa-Carrara,municipality_region,44.315926,9.889626,44.315926,9.889626,false
izs_benv_events.csv,BENV-2026-PESTE-SUINA-AFRICANA-83699-CINGHIALE,CAMPORGIANO,Toscana,Lucca,municipality_region,44.158056,10.335151,44.158056,10.335151,false
izs_benv_events.csv,BENV-2026-PESTE-SUINA-AFRICANA-83742-CINGHIALE,SAN ROMANO IN GARFAGNANA,Toscana,Lucca,municipality_region,44.169669,10.347051,44.169669,10.347051,false
izs_benv_events.csv,BENV-2026-PESTE-SUINA-AFRICANA-83745-CINGHIALE,SAN ROMANO IN GARFAGNANA,Toscana,Lucca,municipality_region,44.169669,10.347051,44.169669,10.347051,false
izs_benv_events.csv,BENV-2026-PESTE-SUINA-AFRICANA-83757-CINGHIALE,MULAZZO,Toscana,Massa-Carrara,municipality_region,44.315926,9.889626,44.315926,9.889626,false
izs_benv_events.csv,BENV-2026-PESTE-SUINA-AFRICANA-83541-CINGHIALE,CORNIGLIO,Emilia Romagna,Parma,municipality_region,44.475900,10.088926,44.475900,10.088926,false
izs_benv_events.csv,BENV-2026-PESTE-SUINA-AFRICANA-83588-CINGHIALE,VILLA COLLEMANDINA,Toscana,Lucca,municipality_region,44.158759,10.397742,44.158759,10.397742,false
izs_benv_events.csv,BENV-2026-PESTE-SUINA-AFRICANA-83646-CINGHIALE,MULAZZO,Toscana,Massa-Carrara,municipality_region,44.315926,9.889626,44.315926,9.889626,false
izs_benv_events.csv,BENV-2026-PESTE-SUINA-AFRICANA-83686-CINGHIALE,CAREGGINE,Toscana,Lucca,municipality_region,44.119949,10.325396,44.119949,10.325396,false
izs_benv_events.csv,BENV-2026-PESTE-SUINA-AFRICANA-84382-CINGHIALE,PONTI,Piemonte,Alessandria,municipality_region,44.627476,8.365390,44.627476,8.365390,false
izs_benv_events.csv,BENV-2026-PESTE-SUINA-AFRICANA-83436-CINGHIALE,VILLAFRANCA IN LUNIGIANA,Toscana,Massa-Carrara,municipality_region,44.294670,9.949656,44.294670,9.949656,false
izs_benv_events.csv,BENV-2026-PESTE-SUINA-AFRICANA-83485-CINGHIALE,CAMPORGIANO,Toscana,Lucca,municipality_region,44.158056,10.335151,44.158056,10.335151,false
izs_benv_events.csv,BENV-2026-PESTE-SUINA-AFRICANA-84220-CINGHIALE,CAMPORGIANO,Toscana,Lucca,municipality_region,44.158056,10.335151,44.158056,10.335151,false
izs_benv_events.csv,BENV-2026-PESTE-SUINA-AFRICANA-84222-CINGHIALE,CAMPORGIANO,Toscana,Lucca,municipality_region,44.158056,10.335151,44.158056,10.335151,false
izs_benv_events.csv,BENV-2026-PESTE-SUINA-AFRICANA-84244-CINGHIALE,VAGLI SOTTO,Toscana,Lucca,municipality_region,44.109248,10.288795,44.109248,10.288795,false
izs_benv_events.csv,BENV-2026-PESTE-SUINA-AFRICANA-84353-CINGHIALE,PIANA CRIXIA,Liguria,Savona,municipality_region,44.486179,8.306101,44.486179,8.306101,false
izs_benv_events.csv,BENV-2026-PESTE-SUINA-AFRICANA-84573-CINGHIALE,FOSCIANDORA,Toscana,Lucca,municipality_region,44.116476,10.459489,44.116476,10.459489,false
izs_benv_events.csv,BENV-2026-PESTE-SUINA-AFRICANA-84580-CINGHIALE,VILLA MINOZZO,Emilia Romagna,Reggio nell'Emilia,municipality_region,44.365056,10.465995,44.365056,10.465995,false
izs_benv_events.csv,BENV-2026-PESTE-SUINA-AFRICANA-84585-CINGHIALE,LICCIANA NARDI,Toscana,Massa-Carrara,municipality_region,44.264900,10.038437,44.264900,10.038437,false
izs_benv_events.csv,BENV-2026-PESTE-SUINA-AFRICANA-84607-CINGHIALE,FOSCIANDORA,Toscana,Lucca,municipality_region,44.116476,10.459489,44.116476,10.459489,false
izs_benv_events.csv,BENV-2026-PESTE-SUINA-AFRICANA-84644-CINGHIALE,VAGLI SOTTO,Toscana,Lucca,municipality_region,44.109248,10.288795,44.109248,10.288795,false
izs_benv_events.csv,BENV-2026-PESTE-SUINA-AFRICANA-84660-CINGHIALE,BAGNONE,Toscana,Massa-Carrara,municipality_region,44.314739,9.994655,44.314739,9.994655,false
izs_benv_events.csv,BENV-2026-PESTE-SUINA-AFRICANA-84663-CINGHIALE,BAGNONE,Toscana,Massa-Carrara,municipality_region,44.314739,9.994655,44.314739,9.994655,false
izs_benv_events.csv,BENV-2026-PESTE-SUINA-AFRICANA-83225-CINGHIALE,VENTASSO,Emilia Romagna,Reggio nell'Emilia,municipality_region,44.368830,10.269310,44.368830,10.269310,false
izs_benv_events.csv,BENV-2026-PESTE-SUINA-AFRICANA-83286-CINGHIALE,PIAZZA AL SERCHIO,Toscana,Lucca,municipality_region,44.183484,10.300924,44.183484,10.300924,false
izs_benv_events.csv,BENV-2026-PESTE-SUINA-AFRICANA-83340-CINGHIALE,FILATTIERA,Toscana,Massa-Carrara,municipality_region,44.330791,9.934823,44.330791,9.934823,false
izs_benv_events.csv,BENV-2026-PESTE-SUINA-AFRICANA-83341-CINGHIALE,MULAZZO,Toscana,Massa-Carrara,municipality_region,44.315926,9.889626,44.315926,9.889626,false
izs_benv_events.csv,BENV-2026-PESTE-SUINA-AFRICANA-83074-CINGHIALE,MINUCCIANO,Toscana,Lucca,municipality_region,44.170449,10.207592,44.170449,10.207592,false
izs_benv_events.csv,BENV-2026-PESTE-SUINA-AFRICANA-83907-CINGHIALE,PIAZZA AL SERCHIO,Toscana,Lucca,municipality_region,44.183484,10.300924,44.183484,10.300924,false
izs_benv_events.csv,BENV-2026-PESTE-SUINA-AFRICANA-83945-CINGHIALE,MINUCCIANO,Toscana,Lucca,municipality_region,44.170449,10.207592,44.170449,10.207592,false
izs_benv_events.csv,BENV-2026-PESTE-SUINA-AFRICANA-85250-CINGHIALE,ARGUELLO,Piemonte,Cuneo,municipality_region,44.582740,8.110840,44.582740,8.110840,false
izs_benv_events.csv,BENV-2026-PESTE-SUINA-AFRICANA-84380-CINGHIALE,PONTI,Piemonte,Alessandria,municipality_region,44.627476,8.365390,44.627476,8.365390,false
izs_benv_events.csv,BENV-2026-PESTE-SUINA-AFRICANA-84447-CINGHIALE,CASTIGLIONE DI GARFAGNANA,Toscana,Lucca,municipality_region,44.149950,10.410897,44.149950,10.410897,false
izs_benv_events.csv,BENV-2026-PESTE-SUINA-AFRICANA-84478-CINGHIALE,MEDESANO,Emilia Romagna,Parma,municipality_region,44.756699,10.140737,44.756699,10.140737,false
izs_benv_events.csv,BENV-2026-PESTE-SUINA-AFRICANA-83353-CINGHIALE,VILLA COLLEMANDINA,Toscana,Lucca,municipality_region,44.158759,10.397742,44.158759,10.397742,false
izs_benv_events.csv,BENV-2026-PESTE-SUINA-AFRICANA-83483-CINGHIALE,VILLA COLLEMANDINA,Toscana,Lucca,municipality_region,44.158759,10.397742,44.158759,10.397742,false
izs_benv_events.csv,BENV-2026-PESTE-SUINA-AFRICANA-84267-CINGHIALE,COMANO,Toscana,Massa-Carrara,municipality_region,44.293540,10.131165,44.293540,10.131165,false
izs_benv_events.csv,BENV-2026-PESTE-SUINA-AFRICANA-84307-CINGHIALE,PIAZZA AL SERCHIO,Toscana,Lucca,municipality_region,44.183484,10.300924,44.183484,10.300924,false
izs_benv_events.csv,BENV-2026-PESTE-SUINA-AFRICANA-83651-CINGHIALE,FIORENZUOLA D\'ARDA,Emilia Romagna,Piacenza,municipality_region,44.928084,9.910722,44.928084,9.910722,false
izs_benv_events.csv,BENV-2026-PESTE-SUINA-AFRICANA-84579-CINGHIALE,CASTELNUOVO DI GARFAGNANA,Toscana,Lucca,municipality_region,44.110022,10.411786,44.110022,10.411786,false
izs_benv_events.csv,BENV-2026-PESTE-SUINA-AFRICANA-84588-CINGHIALE,PIANA CRIXIA,Liguria,Savona,municipality_region,44.486179,8.306101,44.486179,8.306101,false
izs_benv_events.csv,BENV-2026-PESTE-SUINA-AFRICANA-84593-CINGHIALE,BAGNONE,Toscana,Massa-Carrara,municipality_region,44.314739,9.994655,44.314739,9.994655,false
izs_benv_events.csv,BENV-2026-PESTE-SUINA-AFRICANA-83205-CINGHIALE,LICCIANA NARDI,Toscana,Massa-Carrara,municipality_region,44.264900,10.038437,44.264900,10.038437,false
izs_benv_events.csv,BENV-2026-PESTE-SUINA-AFRICANA-83279-CINGHIALE,CASTIGLIONE DI GARFAGNANA,Toscana,Lucca,municipality_region,44.149950,10.410897,44.149950,10.410897,false
izs_benv_events.csv,BENV-2026-PESTE-SUINA-AFRICANA-83331-CINGHIALE,BERCETO,Emilia Romagna,Parma,municipality_region,44.510608,9.989655,44.510608,9.989655,false
izs_benv_events.csv,BENV-2026-PESTE-SUINA-AFRICANA-83041-CINGHIALE,SAN ROMANO IN GARFAGNANA,Toscana,Lucca,municipality_region,44.169669,10.347051,44.169669,10.347051,false
izs_benv_events.csv,BENV-2026-PESTE-SUINA-AFRICANA-83079-CINGHIALE,PIAZZA AL SERCHIO,Toscana,Lucca,municipality_region,44.183484,10.300924,44.183484,10.300924,false
izs_benv_events.csv,BENV-2026-PESTE-SUINA-AFRICANA-83080-CINGHIALE,MINUCCIANO,Toscana,Lucca,municipality_region,44.170449,10.207592,44.170449,10.207592,false
izs_benv_events.csv,BENV-2026-PESTE-SUINA-AFRICANA-83092-CINGHIALE,BETTOLA,Emilia Romagna,Piacenza,municipality_region,44.776446,9.606280,44.776446,9.606280,false
izs_benv_events.csv,BENV-2026-PESTE-SUINA-AFRICANA-83106-CINGHIALE,SASSELLO,Liguria,Savona,municipality_region,44.478970,8.490171,44.478970,8.490171,false
izs_benv_events.csv,BENV-2026-PESTE-SUINA-AFRICANA-82760-CINGHIALE,BAGNONE,Toscana,Massa-Carrara,municipality_region,44.314739,9.994655,44.314739,9.994655,false
izs_benv_events.csv,BENV-2026-PESTE-SUINA-AFRICANA-82768-CINGHIALE,BAGNONE,Toscana,Massa-Carrara,municipality_region,44.314739,9.994655,44.314739,9.994655,false
izs_benv_events.csv,BENV-2026-PESTE-SUINA-AFRICANA-84110-CINGHIALE,VAGLI SOTTO,Toscana,Lucca,municipality_region,44.109248,10.288795,44.109248,10.288795,false
izs_benv_events.csv,BENV-2026-PESTE-SUINA-AFRICANA-84131-CINGHIALE,PODENZANA,Toscana,Massa-Carrara,municipality_region,44.206248,9.941986,44.206248,9.941986,false
izs_benv_events.csv,BENV-2026-PESTE-SUINA-AFRICANA-83952-CINGHIALE,SILLANO GIUNCUGNANO,Toscana,Lucca,municipality_region,44.254506,10.315717,44.254506,10.315717,false
izs_benv_events.csv,BENV-2026-PESTE-SUINA-AFRICANA-83977-CINGHIALE,MEDESANO,Emilia Romagna,Parma,municipality_region,44.756699,10.140737,44.756699,10.140737,false
izs_benv_events.csv,BENV-2026-PESTE-SUINA-AFRICANA-84996-CINGHIALE,CAREGGINE,Toscana,Lucca,municipality_region,44.119949,10.325396,44.119949,10.325396,false
izs_benv_events.csv,BENV-2026-PESTE-SUINA-AFRICANA-84871-CINGHIALE,FOSCIANDORA,Toscana,Lucca,municipality_region,44.116476,10.459489,44.116476,10.459489,false
izs_benv_events.csv,BENV-2026-PESTE-SUINA-AFRICANA-84873-CINGHIALE,CASTELNUOVO DI GARFAGNANA,Toscana,Lucca,municipality_region,44.110022,10.411786,44.110022,10.411786,false
izs_benv_events.csv,BENV-2026-PESTE-SUINA-AFRICANA-84878-CINGHIALE,PODENZANA,Toscana,Massa-Carrara,municipality_region,44.206248,9.941986,44.206248,9.941986,false
izs_benv_events.csv,BENV-2026-PESTE-SUINA-AFRICANA-82827-CINGHIALE,PONTREMOLI,Toscana,Massa-Carrara,municipality_region,44.375151,9.878882,44.375151,9.878882,false
izs_benv_events.csv,BENV-2026-PESTE-SUINA-AFRICANA-82882-CINGHIALE,VILLA COLLEMANDINA,Toscana,Lucca,municipality_region,44.158759,10.397742,44.158759,10.397742,false
izs_benv_events.csv,BENV-2026-PESTE-SUINA-AFRICANA-83693-CINGHIALE,MINUCCIANO,Toscana,Lucca,municipality_region,44.170449,10.207592,44.170449,10.207592,false
izs_benv_events.csv,BENV-2026-PESTE-SUINA-AFRICANA-83770-CINGHIALE,ALSENO,Emilia Romagna,Piacenza,municipality_region,44.898364,9.961374,44.898364,9.961374,false
izs_benv_events.csv,BENV-2026-PESTE-SUINA-AFRICANA-83785-CINGHIALE,VILLA COLLEMANDINA,Toscana,Lucca,municipality_region,44.158759,10.397742,44.158759,10.397742,false
izs_benv_events.csv,BENV-2026-PESTE-SUINA-AFRICANA-83841-CINGHIALE,MONCHIO DELLE CORTI,Emilia Romagna,Parma,municipality_region,44.412955,10.124190,44.412955,10.124190,false
izs_benv_events.csv,BENV-2026-PESTE-SUINA-AFRICANA-83580-CINGHIALE,COMANO,Toscana,Massa-Carrara,municipality_region,44.293540,10.131165,44.293540,10.131165,false
izs_benv_events.csv,BENV-2026-PESTE-SUINA-AFRICANA-83581-CINGHIALE,COMANO,Toscana,Massa-Carrara,municipality_region,44.293540,10.131165,44.293540,10.131165,false
izs_benv_events.csv,BENV-2026-PESTE-SUINA-AFRICANA-83582-CINGHIALE,LICCIANA NARDI,Toscana,Massa-Carrara,municipality_region,44.264900,10.038437,44.264900,10.038437,false
izs_benv_events.csv,BENV-2026-PESTE-SUINA-AFRICANA-83641-CINGHIALE,FILATTIERA,Toscana,Massa-Carrara,municipality_region,44.330791,9.934823,44.330791,9.934823,false
izs_benv_events.csv,BENV-2026-PESTE-SUINA-AFRICANA-84450-CINGHIALE,CAMPORGIANO,Toscana,Lucca,municipality_region,44.158056,10.335151,44.158056,10.335151,false
izs_benv_events.csv,BENV-2026-PESTE-SUINA-AFRICANA-83390-CINGHIALE,LICCIANA NARDI,Toscana,Massa-Carrara,municipality_region,44.264900,10.038437,44.264900,10.038437,false
izs_benv_events.csv,BENV-2026-PESTE-SUINA-AFRICANA-83487-CINGHIALE,MULAZZO,Toscana,Massa-Carrara,municipality_region,44.315926,9.889626,44.315926,9.889626,false
izs_benv_events.csv,BENV-2026-PESTE-SUINA-AFRICANA-84309-CINGHIALE,PIAZZA AL SERCHIO,Toscana,Lucca,municipality_region,44.183484,10.300924,44.183484,10.300924,false
izs_benv_events.csv,BENV-2026-PESTE-SUINA-AFRICANA-84597-CINGHIALE,PODENZANA,Toscana,Massa-Carrara,municipality_region,44.206248,9.941986,44.206248,9.941986,false
izs_benv_events.csv,BENV-2026-PESTE-SUINA-AFRICANA-84606-CINGHIALE,FOSCIANDORA,Toscana,Lucca,municipality_region,44.116476,10.459489,44.116476,10.459489,false
izs_benv_events.csv,BENV-2026-PESTE-SUINA-AFRICANA-84661-CINGHIALE,LICCIANA NARDI,Toscana,Massa-Carrara,municipality_region,44.264900,10.038437,44.264900,10.038437,false
izs_benv_events.csv,BENV-2026-PESTE-SUINA-AFRICANA-83198-CINGHIALE,PONTREMOLI,Toscana,Massa-Carrara,municipality_region,44.375151,9.878882,44.375151,9.878882,false
izs_benv_events.csv,BENV-2026-PESTE-SUINA-AFRICANA-83202-CINGHIALE,LICCIANA NARDI,Toscana,Massa-Carrara,municipality_region,44.264900,10.038437,44.264900,10.038437,false
izs_benv_events.csv,BENV-2026-PESTE-SUINA-AFRICANA-83204-CINGHIALE,LICCIANA NARDI,Toscana,Massa-Carrara,municipality_region,44.264900,10.038437,44.264900,10.038437,false
izs_benv_events.csv,BENV-2026-PESTE-SUINA-AFRICANA-83209-CINGHIALE,MORBELLO,Piemonte,Alessandria,municipality_region,44.590801,8.518387,44.590801,8.518387,false
izs_benv_events.csv,BENV-2026-PESTE-SUINA-AFRICANA-83216-CINGHIALE,MINUCCIANO,Toscana,Lucca,municipality_region,44.170449,10.207592,44.170449,10.207592,false
izs_benv_events.csv,BENV-2026-PESTE-SUINA-AFRICANA-83290-CINGHIALE,LICCIANA NARDI,Toscana,Massa-Carrara,municipality_region,44.264900,10.038437,44.264900,10.038437,false
izs_benv_events.csv,BENV-2026-PESTE-SUINA-AFRICANA-83343-CINGHIALE,VAGLI SOTTO,Toscana,Lucca,municipality_region,44.109248,10.288795,44.109248,10.288795,false
izs_benv_events.csv,BENV-2026-PESTE-SUINA-AFRICANA-83124-CINGHIALE,VAGLI SOTTO,Toscana,Lucca,municipality_region,44.109248,10.288795,44.109248,10.288795,false
izs_benv_events.csv,BENV-2026-PESTE-SUINA-AFRICANA-82775-CINGHIALE,SAN ROMANO IN GARFAGNANA,Toscana,Lucca,municipality_region,44.169669,10.347051,44.169669,10.347051,false
izs_benv_events.csv,BENV-2026-PESTE-SUINA-AFRICANA-84084-CINGHIALE,PALANZANO,Emilia Romagna,Parma,municipality_region,44.437437,10.194462,44.437437,10.194462,false
izs_benv_events.csv,BENV-2026-PESTE-SUINA-AFRICANA-84107-CINGHIALE,CAMPORGIANO,Toscana,Lucca,municipality_region,44.158056,10.335151,44.158056,10.335151,false
izs_benv_events.csv,BENV-2026-PESTE-SUINA-AFRICANA-83973-CINGHIALE,PALANZANO,Emilia Romagna,Parma,municipality_region,44.437437,10.194462,44.437437,10.194462,false
izs_benv_events.csv,BENV-2026-PESTE-SUINA-AFRICANA-83976-CINGHIALE,MEDESANO,Emilia Romagna,Parma,municipality_region,44.756699,10.140737,44.756699,10.140737,false
izs_benv_events.csv,BENV-2026-PESTE-SUINA-AFRICANA-83978-CINGHIALE,MEDESANO,Emilia Romagna,Parma,municipality_region,44.756699,10.140737,44.756699,10.140737,false
izs_benv_events.csv,BENV-2026-PESTE-SUINA-AFRICANA-84011-CINGHIALE,CAREGGINE,Toscana,Lucca,municipality_region,44.119949,10.325396,44.119949,10.325396,false
izs_benv_events.csv,BENV-2026-PESTE-SUINA-AFRICANA-84995-CINGHIALE,CAREGGINE,Toscana,Lucca,municipality_region,44.119949,10.325396,44.119949,10.325396,false
izs_benv_events.csv,BENV-2026-PESTE-SUINA-AFRICANA-85037-CINGHIALE,FIVIZZANO,Toscana,Massa-Carrara,municipality_region,44.238350,10.125990,44.238350,10.125990,false
izs_benv_events.csv,BENV-2026-PESTE-SUINA-AFRICANA-84829-CINGHIALE,VAGLI SOTTO,Toscana,Lucca,municipality_region,44.109248,10.288795,44.109248,10.288795,false
izs_benv_events.csv,BENV-2026-PESTE-SUINA-AFRICANA-84832-CINGHIALE,CAREGGINE,Toscana,Lucca,municipality_region,44.119949,10.325396,44.119949,10.325396,false
izs_benv_events.csv,BENV-2026-PESTE-SUINA-AFRICANA-84838-CINGHIALE,CASOLA IN LUNIGIANA,Toscana,Massa-Carrara,municipality_region,44.199961,10.175460,44.199961,10.175460,false
izs_benv_events.csv,BENV-2026-PESTE-SUINA-AFRICANA-82842-CINGHIALE,VAGLI SOTTO,Toscana,Lucca,municipality_region,44.109248,10.288795,44.109248,10.288795,false
izs_benv_events.csv,BENV-2026-PESTE-SUINA-AFRICANA-82847-CINGHIALE,VILLA COLLEMANDINA,Toscana,Lucca,municipality_region,44.158759,10.397742,44.158759,10.397742,false
izs_benv_events.csv,BENV-2026-PESTE-SUINA-AFRICANA-83756-CINGHIALE,VILLAFRANCA IN LUNIGIANA,Toscana,Massa-Carrara,municipality_region,44.294670,9.949656,44.294670,9.949656,false
izs_benv_events.csv,BENV-2026-PESTE-SUINA-AFRICANA-83792-CINGHIALE,VAGLI SOTTO,Toscana,Lucca,municipality_region,44.109248,10.288795,44.109248,10.288795,false
izs_benv_events.csv,BENV-2026-PESTE-SUINA-AFRICANA-83587-CINGHIALE,MINUCCIANO,Toscana,Lucca,municipality_region,44.170449,10.207592,44.170449,10.207592,false
izs_benv_events.csv,BENV-2026-PESTE-SUINA-AFRICANA-83640-CINGHIALE,FILATTIERA,Toscana,Massa-Carrara,municipality_region,44.330791,9.934823,44.330791,9.934823,false
izs_benv_events.csv,BENV-2026-PESTE-SUINA-AFRICANA-83642-CINGHIALE,FILATTIERA,Toscana,Massa-Carrara,municipality_region,44.330791,9.934823,44.330791,9.934823,false
izs_benv_events.csv,BENV-2026-PESTE-SUINA-AFRICANA-85249-CINGHIALE,CERRETTO LANGHE,Piemonte,Cuneo,municipality_region,44.574839,8.097940,44.574839,8.097940,false
izs_benv_events.csv,BENV-2026-PESTE-SUINA-AFRICANA-85251-CINGHIALE,ARGUELLO,Piemonte,Cuneo,municipality_region,44.582740,8.110840,44.582740,8.110840,false
izs_benv_events.csv,BENV-2026-PESTE-SUINA-AFRICANA-84477-CINGHIALE,MEDESANO,Emilia Romagna,Parma,municipality_region,44.756699,10.140737,44.756699,10.140737,false
izs_benv_events.csv,BENV-2026-PESTE-SUINA-AFRICANA-84479-CINGHIALE,VENTASSO,Emilia Romagna,Reggio nell'Emilia,municipality_region,44.368830,10.269310,44.368830,10.269310,false
izs_benv_events.csv,BENV-2026-PESTE-SUINA-AFRICANA-84500-CINGHIALE,CASOLA IN LUNIGIANA,Toscana,Massa-Carrara,municipality_region,44.199961,10.175460,44.199961,10.175460,false
izs_benv_events.csv,BENV-2026-PESTE-SUINA-AFRICANA-84516-CINGHIALE,VILLA COLLEMANDINA,Toscana,Lucca,municipality_region,44.158759,10.397742,44.158759,10.397742,false
izs_benv_events.csv,BENV-2026-PESTE-SUINA-AFRICANA-83419-CINGHIALE,SALA BAGANZA,Emilia Romagna,Parma,municipality_region,44.713950,10.226334,44.713950,10.226334,false
izs_benv_events.csv,BENV-2026-PESTE-SUINA-AFRICANA-83481-CINGHIALE,VILLA COLLEMANDINA,Toscana,Lucca,municipality_region,44.158759,10.397742,44.158759,10.397742,false
izs_benv_events.csv,BENV-2026-PESTE-SUINA-AFRICANA-84243-CINGHIALE,VAGLI SOTTO,Toscana,Lucca,municipality_region,44.109248,10.288795,44.109248,10.288795,false
izs_benv_events.csv,BENV-2026-PESTE-SUINA-AFRICANA-84254-CINGHIALE,SAN ROMANO IN GARFAGNANA,Toscana,Lucca,municipality_region,44.169669,10.347051,44.169669,10.347051,false
izs_benv_events.csv,BENV-2026-PESTE-SUINA-AFRICANA-84259-CINGHIALE,PIEVE FOSCIANA,Toscana,Lucca,municipality_region,44.132270,10.410797,44.132270,10.410797,false
izs_benv_events.csv,BENV-2026-PESTE-SUINA-AFRICANA-84326-CINGHIALE,CASOLA IN LUNIGIANA,Toscana,Massa-Carrara,municipality_region,44.199961,10.175460,44.199961,10.175460,false
izs_benv_events.csv,BENV-2026-PESTE-SUINA-AFRICANA-83389-CINGHIALE,TRESANA,Toscana,Massa-Carrara,municipality_region,44.254248,9.912885,44.254248,9.912885,false
izs_benv_events.csv,BENV-2026-PESTE-SUINA-AFRICANA-83437-CINGHIALE,BAGNONE,Toscana,Massa-Carrara,municipality_region,44.314739,9.994655,44.314739,9.994655,false
izs_benv_events.csv,BENV-2026-PESTE-SUINA-AFRICANA-83444-CINGHIALE,CORNIGLIO,Emilia Romagna,Parma,municipality_region,44.475900,10.088926,44.475900,10.088926,false
izs_benv_events.csv,BENV-2026-PESTE-SUINA-AFRICANA-83447-CINGHIALE,SAN ROMANO IN GARFAGNANA,Toscana,Lucca,municipality_region,44.169669,10.347051,44.169669,10.347051,false
izs_benv_events.csv,BENV-2026-PESTE-SUINA-AFRICANA-83502-CINGHIALE,VARANO DE\' MELEGARI,Emilia Romagna,Parma,municipality_region,44.688060,10.011479,44.688060,10.011479,false
izs_benv_events.csv,BENV-2026-PESTE-SUINA-AFRICANA-83516-CINGHIALE,VENTASSO,Emilia Romagna,Reggio nell'Emilia,municipality_region,44.368830,10.269310,44.368830,10.269310,false
izs_benv_events.csv,BENV-2026-PESTE-SUINA-AFRICANA-84258-CINGHIALE,PIEVE FOSCIANA,Toscana,Lucca,municipality_region,44.132270,10.410797,44.132270,10.410797,false
izs_benv_events.csv,BENV-2026-PESTE-SUINA-AFRICANA-84547-CINGHIALE,SASSELLO,Liguria,Savona,municipality_region,44.478970,8.490171,44.478970,8.490171,false
izs_benv_events.csv,BENV-2026-PESTE-SUINA-AFRICANA-84575-CINGHIALE,CAMPORGIANO,Toscana,Lucca,municipality_region,44.158056,10.335151,44.158056,10.335151,false
izs_benv_events.csv,BENV-2026-PESTE-SUINA-AFRICANA-84592-CINGHIALE,PODENZANA,Toscana,Massa-Carrara,municipality_region,44.206248,9.941986,44.206248,9.941986,false
izs_benv_events.csv,BENV-2026-PESTE-SUINA-AFRICANA-84672-CINGHIALE,PODENZANA,Toscana,Massa-Carrara,municipality_region,44.206248,9.941986,44.206248,9.941986,false
izs_benv_events.csv,BENV-2026-PESTE-SUINA-AFRICANA-83180-CINGHIALE,CORNIGLIO,Emilia Romagna,Parma,municipality_region,44.475900,10.088926,44.475900,10.088926,false
izs_benv_events.csv,BENV-2026-PESTE-SUINA-AFRICANA-83218-CINGHIALE,VAGLI SOTTO,Toscana,Lucca,municipality_region,44.109248,10.288795,44.109248,10.288795,false
izs_benv_events.csv,BENV-2026-PESTE-SUINA-AFRICANA-83276-CINGHIALE,VAGLI SOTTO,Toscana,Lucca,municipality_region,44.109248,10.288795,44.109248,10.288795,false
izs_benv_events.csv,BENV-2026-PESTE-SUINA-AFRICANA-83081-CINGHIALE,LICCIANA NARDI,Toscana,Massa-Carrara,municipality_region,44.264900,10.038437,44.264900,10.038437,false
izs_benv_events.csv,BENV-2026-PESTE-SUINA-AFRICANA-83105-CINGHIALE,SASSELLO,Liguria,Savona,municipality_region,44.478970,8.490171,44.478970,8.490171,false
izs_benv_events.csv,BENV-2026-PESTE-SUINA-AFRICANA-83138-CINGHIALE,SAN ROMANO IN GARFAGNANA,Toscana,Lucca,municipality_region,44.169669,10.347051,44.169669,10.347051,false
izs_benv_events.csv,BENV-2026-PESTE-SUINA-AFRICANA-83161-CINGHIALE,BERCETO,Emilia Romagna,Parma,municipality_region,44.510608,9.989655,44.510608,9.989655,false
izs_benv_events.csv,BENV-2026-PESTE-SUINA-AFRICANA-82788-CINGHIALE,VILLA COLLEMANDINA,Toscana,Lucca,municipality_region,44.158759,10.397742,44.158759,10.397742,false
izs_benv_events.csv,BENV-2026-PESTE-SUINA-AFRICANA-84113-CINGHIALE,DEGO,Liguria,Savona,municipality_region,44.443038,8.305947,44.443038,8.305947,false
izs_benv_events.csv,BENV-2026-PESTE-SUINA-AFRICANA-84132-CINGHIALE,PODENZANA,Toscana,Massa-Carrara,municipality_region,44.206248,9.941986,44.206248,9.941986,false
izs_benv_events.csv,BENV-2026-PESTE-SUINA-AFRICANA-84135-CINGHIALE,CASTELL\'ARQUATO,Emilia Romagna,Piacenza,municipality_region,44.851180,9.867118,44.851180,9.867118,false
izs_benv_events.csv,BENV-2026-PESTE-SUINA-AFRICANA-84154-CINGHIALE,PIAZZA AL SERCHIO,Toscana,Lucca,municipality_region,44.183484,10.300924,44.183484,10.300924,false
izs_benv_events.csv,BENV-2026-PESTE-SUINA-AFRICANA-84158-CINGHIALE,CORNIGLIO,Emilia Romagna,Parma,municipality_region,44.475900,10.088926,44.475900,10.088926,false
izs_benv_events.csv,BENV-2026-PESTE-SUINA-AFRICANA-83905-CINGHIALE,SILLANO GIUNCUGNANO,Toscana,Lucca,municipality_region,44.254506,10.315717,44.254506,10.315717,false
izs_benv_events.csv,BENV-2026-PESTE-SUINA-AFRICANA-83912-CINGHIALE,SILLANO GIUNCUGNANO,Toscana,Lucca,municipality_region,44.254506,10.315717,44.254506,10.315717,false
izs_benv_events.csv,BENV-2026-PESTE-SUINA-AFRICANA-83989-CINGHIALE,BARDI,Emilia Romagna,Parma,municipality_region,44.632211,9.731203,44.632211,9.731203,false
izs_benv_events.csv,BENV-2026-PESTE-SUINA-AFRICANA-85036-CINGHIALE,LICCIANA NARDI,Toscana,Massa-Carrara,municipality_region,44.264900,10.038437,44.264900,10.038437,false
izs_benv_events.csv,BENV-2026-PESTE-SUINA-AFRICANA-85141-CINGHIALE,BARGA,Toscana,Lucca,municipality_region,44.073918,10.484263,44.073918,10.484263,false
izs_benv_events.csv,BENV-2026-PESTE-SUINA-AFRICANA-84828-CINGHIALE,VAGLI SOTTO,Toscana,Lucca,municipality_region,44.109248,10.288795,44.109248,10.288795,false
izs_benv_events.csv,BENV-2026-PESTE-SUINA-AFRICANA-84877-CINGHIALE,LICCIANA NARDI,Toscana,Massa-Carrara,municipality_region,44.264900,10.038437,44.264900,10.038437,false
izs_benv_events.csv,BENV-2026-PESTE-SUINA-AFRICANA-84967-CINGHIALE,CAREGGINE,Toscana,Lucca,municipality_region,44.119949,10.325396,44.119949,10.325396,false
izs_benv_events.csv,BENV-2026-PESTE-SUINA-AFRICANA-82852-CINGHIALE,SAN ROMANO IN GARFAGNANA,Toscana,Lucca,municipality_region,44.169669,10.347051,44.169669,10.347051,false
izs_benv_events.csv,BENV-2026-PESTE-SUINA-AFRICANA-83697-CINGHIALE,CAMPORGIANO,Toscana,Lucca,municipality_region,44.158056,10.335151,44.158056,10.335151,false
izs_benv_events.csv,BENV-2026-PESTE-SUINA-AFRICANA-83799-CINGHIALE,MINUCCIANO,Toscana,Lucca,municipality_region,44.170449,10.207592,44.170449,10.207592,false
izs_benv_events.csv,BENV-2026-PESTE-SUINA-AFRICANA-83680-CINGHIALE,COMANO,Toscana,Massa-Carrara,municipality_region,44.293540,10.131165,44.293540,10.131165,false
izs_benv_events.csv,BENV-2026-PESTE-SUINA-AFRICANA-85318-CINGHIALE,BARGA,Toscana,Lucca,municipality_region,44.073918,10.484263,44.073918,10.484263,false
izs_benv_events.csv,BENV-2026-PESTE-SUINA-AFRICANA-84374-CINGHIALE,CAIRO MONTENOTTE,Liguria,Savona,municipality_region,44.399268,8.274561,44.399268,8.274561,false
izs_benv_events.csv,BENV-2026-PESTE-SUINA-AFRICANA-84385-CINGHIALE,PONTI,Piemonte,Alessandria,municipality_region,44.627476,8.365390,44.627476,8.365390,false
izs_benv_events.csv,BENV-2026-PESTE-SUINA-AFRICANA-84518-CINGHIALE,VILLA COLLEMANDINA,Toscana,Lucca,municipality_region,44.158759,10.397742,44.158759,10.397742,false
izs_benv_events.csv,BENV-2026-PESTE-SUINA-AFRICANA-84521-CINGHIALE,PIANA CRIXIA,Liguria,Savona,municipality_region,44.486179,8.306101,44.486179,8.306101,false
izs_benv_events.csv,BENV-2026-PESTE-SUINA-AFRICANA-83028-CINGHIALE,MINUCCIANO,Toscana,Lucca,municipality_region,44.170449,10.207592,44.170449,10.207592,false
izs_benv_events.csv,BENV-2026-PESTE-SUINA-AFRICANA-83064-CINGHIALE,SASSELLO,Liguria,Savona,municipality_region,44.478970,8.490171,44.478970,8.490171,false
izs_benv_events.csv,BENV-2026-PESTE-SUINA-AFRICANA-83132-CINGHIALE,VAGLI SOTTO,Toscana,Lucca,municipality_region,44.109248,10.288795,44.109248,10.288795,false
izs_benv_events.csv,BENV-2026-PESTE-SUINA-AFRICANA-82778-CINGHIALE,SILLANO GIUNCUGNANO,Toscana,Lucca,municipality_region,44.254506,10.315717,44.254506,10.315717,false
izs_benv_events.csv,BENV-2026-PESTE-SUINA-AFRICANA-82780-CINGHIALE,VILLA COLLEMANDINA,Toscana,Lucca,municipality_region,44.158759,10.397742,44.158759,10.397742,false
izs_benv_events.csv,BENV-2026-PESTE-SUINA-AFRICANA-83908-CINGHIALE,VILLA COLLEMANDINA,Toscana,Lucca,municipality_region,44.158759,10.397742,44.158759,10.397742,false
izs_benv_events.csv,BENV-2026-PESTE-SUINA-AFRICANA-84971-CINGHIALE,CAREGGINE,Toscana,Lucca,municipality_region,44.119949,10.325396,44.119949,10.325396,false
izs_benv_events.csv,BENV-2026-PESTE-SUINA-AFRICANA-82841-CINGHIALE,SAN ROMANO IN GARFAGNANA,Toscana,Lucca,municipality_region,44.169669,10.347051,44.169669,10.347051,false
izs_benv_events.csv,BENV-2026-PESTE-SUINA-AFRICANA-83692-CINGHIALE,VAGLI SOTTO,Toscana,Lucca,municipality_region,44.109248,10.288795,44.109248,10.288795,false
izs_benv_events.csv,BENV-2026-PESTE-SUINA-AFRICANA-83749-CINGHIALE,SASSELLO,Liguria,Savona,municipality_region,44.478970,8.490171,44.478970,8.490171,false
izs_benv_events.csv,BENV-2026-PESTE-SUINA-AFRICANA-83790-CINGHIALE,VAGLI SOTTO,Toscana,Lucca,municipality_region,44.109248,10.288795,44.109248,10.288795,false
izs_benv_events.csv,BENV-2026-PESTE-SUINA-AFRICANA-83535-CINGHIALE,VAGLI SOTTO,Toscana,Lucca,municipality_region,44.109248,10.288795,44.109248,10.288795,false
izs_benv_events.csv,BENV-2026-PESTE-SUINA-AFRICANA-83538-CINGHIALE,MINUCCIANO,Toscana,Lucca,municipality_region,44.170449,10.207592,44.170449,10.207592,false
izs_benv_events.csv,BENV-2026-PESTE-SUINA-AFRICANA-83578-CINGHIALE,BAGNONE,Toscana,Massa-Carrara,municipality_region,44.314739,9.994655,44.314739,9.994655,false
izs_benv_events.csv,BENV-2026-PESTE-SUINA-AFRICANA-83589-CINGHIALE,VILLA COLLEMANDINA,Toscana,Lucca,municipality_region,44.158759,10.397742,44.158759,10.397742,false
izs_benv_events.csv,BENV-2026-PESTE-SUINA-AFRICANA-83599-CINGHIALE,SAN ROMANO IN GARFAGNANA,Toscana,Lucca,municipality_region,44.169669,10.347051,44.169669,10.347051,false
izs_benv_events.csv,BENV-2026-PESTE-SUINA-AFRICANA-83653-CINGHIALE,VARANO DE\' MELEGARI,Emilia Romagna,Parma,municipality_region,44.688060,10.011479,44.688060,10.011479,false
izs_benv_events.csv,BENV-2026-PESTE-SUINA-AFRICANA-83654-CINGHIALE,VARANO DE\' MELEGARI,Emilia Romagna,Parma,municipality_region,44.688060,10.011479,44.688060,10.011479,false
izs_benv_events.csv,BENV-2026-PESTE-SUINA-AFRICANA-83655-CINGHIALE,VARANO DE\' MELEGARI,Emilia Romagna,Parma,municipality_region,44.688060,10.011479,44.688060,10.011479,false
izs_benv_events.csv,BENV-2026-PESTE-SUINA-AFRICANA-83679-CINGHIALE,LICCIANA NARDI,Toscana,Massa-Carrara,municipality_region,44.264900,10.038437,44.264900,10.038437,false
izs_benv_events.csv,BENV-2026-PESTE-SUINA-AFRICANA-84442-CINGHIALE,SAN ROMANO IN GARFAGNANA,Toscana,Lucca,municipality_region,44.169669,10.347051,44.169669,10.347051,false
izs_benv_events.csv,BENV-2026-PESTE-SUINA-AFRICANA-83354-CINGHIALE,VILLA COLLEMANDINA,Toscana,Lucca,municipality_region,44.158759,10.397742,44.158759,10.397742,false
izs_benv_events.csv,BENV-2026-PESTE-SUINA-AFRICANA-83456-CINGHIALE,FRASSINORO,Emilia Romagna,Modena,municipality_region,44.295555,10.570198,44.295555,10.570198,false
izs_benv_events.csv,BENV-2026-PESTE-SUINA-AFRICANA-84256-CINGHIALE,SILLANO GIUNCUGNANO,Toscana,Lucca,municipality_region,44.254506,10.315717,44.254506,10.315717,false
izs_benv_events.csv,BENV-2026-PESTE-SUINA-AFRICANA-84308-CINGHIALE,PIAZZA AL SERCHIO,Toscana,Lucca,municipality_region,44.183484,10.300924,44.183484,10.300924,false
izs_benv_events.csv,BENV-2026-PESTE-SUINA-AFRICANA-84578-CINGHIALE,FOSCIANDORA,Toscana,Lucca,municipality_region,44.116476,10.459489,44.116476,10.459489,false
izs_benv_events.csv,BENV-2026-PESTE-SUINA-AFRICANA-84596-CINGHIALE,LICCIANA NARDI,Toscana,Massa-Carrara,municipality_region,44.264900,10.038437,44.264900,10.038437,false
izs_benv_events.csv,BENV-2026-PESTE-SUINA-AFRICANA-83176-CINGHIALE,CAMPORGIANO,Toscana,Lucca,municipality_region,44.158056,10.335151,44.158056,10.335151,false
izs_benv_events.csv,BENV-2026-PESTE-SUINA-AFRICANA-83283-CINGHIALE,VAGLI SOTTO,Toscana,Lucca,municipality_region,44.109248,10.288795,44.109248,10.288795,false
izs_benv_events.csv,BENV-2026-PESTE-SUINA-AFRICANA-85049-CINGHIALE,BARGA,Toscana,Lucca,municipality_region,44.073918,10.484263,44.073918,10.484263,false
izs_benv_events.csv,BENV-2026-PESTE-SUINA-AFRICANA-85052-CINGHIALE,VILLA COLLEMANDINA,Toscana,Lucca,municipality_region,44.158759,10.397742,44.158759,10.397742,false
izs_benv_events.csv,BENV-2026-PESTE-SUINA-AFRICANA-85060-CINGHIALE,LICCIANA NARDI,Toscana,Massa-Carrara,municipality_region,44.264900,10.038437,44.264900,10.038437,false
izs_benv_events.csv,BENV-2026-PESTE-SUINA-AFRICANA-85139-CINGHIALE,CASTELNUOVO DI GARFAGNANA,Toscana,Lucca,municipality_region,44.110022,10.411786,44.110022,10.411786,false
izs_benv_events.csv,BENV-2026-PESTE-SUINA-AFRICANA-85147-CINGHIALE,COREGLIA ANTELMINELLI,Toscana,Lucca,municipality_region,44.063653,10.525509,44.063653,10.525509,false
izs_benv_events.csv,BENV-2026-PESTE-SUINA-AFRICANA-84834-CINGHIALE,FOSCIANDORA,Toscana,Lucca,municipality_region,44.116476,10.459489,44.116476,10.459489,false
izs_benv_events.csv,BENV-2026-PESTE-SUINA-AFRICANA-84837-CINGHIALE,CAREGGINE,Toscana,Lucca,municipality_region,44.119949,10.325396,44.119949,10.325396,false
izs_benv_events.csv,BENV-2026-PESTE-SUINA-AFRICANA-84920-CINGHIALE,CRAVANZANA,Piemonte,Cuneo,municipality_region,44.574620,8.126185,44.574620,8.126185,false
izs_benv_events.csv,BENV-2026-PESTE-SUINA-AFRICANA-84940-CINGHIALE,MULAZZO,Toscana,Massa-Carrara,municipality_region,44.315926,9.889626,44.315926,9.889626,false
izs_benv_events.csv,BENV-2026-PESTE-SUINA-AFRICANA-84949-CINGHIALE,LICCIANA NARDI,Toscana,Massa-Carrara,municipality_region,44.264900,10.038437,44.264900,10.038437,false
izs_benv_events.csv,BENV-2026-PESTE-SUINA-AFRICANA-84571-CINGHIALE,FOSCIANDORA,Toscana,Lucca,municipality_region,44.116476,10.459489,44.116476,10.459489,false
izs_benv_events.csv,BENV-2026-PESTE-SUINA-AFRICANA-84577-CINGHIALE,FOSCIANDORA,Toscana,Lucca,municipality_region,44.116476,10.459489,44.116476,10.459489,false
izs_benv_events.csv,BENV-2026-PESTE-SUINA-AFRICANA-84581-CINGHIALE,VILLA MINOZZO,Emilia Romagna,Reggio nell'Emilia,municipality_region,44.365056,10.465995,44.365056,10.465995,false
izs_benv_events.csv,BENV-2026-PESTE-SUINA-AFRICANA-83282-CINGHIALE,VAGLI SOTTO,Toscana,Lucca,municipality_region,44.109248,10.288795,44.109248,10.288795,false
izs_benv_events.csv,BENV-2026-PESTE-SUINA-AFRICANA-83284-CINGHIALE,VAGLI SOTTO,Toscana,Lucca,municipality_region,44.109248,10.288795,44.109248,10.288795,false
izs_benv_events.csv,BENV-2026-PESTE-SUINA-AFRICANA-83298-CINGHIALE,LUGAGNANO VAL D\'ARDA,Emilia Romagna,Piacenza,municipality_region,44.821994,9.828482,44.821994,9.828482,false
izs_benv_events.csv,BENV-2026-PESTE-SUINA-AFRICANA-83068-CINGHIALE,SASSELLO,Liguria,Savona,municipality_region,44.478970,8.490171,44.478970,8.490171,false
izs_benv_events.csv,BENV-2026-PESTE-SUINA-AFRICANA-83108-CINGHIALE,BERCETO,Emilia Romagna,Parma,municipality_region,44.510608,9.989655,44.510608,9.989655,false
izs_benv_events.csv,BENV-2026-PESTE-SUINA-AFRICANA-83144-CINGHIALE,LICCIANA NARDI,Toscana,Massa-Carrara,municipality_region,44.264900,10.038437,44.264900,10.038437,false
izs_benv_events.csv,BENV-2026-PESTE-SUINA-AFRICANA-82776-CINGHIALE,MORBELLO,Piemonte,Alessandria,municipality_region,44.590801,8.518387,44.590801,8.518387,false
izs_benv_events.csv,BENV-2026-PESTE-SUINA-AFRICANA-82777-CINGHIALE,CAMPORGIANO,Toscana,Lucca,municipality_region,44.158056,10.335151,44.158056,10.335151,false
izs_benv_events.csv,BENV-2026-PESTE-SUINA-AFRICANA-84032-CINGHIALE,SASSELLO,Liguria,Savona,municipality_region,44.478970,8.490171,44.478970,8.490171,false
izs_benv_events.csv,BENV-2026-PESTE-SUINA-AFRICANA-84044-CINGHIALE,DEGO,Liguria,Savona,municipality_region,44.443038,8.305947,44.443038,8.305947,false
izs_benv_events.csv,BENV-2026-PESTE-SUINA-AFRICANA-83875-CINGHIALE,MEDESANO,Emilia Romagna,Parma,municipality_region,44.756699,10.140737,44.756699,10.140737,false
izs_benv_events.csv,BENV-2026-PESTE-SUINA-AFRICANA-83901-CINGHIALE,MEDESANO,Emilia Romagna,Parma,municipality_region,44.756699,10.140737,44.756699,10.140737,false
izs_benv_events.csv,BENV-2026-PESTE-SUINA-AFRICANA-83946-CINGHIALE,CAREGGINE,Toscana,Lucca,municipality_region,44.119949,10.325396,44.119949,10.325396,false
izs_benv_events.csv,BENV-2026-PESTE-SUINA-AFRICANA-84970-CINGHIALE,CAREGGINE,Toscana,Lucca,municipality_region,44.119949,10.325396,44.119949,10.325396,false
izs_benv_events.csv,BENV-2026-PESTE-SUINA-AFRICANA-82877-CINGHIALE,SASSELLO,Liguria,Savona,municipality_region,44.478970,8.490171,44.478970,8.490171,false
izs_benv_events.csv,BENV-2026-PESTE-SUINA-AFRICANA-83814-CINGHIALE,PIAZZA AL SERCHIO,Toscana,Lucca,municipality_region,44.183484,10.300924,44.183484,10.300924,false
izs_benv_events.csv,BENV-2026-PESTE-SUINA-AFRICANA-83818-CINGHIALE,VILLA COLLEMANDINA,Toscana,Lucca,municipality_region,44.158759,10.397742,44.158759,10.397742,false
izs_benv_events.csv,BENV-2026-PESTE-SUINA-AFRICANA-83820-CINGHIALE,SAN ROMANO IN GARFAGNANA,Toscana,Lucca,municipality_region,44.169669,10.347051,44.169669,10.347051,false
izs_benv_events.csv,BENV-2026-PESTE-SUINA-AFRICANA-83537-CINGHIALE,MINUCCIANO,Toscana,Lucca,municipality_region,44.170449,10.207592,44.170449,10.207592,false
izs_benv_events.csv,BENV-2026-PESTE-SUINA-AFRICANA-85231-CINGHIALE,BARGA,Toscana,Lucca,municipality_region,44.073918,10.484263,44.073918,10.484263,false
izs_benv_events.csv,BENV-2026-PESTE-SUINA-AFRICANA-85314-SUINO,COMANO,Toscana,Massa-Carrara,municipality_region,44.293540,10.131165,44.293540,10.131165,false
izs_benv_events.csv,BENV-2026-PESTE-SUINA-AFRICANA-84378-CINGHIALE,MINUCCIANO,Toscana,Lucca,municipality_region,44.170449,10.207592,44.170449,10.207592,false
izs_benv_events.csv,BENV-2026-PESTE-SUINA-AFRICANA-84408-CINGHIALE,SAN ROMANO IN GARFAGNANA,Toscana,Lucca,municipality_region,44.169669,10.347051,44.169669,10.347051,false
izs_benv_events.csv,BENV-2026-PESTE-SUINA-AFRICANA-84456-CINGHIALE,CAMPORGIANO,Toscana,Lucca,municipality_region,44.158056,10.335151,44.158056,10.335151,false
izs_benv_events.csv,BENV-2026-PESTE-SUINA-AFRICANA-84460-CINGHIALE,BAGNONE,Toscana,Massa-Carrara,municipality_region,44.314739,9.994655,44.314739,9.994655,false
izs_benv_events.csv,BENV-2026-PESTE-SUINA-AFRICANA-84461-CINGHIALE,TRESANA,Toscana,Massa-Carrara,municipality_region,44.254248,9.912885,44.254248,9.912885,false
izs_benv_events.csv,BENV-2026-PESTE-SUINA-AFRICANA-83394-CINGHIALE,SAN ROMANO IN GARFAGNANA,Toscana,Lucca,municipality_region,44.169669,10.347051,44.169669,10.347051,false
izs_benv_events.csv,BENV-2026-PESTE-SUINA-AFRICANA-83397-CINGHIALE,CASTELL\'ARQUATO,Emilia Romagna,Piacenza,municipality_region,44.851180,9.867118,44.851180,9.867118,false
izs_benv_events.csv,BENV-2026-PESTE-SUINA-AFRICANA-83440-CINGHIALE,COMANO,Toscana,Massa-Carrara,municipality_region,44.293540,10.131165,44.293540,10.131165,false
izs_benv_events.csv,BENV-2026-PESTE-SUINA-AFRICANA-83445-CINGHIALE,VILLA COLLEMANDINA,Toscana,Lucca,municipality_region,44.158759,10.397742,44.158759,10.397742,false
izs_benv_events.csv,BENV-2026-PESTE-SUINA-AFRICANA-83482-CINGHIALE,PIAZZA AL SERCHIO,Toscana,Lucca,municipality_region,44.183484,10.300924,44.183484,10.300924,false
izs_benv_events.csv,BENV-2026-PESTE-SUINA-AFRICANA-83514-CINGHIALE,CASTELL\'ARQUATO,Emilia Romagna,Piacenza,municipality_region,44.851180,9.867118,44.851180,9.867118,false
izs_benv_events.csv,BENV-2026-PESTE-SUINA-AFRICANA-83522-CINGHIALE,VILLA COLLEMANDINA,Toscana,Lucca,municipality_region,44.158759,10.397742,44.158759,10.397742,false
izs_benv_events.csv,BENV-2026-PESTE-SUINA-AFRICANA-84221-CINGHIALE,CAREGGINE,Toscana,Lucca,municipality_region,44.119949,10.325396,44.119949,10.325396,false
izs_benv_events.csv,BENV-2026-PESTE-SUINA-AFRICANA-84278-CINGHIALE,PIANA CRIXIA,Liguria,Savona,municipality_region,44.486179,8.306101,44.486179,8.306101,false
izs_benv_events.csv,BENV-2026-PESTE-SUINA-AFRICANA-84285-CINGHIALE,BUBBIO,Piemonte,Asti,municipality_region,44.663673,8.295134,44.663673,8.295134,false
izs_benv_events.csv,BENV-2026-PESTE-SUINA-AFRICANA-84306-CINGHIALE,CAMPORGIANO,Toscana,Lucca,municipality_region,44.158056,10.335151,44.158056,10.335151,false
izs_benv_events.csv,BENV-2026-PESTE-SUINA-AFRICANA-84310-CINGHIALE,PIAZZA AL SERCHIO,Toscana,Lucca,municipality_region,44.183484,10.300924,44.183484,10.300924,false
izs_benv_events.csv,BENV-2026-PESTE-SUINA-AFRICANA-83140-CINGHIALE,PONTI,Piemonte,Alessandria,municipality_region,44.627476,8.365390,44.627476,8.365390,false
izs_benv_events.csv,BENV-2026-PESTE-SUINA-AFRICANA-83141-CINGHIALE,LICCIANA NARDI,Toscana,Massa-Carrara,municipality_region,44.264900,10.038437,44.264900,10.038437,false
izs_benv_events.csv,BENV-2026-PESTE-SUINA-AFRICANA-82739-CINGHIALE,CASOLA IN LUNIGIANA,Toscana,Massa-Carrara,municipality_region,44.199961,10.175460,44.199961,10.175460,false
izs_benv_events.csv,BENV-2026-PESTE-SUINA-AFRICANA-82744-CINGHIALE,VILLA COLLEMANDINA,Toscana,Lucca,municipality_region,44.158759,10.397742,44.158759,10.397742,false
izs_benv_events.csv,BENV-2026-PESTE-SUINA-AFRICANA-82774-CINGHIALE,SAN ROMANO IN GARFAGNANA,Toscana,Lucca,municipality_region,44.169669,10.347051,44.169669,10.347051,false
izs_benv_events.csv,BENV-2026-PESTE-SUINA-AFRICANA-82784-CINGHIALE,SAN ROMANO IN GARFAGNANA,Toscana,Lucca,municipality_region,44.169669,10.347051,44.169669,10.347051,false
izs_benv_events.csv,BENV-2026-PESTE-SUINA-AFRICANA-82786-CINGHIALE,VILLA COLLEMANDINA,Toscana,Lucca,municipality_region,44.158759,10.397742,44.158759,10.397742,false
izs_benv_events.csv,BENV-2026-PESTE-SUINA-AFRICANA-84065-CINGHIALE,MEDESANO,Emilia Romagna,Parma,municipality_region,44.756699,10.140737,44.756699,10.140737,false
izs_benv_events.csv,BENV-2026-PESTE-SUINA-AFRICANA-84101-CINGHIALE,TRESANA,Toscana,Massa-Carrara,municipality_region,44.254248,9.912885,44.254248,9.912885,false
izs_benv_events.csv,BENV-2026-PESTE-SUINA-AFRICANA-84108-CINGHIALE,VAGLI SOTTO,Toscana,Lucca,municipality_region,44.109248,10.288795,44.109248,10.288795,false
izs_benv_events.csv,BENV-2026-PESTE-SUINA-AFRICANA-83914-CINGHIALE,CASTELNUOVO DI GARFAGNANA,Toscana,Lucca,municipality_region,44.110022,10.411786,44.110022,10.411786,false
izs_benv_events.csv,BENV-2026-PESTE-SUINA-AFRICANA-84007-CINGHIALE,CAMPORGIANO,Toscana,Lucca,municipality_region,44.158056,10.335151,44.158056,10.335151,false
izs_benv_events.csv,BENV-2026-PESTE-SUINA-AFRICANA-84012-CINGHIALE,PODENZANA,Toscana,Massa-Carrara,municipality_region,44.206248,9.941986,44.206248,9.941986,false
izs_benv_events.csv,BENV-2026-PESTE-SUINA-AFRICANA-85127-CINGHIALE,LICCIANA NARDI,Toscana,Massa-Carrara,municipality_region,44.264900,10.038437,44.264900,10.038437,false
izs_benv_events.csv,BENV-2026-PESTE-SUINA-AFRICANA-85146-CINGHIALE,CAREGGINE,Toscana,Lucca,municipality_region,44.119949,10.325396,44.119949,10.325396,false
izs_benv_events.csv,BENV-2026-PESTE-SUINA-AFRICANA-85150-CINGHIALE,CAREGGINE,Toscana,Lucca,municipality_region,44.119949,10.325396,44.119949,10.325396,false
izs_benv_events.csv,BENV-2026-PESTE-SUINA-AFRICANA-83022-CINGHIALE,COMANO,Toscana,Massa-Carrara,municipality_region,44.293540,10.131165,44.293540,10.131165,false
izs_benv_events.csv,BENV-2026-PESTE-SUINA-AFRICANA-83747-CINGHIALE,MEDESANO,Emilia Romagna,Parma,municipality_region,44.756699,10.140737,44.756699,10.140737,false
izs_benv_events.csv,BENV-2026-PESTE-SUINA-AFRICANA-83817-CINGHIALE,PIAZZA AL SERCHIO,Toscana,Lucca,municipality_region,44.183484,10.300924,44.183484,10.300924,false
izs_benv_events.csv,BENV-2026-PESTE-SUINA-AFRICANA-83825-CINGHIALE,SASSELLO,Liguria,Savona,municipality_region,44.478970,8.490171,44.478970,8.490171,false
izs_benv_events.csv,BENV-2026-PESTE-SUINA-AFRICANA-83840-CINGHIALE,COMANO,Toscana,Massa-Carrara,municipality_region,44.293540,10.131165,44.293540,10.131165,false
izs_benv_events.csv,BENV-2026-PESTE-SUINA-AFRICANA-83598-CINGHIALE,PIAZZA AL SERCHIO,Toscana,Lucca,municipality_region,44.183484,10.300924,44.183484,10.300924,false
izs_benv_events.csv,BENV-2026-PESTE-SUINA-AFRICANA-83656-CINGHIALE,VARANO DE\' MELEGARI,Emilia Romagna,Parma,municipality_region,44.688060,10.011479,44.688060,10.011479,false
izs_benv_events.csv,BENV-2026-PESTE-SUINA-AFRICANA-83682-CINGHIALE,CAREGGINE,Toscana,Lucca,municipality_region,44.119949,10.325396,44.119949,10.325396,false
izs_benv_events.csv,BENV-2026-PESTE-SUINA-AFRICANA-85252-CINGHIALE,ARGUELLO,Piemonte,Cuneo,municipality_region,44.582740,8.110840,44.582740,8.110840,false
izs_benv_events.csv,BENV-2026-PESTE-SUINA-AFRICANA-85255-CINGHIALE,ARGUELLO,Piemonte,Cuneo,municipality_region,44.582740,8.110840,44.582740,8.110840,false
izs_benv_events.csv,BENV-2026-PESTE-SUINA-AFRICANA-84388-CINGHIALE,FIDENZA,Emilia Romagna,Parma,municipality_region,44.866522,10.061194,44.866522,10.061194,false
izs_benv_events.csv,BENV-2026-PESTE-SUINA-AFRICANA-84452-CINGHIALE,CAMPORGIANO,Toscana,Lucca,municipality_region,44.158056,10.335151,44.158056,10.335151,false
izs_benv_events.csv,BENV-2026-PESTE-SUINA-AFRICANA-83352-CINGHIALE,MINUCCIANO,Toscana,Lucca,municipality_region,44.170449,10.207592,44.170449,10.207592,false
izs_benv_events.csv,BENV-2026-PESTE-SUINA-AFRICANA-83441-CINGHIALE,COMANO,Toscana,Massa-Carrara,municipality_region,44.293540,10.131165,44.293540,10.131165,false
izs_benv_events.csv,BENV-2026-PESTE-SUINA-AFRICANA-83443-CINGHIALE,SASSELLO,Liguria,Savona,municipality_region,44.478970,8.490171,44.478970,8.490171,false
izs_benv_events.csv,BENV-2026-PESTE-SUINA-AFRICANA-83479-CINGHIALE,VILLA COLLEMANDINA,Toscana,Lucca,municipality_region,44.158759,10.397742,44.158759,10.397742,false
izs_benv_events.csv,BENV-2026-PESTE-SUINA-AFRICANA-83480-CINGHIALE,VAGLI SOTTO,Toscana,Lucca,municipality_region,44.109248,10.288795,44.109248,10.288795,false
izs_benv_events.csv,BENV-2026-PESTE-SUINA-AFRICANA-84263-SUINO,MONTECHIARO D\'ACQUI,Piemonte,Alessandria,municipality_region,44.594940,8.379570,44.594940,8.379570,false
izs_benv_events.csv,BENV-2026-PESTE-SUINA-AFRICANA-84576-CINGHIALE,FOSCIANDORA,Toscana,Lucca,municipality_region,44.116476,10.459489,44.116476,10.459489,false
izs_benv_events.csv,BENV-2026-PESTE-SUINA-AFRICANA-83306-CINGHIALE,SASSELLO,Liguria,Savona,municipality_region,44.478970,8.490171,44.478970,8.490171,false
izs_benv_events.csv,BENV-2026-PESTE-SUINA-AFRICANA-83333-CINGHIALE,LICCIANA NARDI,Toscana,Massa-Carrara,municipality_region,44.264900,10.038437,44.264900,10.038437,false
izs_benv_events.csv,BENV-2026-PESTE-SUINA-AFRICANA-83043-CINGHIALE,PIAZZA AL SERCHIO,Toscana,Lucca,municipality_region,44.183484,10.300924,44.183484,10.300924,false
izs_benv_events.csv,BENV-2026-PESTE-SUINA-AFRICANA-83102-CINGHIALE,SASSELLO,Liguria,Savona,municipality_region,44.478970,8.490171,44.478970,8.490171,false
izs_benv_events.csv,BENV-2026-PESTE-SUINA-AFRICANA-84574-CINGHIALE,FOSCIANDORA,Toscana,Lucca,municipality_region,44.116476,10.459489,44.116476,10.459489,false
izs_benv_events.csv,BENV-2026-PESTE-SUINA-AFRICANA-84642-CINGHIALE,CASTELNUOVO DI GARFAGNANA,Toscana,Lucca,municipality_region,44.110022,10.411786,44.110022,10.411786,false
izs_benv_events.csv,BENV-2026-PESTE-SUINA-AFRICANA-83196-CINGHIALE,MINUCCIANO,Toscana,Lucca,municipality_region,44.170449,10.207592,44.170449,10.207592,false
izs_benv_events.csv,BENV-2026-PESTE-SUINA-AFRICANA-83203-CINGHIALE,VILLAFRANCA IN LUNIGIANA,Toscana,Massa-Carrara,municipality_region,44.294670,9.949656,44.294670,9.949656,false
izs_benv_events.csv,BENV-2026-PESTE-SUINA-AFRICANA-83273-CINGHIALE,SPIGNO MONFERRATO,Piemonte,Alessandria,municipality_region,44.543141,8.333946,44.543141,8.333946,false
izs_benv_events.csv,BENV-2026-PESTE-SUINA-AFRICANA-83287-CINGHIALE,VILLA COLLEMANDINA,Toscana,Lucca,municipality_region,44.158759,10.397742,44.158759,10.397742,false
izs_benv_events.csv,BENV-2026-PESTE-SUINA-AFRICANA-83029-CINGHIALE,MINUCCIANO,Toscana,Lucca,municipality_region,44.170449,10.207592,44.170449,10.207592,false
izs_benv_events.csv,BENV-2026-PESTE-SUINA-AFRICANA-83057-CINGHIALE,VAGLI SOTTO,Toscana,Lucca,municipality_region,44.109248,10.288795,44.109248,10.288795,false
izs_benv_events.csv,BENV-2026-PESTE-SUINA-AFRICANA-83077-CINGHIALE,MINUCCIANO,Toscana,Lucca,municipality_region,44.170449,10.207592,44.170449,10.207592,false
izs_benv_events.csv,BENV-2026-PESTE-SUINA-AFRICANA-83131-CINGHIALE,CAREGGINE,Toscana,Lucca,municipality_region,44.119949,10.325396,44.119949,10.325396,false
izs_benv_events.csv,BENV-2026-PESTE-SUINA-AFRICANA-82770-CINGHIALE,PIAZZA AL SERCHIO,Toscana,Lucca,municipality_region,44.183484,10.300924,44.183484,10.300924,false
izs_benv_events.csv,BENV-2026-PESTE-SUINA-AFRICANA-84033-CINGHIALE,RIVERGARO,Emilia Romagna,Piacenza,municipality_region,44.910251,9.596521,44.910251,9.596521,false
izs_benv_events.csv,BENV-2026-PESTE-SUINA-AFRICANA-84102-CINGHIALE,FIVIZZANO,Toscana,Massa-Carrara,municipality_region,44.238350,10.125990,44.238350,10.125990,false
izs_benv_events.csv,BENV-2026-PESTE-SUINA-AFRICANA-84159-CINGHIALE,PALANZANO,Emilia Romagna,Parma,municipality_region,44.437437,10.194462,44.437437,10.194462,false
izs_benv_events.csv,BENV-2026-PESTE-SUINA-AFRICANA-84160-CINGHIALE,MEDESANO,Emilia Romagna,Parma,municipality_region,44.756699,10.140737,44.756699,10.140737,false
izs_benv_events.csv,BENV-2026-PESTE-SUINA-AFRICANA-84008-CINGHIALE,VAGLI SOTTO,Toscana,Lucca,municipality_region,44.109248,10.288795,44.109248,10.288795,false
izs_benv_events.csv,BENV-2026-PESTE-SUINA-AFRICANA-85056-CINGHIALE,FOSDINOVO,Toscana,Massa-Carrara,municipality_region,44.133820,10.018869,44.133820,10.018869,false
izs_benv_events.csv,BENV-2026-PESTE-SUINA-AFRICANA-84870-CINGHIALE,FOSCIANDORA,Toscana,Lucca,municipality_region,44.116476,10.459489,44.116476,10.459489,false
izs_benv_events.csv,BENV-2026-PESTE-SUINA-AFRICANA-84875-CINGHIALE,FOSCIANDORA,Toscana,Lucca,municipality_region,44.116476,10.459489,44.116476,10.459489,false
izs_benv_events.csv,BENV-2026-PESTE-SUINA-AFRICANA-84947-CINGHIALE,MULAZZO,Toscana,Massa-Carrara,municipality_region,44.315926,9.889626,44.315926,9.889626,false
izs_benv_events.csv,BENV-2026-PESTE-SUINA-AFRICANA-84968-CINGHIALE,CAREGGINE,Toscana,Lucca,municipality_region,44.119949,10.325396,44.119949,10.325396,false
izs_benv_events.csv,BENV-2026-PESTE-SUINA-AFRICANA-82815-CINGHIALE,CORNIGLIO,Emilia Romagna,Parma,municipality_region,44.475900,10.088926,44.475900,10.088926,false
izs_benv_events.csv,BENV-2026-PESTE-SUINA-AFRICANA-82843-CINGHIALE,MINUCCIANO,Toscana,Lucca,municipality_region,44.170449,10.207592,44.170449,10.207592,false
izs_benv_events.csv,BENV-2026-PESTE-SUINA-AFRICANA-82848-CINGHIALE,SILLANO GIUNCUGNANO,Toscana,Lucca,municipality_region,44.254506,10.315717,44.254506,10.315717,false
izs_benv_events.csv,BENV-2026-PESTE-SUINA-AFRICANA-83755-CINGHIALE,VILLAFRANCA IN LUNIGIANA,Toscana,Massa-Carrara,municipality_region,44.294670,9.949656,44.294670,9.949656,false
izs_benv_events.csv,BENV-2026-PESTE-SUINA-AFRICANA-83797-CINGHIALE,MULAZZO,Toscana,Massa-Carrara,municipality_region,44.315926,9.889626,44.315926,9.889626,false
izs_benv_events.csv,BENV-2026-PESTE-SUINA-AFRICANA-83816-CINGHIALE,PIAZZA AL SERCHIO,Toscana,Lucca,municipality_region,44.183484,10.300924,44.183484,10.300924,false
izs_benv_events.csv,BENV-2026-PESTE-SUINA-AFRICANA-83843-CINGHIALE,FIDENZA,Emilia Romagna,Parma,municipality_region,44.866522,10.061194,44.866522,10.061194,false
izs_benv_events.csv,BENV-2026-PESTE-SUINA-AFRICANA-83666-CINGHIALE,VARANO DE\' MELEGARI,Emilia Romagna,Parma,municipality_region,44.688060,10.011479,44.688060,10.011479,false
izs_benv_events.csv,BENV-2026-PESTE-SUINA-AFRICANA-83688-CINGHIALE,CAMPORGIANO,Toscana,Lucca,municipality_region,44.158056,10.335151,44.158056,10.335151,false
izs_benv_events.csv,BENV-2026-PESTE-SUINA-AFRICANA-83691-CINGHIALE,CAREGGINE,Toscana,Lucca,municipality_region,44.119949,10.325396,44.119949,10.325396,false
izs_benv_events.csv,BENV-2026-PESTE-SUINA-AFRICANA-85151-CINGHIALE,CAREGGINE,Toscana,Lucca,municipality_region,44.119949,10.325396,44.119949,10.325396,false
izs_benv_events.csv,BENV-2026-PESTE-SUINA-AFRICANA-84412-CINGHIALE,MEDESANO,Emilia Romagna,Parma,municipality_region,44.756699,10.140737,44.756699,10.140737,false
izs_benv_events.csv,BENV-2026-PESTE-SUINA-AFRICANA-84462-CINGHIALE,LICCIANA NARDI,Toscana,Massa-Carrara,municipality_region,44.264900,10.038437,44.264900,10.038437,false
izs_benv_events.csv,BENV-2026-PESTE-SUINA-AFRICANA-83435-CINGHIALE,VILLAFRANCA IN LUNIGIANA,Toscana,Massa-Carrara,municipality_region,44.294670,9.949656,44.294670,9.949656,false
izs_benv_events.csv,BENV-2026-PESTE-SUINA-AFRICANA-83478-CINGHIALE,CAMPORGIANO,Toscana,Lucca,municipality_region,44.158056,10.335151,44.158056,10.335151,false
izs_benv_events.csv,BENV-2026-PESTE-SUINA-AFRICANA-84215-CINGHIALE,CAIRO MONTENOTTE,Liguria,Savona,municipality_region,44.399268,8.274561,44.399268,8.274561,false
izs_benv_events.csv,BENV-2026-PESTE-SUINA-AFRICANA-84314-CINGHIALE,PIEVE FOSCIANA,Toscana,Lucca,municipality_region,44.132270,10.410797,44.132270,10.410797,false
izs_benv_events.csv,BENV-2026-PESTE-SUINA-AFRICANA-83438-CINGHIALE,BAGNONE,Toscana,Massa-Carrara,municipality_region,44.314739,9.994655,44.314739,9.994655,false
izs_benv_events.csv,BENV-2026-PESTE-SUINA-AFRICANA-83442-CINGHIALE,BAGNONE,Toscana,Massa-Carrara,municipality_region,44.314739,9.994655,44.314739,9.994655,false
izs_benv_events.csv,BENV-2026-PESTE-SUINA-AFRICANA-83488-CINGHIALE,MULAZZO,Toscana,Massa-Carrara,municipality_region,44.315926,9.889626,44.315926,9.889626,false
izs_benv_events.csv,BENV-2026-PESTE-SUINA-AFRICANA-84241-CINGHIALE,SAN ROMANO IN GARFAGNANA,Toscana,Lucca,municipality_region,44.169669,10.347051,44.169669,10.347051,false
izs_benv_events.csv,BENV-2026-PESTE-SUINA-AFRICANA-84652-CINGHIALE,CAREGGINE,Toscana,Lucca,municipality_region,44.119949,10.325396,44.119949,10.325396,false
izs_benv_events.csv,BENV-2026-PESTE-SUINA-AFRICANA-84667-CINGHIALE,CASOLA IN LUNIGIANA,Toscana,Massa-Carrara,municipality_region,44.199961,10.175460,44.199961,10.175460,false
izs_benv_events.csv,BENV-2026-PESTE-SUINA-AFRICANA-83197-CINGHIALE,MINUCCIANO,Toscana,Lucca,municipality_region,44.170449,10.207592,44.170449,10.207592,false
izs_benv_events.csv,BENV-2026-PESTE-SUINA-AFRICANA-83281-CINGHIALE,MINUCCIANO,Toscana,Lucca,municipality_region,44.170449,10.207592,44.170449,10.207592,false
izs_benv_events.csv,BENV-2026-PESTE-SUINA-AFRICANA-83285-CINGHIALE,VILLA COLLEMANDINA,Toscana,Lucca,municipality_region,44.158759,10.397742,44.158759,10.397742,false
izs_benv_events.csv,BENV-2026-PESTE-SUINA-AFRICANA-83294-CINGHIALE,CASOLA IN LUNIGIANA,Toscana,Massa-Carrara,municipality_region,44.199961,10.175460,44.199961,10.175460,false
izs_benv_events.csv,BENV-2026-PESTE-SUINA-AFRICANA-83308-CINGHIALE,SASSELLO,Liguria,Savona,municipality_region,44.478970,8.490171,44.478970,8.490171,false
izs_benv_events.csv,BENV-2026-PESTE-SUINA-AFRICANA-83339-CINGHIALE,FILATTIERA,Toscana,Massa-Carrara,municipality_region,44.330791,9.934823,44.330791,9.934823,false
izs_benv_events.csv,BENV-2026-PESTE-SUINA-AFRICANA-83349-CINGHIALE,PIAZZA AL SERCHIO,Toscana,Lucca,municipality_region,44.183484,10.300924,44.183484,10.300924,false
izs_benv_events.csv,BENV-2026-PESTE-SUINA-AFRICANA-83030-CINGHIALE,VILLA COLLEMANDINA,Toscana,Lucca,municipality_region,44.158759,10.397742,44.158759,10.397742,false
izs_benv_events.csv,BENV-2026-PESTE-SUINA-AFRICANA-83143-CINGHIALE,LICCIANA NARDI,Toscana,Massa-Carrara,municipality_region,44.264900,10.038437,44.264900,10.038437,false
izs_benv_events.csv,BENV-2026-PESTE-SUINA-AFRICANA-82766-CINGHIALE,ZERI,Toscana,Massa-Carrara,municipality_region,44.353717,9.763228,44.353717,9.763228,false
izs_benv_events.csv,BENV-2026-PESTE-SUINA-AFRICANA-82767-CINGHIALE,BAGNONE,Toscana,Massa-Carrara,municipality_region,44.314739,9.994655,44.314739,9.994655,false
izs_benv_events.csv,BENV-2026-PESTE-SUINA-AFRICANA-82771-CINGHIALE,VILLA COLLEMANDINA,Toscana,Lucca,municipality_region,44.158759,10.397742,44.158759,10.397742,false
izs_benv_events.csv,BENV-2026-PESTE-SUINA-AFRICANA-82782-CINGHIALE,VILLA COLLEMANDINA,Toscana,Lucca,municipality_region,44.158759,10.397742,44.158759,10.397742,false
izs_benv_events.csv,BENV-2026-PESTE-SUINA-AFRICANA-83906-CINGHIALE,SILLANO GIUNCUGNANO,Toscana,Lucca,municipality_region,44.254506,10.315717,44.254506,10.315717,false
izs_benv_events.csv,BENV-2026-PESTE-SUINA-AFRICANA-83947-CINGHIALE,SILLANO GIUNCUGNANO,Toscana,Lucca,municipality_region,44.254506,10.315717,44.254506,10.315717,false
izs_benv_events.csv,BENV-2026-PESTE-SUINA-AFRICANA-83948-CINGHIALE,SILLANO GIUNCUGNANO,Toscana,Lucca,municipality_region,44.254506,10.315717,44.254506,10.315717,false
izs_benv_events.csv,BENV-2026-PESTE-SUINA-AFRICANA-83972-CINGHIALE,MEDESANO,Emilia Romagna,Parma,municipality_region,44.756699,10.140737,44.756699,10.140737,false
izs_benv_events.csv,BENV-2026-PESTE-SUINA-AFRICANA-85021-CINGHIALE,FIVIZZANO,Toscana,Massa-Carrara,municipality_region,44.238350,10.125990,44.238350,10.125990,false
izs_benv_events.csv,BENV-2026-PESTE-SUINA-AFRICANA-85023-CINGHIALE,FOSDINOVO,Toscana,Massa-Carrara,municipality_region,44.133820,10.018869,44.133820,10.018869,false
izs_benv_events.csv,BENV-2026-PESTE-SUINA-AFRICANA-85046-CINGHIALE,LICCIANA NARDI,Toscana,Massa-Carrara,municipality_region,44.264900,10.038437,44.264900,10.038437,false
izs_benv_events.csv,BENV-2026-PESTE-SUINA-AFRICANA-85051-CINGHIALE,BARGA,Toscana,Lucca,municipality_region,44.073918,10.484263,44.073918,10.484263,false
izs_benv_events.csv,BENV-2026-PESTE-SUINA-AFRICANA-85148-CINGHIALE,CAREGGINE,Toscana,Lucca,municipality_region,44.119949,10.325396,44.119949,10.325396,false
izs_benv_events.csv,BENV-2026-PESTE-SUINA-AFRICANA-85149-CINGHIALE,BARGA,Toscana,Lucca,municipality_region,44.073918,10.484263,44.073918,10.484263,false
izs_benv_events.csv,BENV-2026-PESTE-SUINA-AFRICANA-84946-CINGHIALE,FIVIZZANO,Toscana,Massa-Carrara,municipality_region,44.238350,10.125990,44.238350,10.125990,false
izs_benv_events.csv,BENV-2026-PESTE-SUINA-AFRICANA-82828-CINGHIALE,FILATTIERA,Toscana,Massa-Carrara,municipality_region,44.330791,9.934823,44.330791,9.934823,false
izs_benv_events.csv,BENV-2026-PESTE-SUINA-AFRICANA-82849-CINGHIALE,SAN ROMANO IN GARFAGNANA,Toscana,Lucca,municipality_region,44.169669,10.347051,44.169669,10.347051,false
izs_benv_events.csv,BENV-2026-PESTE-SUINA-AFRICANA-83791-CINGHIALE,VAGLI SOTTO,Toscana,Lucca,municipality_region,44.109248,10.288795,44.109248,10.288795,false
izs_benv_events.csv,BENV-2026-PESTE-SUINA-AFRICANA-83798-CINGHIALE,MULAZZO,Toscana,Massa-Carrara,municipality_region,44.315926,9.889626,44.315926,9.889626,false
izs_benv_events.csv,BENV-2026-PESTE-SUINA-AFRICANA-83842-CINGHIALE,FIDENZA,Emilia Romagna,Parma,municipality_region,44.866522,10.061194,44.866522,10.061194,false
izs_benv_events.csv,BENV-2026-PESTE-SUINA-AFRICANA-83585-CINGHIALE,VAGLI SOTTO,Toscana,Lucca,municipality_region,44.109248,10.288795,44.109248,10.288795,false
izs_benv_events.csv,BENV-2026-PESTE-SUINA-AFRICANA-83600-CINGHIALE,CASTIGLIONE DI GARFAGNANA,Toscana,Lucca,municipality_region,44.149950,10.410897,44.149950,10.410897,false
izs_benv_events.csv,BENV-2026-PESTE-SUINA-AFRICANA-83687-CINGHIALE,CAREGGINE,Toscana,Lucca,municipality_region,44.119949,10.325396,44.119949,10.325396,false
izs_benv_events.csv,BENV-2026-PESTE-SUINA-AFRICANA-84379-CINGHIALE,PIAZZA AL SERCHIO,Toscana,Lucca,municipality_region,44.183484,10.300924,44.183484,10.300924,false
izs_benv_events.csv,BENV-2026-PESTE-SUINA-AFRICANA-84449-CINGHIALE,CAMPORGIANO,Toscana,Lucca,municipality_region,44.158056,10.335151,44.158056,10.335151,false
izs_benv_events.csv,BENV-2026-PESTE-SUINA-AFRICANA-84463-CINGHIALE,PODENZANA,Toscana,Massa-Carrara,municipality_region,44.206248,9.941986,44.206248,9.941986,false
izs_benv_events.csv,BENV-2026-PESTE-SUINA-AFRICANA-84569-CINGHIALE,FOSCIANDORA,Toscana,Lucca,municipality_region,44.116476,10.459489,44.116476,10.459489,false
izs_benv_events.csv,BENV-2026-PESTE-SUINA-AFRICANA-84570-CINGHIALE,VILLA COLLEMANDINA,Toscana,Lucca,municipality_region,44.158759,10.397742,44.158759,10.397742,false
izs_benv_events.csv,BENV-2026-PESTE-SUINA-AFRICANA-84653-CINGHIALE,CAREGGINE,Toscana,Lucca,municipality_region,44.119949,10.325396,44.119949,10.325396,false
izs_benv_events.csv,BENV-2026-PESTE-SUINA-AFRICANA-83178-CINGHIALE,VILLA COLLEMANDINA,Toscana,Lucca,municipality_region,44.158759,10.397742,44.158759,10.397742,false
izs_benv_events.csv,BENV-2026-PESTE-SUINA-AFRICANA-83199-CINGHIALE,PONTREMOLI,Toscana,Massa-Carrara,municipality_region,44.375151,9.878882,44.375151,9.878882,false
izs_benv_events.csv,BENV-2026-PESTE-SUINA-AFRICANA-83240-CINGHIALE,FILATTIERA,Toscana,Massa-Carrara,municipality_region,44.330791,9.934823,44.330791,9.934823,false
izs_benv_events.csv,BENV-2026-PESTE-SUINA-AFRICANA-83243-CINGHIALE,BAGNONE,Toscana,Massa-Carrara,municipality_region,44.314739,9.994655,44.314739,9.994655,false
izs_benv_events.csv,BENV-2026-PESTE-SUINA-AFRICANA-83275-CINGHIALE,VAGLI SOTTO,Toscana,Lucca,municipality_region,44.109248,10.288795,44.109248,10.288795,false
izs_benv_events.csv,BENV-2026-PESTE-SUINA-AFRICANA-83309-CINGHIALE,MEDESANO,Emilia Romagna,Parma,municipality_region,44.756699,10.140737,44.756699,10.140737,false
izs_benv_events.csv,BENV-2026-PESTE-SUINA-AFRICANA-83337-CINGHIALE,VILLAFRANCA IN LUNIGIANA,Toscana,Massa-Carrara,municipality_region,44.294670,9.949656,44.294670,9.949656,false
izs_benv_events.csv,BENV-2026-PESTE-SUINA-AFRICANA-83351-CINGHIALE,CAMPORGIANO,Toscana,Lucca,municipality_region,44.158056,10.335151,44.158056,10.335151,false
izs_benv_events.csv,BENV-2026-PESTE-SUINA-AFRICANA-83026-CINGHIALE,MULAZZO,Toscana,Massa-Carrara,municipality_region,44.315926,9.889626,44.315926,9.889626,false
izs_benv_events.csv,BENV-2026-PESTE-SUINA-AFRICANA-83054-CINGHIALE,SAN ROMANO IN GARFAGNANA,Toscana,Lucca,municipality_region,44.169669,10.347051,44.169669,10.347051,false
izs_benv_events.csv,BENV-2026-PESTE-SUINA-AFRICANA-84161-CINGHIALE,MEDESANO,Emilia Romagna,Parma,municipality_region,44.756699,10.140737,44.756699,10.140737,false
izs_benv_events.csv,BENV-2026-PESTE-SUINA-AFRICANA-83915-CINGHIALE,CAREGGINE,Toscana,Lucca,municipality_region,44.119949,10.325396,44.119949,10.325396,false
izs_benv_events.csv,BENV-2026-PESTE-SUINA-AFRICANA-83927-CINGHIALE,LICCIANA NARDI,Toscana,Massa-Carrara,municipality_region,44.264900,10.038437,44.264900,10.038437,false
izs_benv_events.csv,BENV-2026-PESTE-SUINA-AFRICANA-83949-CINGHIALE,SAN ROMANO IN GARFAGNANA,Toscana,Lucca,municipality_region,44.169669,10.347051,44.169669,10.347051,false
izs_benv_events.csv,BENV-2026-PESTE-SUINA-AFRICANA-83950-CINGHIALE,VAGLI SOTTO,Toscana,Lucca,municipality_region,44.109248,10.288795,44.109248,10.288795,false
izs_benv_events.csv,BENV-2026-PESTE-SUINA-AFRICANA-84006-CINGHIALE,PIAZZA AL SERCHIO,Toscana,Lucca,municipality_region,44.183484,10.300924,44.183484,10.300924,false
izs_benv_events.csv,BENV-2026-PESTE-SUINA-AFRICANA-85028-CINGHIALE,SEROLE,Piemonte,Asti,municipality_region,44.553887,8.259555,44.553887,8.259555,false
izs_benv_events.csv,BENV-2026-PESTE-SUINA-AFRICANA-85032-CINGHIALE,LICCIANA NARDI,Toscana,Massa-Carrara,municipality_region,44.264900,10.038437,44.264900,10.038437,false
izs_benv_events.csv,BENV-2026-PESTE-SUINA-AFRICANA-85038-CINGHIALE,FIVIZZANO,Toscana,Massa-Carrara,municipality_region,44.238350,10.125990,44.238350,10.125990,false
izs_benv_events.csv,BENV-2026-PESTE-SUINA-AFRICANA-84715-CINGHIALE,MONASTERO BORMIDA,Piemonte,Asti,municipality_region,44.648543,8.326643,44.648543,8.326643,false
izs_benv_events.csv,BENV-2026-PESTE-SUINA-AFRICANA-84881-CINGHIALE,LICCIANA NARDI,Toscana,Massa-Carrara,municipality_region,44.264900,10.038437,44.264900,10.038437,false
izs_benv_events.csv,BENV-2026-PESTE-SUINA-AFRICANA-84948-CINGHIALE,LICCIANA NARDI,Toscana,Massa-Carrara,municipality_region,44.264900,10.038437,44.264900,10.038437,false
izs_benv_events.csv,BENV-2026-PESTE-SUINA-AFRICANA-84950-CINGHIALE,LICCIANA NARDI,Toscana,Massa-Carrara,municipality_region,44.264900,10.038437,44.264900,10.038437,false
izs_benv_events.csv,BENV-2026-PESTE-SUINA-AFRICANA-84964-CINGHIALE,CAREGGINE,Toscana,Lucca,municipality_region,44.119949,10.325396,44.119949,10.325396,false
izs_benv_events.csv,BENV-2026-PESTE-SUINA-AFRICANA-82845-CINGHIALE,SAN ROMANO IN GARFAGNANA,Toscana,Lucca,municipality_region,44.169669,10.347051,44.169669,10.347051,false
izs_benv_events.csv,BENV-2026-PESTE-SUINA-AFRICANA-82853-CINGHIALE,SAN ROMANO IN GARFAGNANA,Toscana,Lucca,municipality_region,44.169669,10.347051,44.169669,10.347051,false
izs_benv_events.csv,BENV-2026-PESTE-SUINA-AFRICANA-83023-CINGHIALE,COMANO,Toscana,Massa-Carrara,municipality_region,44.293540,10.131165,44.293540,10.131165,false
izs_benv_events.csv,BENV-2026-PESTE-SUINA-AFRICANA-83721-CINGHIALE,BAGNONE,Toscana,Massa-Carrara,municipality_region,44.314739,9.994655,44.314739,9.994655,false
izs_benv_events.csv,BENV-2026-PESTE-SUINA-AFRICANA-83789-CINGHIALE,VAGLI SOTTO,Toscana,Lucca,municipality_region,44.109248,10.288795,44.109248,10.288795,false
izs_benv_events.csv,BENV-2026-PESTE-SUINA-AFRICANA-83822-CINGHIALE,SILLANO GIUNCUGNANO,Toscana,Lucca,municipality_region,44.254506,10.315717,44.254506,10.315717,false
izs_benv_events.csv,BENV-2026-PESTE-SUINA-AFRICANA-83652-CINGHIALE,CARPANETO PIACENTINO,Emilia Romagna,Piacenza,municipality_region,44.915212,9.788095,44.915212,9.788095,false
izs_benv_events.csv,BENV-2026-PESTE-SUINA-AFRICANA-84411-CINGHIALE,LANGHIRANO,Emilia Romagna,Parma,municipality_region,44.613064,10.266114,44.613064,10.266114,false
izs_benv_events.csv,BENV-2026-PESTE-SUINA-AFRICANA-84453-CINGHIALE,SALA BAGANZA,Emilia Romagna,Parma,municipality_region,44.713950,10.226334,44.713950,10.226334,false
izs_benv_events.csv,BENV-2026-PESTE-SUINA-AFRICANA-84515-CINGHIALE,VILLA COLLEMANDINA,Toscana,Lucca,municipality_region,44.158759,10.397742,44.158759,10.397742,false
izs_benv_events.csv,BENV-2026-PESTE-SUINA-AFRICANA-83392-CINGHIALE,CAMPORGIANO,Toscana,Lucca,municipality_region,44.158056,10.335151,44.158056,10.335151,false
izs_benv_events.csv,BENV-2026-PESTE-SUINA-AFRICANA-84245-CINGHIALE,VAGLI SOTTO,Toscana,Lucca,municipality_region,44.109248,10.288795,44.109248,10.288795,false
izs_benv_events.csv,BENV-2026-PESTE-SUINA-AFRICANA-84266-CINGHIALE,CASOLA IN LUNIGIANA,Toscana,Massa-Carrara,municipality_region,44.199961,10.175460,44.199961,10.175460,false
izs_benv_events.csv,BENV-2026-PESTE-SUINA-AFRICANA-84312-CINGHIALE,CASTELNUOVO DI GARFAGNANA,Toscana,Lucca,municipality_region,44.110022,10.411786,44.110022,10.411786,false
izs_benv_events.csv,BENV-2026-PESTE-SUINA-AFRICANA-84313-CINGHIALE,PIEVE FOSCIANA,Toscana,Lucca,municipality_region,44.132270,10.410797,44.132270,10.410797,false
izs_benv_events.csv,BENV-2026-PESTE-SUINA-AFRICANA-84325-CINGHIALE,CASOLA IN LUNIGIANA,Toscana,Massa-Carrara,municipality_region,44.199961,10.175460,44.199961,10.175460,false
izs_benv_events.csv,BENV-2026-PESTE-SUINA-AFRICANA-84334-CINGHIALE,FIVIZZANO,Toscana,Massa-Carrara,municipality_region,44.238350,10.125990,44.238350,10.125990,false
izs_benv_events.csv,BENV-2026-PESTE-SUINA-AFRICANA-84589-CINGHIALE,LICCIANA NARDI,Toscana,Massa-Carrara,municipality_region,44.264900,10.038437,44.264900,10.038437,false
izs_benv_events.csv,BENV-2026-PESTE-SUINA-AFRICANA-84665-CINGHIALE,BAGNONE,Toscana,Massa-Carrara,municipality_region,44.314739,9.994655,44.314739,9.994655,false
izs_benv_events.csv,BENV-2026-PESTE-SUINA-AFRICANA-83242-CINGHIALE,MULAZZO,Toscana,Massa-Carrara,municipality_region,44.315926,9.889626,44.315926,9.889626,false
izs_benv_events.csv,BENV-2026-PESTE-SUINA-AFRICANA-83296-CINGHIALE,FARINI,Emilia Romagna,Piacenza,municipality_region,44.712837,9.569286,44.712837,9.569286,false
izs_benv_events.csv,BENV-2026-PESTE-SUINA-AFRICANA-83056-CINGHIALE,VAGLI SOTTO,Toscana,Lucca,municipality_region,44.109248,10.288795,44.109248,10.288795,false
izs_benv_events.csv,BENV-2026-PESTE-SUINA-AFRICANA-83072-CINGHIALE,PIAZZA AL SERCHIO,Toscana,Lucca,municipality_region,44.183484,10.300924,44.183484,10.300924,false
izs_benv_events.csv,BENV-2026-PESTE-SUINA-AFRICANA-83076-CINGHIALE,FILATTIERA,Toscana,Massa-Carrara,municipality_region,44.330791,9.934823,44.330791,9.934823,false
izs_benv_events.csv,BENV-2026-PESTE-SUINA-AFRICANA-83078-CINGHIALE,FILATTIERA,Toscana,Massa-Carrara,municipality_region,44.330791,9.934823,44.330791,9.934823,false
izs_benv_events.csv,BENV-2026-PESTE-SUINA-AFRICANA-83166-CINGHIALE,TRESANA,Toscana,Massa-Carrara,municipality_region,44.254248,9.912885,44.254248,9.912885,false
izs_benv_events.csv,BENV-2026-PESTE-SUINA-AFRICANA-82772-CINGHIALE,VILLA COLLEMANDINA,Toscana,Lucca,municipality_region,44.158759,10.397742,44.158759,10.397742,false
izs_benv_events.csv,BENV-2026-PESTE-SUINA-AFRICANA-82785-CINGHIALE,VILLA COLLEMANDINA,Toscana,Lucca,municipality_region,44.158759,10.397742,44.158759,10.397742,false
izs_benv_events.csv,BENV-2026-PESTE-SUINA-AFRICANA-84017-CINGHIALE,CASOLA IN LUNIGIANA,Toscana,Massa-Carrara,municipality_region,44.199961,10.175460,44.199961,10.175460,false
izs_benv_events.csv,BENV-2026-PESTE-SUINA-AFRICANA-84112-CINGHIALE,DEGO,Liguria,Savona,municipality_region,44.443038,8.305947,44.443038,8.305947,false
izs_benv_events.csv,BENV-2026-PESTE-SUINA-AFRICANA-84134-CINGHIALE,ALSENO,Emilia Romagna,Piacenza,municipality_region,44.898364,9.961374,44.898364,9.961374,false
izs_benv_events.csv,BENV-2026-PESTE-SUINA-AFRICANA-83874-CINGHIALE,FARINI,Emilia Romagna,Piacenza,municipality_region,44.712837,9.569286,44.712837,9.569286,false
izs_benv_events.csv,BENV-2026-PESTE-SUINA-AFRICANA-83876-CINGHIALE,MEDESANO,Emilia Romagna,Parma,municipality_region,44.756699,10.140737,44.756699,10.140737,false
izs_benv_events.csv,BENV-2026-PESTE-SUINA-AFRICANA-84009-CINGHIALE,VAGLI SOTTO,Toscana,Lucca,municipality_region,44.109248,10.288795,44.109248,10.288795,false
izs_benv_events.csv,BENV-2026-PESTE-SUINA-AFRICANA-84013-CINGHIALE,LICCIANA NARDI,Toscana,Massa-Carrara,municipality_region,44.264900,10.038437,44.264900,10.038437,false
izs_benv_events.csv,BENV-2026-PESTE-SUINA-AFRICANA-84972-CINGHIALE,CAREGGINE,Toscana,Lucca,municipality_region,44.119949,10.325396,44.119949,10.325396,false
izs_benv_events.csv,BENV-2026-PESTE-SUINA-AFRICANA-85035-CINGHIALE,FIVIZZANO,Toscana,Massa-Carrara,municipality_region,44.238350,10.125990,44.238350,10.125990,false
izs_benv_events.csv,BENV-2026-PESTE-SUINA-AFRICANA-85053-CINGHIALE,CASTELNUOVO DI GARFAGNANA,Toscana,Lucca,municipality_region,44.110022,10.411786,44.110022,10.411786,false
izs_benv_events.csv,BENV-2026-PESTE-SUINA-AFRICANA-85054-CINGHIALE,CASTELNUOVO DI GARFAGNANA,Toscana,Lucca,municipality_region,44.110022,10.411786,44.110022,10.411786,false
izs_benv_events.csv,BENV-2026-PESTE-SUINA-AFRICANA-85057-CINGHIALE,FOSDINOVO,Toscana,Massa-Carrara,municipality_region,44.133820,10.018869,44.133820,10.018869,false
izs_benv_events.csv,BENV-2026-PESTE-SUINA-AFRICANA-84869-CINGHIALE,FOSCIANDORA,Toscana,Lucca,municipality_region,44.116476,10.459489,44.116476,10.459489,false
izs_benv_events.csv,BENV-2026-PESTE-SUINA-AFRICANA-84951-CINGHIALE,PODENZANA,Toscana,Massa-Carrara,municipality_region,44.206248,9.941986,44.206248,9.941986,false
izs_benv_events.csv,BENV-2026-PESTE-SUINA-AFRICANA-84966-CINGHIALE,CAREGGINE,Toscana,Lucca,municipality_region,44.119949,10.325396,44.119949,10.325396,false
izs_benv_events.csv,BENV-2026-PESTE-SUINA-AFRICANA-82850-CINGHIALE,CAMPORGIANO,Toscana,Lucca,municipality_region,44.158056,10.335151,44.158056,10.335151,false
izs_benv_events.csv,BENV-2026-PESTE-SUINA-AFRICANA-83725-CINGHIALE,CASTELL\'ARQUATO,Emilia Romagna,Piacenza,municipality_region,44.851180,9.867118,44.851180,9.867118,false
izs_benv_events.csv,BENV-2026-PESTE-SUINA-AFRICANA-83815-CINGHIALE,PIAZZA AL SERCHIO,Toscana,Lucca,municipality_region,44.183484,10.300924,44.183484,10.300924,false
izs_benv_events.csv,BENV-2026-PESTE-SUINA-AFRICANA-83539-CINGHIALE,SAN ROMANO IN GARFAGNANA,Toscana,Lucca,municipality_region,44.169669,10.347051,44.169669,10.347051,false
izs_benv_events.csv,BENV-2026-PESTE-SUINA-AFRICANA-83577-CINGHIALE,BAGNONE,Toscana,Massa-Carrara,municipality_region,44.314739,9.994655,44.314739,9.994655,false
izs_benv_events.csv,BENV-2026-PESTE-SUINA-AFRICANA-83684-CINGHIALE,PIAZZA AL SERCHIO,Toscana,Lucca,municipality_region,44.183484,10.300924,44.183484,10.300924,false
izs_benv_events.csv,BENV-2026-PESTE-SUINA-AFRICANA-84414-CINGHIALE,MEDESANO,Emilia Romagna,Parma,municipality_region,44.756699,10.140737,44.756699,10.140737,false
izs_benv_events.csv,BENV-2026-PESTE-SUINA-AFRICANA-84455-CINGHIALE,CAMPORGIANO,Toscana,Lucca,municipality_region,44.158056,10.335151,44.158056,10.335151,false
izs_benv_events.csv,BENV-2026-PESTE-SUINA-AFRICANA-84499-CINGHIALE,LICCIANA NARDI,Toscana,Massa-Carrara,municipality_region,44.264900,10.038437,44.264900,10.038437,false
izs_benv_events.csv,BENV-2026-PESTE-SUINA-AFRICANA-83395-CINGHIALE,MINUCCIANO,Toscana,Lucca,municipality_region,44.170449,10.207592,44.170449,10.207592,false
izs_benv_events.csv,BENV-2026-PESTE-SUINA-AFRICANA-84305-CINGHIALE,PIAZZA AL SERCHIO,Toscana,Lucca,municipality_region,44.183484,10.300924,44.183484,10.300924,false
izs_benv_events.csv,BENV-2026-PESTE-SUINA-AFRICANA-84324-CINGHIALE,FIVIZZANO,Toscana,Massa-Carrara,municipality_region,44.238350,10.125990,44.238350,10.125990,false
izs_benv_events.csv,BENV-2026-PESTE-SUINA-AFRICANA-84356-CINGHIALE,PIANA CRIXIA,Liguria,Savona,municipality_region,44.486179,8.306101,44.486179,8.306101,false
izs_benv_events.csv,BENV-2026-PESTE-SUINA-AFRICANA-84584-CINGHIALE,COMANO,Toscana,Massa-Carrara,municipality_region,44.293540,10.131165,44.293540,10.131165,false
izs_benv_events.csv,BENV-2026-PESTE-SUINA-AFRICANA-84646-CINGHIALE,FOSCIANDORA,Toscana,Lucca,municipality_region,44.116476,10.459489,44.116476,10.459489,false
izs_benv_events.csv,BENV-2026-PESTE-SUINA-AFRICANA-83272-CINGHIALE,SPIGNO MONFERRATO,Piemonte,Alessandria,municipality_region,44.543141,8.333946,44.543141,8.333946,false
izs_benv_events.csv,BENV-2026-PESTE-SUINA-AFRICANA-83278-CINGHIALE,SAN ROMANO IN GARFAGNANA,Toscana,Lucca,municipality_region,44.169669,10.347051,44.169669,10.347051,false
izs_benv_events.csv,BENV-2026-PESTE-SUINA-AFRICANA-83307-CINGHIALE,SASSELLO,Liguria,Savona,municipality_region,44.478970,8.490171,44.478970,8.490171,false
izs_benv_events.csv,BENV-2026-PESTE-SUINA-AFRICANA-83052-CINGHIALE,MINUCCIANO,Toscana,Lucca,municipality_region,44.170449,10.207592,44.170449,10.207592,false
izs_benv_events.csv,BENV-2026-PESTE-SUINA-AFRICANA-83135-CINGHIALE,VILLA COLLEMANDINA,Toscana,Lucca,municipality_region,44.158759,10.397742,44.158759,10.397742,false
izs_benv_events.csv,BENV-2026-PESTE-SUINA-AFRICANA-82751-CINGHIALE,VALMOZZOLA,Emilia Romagna,Parma,municipality_region,44.585508,9.869151,44.585508,9.869151,false
izs_benv_events.csv,BENV-2026-PESTE-SUINA-AFRICANA-82769-CINGHIALE,BAGNONE,Toscana,Massa-Carrara,municipality_region,44.314739,9.994655,44.314739,9.994655,false
izs_benv_events.csv,BENV-2026-PESTE-SUINA-AFRICANA-82787-CINGHIALE,VILLA COLLEMANDINA,Toscana,Lucca,municipality_region,44.158759,10.397742,44.158759,10.397742,false
izs_benv_events.csv,BENV-2026-PESTE-SUINA-AFRICANA-84066-CINGHIALE,MEDESANO,Emilia Romagna,Parma,municipality_region,44.756699,10.140737,44.756699,10.140737,false
izs_benv_events.csv,BENV-2026-PESTE-SUINA-AFRICANA-84136-CINGHIALE,DEGO,Liguria,Savona,municipality_region,44.443038,8.305947,44.443038,8.305947,false
izs_benv_events.csv,BENV-2026-PESTE-SUINA-AFRICANA-84152-CINGHIALE,MINUCCIANO,Toscana,Lucca,municipality_region,44.170449,10.207592,44.170449,10.207592,false
izs_benv_events.csv,BENV-2026-PESTE-SUINA-AFRICANA-84165-CINGHIALE,CAIRO MONTENOTTE,Liguria,Savona,municipality_region,44.399268,8.274561,44.399268,8.274561,false
izs_benv_events.csv,BENV-2026-PESTE-SUINA-AFRICANA-83902-CINGHIALE,CORNIGLIO,Emilia Romagna,Parma,municipality_region,44.475900,10.088926,44.475900,10.088926,false
izs_benv_events.csv,BENV-2026-PESTE-SUINA-AFRICANA-83910-CINGHIALE,VILLA COLLEMANDINA,Toscana,Lucca,municipality_region,44.158759,10.397742,44.158759,10.397742,false
izs_benv_events.csv,BENV-2026-PESTE-SUINA-AFRICANA-83975-CINGHIALE,MEDESANO,Emilia Romagna,Parma,municipality_region,44.756699,10.140737,44.756699,10.140737,false
izs_benv_events.csv,BENV-2026-PESTE-SUINA-AFRICANA-84010-CINGHIALE,CAMPORGIANO,Toscana,Lucca,municipality_region,44.158056,10.335151,44.158056,10.335151,false
izs_benv_events.csv,BENV-2026-PESTE-SUINA-AFRICANA-84973-CINGHIALE,FOSDINOVO,Toscana,Massa-Carrara,municipality_region,44.133820,10.018869,44.133820,10.018869,false
izs_benv_events.csv,BENV-2026-PESTE-SUINA-AFRICANA-85055-CINGHIALE,CARRARA,Toscana,Massa-Carrara,municipality_region,44.079180,10.102353,44.079180,10.102353,false
izs_benv_events.csv,BENV-2026-PESTE-SUINA-AFRICANA-85140-CINGHIALE,CAREGGINE,Toscana,Lucca,municipality_region,44.119949,10.325396,44.119949,10.325396,false
izs_benv_events.csv,BENV-2026-PESTE-SUINA-AFRICANA-85143-CINGHIALE,VAGLI SOTTO,Toscana,Lucca,municipality_region,44.109248,10.288795,44.109248,10.288795,false
izs_benv_events.csv,BENV-2026-PESTE-SUINA-AFRICANA-84876-CINGHIALE,COMANO,Toscana,Massa-Carrara,municipality_region,44.293540,10.131165,44.293540,10.131165,false
izs_benv_events.csv,BENV-2026-PESTE-SUINA-AFRICANA-84963-CINGHIALE,CAREGGINE,Toscana,Lucca,municipality_region,44.119949,10.325396,44.119949,10.325396,false
izs_benv_events.csv,BENV-2026-PESTE-SUINA-AFRICANA-84965-CINGHIALE,CAREGGINE,Toscana,Lucca,municipality_region,44.119949,10.325396,44.119949,10.325396,false
izs_benv_events.csv,BENV-2026-PESTE-SUINA-AFRICANA-82804-CINGHIALE,ROMAGNESE,Lombardia,Pavia,municipality_region,44.839480,9.330068,44.839480,9.330068,false
izs_benv_events.csv,BENV-2026-PESTE-SUINA-AFRICANA-82846-CINGHIALE,VILLA COLLEMANDINA,Toscana,Lucca,municipality_region,44.158759,10.397742,44.158759,10.397742,false
izs_benv_events.csv,BENV-2026-PESTE-SUINA-AFRICANA-83695-CINGHIALE,VAGLI SOTTO,Toscana,Lucca,municipality_region,44.109248,10.288795,44.109248,10.288795,false
izs_benv_events.csv,BENV-2026-PESTE-SUINA-AFRICANA-83698-CINGHIALE,VAGLI SOTTO,Toscana,Lucca,municipality_region,44.109248,10.288795,44.109248,10.288795,false
izs_benv_events.csv,BENV-2026-PESTE-SUINA-AFRICANA-83793-CINGHIALE,VAGLI SOTTO,Toscana,Lucca,municipality_region,44.109248,10.288795,44.109248,10.288795,false
izs_benv_events.csv,BENV-2026-PESTE-SUINA-AFRICANA-83800-CINGHIALE,VILLA COLLEMANDINA,Toscana,Lucca,municipality_region,44.158759,10.397742,44.158759,10.397742,false
izs_benv_events.csv,BENV-2026-PESTE-SUINA-AFRICANA-83536-CINGHIALE,SAN ROMANO IN GARFAGNANA,Toscana,Lucca,municipality_region,44.169669,10.347051,44.169669,10.347051,false
izs_benv_events.csv,BENV-2026-PESTE-SUINA-AFRICANA-83542-CINGHIALE,CORNIGLIO,Emilia Romagna,Parma,municipality_region,44.475900,10.088926,44.475900,10.088926,false
izs_benv_events.csv,BENV-2026-PESTE-SUINA-AFRICANA-83586-CINGHIALE,VILLA COLLEMANDINA,Toscana,Lucca,municipality_region,44.158759,10.397742,44.158759,10.397742,false
izs_benv_events.csv,BENV-2026-PESTE-SUINA-AFRICANA-83685-CINGHIALE,VAGLI SOTTO,Toscana,Lucca,municipality_region,44.109248,10.288795,44.109248,10.288795,false
izs_benv_events.csv,BENV-2026-PESTE-SUINA-AFRICANA-83689-CINGHIALE,CAREGGINE,Toscana,Lucca,municipality_region,44.119949,10.325396,44.119949,10.325396,false
izs_benv_events.csv,BENV-2026-PESTE-SUINA-AFRICANA-83690-CINGHIALE,CAMPORGIANO,Toscana,Lucca,municipality_region,44.158056,10.335151,44.158056,10.335151,false
izs_benv_events.csv,BENV-2026-PESTE-SUINA-AFRICANA-85254-CINGHIALE,ARGUELLO,Piemonte,Cuneo,municipality_region,44.582740,8.110840,44.582740,8.110840,false
izs_benv_events.csv,BENV-2026-PESTE-SUINA-AFRICANA-84443-CINGHIALE,PIAZZA AL SERCHIO,Toscana,Lucca,municipality_region,44.183484,10.300924,44.183484,10.300924,false
izs_benv_events.csv,BENV-2026-PESTE-SUINA-AFRICANA-84454-CINGHIALE,CAMPORGIANO,Toscana,Lucca,municipality_region,44.158056,10.335151,44.158056,10.335151,false
izs_benv_events.csv,BENV-2026-PESTE-SUINA-AFRICANA-84457-CINGHIALE,SAN ROMANO IN GARFAGNANA,Toscana,Lucca,municipality_region,44.169669,10.347051,44.169669,10.347051,false
izs_benv_events.csv,BENV-2026-PESTE-SUINA-AFRICANA-84458-CINGHIALE,PIANA CRIXIA,Liguria,Savona,municipality_region,44.486179,8.306101,44.486179,8.306101,false
izs_benv_events.csv,BENV-2026-PESTE-SUINA-AFRICANA-84476-CINGHIALE,MEDESANO,Emilia Romagna,Parma,municipality_region,44.756699,10.140737,44.756699,10.140737,false
izs_benv_events.csv,BENV-2026-PESTE-SUINA-AFRICANA-84255-CINGHIALE,SAN ROMANO IN GARFAGNANA,Toscana,Lucca,municipality_region,44.169669,10.347051,44.169669,10.347051,false
izs_benv_events.csv,BENV-2026-PESTE-SUINA-AFRICANA-84335-CINGHIALE,FIVIZZANO,Toscana,Massa-Carrara,municipality_region,44.238350,10.125990,44.238350,10.125990,false
izs_benv_events.csv,BENV-2026-PESTE-SUINA-AFRICANA-83177-CINGHIALE,CAMPORGIANO,Toscana,Lucca,municipality_region,44.158056,10.335151,44.158056,10.335151,false
izs_benv_events.csv,BENV-2026-PESTE-SUINA-AFRICANA-83241-CINGHIALE,FILATTIERA,Toscana,Massa-Carrara,municipality_region,44.330791,9.934823,44.330791,9.934823,false
izs_benv_events.csv,BENV-2026-PESTE-SUINA-AFRICANA-83292-CINGHIALE,LICCIANA NARDI,Toscana,Massa-Carrara,municipality_region,44.264900,10.038437,44.264900,10.038437,false
izs_benv_events.csv,BENV-2026-PESTE-SUINA-AFRICANA-83297-CINGHIALE,LUGAGNANO VAL D\'ARDA,Emilia Romagna,Piacenza,municipality_region,44.821994,9.828482,44.821994,9.828482,false
izs_benv_events.csv,BENV-2026-PESTE-SUINA-AFRICANA-83053-CINGHIALE,VILLA COLLEMANDINA,Toscana,Lucca,municipality_region,44.158759,10.397742,44.158759,10.397742,false
izs_benv_events.csv,BENV-2026-PESTE-SUINA-AFRICANA-83107-CINGHIALE,SASSELLO,Liguria,Savona,municipality_region,44.478970,8.490171,44.478970,8.490171,false
izs_benv_events.csv,BENV-2026-PESTE-SUINA-AFRICANA-83133-CINGHIALE,VAGLI SOTTO,Toscana,Lucca,municipality_region,44.109248,10.288795,44.109248,10.288795,false
izs_benv_events.csv,BENV-2026-PESTE-SUINA-AFRICANA-84100-CINGHIALE,BAGNONE,Toscana,Massa-Carrara,municipality_region,44.314739,9.994655,44.314739,9.994655,false
izs_benv_events.csv,BENV-2026-PESTE-SUINA-AFRICANA-83904-CINGHIALE,VILLA COLLEMANDINA,Toscana,Lucca,municipality_region,44.158759,10.397742,44.158759,10.397742,false
izs_benv_events.csv,BENV-2026-PESTE-SUINA-AFRICANA-83916-CINGHIALE,CAMPORGIANO,Toscana,Lucca,municipality_region,44.158056,10.335151,44.158056,10.335151,false
izs_benv_events.csv,BENV-2026-PESTE-SUINA-AFRICANA-83951-CINGHIALE,SILLANO GIUNCUGNANO,Toscana,Lucca,municipality_region,44.254506,10.315717,44.254506,10.315717,false
izs_benv_events.csv,BENV-2026-PESTE-SUINA-AFRICANA-83959-CINGHIALE,DEGO,Liguria,Savona,municipality_region,44.443038,8.305947,44.443038,8.305947,false
izs_benv_events.csv,BENV-2026-PESTE-SUINA-AFRICANA-85033-CINGHIALE,FIVIZZANO,Toscana,Massa-Carrara,municipality_region,44.238350,10.125990,44.238350,10.125990,false
izs_benv_events.csv,BENV-2026-PESTE-SUINA-AFRICANA-85058-CINGHIALE,FOSDINOVO,Toscana,Massa-Carrara,municipality_region,44.133820,10.018869,44.133820,10.018869,false
izs_benv_events.csv,BENV-2026-PESTE-SUINA-AFRICANA-82816-CINGHIALE,CORNIGLIO,Emilia Romagna,Parma,municipality_region,44.475900,10.088926,44.475900,10.088926,false
izs_benv_events.csv,BENV-2026-PESTE-SUINA-AFRICANA-82865-CINGHIALE,LICCIANA NARDI,Toscana,Massa-Carrara,municipality_region,44.264900,10.038437,44.264900,10.038437,false
izs_benv_events.csv,BENV-2026-PESTE-SUINA-AFRICANA-82875-CINGHIALE,SASSELLO,Liguria,Savona,municipality_region,44.478970,8.490171,44.478970,8.490171,false
izs_benv_events.csv,BENV-2026-PESTE-SUINA-AFRICANA-83025-CINGHIALE,MULAZZO,Toscana,Massa-Carrara,municipality_region,44.315926,9.889626,44.315926,9.889626,false
izs_benv_events.csv,BENV-2026-PESTE-SUINA-AFRICANA-83694-CINGHIALE,MINUCCIANO,Toscana,Lucca,municipality_region,44.170449,10.207592,44.170449,10.207592,false
izs_benv_events.csv,BENV-2026-PESTE-SUINA-AFRICANA-83783-CINGHIALE,FRASSINORO,Emilia Romagna,Modena,municipality_region,44.295555,10.570198,44.295555,10.570198,false
izs_benv_events.csv,BENV-2026-PESTE-SUINA-AFRICANA-83821-CINGHIALE,PIAZZA AL SERCHIO,Toscana,Lucca,municipality_region,44.183484,10.300924,44.183484,10.300924,false
izs_benv_events.csv,BENV-2026-PESTE-SUINA-AFRICANA-83534-CINGHIALE,CASTELNUOVO DI GARFAGNANA,Toscana,Lucca,municipality_region,44.110022,10.411786,44.110022,10.411786,false
izs_benv_events.csv,BENV-2026-PESTE-SUINA-AFRICANA-83647-CINGHIALE,BAGNONE,Toscana,Massa-Carrara,municipality_region,44.314739,9.994655,44.314739,9.994655,false
izs_benv_events.csv,BENV-2026-PESTE-SUINA-AFRICANA-83678-CINGHIALE,BAGNONE,Toscana,Massa-Carrara,municipality_region,44.314739,9.994655,44.314739,9.994655,false
izs_benv_events.csv,BENV-2026-PESTE-SUINA-AFRICANA-83683-CINGHIALE,CAREGGINE,Toscana,Lucca,municipality_region,44.119949,10.325396,44.119949,10.325396,false
izs_benv_events.csv,BENV-2026-PESTE-SUINA-AFRICANA-84376-CINGHIALE,MINUCCIANO,Toscana,Lucca,municipality_region,44.170449,10.207592,44.170449,10.207592,false
izs_benv_events.csv,BENV-2026-PESTE-SUINA-AFRICANA-84384-CINGHIALE,PONTI,Piemonte,Alessandria,municipality_region,44.627476,8.365390,44.627476,8.365390,false
izs_benv_events.csv,BENV-2026-PESTE-SUINA-AFRICANA-84413-CINGHIALE,MEDESANO,Emilia Romagna,Parma,municipality_region,44.756699,10.140737,44.756699,10.140737,false
izs_benv_events.csv,BENV-2026-PESTE-SUINA-AFRICANA-84501-CINGHIALE,PIANA CRIXIA,Liguria,Savona,municipality_region,44.486179,8.306101,44.486179,8.306101,false
izs_benv_events.csv,BENV-2026-PESTE-SUINA-AFRICANA-83398-CINGHIALE,MINUCCIANO,Toscana,Lucca,municipality_region,44.170449,10.207592,44.170449,10.207592,false
izs_benv_events.csv,BENV-2026-PESTE-SUINA-AFRICANA-84242-CINGHIALE,CAMPORGIANO,Toscana,Lucca,municipality_region,44.158056,10.335151,44.158056,10.335151,false
izs_benv_events.csv,BENV-2026-PESTE-SUINA-AFRICANA-84304-CINGHIALE,CAMPORGIANO,Toscana,Lucca,municipality_region,44.158056,10.335151,44.158056,10.335151,false
izs_benv_events.csv,BENV-2026-PESTE-SUINA-AFRICANA-84311-CINGHIALE,PIAZZA AL SERCHIO,Toscana,Lucca,municipality_region,44.183484,10.300924,44.183484,10.300924,false
izs_benv_events.csv,BENV-2026-PESTE-SUINA-AFRICANA-84315-CINGHIALE,PIEVE FOSCIANA,Toscana,Lucca,municipality_region,44.132270,10.410797,44.132270,10.410797,false
izs_benv_events.csv,BENV-2026-PESTE-SUINA-AFRICANA-84872-CINGHIALE,CASTELNUOVO DI GARFAGNANA,Toscana,Lucca,municipality_region,44.110022,10.411786,44.110022,10.411786,false
izs_benv_events.csv,BENV-2026-PESTE-SUINA-AFRICANA-84969-CINGHIALE,CAREGGINE,Toscana,Lucca,municipality_region,44.119949,10.325396,44.119949,10.325396,false
izs_benv_events.csv,BENV-2026-PESTE-SUINA-AFRICANA-82839-CINGHIALE,FIVIZZANO,Toscana,Massa-Carrara,municipality_region,44.238350,10.125990,44.238350,10.125990,false
izs_benv_events.csv,BENV-2026-PESTE-SUINA-AFRICANA-82854-CINGHIALE,SAN ROMANO IN GARFAGNANA,Toscana,Lucca,municipality_region,44.169669,10.347051,44.169669,10.347051,false
izs_benv_events.csv,BENV-2026-PESTE-SUINA-AFRICANA-83720-CINGHIALE,BAGNONE,Toscana,Massa-Carrara,municipality_region,44.314739,9.994655,44.314739,9.994655,false
izs_benv_events.csv,BENV-2026-PESTE-SUINA-AFRICANA-83786-CINGHIALE,VAGLI SOTTO,Toscana,Lucca,municipality_region,44.109248,10.288795,44.109248,10.288795,false
izs_benv_events.csv,BENV-2026-PESTE-SUINA-AFRICANA-83638-CINGHIALE,BAGNONE,Toscana,Massa-Carrara,municipality_region,44.314739,9.994655,44.314739,9.994655,false
izs_benv_events.csv,BENV-2026-PESTE-SUINA-AFRICANA-83639-CINGHIALE,TRESANA,Toscana,Massa-Carrara,municipality_region,44.254248,9.912885,44.254248,9.912885,false
izs_benv_events.csv,BENV-2026-PESTE-SUINA-AFRICANA-83677-CINGHIALE,VILLAFRANCA IN LUNIGIANA,Toscana,Massa-Carrara,municipality_region,44.294670,9.949656,44.294670,9.949656,false
izs_benv_events.csv,BENV-2026-PESTE-SUINA-AFRICANA-83681-CINGHIALE,MULAZZO,Toscana,Massa-Carrara,municipality_region,44.315926,9.889626,44.315926,9.889626,false
izs_benv_events.csv,BENV-2026-PESTE-SUINA-AFRICANA-84377-CINGHIALE,CAMPORGIANO,Toscana,Lucca,municipality_region,44.158056,10.335151,44.158056,10.335151,false
izs_benv_events.csv,BENV-2026-PESTE-SUINA-AFRICANA-84383-CINGHIALE,PONTI,Piemonte,Alessandria,municipality_region,44.627476,8.365390,44.627476,8.365390,false
izs_benv_events.csv,BENV-2026-PESTE-SUINA-AFRICANA-84407-CINGHIALE,SAN ROMANO IN GARFAGNANA,Toscana,Lucca,municipality_region,44.169669,10.347051,44.169669,10.347051,false
izs_benv_events.csv,BENV-2026-PESTE-SUINA-AFRICANA-84445-CINGHIALE,CAMPORGIANO,Toscana,Lucca,municipality_region,44.158056,10.335151,44.158056,10.335151,false
izs_benv_events.csv,BENV-2026-PESTE-SUINA-AFRICANA-84446-CINGHIALE,CAMPORGIANO,Toscana,Lucca,municipality_region,44.158056,10.335151,44.158056,10.335151,false
izs_benv_events.csv,BENV-2026-PESTE-SUINA-AFRICANA-84451-CINGHIALE,SALA BAGANZA,Emilia Romagna,Parma,municipality_region,44.713950,10.226334,44.713950,10.226334,false
izs_benv_events.csv,BENV-2026-PESTE-SUINA-AFRICANA-84475-CINGHIALE,MEDESANO,Emilia Romagna,Parma,municipality_region,44.756699,10.140737,44.756699,10.140737,false
izs_benv_events.csv,BENV-2026-PESTE-SUINA-AFRICANA-84489-CINGHIALE,SAN ROMANO IN GARFAGNANA,Toscana,Lucca,municipality_region,44.169669,10.347051,44.169669,10.347051,false
izs_benv_events.csv,BENV-2026-PESTE-SUINA-AFRICANA-84523-CINGHIALE,PIANA CRIXIA,Liguria,Savona,municipality_region,44.486179,8.306101,44.486179,8.306101,false
izs_benv_events.csv,BENV-2026-PESTE-SUINA-AFRICANA-83424-CINGHIALE,COMANO,Toscana,Massa-Carrara,municipality_region,44.293540,10.131165,44.293540,10.131165,false
izs_benv_events.csv,BENV-2026-PESTE-SUINA-AFRICANA-83469-CINGHIALE,SASSELLO,Liguria,Savona,municipality_region,44.478970,8.490171,44.478970,8.490171,false
izs_benv_events.csv,BENV-2026-PESTE-SUINA-AFRICANA-83484-CINGHIALE,CAMPORGIANO,Toscana,Lucca,municipality_region,44.158056,10.335151,44.158056,10.335151,false
izs_benv_events.csv,BENV-2026-PESTE-SUINA-AFRICANA-83518-CINGHIALE,PIAZZA AL SERCHIO,Toscana,Lucca,municipality_region,44.183484,10.300924,44.183484,10.300924,false
izs_benv_events.csv,BENV-2026-PESTE-SUINA-AFRICANA-83520-CINGHIALE,PIAZZA AL SERCHIO,Toscana,Lucca,municipality_region,44.183484,10.300924,44.183484,10.300924,false
izs_benv_events.csv,BENV-2026-PESTE-SUINA-AFRICANA-84257-CINGHIALE,SILLANO GIUNCUGNANO,Toscana,Lucca,municipality_region,44.254506,10.315717,44.254506,10.315717,false
izs_benv_events.csv,BENV-2026-PESTE-SUINA-AFRICANA-84336-CINGHIALE,TRESANA,Toscana,Massa-Carrara,municipality_region,44.254248,9.912885,44.254248,9.912885,false
izs_benv_events.csv,BENV-2026-PESTE-SUINA-AFRICANA-84572-CINGHIALE,CAMPORGIANO,Toscana,Lucca,municipality_region,44.158056,10.335151,44.158056,10.335151,false
izs_benv_events.csv,BENV-2026-PESTE-SUINA-AFRICANA-84645-CINGHIALE,VAGLI SOTTO,Toscana,Lucca,municipality_region,44.109248,10.288795,44.109248,10.288795,false
izs_benv_events.csv,BENV-2026-PESTE-SUINA-AFRICANA-83093-CINGHIALE,BETTOLA,Emilia Romagna,Piacenza,municipality_region,44.776446,9.606280,44.776446,9.606280,false
izs_benv_events.csv,BENV-2026-PESTE-SUINA-AFRICANA-82721-CINGHIALE,SASSELLO,Liguria,Savona,municipality_region,44.478970,8.490171,44.478970,8.490171,false
izs_benv_events.csv,BENV-2026-PESTE-SUINA-AFRICANA-84018-CINGHIALE,PODENZANA,Toscana,Massa-Carrara,municipality_region,44.206248,9.941986,44.206248,9.941986,false
izs_benv_events.csv,BENV-2026-PESTE-SUINA-AFRICANA-84983-CINGHIALE,PEZZOLO VALLE UZZONE,Piemonte,Cuneo,municipality_region,44.538740,8.193943,44.538740,8.193943,false
izs_benv_events.csv,BENV-2026-PESTE-SUINA-AFRICANA-84997-CINGHIALE,MOLAZZANA,Toscana,Lucca,municipality_region,44.071749,10.417799,44.071749,10.417799,false
izs_benv_events.csv,BENV-2026-PESTE-SUINA-AFRICANA-84716-CINGHIALE,MONASTERO BORMIDA,Piemonte,Asti,municipality_region,44.648543,8.326643,44.648543,8.326643,false
izs_benv_events.csv,BENV-2026-PESTE-SUINA-AFRICANA-84836-CINGHIALE,CASTELNUOVO DI GARFAGNANA,Toscana,Lucca,municipality_region,44.110022,10.411786,44.110022,10.411786,false
izs_benv_events.csv,BENV-2026-PESTE-SUINA-AFRICANA-84879-CINGHIALE,LICCIANA NARDI,Toscana,Massa-Carrara,municipality_region,44.264900,10.038437,44.264900,10.038437,false
izs_benv_events.csv,BENV-2026-PESTE-SUINA-AFRICANA-84099-CINGHIALE,DEIVA MARINA,Liguria,La Spezia,municipality_region,44.218231,9.520046,44.218231,9.520046,false
izs_benv_events.csv,BENV-2026-PESTE-SUINA-AFRICANA-84104-CINGHIALE,DEIVA MARINA,Liguria,La Spezia,municipality_region,44.218231,9.520046,44.218231,9.520046,false
izs_benv_events.csv,BENV-2026-PESTE-SUINA-AFRICANA-84120-CINGHIALE,CAMPOMORONE,Liguria,Genova,municipality_region,44.507337,8.890110,44.507337,8.890110,false
izs_benv_events.csv,BENV-2026-PESTE-SUINA-AFRICANA-83830-CINGHIALE,CERANESI,Liguria,Genova,municipality_region,44.511270,8.878941,44.511270,8.878941,false
izs_benv_events.csv,BENV-2026-PESTE-SUINA-AFRICANA-84000-CINGHIALE,RECCO,Liguria,Genova,municipality_region,44.365240,9.146300,44.365240,9.146300,false
izs_benv_events.csv,BENV-2026-PESTE-SUINA-AFRICANA-84988-CINGHIALE,VENTASSO,Emilia Romagna,Reggio nell'Emilia,municipality_region,44.368830,10.269310,44.368830,10.269310,false
izs_benv_events.csv,BENV-2026-PESTE-SUINA-AFRICANA-84913-CINGHIALE,PIANA CRIXIA,Liguria,Savona,municipality_region,44.486179,8.306101,44.486179,8.306101,false
izs_benv_events.csv,BENV-2026-PESTE-SUINA-AFRICANA-85804-CINGHIALE,CENGIO,Liguria,Savona,municipality_region,44.390259,8.207952,44.390259,8.207952,false
izs_benv_events.csv,BENV-2026-PESTE-SUINA-AFRICANA-85005-CINGHIALE,FELINO,Emilia Romagna,Parma,municipality_region,44.696587,10.237205,44.696587,10.237205,false
izs_benv_events.csv,BENV-2026-PESTE-SUINA-AFRICANA-85075-CINGHIALE,VENTASSO,Emilia Romagna,Reggio nell'Emilia,municipality_region,44.368830,10.269310,44.368830,10.269310,false
izs_benv_events.csv,BENV-2026-PESTE-SUINA-AFRICANA-85124-CINGHIALE,FIVIZZANO,Toscana,Massa-Carrara,municipality_region,44.238350,10.125990,44.238350,10.125990,false
izs_benv_events.csv,BENV-2026-PESTE-SUINA-AFRICANA-85454-CINGHIALE,BAGNONE,Toscana,Massa-Carrara,municipality_region,44.314739,9.994655,44.314739,9.994655,false
izs_benv_events.csv,BENV-2026-PESTE-SUINA-AFRICANA-85154-CINGHIALE,FIVIZZANO,Toscana,Massa-Carrara,municipality_region,44.238350,10.125990,44.238350,10.125990,false
izs_benv_events.csv,BENV-2026-PESTE-SUINA-AFRICANA-85263-CINGHIALE,FIVIZZANO,Toscana,Massa-Carrara,municipality_region,44.238350,10.125990,44.238350,10.125990,false
izs_benv_events.csv,BENV-2026-PESTE-SUINA-AFRICANA-85521-CINGHIALE,PALANZANO,Emilia Romagna,Parma,municipality_region,44.437437,10.194462,44.437437,10.194462,false
izs_benv_events.csv,BENV-2026-PESTE-SUINA-AFRICANA-85654-CINGHIALE,CALICE AL CORNOVIGLIO,Liguria,La Spezia,municipality_region,44.243152,9.836671,44.243152,9.836671,false
izs_benv_events.csv,BENV-2026-PESTE-SUINA-AFRICANA-85668-CINGHIALE,VENTASSO,Emilia Romagna,Reggio nell'Emilia,municipality_region,44.368830,10.269310,44.368830,10.269310,false
izs_benv_events.csv,BENV-2026-PESTE-SUINA-AFRICANA-84483-CINGHIALE,GENOVA,Liguria,Genova,municipality_region,44.407260,8.933862,44.407260,8.933862,false
izs_benv_events.csv,BENV-2026-PESTE-SUINA-AFRICANA-85771-CINGHIALE,CENGIO,Liguria,Savona,municipality_region,44.390259,8.207952,44.390259,8.207952,false
izs_benv_events.csv,BENV-2026-PESTE-SUINA-AFRICANA-85916-CINGHIALE,VENTASSO,Emilia Romagna,Reggio nell'Emilia,municipality_region,44.368830,10.269310,44.368830,10.269310,false
izs_benv_events.csv,BENV-2026-PESTE-SUINA-AFRICANA-83082-CINGHIALE,SERRA RICCO\',Liguria,Genova,municipality_region,44.518713,8.951623,44.518713,8.951623,false
izs_benv_events.csv,BENV-2026-PESTE-SUINA-AFRICANA-82752-CINGHIALE,ROCCHETTA DI VARA,Liguria,La Spezia,municipality_region,44.251273,9.757284,44.251273,9.757284,false
izs_benv_events.csv,BENV-2026-PESTE-SUINA-AFRICANA-84043-CINGHIALE,RAPALLO,Liguria,Genova,municipality_region,44.351147,9.229671,44.351147,9.229671,false
izs_benv_events.csv,BENV-2026-PESTE-SUINA-AFRICANA-85121-CINGHIALE,VARAZZE,Liguria,Savona,municipality_region,44.359300,8.575327,44.359300,8.575327,false
izs_benv_events.csv,BENV-2026-PESTE-SUINA-AFRICANA-85131-CINGHIALE,MULAZZO,Toscana,Massa-Carrara,municipality_region,44.315926,9.889626,44.315926,9.889626,false
izs_benv_events.csv,BENV-2026-PESTE-SUINA-AFRICANA-85136-CINGHIALE,PODENZANA,Toscana,Massa-Carrara,municipality_region,44.206248,9.941986,44.206248,9.941986,false
izs_benv_events.csv,BENV-2026-PESTE-SUINA-AFRICANA-84865-CINGHIALE,GENOVA,Liguria,Genova,municipality_region,44.407260,8.933862,44.407260,8.933862,false
izs_benv_events.csv,BENV-2026-PESTE-SUINA-AFRICANA-85338-CINGHIALE,MONCHIO DELLE CORTI,Emilia Romagna,Parma,municipality_region,44.412955,10.124190,44.412955,10.124190,false
izs_benv_events.csv,BENV-2026-PESTE-SUINA-AFRICANA-85486-CINGHIALE,PIANA CRIXIA,Liguria,Savona,municipality_region,44.486179,8.306101,44.486179,8.306101,false
izs_benv_events.csv,BENV-2026-PESTE-SUINA-AFRICANA-83781-CINGHIALE,BOLANO,Liguria,La Spezia,municipality_region,44.187649,9.895616,44.187649,9.895616,false
izs_benv_events.csv,BENV-2026-PESTE-SUINA-AFRICANA-83832-CINGHIALE,SERRA RICCO\',Liguria,Genova,municipality_region,44.518713,8.951623,44.518713,8.951623,false
izs_benv_events.csv,BENV-2026-PESTE-SUINA-AFRICANA-83571-CINGHIALE,CARRO,Liguria,La Spezia,municipality_region,44.272824,9.607479,44.272824,9.607479,false
izs_benv_events.csv,BENV-2026-PESTE-SUINA-AFRICANA-85194-CINGHIALE,FIVIZZANO,Toscana,Massa-Carrara,municipality_region,44.238350,10.125990,44.238350,10.125990,false
izs_benv_events.csv,BENV-2026-PESTE-SUINA-AFRICANA-85239-CINGHIALE,VENTASSO,Emilia Romagna,Reggio nell'Emilia,municipality_region,44.368830,10.269310,44.368830,10.269310,false
izs_benv_events.csv,BENV-2026-PESTE-SUINA-AFRICANA-85260-CINGHIALE,MULAZZO,Toscana,Massa-Carrara,municipality_region,44.315926,9.889626,44.315926,9.889626,false
izs_benv_events.csv,BENV-2026-PESTE-SUINA-AFRICANA-85506-CINGHIALE,FANANO,Emilia Romagna,Modena,municipality_region,44.207737,10.793837,44.207737,10.793837,false
izs_benv_events.csv,BENV-2026-PESTE-SUINA-AFRICANA-84484-CINGHIALE,GENOVA,Liguria,Genova,municipality_region,44.407260,8.933862,44.407260,8.933862,false
izs_benv_events.csv,BENV-2026-PESTE-SUINA-AFRICANA-85872-CINGHIALE,VENTASSO,Emilia Romagna,Reggio nell'Emilia,municipality_region,44.368830,10.269310,44.368830,10.269310,false
izs_benv_events.csv,BENV-2026-PESTE-SUINA-AFRICANA-85915-CINGHIALE,FANANO,Emilia Romagna,Modena,municipality_region,44.207737,10.793837,44.207737,10.793837,false
izs_benv_events.csv,BENV-2026-PESTE-SUINA-AFRICANA-83382-CINGHIALE,SERRA RICCO\',Liguria,Genova,municipality_region,44.518713,8.951623,44.518713,8.951623,false
izs_benv_events.csv,BENV-2026-PESTE-SUINA-AFRICANA-83411-CINGHIALE,ZOAGLI,Liguria,Genova,municipality_region,44.336762,9.266956,44.336762,9.266956,false
izs_benv_events.csv,BENV-2026-PESTE-SUINA-AFRICANA-84689-CINGHIALE,DEIVA MARINA,Liguria,La Spezia,municipality_region,44.218231,9.520046,44.218231,9.520046,false
izs_benv_events.csv,BENV-2026-PESTE-SUINA-AFRICANA-83304-CINGHIALE,BEVERINO,Liguria,La Spezia,municipality_region,44.205951,9.785730,44.205951,9.785730,false
izs_benv_events.csv,BENV-2026-PESTE-SUINA-AFRICANA-82748-CINGHIALE,ROCCHETTA DI VARA,Liguria,La Spezia,municipality_region,44.251273,9.757284,44.251273,9.757284,false
izs_benv_events.csv,BENV-2026-PESTE-SUINA-AFRICANA-84106-CINGHIALE,DEIVA MARINA,Liguria,La Spezia,municipality_region,44.218231,9.520046,44.218231,9.520046,false
izs_benv_events.csv,BENV-2026-PESTE-SUINA-AFRICANA-85156-CINGHIALE,FIVIZZANO,Toscana,Massa-Carrara,municipality_region,44.238350,10.125990,44.238350,10.125990,false
izs_benv_events.csv,BENV-2026-PESTE-SUINA-AFRICANA-85209-CINGHIALE,VENTASSO,Emilia Romagna,Reggio nell'Emilia,municipality_region,44.368830,10.269310,44.368830,10.269310,false
izs_benv_events.csv,BENV-2026-PESTE-SUINA-AFRICANA-85216-CINGHIALE,GENOVA,Liguria,Genova,municipality_region,44.407260,8.933862,44.407260,8.933862,false
izs_benv_events.csv,BENV-2026-PESTE-SUINA-AFRICANA-85325-CINGHIALE,FIVIZZANO,Toscana,Massa-Carrara,municipality_region,44.238350,10.125990,44.238350,10.125990,false
izs_benv_events.csv,BENV-2026-PESTE-SUINA-AFRICANA-85524-CINGHIALE,FIVIZZANO,Toscana,Massa-Carrara,municipality_region,44.238350,10.125990,44.238350,10.125990,false
izs_benv_events.csv,BENV-2026-PESTE-SUINA-AFRICANA-85568-CINGHIALE,MONCHIO DELLE CORTI,Emilia Romagna,Parma,municipality_region,44.412955,10.124190,44.412955,10.124190,false
izs_benv_events.csv,BENV-2026-PESTE-SUINA-AFRICANA-85730-CINGHIALE,GENOVA,Liguria,Genova,municipality_region,44.407260,8.933862,44.407260,8.933862,false
izs_benv_events.csv,BENV-2026-PESTE-SUINA-AFRICANA-85751-CINGHIALE,PALANZANO,Emilia Romagna,Parma,municipality_region,44.437437,10.194462,44.437437,10.194462,false
izs_benv_events.csv,BENV-2026-PESTE-SUINA-AFRICANA-85765-CINGHIALE,BARGA,Toscana,Lucca,municipality_region,44.073918,10.484263,44.073918,10.484263,false
izs_benv_events.csv,BENV-2026-PESTE-SUINA-AFRICANA-85885-CINGHIALE,ALSENO,Emilia Romagna,Piacenza,municipality_region,44.898364,9.961374,44.898364,9.961374,false
izs_benv_events.csv,BENV-2026-PESTE-SUINA-AFRICANA-85886-CINGHIALE,PALANZANO,Emilia Romagna,Parma,municipality_region,44.437437,10.194462,44.437437,10.194462,false
izs_benv_events.csv,BENV-2026-PESTE-SUINA-AFRICANA-83372-CINGHIALE,SESTA GODANO,Liguria,La Spezia,municipality_region,44.293966,9.675716,44.293966,9.675716,false
izs_benv_events.csv,BENV-2026-PESTE-SUINA-AFRICANA-84611-CINGHIALE,ZOAGLI,Liguria,Genova,municipality_region,44.336762,9.266956,44.336762,9.266956,false
izs_benv_events.csv,BENV-2026-PESTE-SUINA-AFRICANA-84615-CINGHIALE,GENOVA,Liguria,Genova,municipality_region,44.407260,8.933862,44.407260,8.933862,false
izs_benv_events.csv,BENV-2026-PESTE-SUINA-AFRICANA-84710-CINGHIALE,ZOAGLI,Liguria,Genova,municipality_region,44.336762,9.266956,44.336762,9.266956,false
izs_benv_events.csv,BENV-2026-PESTE-SUINA-AFRICANA-83259-CINGHIALE,ROCCHETTA DI VARA,Liguria,La Spezia,municipality_region,44.251273,9.757284,44.251273,9.757284,false
izs_benv_events.csv,BENV-2026-PESTE-SUINA-AFRICANA-83088-CINGHIALE,ZIGNAGO,Liguria,La Spezia,municipality_region,44.297246,9.749064,44.297246,9.749064,false
izs_benv_events.csv,BENV-2026-PESTE-SUINA-AFRICANA-83116-CINGHIALE,AVEGNO,Liguria,Genova,municipality_region,44.391336,9.156316,44.391336,9.156316,false
izs_benv_events.csv,BENV-2026-PESTE-SUINA-AFRICANA-83122-CINGHIALE,CASTIGLIONE CHIAVARESE,Liguria,Genova,municipality_region,44.274090,9.514675,44.274090,9.514675,false
izs_benv_events.csv,BENV-2026-PESTE-SUINA-AFRICANA-82764-CINGHIALE,CALICE AL CORNOVIGLIO,Liguria,La Spezia,municipality_region,44.243152,9.836671,44.243152,9.836671,false
izs_benv_events.csv,BENV-2026-PESTE-SUINA-AFRICANA-84098-CINGHIALE,DEIVA MARINA,Liguria,La Spezia,municipality_region,44.218231,9.520046,44.218231,9.520046,false
izs_benv_events.csv,BENV-2026-PESTE-SUINA-AFRICANA-83889-CINGHIALE,SESTA GODANO,Liguria,La Spezia,municipality_region,44.293966,9.675716,44.293966,9.675716,false
izs_benv_events.csv,BENV-2026-PESTE-SUINA-AFRICANA-84868-CINGHIALE,CALICE AL CORNOVIGLIO,Liguria,La Spezia,municipality_region,44.243152,9.836671,44.243152,9.836671,false
izs_benv_events.csv,BENV-2026-PESTE-SUINA-AFRICANA-85336-CINGHIALE,MONCHIO DELLE CORTI,Emilia Romagna,Parma,municipality_region,44.412955,10.124190,44.412955,10.124190,false
izs_benv_events.csv,BENV-2026-PESTE-SUINA-AFRICANA-85399-CINGHIALE,VENTASSO,Emilia Romagna,Reggio nell'Emilia,municipality_region,44.368830,10.269310,44.368830,10.269310,false
izs_benv_events.csv,BENV-2026-PESTE-SUINA-AFRICANA-85442-CINGHIALE,VENTASSO,Emilia Romagna,Reggio nell'Emilia,municipality_region,44.368830,10.269310,44.368830,10.269310,false
izs_benv_events.csv,BENV-2026-PESTE-SUINA-AFRICANA-85453-CINGHIALE,TRESANA,Toscana,Massa-Carrara,municipality_region,44.254248,9.912885,44.254248,9.912885,false
izs_benv_events.csv,BENV-2026-PESTE-SUINA-AFRICANA-82910-CINGHIALE,RAPALLO,Liguria,Genova,municipality_region,44.351147,9.229671,44.351147,9.229671,false
izs_benv_events.csv,BENV-2026-PESTE-SUINA-AFRICANA-83763-CINGHIALE,CAMPOMORONE,Liguria,Genova,municipality_region,44.507337,8.890110,44.507337,8.890110,false
izs_benv_events.csv,BENV-2026-PESTE-SUINA-AFRICANA-83836-CINGHIALE,RAPALLO,Liguria,Genova,municipality_region,44.351147,9.229671,44.351147,9.229671,false
izs_benv_events.csv,BENV-2026-PESTE-SUINA-AFRICANA-85516-CINGHIALE,FOSDINOVO,Toscana,Massa-Carrara,municipality_region,44.133820,10.018869,44.133820,10.018869,false
izs_benv_events.csv,BENV-2026-PESTE-SUINA-AFRICANA-85525-CINGHIALE,FIVIZZANO,Toscana,Massa-Carrara,municipality_region,44.238350,10.125990,44.238350,10.125990,false
izs_benv_events.csv,BENV-2026-PESTE-SUINA-AFRICANA-85555-CINGHIALE,COREGLIA ANTELMINELLI,Toscana,Lucca,municipality_region,44.063653,10.525509,44.063653,10.525509,false
izs_benv_events.csv,BENV-2026-PESTE-SUINA-AFRICANA-85676-CINGHIALE,CENGIO,Liguria,Savona,municipality_region,44.390259,8.207952,44.390259,8.207952,false
izs_benv_events.csv,BENV-2026-PESTE-SUINA-AFRICANA-85873-CINGHIALE,VENTASSO,Emilia Romagna,Reggio nell'Emilia,municipality_region,44.368830,10.269310,44.368830,10.269310,false
izs_benv_events.csv,BENV-2026-PESTE-SUINA-AFRICANA-85889-CINGHIALE,FELINO,Emilia Romagna,Parma,municipality_region,44.696587,10.237205,44.696587,10.237205,false
izs_benv_events.csv,BENV-2026-PESTE-SUINA-AFRICANA-83034-CINGHIALE,SERRA RICCO\',Liguria,Genova,municipality_region,44.518713,8.951623,44.518713,8.951623,false
izs_benv_events.csv,BENV-2026-PESTE-SUINA-AFRICANA-85128-CINGHIALE,VENTASSO,Emilia Romagna,Reggio nell'Emilia,municipality_region,44.368830,10.269310,44.368830,10.269310,false
izs_benv_events.csv,BENV-2026-PESTE-SUINA-AFRICANA-84864-CINGHIALE,GENOVA,Liguria,Genova,municipality_region,44.407260,8.933862,44.407260,8.933862,false
izs_benv_events.csv,BENV-2026-PESTE-SUINA-AFRICANA-84914-CINGHIALE,PIANA CRIXIA,Liguria,Savona,municipality_region,44.486179,8.306101,44.486179,8.306101,false
izs_benv_events.csv,BENV-2026-PESTE-SUINA-AFRICANA-85384-CINGHIALE,RIVERGARO,Emilia Romagna,Piacenza,municipality_region,44.910251,9.596521,44.910251,9.596521,false
izs_benv_events.csv,BENV-2026-PESTE-SUINA-AFRICANA-85400-CINGHIALE,MEDESANO,Emilia Romagna,Parma,municipality_region,44.756699,10.140737,44.756699,10.140737,false
izs_benv_events.csv,BENV-2026-PESTE-SUINA-AFRICANA-85439-CINGHIALE,FIVIZZANO,Toscana,Massa-Carrara,municipality_region,44.238350,10.125990,44.238350,10.125990,false
izs_benv_events.csv,BENV-2026-PESTE-SUINA-AFRICANA-85448-CINGHIALE,COMANO,Toscana,Massa-Carrara,municipality_region,44.293540,10.131165,44.293540,10.131165,false
izs_benv_events.csv,BENV-2026-PESTE-SUINA-AFRICANA-85458-CINGHIALE,MIGNANEGO,Liguria,Genova,municipality_region,44.548330,8.915657,44.548330,8.915657,false
izs_benv_events.csv,BENV-2026-PESTE-SUINA-AFRICANA-82909-CINGHIALE,RAPALLO,Liguria,Genova,municipality_region,44.351147,9.229671,44.351147,9.229671,false
izs_benv_events.csv,BENV-2026-PESTE-SUINA-AFRICANA-82912-CINGHIALE,CASTIGLIONE CHIAVARESE,Liguria,Genova,municipality_region,44.274090,9.514675,44.274090,9.514675,false
izs_benv_events.csv,BENV-2026-PESTE-SUINA-AFRICANA-83669-CINGHIALE,RECCO,Liguria,Genova,municipality_region,44.365240,9.146300,44.365240,9.146300,false
izs_benv_events.csv,BENV-2026-PESTE-SUINA-AFRICANA-85308-CINGHIALE,VENTASSO,Emilia Romagna,Reggio nell'Emilia,municipality_region,44.368830,10.269310,44.368830,10.269310,false
izs_benv_events.csv,BENV-2026-PESTE-SUINA-AFRICANA-85526-CINGHIALE,PODENZANA,Toscana,Massa-Carrara,municipality_region,44.206248,9.941986,44.206248,9.941986,false
izs_benv_events.csv,BENV-2026-PESTE-SUINA-AFRICANA-85556-SUINO,SAN MARCELLO PITEGLIO,Toscana,Pistoia,municipality_region,44.067673,10.812002,44.067673,10.812002,false
izs_benv_events.csv,BENV-2026-PESTE-SUINA-AFRICANA-85587-CINGHIALE,MULAZZO,Toscana,Massa-Carrara,municipality_region,44.315926,9.889626,44.315926,9.889626,false
izs_benv_events.csv,BENV-2026-PESTE-SUINA-AFRICANA-85588-CINGHIALE,FIVIZZANO,Toscana,Massa-Carrara,municipality_region,44.238350,10.125990,44.238350,10.125990,false
izs_benv_events.csv,BENV-2026-PESTE-SUINA-AFRICANA-85749-CINGHIALE,COMANO,Toscana,Massa-Carrara,municipality_region,44.293540,10.131165,44.293540,10.131165,false
izs_benv_events.csv,BENV-2026-PESTE-SUINA-AFRICANA-85921-CINGHIALE,SAN MARCELLO PITEGLIO,Toscana,Pistoia,municipality_region,44.067673,10.812002,44.067673,10.812002,false
izs_benv_events.csv,BENV-2026-PESTE-SUINA-AFRICANA-85754-CINGHIALE,FANANO,Emilia Romagna,Modena,municipality_region,44.207737,10.793837,44.207737,10.793837,false
izs_benv_events.csv,BENV-2026-PESTE-SUINA-AFRICANA-85755-CINGHIALE,GALLICANO,Toscana,Lucca,municipality_region,44.060651,10.435668,44.060651,10.435668,false
izs_benv_events.csv,BENV-2026-PESTE-SUINA-AFRICANA-85756-CINGHIALE,GALLICANO,Toscana,Lucca,municipality_region,44.060651,10.435668,44.060651,10.435668,false
izs_benv_events.csv,BENV-2026-PESTE-SUINA-AFRICANA-85768-CINGHIALE,CENGIO,Liguria,Savona,municipality_region,44.390259,8.207952,44.390259,8.207952,false
izs_benv_events.csv,BENV-2026-PESTE-SUINA-AFRICANA-85892-CINGHIALE,LESIGNANO DE\' BAGNI,Emilia Romagna,Parma,municipality_region,44.643428,10.300484,44.643428,10.300484,false
izs_benv_events.csv,BENV-2026-PESTE-SUINA-AFRICANA-85909-CINGHIALE,SEROLE,Piemonte,Asti,municipality_region,44.553887,8.259555,44.553887,8.259555,false
izs_benv_events.csv,BENV-2026-PESTE-SUINA-AFRICANA-83408-CINGHIALE,RAPALLO,Liguria,Genova,municipality_region,44.351147,9.229671,44.351147,9.229671,false
izs_benv_events.csv,BENV-2026-PESTE-SUINA-AFRICANA-84610-CINGHIALE,ZOAGLI,Liguria,Genova,municipality_region,44.336762,9.266956,44.336762,9.266956,false
izs_benv_events.csv,BENV-2026-PESTE-SUINA-AFRICANA-84681-CINGHIALE,GENOVA,Liguria,Genova,municipality_region,44.407260,8.933862,44.407260,8.933862,false
izs_benv_events.csv,BENV-2026-PESTE-SUINA-AFRICANA-84706-CINGHIALE,SAN COLOMBANO CERTENOLI,Liguria,Genova,municipality_region,44.399253,9.328805,44.399253,9.328805,false
izs_benv_events.csv,BENV-2026-PESTE-SUINA-AFRICANA-83089-CINGHIALE,ZIGNAGO,Liguria,La Spezia,municipality_region,44.297246,9.749064,44.297246,9.749064,false
izs_benv_events.csv,BENV-2026-PESTE-SUINA-AFRICANA-84041-CINGHIALE,RAPALLO,Liguria,Genova,municipality_region,44.351147,9.229671,44.351147,9.229671,false
izs_benv_events.csv,BENV-2026-PESTE-SUINA-AFRICANA-85088-CINGHIALE,GENOVA,Liguria,Genova,municipality_region,44.407260,8.933862,44.407260,8.933862,false
izs_benv_events.csv,BENV-2026-PESTE-SUINA-AFRICANA-84916-CINGHIALE,VARAZZE,Liguria,Savona,municipality_region,44.359300,8.575327,44.359300,8.575327,false
izs_benv_events.csv,BENV-2026-PESTE-SUINA-AFRICANA-84925-CINGHIALE,FELINO,Emilia Romagna,Parma,municipality_region,44.696587,10.237205,44.696587,10.237205,false
izs_benv_events.csv,BENV-2026-PESTE-SUINA-AFRICANA-84954-CINGHIALE,PALANZANO,Emilia Romagna,Parma,municipality_region,44.437437,10.194462,44.437437,10.194462,false
izs_benv_events.csv,BENV-2026-PESTE-SUINA-AFRICANA-85335-CINGHIALE,MONCHIO DELLE CORTI,Emilia Romagna,Parma,municipality_region,44.412955,10.124190,44.412955,10.124190,false
izs_benv_events.csv,BENV-2026-PESTE-SUINA-AFRICANA-85210-CINGHIALE,VIGOLZONE,Emilia Romagna,Piacenza,municipality_region,44.914662,9.669368,44.914662,9.669368,false
izs_benv_events.csv,BENV-2026-PESTE-SUINA-AFRICANA-85240-CINGHIALE,LANGHIRANO,Emilia Romagna,Parma,municipality_region,44.613064,10.266114,44.613064,10.266114,false
izs_benv_events.csv,BENV-2026-PESTE-SUINA-AFRICANA-85253-CINGHIALE,AULLA,Toscana,Massa-Carrara,municipality_region,44.214548,9.967787,44.214548,9.967787,false
izs_benv_events.csv,BENV-2026-PESTE-SUINA-AFRICANA-85301-CINGHIALE,VENTASSO,Emilia Romagna,Reggio nell'Emilia,municipality_region,44.368830,10.269310,44.368830,10.269310,false
izs_benv_events.csv,BENV-2026-PESTE-SUINA-AFRICANA-85557-CINGHIALE,CALICE AL CORNOVIGLIO,Liguria,La Spezia,municipality_region,44.243152,9.836671,44.243152,9.836671,false
izs_benv_events.csv,BENV-2026-PESTE-SUINA-AFRICANA-85591-CINGHIALE,BORGO PRIOLO,Lombardia,Pavia,municipality_region,44.966449,9.148504,44.966449,9.148504,false
izs_benv_events.csv,BENV-2026-PESTE-SUINA-AFRICANA-83087-CINGHIALE,ROCCHETTA DI VARA,Liguria,La Spezia,municipality_region,44.251273,9.757284,44.251273,9.757284,false
izs_benv_events.csv,BENV-2026-PESTE-SUINA-AFRICANA-83090-CINGHIALE,ZIGNAGO,Liguria,La Spezia,municipality_region,44.297246,9.749064,44.297246,9.749064,false
izs_benv_events.csv,BENV-2026-PESTE-SUINA-AFRICANA-82747-CINGHIALE,ROCCHETTA DI VARA,Liguria,La Spezia,municipality_region,44.251273,9.757284,44.251273,9.757284,false
izs_benv_events.csv,BENV-2026-PESTE-SUINA-AFRICANA-82753-CINGHIALE,ROCCHETTA DI VARA,Liguria,La Spezia,municipality_region,44.251273,9.757284,44.251273,9.757284,false
izs_benv_events.csv,BENV-2026-PESTE-SUINA-AFRICANA-85008-CINGHIALE,GENOVA,Liguria,Genova,municipality_region,44.407260,8.933862,44.407260,8.933862,false
izs_benv_events.csv,BENV-2026-PESTE-SUINA-AFRICANA-85076-CINGHIALE,PIANA CRIXIA,Liguria,Savona,municipality_region,44.486179,8.306101,44.486179,8.306101,false
izs_benv_events.csv,BENV-2026-PESTE-SUINA-AFRICANA-85097-CINGHIALE,MONCHIO DELLE CORTI,Emilia Romagna,Parma,municipality_region,44.412955,10.124190,44.412955,10.124190,false
izs_benv_events.csv,BENV-2026-PESTE-SUINA-AFRICANA-84842-CINGHIALE,VILLA MINOZZO,Emilia Romagna,Reggio nell'Emilia,municipality_region,44.365056,10.465995,44.365056,10.465995,false
izs_benv_events.csv,BENV-2026-PESTE-SUINA-AFRICANA-82908-CINGHIALE,RAPALLO,Liguria,Genova,municipality_region,44.351147,9.229671,44.351147,9.229671,false
izs_benv_events.csv,BENV-2026-PESTE-SUINA-AFRICANA-85183-CINGHIALE,PALANZANO,Emilia Romagna,Parma,municipality_region,44.437437,10.194462,44.437437,10.194462,false
izs_benv_events.csv,BENV-2026-PESTE-SUINA-AFRICANA-85208-CINGHIALE,PALANZANO,Emilia Romagna,Parma,municipality_region,44.437437,10.194462,44.437437,10.194462,false
izs_benv_events.csv,BENV-2026-PESTE-SUINA-AFRICANA-85262-CINGHIALE,FOSDINOVO,Toscana,Massa-Carrara,municipality_region,44.133820,10.018869,44.133820,10.018869,false
izs_benv_events.csv,BENV-2026-PESTE-SUINA-AFRICANA-85283-CINGHIALE,VENTASSO,Emilia Romagna,Reggio nell'Emilia,municipality_region,44.368830,10.269310,44.368830,10.269310,false
izs_benv_events.csv,BENV-2026-PESTE-SUINA-AFRICANA-85333-CINGHIALE,VENTASSO,Emilia Romagna,Reggio nell'Emilia,municipality_region,44.368830,10.269310,44.368830,10.269310,false
izs_benv_events.csv,BENV-2026-PESTE-SUINA-AFRICANA-85509-CINGHIALE,CASTIGLIONE DI GARFAGNANA,Toscana,Lucca,municipality_region,44.149950,10.410897,44.149950,10.410897,false
izs_benv_events.csv,BENV-2026-PESTE-SUINA-AFRICANA-85683-CINGHIALE,PONTREMOLI,Toscana,Massa-Carrara,municipality_region,44.375151,9.878882,44.375151,9.878882,false
izs_benv_events.csv,BENV-2026-PESTE-SUINA-AFRICANA-85752-CINGHIALE,LESIGNANO DE\' BAGNI,Emilia Romagna,Parma,municipality_region,44.643428,10.300484,44.643428,10.300484,false
izs_benv_events.csv,BENV-2026-PESTE-SUINA-AFRICANA-85753-CINGHIALE,FANANO,Emilia Romagna,Modena,municipality_region,44.207737,10.793837,44.207737,10.793837,false
izs_benv_events.csv,BENV-2026-PESTE-SUINA-AFRICANA-85769-CINGHIALE,CENGIO,Liguria,Savona,municipality_region,44.390259,8.207952,44.390259,8.207952,false
izs_benv_events.csv,BENV-2026-PESTE-SUINA-AFRICANA-85846-CINGHIALE,CENGIO,Liguria,Savona,municipality_region,44.390259,8.207952,44.390259,8.207952,false
izs_benv_events.csv,BENV-2026-PESTE-SUINA-AFRICANA-84297-CINGHIALE,GENOVA,Liguria,Genova,municipality_region,44.407260,8.933862,44.407260,8.933862,false
izs_benv_events.csv,BENV-2026-PESTE-SUINA-AFRICANA-84372-CINGHIALE,MIGNANEGO,Liguria,Genova,municipality_region,44.548330,8.915657,44.548330,8.915657,false
izs_benv_events.csv,BENV-2026-PESTE-SUINA-AFRICANA-84621-CINGHIALE,MEDESANO,Emilia Romagna,Parma,municipality_region,44.756699,10.140737,44.756699,10.140737,false
izs_benv_events.csv,BENV-2026-PESTE-SUINA-AFRICANA-84622-CINGHIALE,MEDESANO,Emilia Romagna,Parma,municipality_region,44.756699,10.140737,44.756699,10.140737,false
izs_benv_events.csv,BENV-2026-PESTE-SUINA-AFRICANA-85090-CINGHIALE,GENOVA,Liguria,Genova,municipality_region,44.407260,8.933862,44.407260,8.933862,false
izs_benv_events.csv,BENV-2026-PESTE-SUINA-AFRICANA-85092-CINGHIALE,GENOVA,Liguria,Genova,municipality_region,44.407260,8.933862,44.407260,8.933862,false
izs_benv_events.csv,BENV-2026-PESTE-SUINA-AFRICANA-85138-CINGHIALE,TRESANA,Toscana,Massa-Carrara,municipality_region,44.254248,9.912885,44.254248,9.912885,false
izs_benv_events.csv,BENV-2026-PESTE-SUINA-AFRICANA-84906-CINGHIALE,GENOVA,Liguria,Genova,municipality_region,44.407260,8.933862,44.407260,8.933862,false
izs_benv_events.csv,BENV-2026-PESTE-SUINA-AFRICANA-85497-CINGHIALE,PIANA CRIXIA,Liguria,Savona,municipality_region,44.486179,8.306101,44.486179,8.306101,false
izs_benv_events.csv,BENV-2026-PESTE-SUINA-AFRICANA-84551-CINGHIALE,GENOVA,Liguria,Genova,municipality_region,44.407260,8.933862,44.407260,8.933862,false
izs_benv_events.csv,BENV-2026-PESTE-SUINA-AFRICANA-82729-CINGHIALE,SANT\'OLCESE,Liguria,Genova,municipality_region,44.490864,8.970540,44.490864,8.970540,false
izs_benv_events.csv,BENV-2026-PESTE-SUINA-AFRICANA-85000-CINGHIALE,CALICE AL CORNOVIGLIO,Liguria,La Spezia,municipality_region,44.243152,9.836671,44.243152,9.836671,false
izs_benv_events.csv,BENV-2026-PESTE-SUINA-AFRICANA-82913-CINGHIALE,CASTIGLIONE CHIAVARESE,Liguria,Genova,municipality_region,44.274090,9.514675,44.274090,9.514675,false
izs_benv_events.csv,BENV-2026-PESTE-SUINA-AFRICANA-85155-CINGHIALE,FIVIZZANO,Toscana,Massa-Carrara,municipality_region,44.238350,10.125990,44.238350,10.125990,false
izs_benv_events.csv,BENV-2026-PESTE-SUINA-AFRICANA-85270-CINGHIALE,VENTASSO,Emilia Romagna,Reggio nell'Emilia,municipality_region,44.368830,10.269310,44.368830,10.269310,false
izs_benv_events.csv,BENV-2026-PESTE-SUINA-AFRICANA-85309-CINGHIALE,VENTASSO,Emilia Romagna,Reggio nell'Emilia,municipality_region,44.368830,10.269310,44.368830,10.269310,false
izs_benv_events.csv,BENV-2026-PESTE-SUINA-AFRICANA-85334-CINGHIALE,VENTASSO,Emilia Romagna,Reggio nell'Emilia,municipality_region,44.368830,10.269310,44.368830,10.269310,false
izs_benv_events.csv,BENV-2026-PESTE-SUINA-AFRICANA-85520-CINGHIALE,PALANZANO,Emilia Romagna,Parma,municipality_region,44.437437,10.194462,44.437437,10.194462,false
izs_benv_events.csv,BENV-2026-PESTE-SUINA-AFRICANA-85554-CINGHIALE,BARGA,Toscana,Lucca,municipality_region,44.073918,10.484263,44.073918,10.484263,false
izs_benv_events.csv,BENV-2026-PESTE-SUINA-AFRICANA-85589-CINGHIALE,LICCIANA NARDI,Toscana,Massa-Carrara,municipality_region,44.264900,10.038437,44.264900,10.038437,false
izs_benv_events.csv,BENV-2026-PESTE-SUINA-AFRICANA-85614-CINGHIALE,RIVERGARO,Emilia Romagna,Piacenza,municipality_region,44.910251,9.596521,44.910251,9.596521,false
izs_benv_events.csv,BENV-2026-PESTE-SUINA-AFRICANA-85681-CINGHIALE,LICCIANA NARDI,Toscana,Massa-Carrara,municipality_region,44.264900,10.038437,44.264900,10.038437,false
izs_benv_events.csv,BENV-2026-PESTE-SUINA-AFRICANA-85876-CINGHIALE,VENTASSO,Emilia Romagna,Reggio nell'Emilia,municipality_region,44.368830,10.269310,44.368830,10.269310,false
izs_benv_events.csv,BENV-2026-PESTE-SUINA-AFRICANA-85880-CINGHIALE,VENTASSO,Emilia Romagna,Reggio nell'Emilia,municipality_region,44.368830,10.269310,44.368830,10.269310,false
izs_benv_events.csv,BENV-2026-PESTE-SUINA-AFRICANA-85881-CINGHIALE,VENTASSO,Emilia Romagna,Reggio nell'Emilia,municipality_region,44.368830,10.269310,44.368830,10.269310,false
izs_benv_events.csv,BENV-2026-PESTE-SUINA-AFRICANA-85918-CINGHIALE,LESIGNANO DE\' BAGNI,Emilia Romagna,Parma,municipality_region,44.643428,10.300484,44.643428,10.300484,false
izs_benv_events.csv,BENV-2026-PESTE-SUINA-AFRICANA-85922-CINGHIALE,ABETONE CUTIGLIANO,Toscana,Pistoia,municipality_region,44.124864,10.711228,44.124864,10.711228,false
izs_benv_events.csv,BENV-2026-PESTE-SUINA-AFRICANA-83415-CINGHIALE,RAPALLO,Liguria,Genova,municipality_region,44.351147,9.229671,44.351147,9.229671,false
izs_benv_events.csv,BENV-2026-PESTE-SUINA-AFRICANA-84366-CINGHIALE,MIGNANEGO,Liguria,Genova,municipality_region,44.548330,8.915657,44.548330,8.915657,false
izs_benv_events.csv,BENV-2026-PESTE-SUINA-AFRICANA-84127-CINGHIALE,RAPALLO,Liguria,Genova,municipality_region,44.351147,9.229671,44.351147,9.229671,false
izs_benv_events.csv,BENV-2026-PESTE-SUINA-AFRICANA-84867-CINGHIALE,GENOVA,Liguria,Genova,municipality_region,44.407260,8.933862,44.407260,8.933862,false
izs_benv_events.csv,BENV-2026-PESTE-SUINA-AFRICANA-84956-CINGHIALE,CALICE AL CORNOVIGLIO,Liguria,La Spezia,municipality_region,44.243152,9.836671,44.243152,9.836671,false
izs_benv_events.csv,BENV-2026-PESTE-SUINA-AFRICANA-82880-CINGHIALE,CALICE AL CORNOVIGLIO,Liguria,La Spezia,municipality_region,44.243152,9.836671,44.243152,9.836671,false
izs_benv_events.csv,BENV-2026-PESTE-SUINA-AFRICANA-83658-CINGHIALE,ROCCHETTA DI VARA,Liguria,La Spezia,municipality_region,44.251273,9.757284,44.251273,9.757284,false
izs_benv_events.csv,BENV-2026-PESTE-SUINA-AFRICANA-85300-CINGHIALE,VENTASSO,Emilia Romagna,Reggio nell'Emilia,municipality_region,44.368830,10.269310,44.368830,10.269310,false
izs_benv_events.csv,BENV-2026-PESTE-SUINA-AFRICANA-85316-CINGHIALE,FIVIZZANO,Toscana,Massa-Carrara,municipality_region,44.238350,10.125990,44.238350,10.125990,false
izs_benv_events.csv,BENV-2026-PESTE-SUINA-AFRICANA-85327-CINGHIALE,LICCIANA NARDI,Toscana,Massa-Carrara,municipality_region,44.264900,10.038437,44.264900,10.038437,false
izs_benv_events.csv,BENV-2026-PESTE-SUINA-AFRICANA-85517-CINGHIALE,FOSDINOVO,Toscana,Massa-Carrara,municipality_region,44.133820,10.018869,44.133820,10.018869,false
izs_benv_events.csv,BENV-2026-PESTE-SUINA-AFRICANA-84421-CINGHIALE,GENOVA,Liguria,Genova,municipality_region,44.407260,8.933862,44.407260,8.933862,false
izs_benv_events.csv,BENV-2026-PESTE-SUINA-AFRICANA-85759-CINGHIALE,CAREGGINE,Toscana,Lucca,municipality_region,44.119949,10.325396,44.119949,10.325396,false
izs_benv_events.csv,BENV-2026-PESTE-SUINA-AFRICANA-85761-CINGHIALE,BARGA,Toscana,Lucca,municipality_region,44.073918,10.484263,44.073918,10.484263,false
izs_benv_events.csv,BENV-2026-PESTE-SUINA-AFRICANA-85779-CINGHIALE,CENGIO,Liguria,Savona,municipality_region,44.390259,8.207952,44.390259,8.207952,false
izs_benv_events.csv,BENV-2026-PESTE-SUINA-AFRICANA-85879-CINGHIALE,VENTASSO,Emilia Romagna,Reggio nell'Emilia,municipality_region,44.368830,10.269310,44.368830,10.269310,false
izs_benv_events.csv,BENV-2026-PESTE-SUINA-AFRICANA-83370-CINGHIALE,BRUGNATO,Liguria,La Spezia,municipality_region,44.237097,9.724035,44.237097,9.724035,false
izs_benv_events.csv,BENV-2026-PESTE-SUINA-AFRICANA-83413-CINGHIALE,RAPALLO,Liguria,Genova,municipality_region,44.351147,9.229671,44.351147,9.229671,false
izs_benv_events.csv,BENV-2026-PESTE-SUINA-AFRICANA-84609-CINGHIALE,ZOAGLI,Liguria,Genova,municipality_region,44.336762,9.266956,44.336762,9.266956,false
izs_benv_events.csv,BENV-2026-PESTE-SUINA-AFRICANA-84680-CINGHIALE,GENOVA,Liguria,Genova,municipality_region,44.407260,8.933862,44.407260,8.933862,false
izs_benv_events.csv,BENV-2026-PESTE-SUINA-AFRICANA-84704-CINGHIALE,ZOAGLI,Liguria,Genova,municipality_region,44.336762,9.266956,44.336762,9.266956,false
izs_benv_events.csv,BENV-2026-PESTE-SUINA-AFRICANA-84040-CINGHIALE,RAPALLO,Liguria,Genova,municipality_region,44.351147,9.229671,44.351147,9.229671,false
izs_benv_events.csv,BENV-2026-PESTE-SUINA-AFRICANA-84109-CINGHIALE,DEIVA MARINA,Liguria,La Spezia,municipality_region,44.218231,9.520046,44.218231,9.520046,false
izs_benv_events.csv,BENV-2026-PESTE-SUINA-AFRICANA-84126-CINGHIALE,SANTA MARGHERITA LIGURE,Liguria,Genova,municipality_region,44.333976,9.211127,44.333976,9.211127,false
izs_benv_events.csv,BENV-2026-PESTE-SUINA-AFRICANA-85017-CINGHIALE,FELINO,Emilia Romagna,Parma,municipality_region,44.696587,10.237205,44.696587,10.237205,false
izs_benv_events.csv,BENV-2026-PESTE-SUINA-AFRICANA-85135-CINGHIALE,FIVIZZANO,Toscana,Massa-Carrara,municipality_region,44.238350,10.125990,44.238350,10.125990,false
izs_benv_events.csv,BENV-2026-PESTE-SUINA-AFRICANA-84896-CINGHIALE,PIANA CRIXIA,Liguria,Savona,municipality_region,44.486179,8.306101,44.486179,8.306101,false
izs_benv_events.csv,BENV-2026-PESTE-SUINA-AFRICANA-84924-CINGHIALE,PALANZANO,Emilia Romagna,Parma,municipality_region,44.437437,10.194462,44.437437,10.194462,false
izs_benv_events.csv,BENV-2026-PESTE-SUINA-AFRICANA-85368-CINGHIALE,FELINO,Emilia Romagna,Parma,municipality_region,44.696587,10.237205,44.696587,10.237205,false
izs_benv_events.csv,BENV-2026-PESTE-SUINA-AFRICANA-85398-CINGHIALE,VENTASSO,Emilia Romagna,Reggio nell'Emilia,municipality_region,44.368830,10.269310,44.368830,10.269310,false
izs_benv_events.csv,BENV-2026-PESTE-SUINA-AFRICANA-82868-CINGHIALE,SESTA GODANO,Liguria,La Spezia,municipality_region,44.293966,9.675716,44.293966,9.675716,false
izs_benv_events.csv,BENV-2026-PESTE-SUINA-AFRICANA-85152-CINGHIALE,VENTASSO,Emilia Romagna,Reggio nell'Emilia,municipality_region,44.368830,10.269310,44.368830,10.269310,false
izs_benv_events.csv,BENV-2026-PESTE-SUINA-AFRICANA-85519-CINGHIALE,VENTASSO,Emilia Romagna,Reggio nell'Emilia,municipality_region,44.368830,10.269310,44.368830,10.269310,false
izs_benv_events.csv,BENV-2026-PESTE-SUINA-AFRICANA-85522-CINGHIALE,LICCIANA NARDI,Toscana,Massa-Carrara,municipality_region,44.264900,10.038437,44.264900,10.038437,false
izs_benv_events.csv,BENV-2026-PESTE-SUINA-AFRICANA-85631-CINGHIALE,SAN MARCELLO PITEGLIO,Toscana,Pistoia,municipality_region,44.067673,10.812002,44.067673,10.812002,false
izs_benv_events.csv,BENV-2026-PESTE-SUINA-AFRICANA-85635-CINGHIALE,SAN MARCELLO PITEGLIO,Toscana,Pistoia,municipality_region,44.067673,10.812002,44.067673,10.812002,false
izs_benv_events.csv,BENV-2026-PESTE-SUINA-AFRICANA-85656-CINGHIALE,CALICE AL CORNOVIGLIO,Liguria,La Spezia,municipality_region,44.243152,9.836671,44.243152,9.836671,false
izs_benv_events.csv,BENV-2026-PESTE-SUINA-AFRICANA-85767-CINGHIALE,GALLICANO,Toscana,Lucca,municipality_region,44.060651,10.435668,44.060651,10.435668,false
izs_benv_events.csv,BENV-2026-PESTE-SUINA-AFRICANA-85870-CINGHIALE,VENTASSO,Emilia Romagna,Reggio nell'Emilia,municipality_region,44.368830,10.269310,44.368830,10.269310,false
izs_benv_events.csv,BENV-2026-PESTE-SUINA-AFRICANA-83383-CINGHIALE,SERRA RICCO\',Liguria,Genova,municipality_region,44.518713,8.951623,44.518713,8.951623,false
izs_benv_events.csv,BENV-2026-PESTE-SUINA-AFRICANA-83403-CINGHIALE,RAPALLO,Liguria,Genova,municipality_region,44.351147,9.229671,44.351147,9.229671,false
izs_benv_events.csv,BENV-2026-PESTE-SUINA-AFRICANA-83410-CINGHIALE,SAN COLOMBANO CERTENOLI,Liguria,Genova,municipality_region,44.399253,9.328805,44.399253,9.328805,false
izs_benv_events.csv,BENV-2026-PESTE-SUINA-AFRICANA-84548-CINGHIALE,PALANZANO,Emilia Romagna,Parma,municipality_region,44.437437,10.194462,44.437437,10.194462,false
izs_benv_events.csv,BENV-2026-PESTE-SUINA-AFRICANA-84614-CINGHIALE,GENOVA,Liguria,Genova,municipality_region,44.407260,8.933862,44.407260,8.933862,false
izs_benv_events.csv,BENV-2026-PESTE-SUINA-AFRICANA-84634-CINGHIALE,GENOVA,Liguria,Genova,municipality_region,44.407260,8.933862,44.407260,8.933862,false
izs_benv_events.csv,BENV-2026-PESTE-SUINA-AFRICANA-84111-CINGHIALE,DEIVA MARINA,Liguria,La Spezia,municipality_region,44.218231,9.520046,44.218231,9.520046,false
izs_benv_events.csv,BENV-2026-PESTE-SUINA-AFRICANA-85074-CINGHIALE,MONCHIO DELLE CORTI,Emilia Romagna,Parma,municipality_region,44.412955,10.124190,44.412955,10.124190,false
izs_benv_events.csv,BENV-2026-PESTE-SUINA-AFRICANA-85095-CINGHIALE,MONCHIO DELLE CORTI,Emilia Romagna,Parma,municipality_region,44.412955,10.124190,44.412955,10.124190,false
izs_benv_events.csv,BENV-2026-PESTE-SUINA-AFRICANA-85130-CINGHIALE,VENTASSO,Emilia Romagna,Reggio nell'Emilia,municipality_region,44.368830,10.269310,44.368830,10.269310,false
izs_benv_events.csv,BENV-2026-PESTE-SUINA-AFRICANA-85370-CINGHIALE,LANGHIRANO,Emilia Romagna,Parma,municipality_region,44.613064,10.266114,44.613064,10.266114,false
izs_benv_events.csv,BENV-2026-PESTE-SUINA-AFRICANA-85378-CINGHIALE,GENOVA,Liguria,Genova,municipality_region,44.407260,8.933862,44.407260,8.933862,false
izs_benv_events.csv,BENV-2026-PESTE-SUINA-AFRICANA-85380-CINGHIALE,SAN MARCELLO PITEGLIO,Toscana,Pistoia,municipality_region,44.067673,10.812002,44.067673,10.812002,false
izs_benv_events.csv,BENV-2026-PESTE-SUINA-AFRICANA-85396-CINGHIALE,VENTASSO,Emilia Romagna,Reggio nell'Emilia,municipality_region,44.368830,10.269310,44.368830,10.269310,false
izs_benv_events.csv,BENV-2026-PESTE-SUINA-AFRICANA-85195-CINGHIALE,FIVIZZANO,Toscana,Massa-Carrara,municipality_region,44.238350,10.125990,44.238350,10.125990,false
izs_benv_events.csv,BENV-2026-PESTE-SUINA-AFRICANA-85282-CINGHIALE,VENTASSO,Emilia Romagna,Reggio nell'Emilia,municipality_region,44.368830,10.269310,44.368830,10.269310,false
izs_benv_events.csv,BENV-2026-PESTE-SUINA-AFRICANA-85508-CINGHIALE,CAREGGINE,Toscana,Lucca,municipality_region,44.119949,10.325396,44.119949,10.325396,false
izs_benv_events.csv,BENV-2026-PESTE-SUINA-AFRICANA-85630-CINGHIALE,SAN MARCELLO PITEGLIO,Toscana,Pistoia,municipality_region,44.067673,10.812002,44.067673,10.812002,false
izs_benv_events.csv,BENV-2026-PESTE-SUINA-AFRICANA-85632-CINGHIALE,SAN MARCELLO PITEGLIO,Toscana,Pistoia,municipality_region,44.067673,10.812002,44.067673,10.812002,false
izs_benv_events.csv,BENV-2026-PESTE-SUINA-AFRICANA-82749-CINGHIALE,ROCCHETTA DI VARA,Liguria,La Spezia,municipality_region,44.251273,9.757284,44.251273,9.757284,false
izs_benv_events.csv,BENV-2026-PESTE-SUINA-AFRICANA-84999-CINGHIALE,CALICE AL CORNOVIGLIO,Liguria,La Spezia,municipality_region,44.243152,9.836671,44.243152,9.836671,false
izs_benv_events.csv,BENV-2026-PESTE-SUINA-AFRICANA-85004-CINGHIALE,FELINO,Emilia Romagna,Parma,municipality_region,44.696587,10.237205,44.696587,10.237205,false
izs_benv_events.csv,BENV-2026-PESTE-SUINA-AFRICANA-85134-CINGHIALE,LICCIANA NARDI,Toscana,Massa-Carrara,municipality_region,44.264900,10.038437,44.264900,10.038437,false
izs_benv_events.csv,BENV-2026-PESTE-SUINA-AFRICANA-84917-CINGHIALE,PIANA CRIXIA,Liguria,Savona,municipality_region,44.486179,8.306101,44.486179,8.306101,false
izs_benv_events.csv,BENV-2026-PESTE-SUINA-AFRICANA-85369-CINGHIALE,MONCHIO DELLE CORTI,Emilia Romagna,Parma,municipality_region,44.412955,10.124190,44.412955,10.124190,false
izs_benv_events.csv,BENV-2026-PESTE-SUINA-AFRICANA-85405-CINGHIALE,VARAZZE,Liguria,Savona,municipality_region,44.359300,8.575327,44.359300,8.575327,false
izs_benv_events.csv,BENV-2026-PESTE-SUINA-AFRICANA-85415-CINGHIALE,SAN MARCELLO PITEGLIO,Toscana,Pistoia,municipality_region,44.067673,10.812002,44.067673,10.812002,false
izs_benv_events.csv,BENV-2026-PESTE-SUINA-AFRICANA-85452-CINGHIALE,VARAZZE,Liguria,Savona,municipality_region,44.359300,8.575327,44.359300,8.575327,false
izs_benv_events.csv,BENV-2026-PESTE-SUINA-AFRICANA-85455-CINGHIALE,TRESANA,Toscana,Massa-Carrara,municipality_region,44.254248,9.912885,44.254248,9.912885,false
izs_benv_events.csv,BENV-2026-PESTE-SUINA-AFRICANA-83568-CINGHIALE,CAMPOMORONE,Liguria,Genova,municipality_region,44.507337,8.890110,44.507337,8.890110,false
izs_benv_events.csv,BENV-2026-PESTE-SUINA-AFRICANA-85218-CINGHIALE,GENOVA,Liguria,Genova,municipality_region,44.407260,8.933862,44.407260,8.933862,false
izs_benv_events.csv,BENV-2026-PESTE-SUINA-AFRICANA-85281-CINGHIALE,VENTASSO,Emilia Romagna,Reggio nell'Emilia,municipality_region,44.368830,10.269310,44.368830,10.269310,false
izs_benv_events.csv,BENV-2026-PESTE-SUINA-AFRICANA-85319-CINGHIALE,GENOVA,Liguria,Genova,municipality_region,44.407260,8.933862,44.407260,8.933862,false
izs_benv_events.csv,BENV-2026-PESTE-SUINA-AFRICANA-85324-CINGHIALE,FIVIZZANO,Toscana,Massa-Carrara,municipality_region,44.238350,10.125990,44.238350,10.125990,false
izs_benv_events.csv,BENV-2026-PESTE-SUINA-AFRICANA-85510-CINGHIALE,CAREGGINE,Toscana,Lucca,municipality_region,44.119949,10.325396,44.119949,10.325396,false
izs_benv_events.csv,BENV-2026-PESTE-SUINA-AFRICANA-85512-CINGHIALE,GENOVA,Liguria,Genova,municipality_region,44.407260,8.933862,44.407260,8.933862,false
izs_benv_events.csv,BENV-2026-PESTE-SUINA-AFRICANA-85743-CINGHIALE,VARAZZE,Liguria,Savona,municipality_region,44.359300,8.575327,44.359300,8.575327,false
izs_benv_events.csv,BENV-2026-PESTE-SUINA-AFRICANA-85766-CINGHIALE,BARGA,Toscana,Lucca,municipality_region,44.073918,10.484263,44.073918,10.484263,false
izs_benv_events.csv,BENV-2026-PESTE-SUINA-AFRICANA-85775-CINGHIALE,CENGIO,Liguria,Savona,municipality_region,44.390259,8.207952,44.390259,8.207952,false
izs_benv_events.csv,BENV-2026-PESTE-SUINA-AFRICANA-85799-CINGHIALE,LICCIANA NARDI,Toscana,Massa-Carrara,municipality_region,44.264900,10.038437,44.264900,10.038437,false
izs_benv_events.csv,BENV-2026-PESTE-SUINA-AFRICANA-83498-CINGHIALE,ROCCHETTA DI VARA,Liguria,La Spezia,municipality_region,44.251273,9.757284,44.251273,9.757284,false
izs_benv_events.csv,BENV-2026-PESTE-SUINA-AFRICANA-84555-CINGHIALE,GENOVA,Liguria,Genova,municipality_region,44.407260,8.933862,44.407260,8.933862,false
izs_benv_events.csv,BENV-2026-PESTE-SUINA-AFRICANA-84650-CINGHIALE,TIZZANO VAL PARMA,Emilia Romagna,Parma,municipality_region,44.520544,10.199199,44.520544,10.199199,false
izs_benv_events.csv,BENV-2026-PESTE-SUINA-AFRICANA-83895-CINGHIALE,GENOVA,Liguria,Genova,municipality_region,44.407260,8.933862,44.407260,8.933862,false
izs_benv_events.csv,BENV-2026-PESTE-SUINA-AFRICANA-83994-CINGHIALE,RECCO,Liguria,Genova,municipality_region,44.365240,9.146300,44.365240,9.146300,false
izs_benv_events.csv,BENV-2026-PESTE-SUINA-AFRICANA-85093-CINGHIALE,CALICE AL CORNOVIGLIO,Liguria,La Spezia,municipality_region,44.243152,9.836671,44.243152,9.836671,false
izs_benv_events.csv,BENV-2026-PESTE-SUINA-AFRICANA-84890-CINGHIALE,PIANA CRIXIA,Liguria,Savona,municipality_region,44.486179,8.306101,44.486179,8.306101,false
izs_benv_events.csv,BENV-2026-PESTE-SUINA-AFRICANA-84909-CINGHIALE,PIANA CRIXIA,Liguria,Savona,municipality_region,44.486179,8.306101,44.486179,8.306101,false
izs_benv_events.csv,BENV-2026-PESTE-SUINA-AFRICANA-84918-CINGHIALE,VARAZZE,Liguria,Savona,municipality_region,44.359300,8.575327,44.359300,8.575327,false
izs_benv_events.csv,BENV-2026-PESTE-SUINA-AFRICANA-85397-CINGHIALE,VENTASSO,Emilia Romagna,Reggio nell'Emilia,municipality_region,44.368830,10.269310,44.368830,10.269310,false
izs_benv_events.csv,BENV-2026-PESTE-SUINA-AFRICANA-85445-CINGHIALE,FOSDINOVO,Toscana,Massa-Carrara,municipality_region,44.133820,10.018869,44.133820,10.018869,false
izs_benv_events.csv,BENV-2026-PESTE-SUINA-AFRICANA-85470-CINGHIALE,MEDESANO,Emilia Romagna,Parma,municipality_region,44.756699,10.140737,44.756699,10.140737,false
izs_benv_events.csv,BENV-2026-PESTE-SUINA-AFRICANA-85495-CINGHIALE,VENTASSO,Emilia Romagna,Reggio nell'Emilia,municipality_region,44.368830,10.269310,44.368830,10.269310,false
izs_benv_events.csv,BENV-2026-PESTE-SUINA-AFRICANA-82867-CINGHIALE,SESTA GODANO,Liguria,La Spezia,municipality_region,44.293966,9.675716,44.293966,9.675716,false
izs_benv_events.csv,BENV-2026-PESTE-SUINA-AFRICANA-85205-CINGHIALE,CENGIO,Liguria,Savona,municipality_region,44.390259,8.207952,44.390259,8.207952,false
izs_benv_events.csv,BENV-2026-PESTE-SUINA-AFRICANA-85261-CINGHIALE,FOSDINOVO,Toscana,Massa-Carrara,municipality_region,44.133820,10.018869,44.133820,10.018869,false
izs_benv_events.csv,BENV-2026-PESTE-SUINA-AFRICANA-85269-CINGHIALE,VENTASSO,Emilia Romagna,Reggio nell'Emilia,municipality_region,44.368830,10.269310,44.368830,10.269310,false
izs_benv_events.csv,BENV-2026-PESTE-SUINA-AFRICANA-85604-CINGHIALE,FANANO,Emilia Romagna,Modena,municipality_region,44.207737,10.793837,44.207737,10.793837,false
izs_benv_events.csv,BENV-2026-PESTE-SUINA-AFRICANA-85758-CINGHIALE,CAREGGINE,Toscana,Lucca,municipality_region,44.119949,10.325396,44.119949,10.325396,false
izs_benv_events.csv,BENV-2026-PESTE-SUINA-AFRICANA-85760-CINGHIALE,CAREGGINE,Toscana,Lucca,municipality_region,44.119949,10.325396,44.119949,10.325396,false
izs_benv_events.csv,BENV-2026-PESTE-SUINA-AFRICANA-85777-CINGHIALE,CENGIO,Liguria,Savona,municipality_region,44.390259,8.207952,44.390259,8.207952,false
izs_benv_events.csv,BENV-2026-PESTE-SUINA-AFRICANA-85878-CINGHIALE,VENTASSO,Emilia Romagna,Reggio nell'Emilia,municipality_region,44.368830,10.269310,44.368830,10.269310,false
izs_benv_events.csv,BENV-2026-PESTE-SUINA-AFRICANA-85910-CINGHIALE,SEROLE,Piemonte,Asti,municipality_region,44.553887,8.259555,44.553887,8.259555,false
izs_benv_events.csv,BENV-2026-PESTE-SUINA-AFRICANA-85919-CINGHIALE,SAN MARCELLO PITEGLIO,Toscana,Pistoia,municipality_region,44.067673,10.812002,44.067673,10.812002,false
izs_benv_events.csv,BENV-2026-PESTE-SUINA-AFRICANA-84709-CINGHIALE,COGORNO,Liguria,Genova,municipality_region,44.333081,9.372461,44.333081,9.372461,false
izs_benv_events.csv,BENV-2026-PESTE-SUINA-AFRICANA-83121-CINGHIALE,RAPALLO,Liguria,Genova,municipality_region,44.351147,9.229671,44.351147,9.229671,false
izs_benv_events.csv,BENV-2026-PESTE-SUINA-AFRICANA-84051-CINGHIALE,GENOVA,Liguria,Genova,municipality_region,44.407260,8.933862,44.407260,8.933862,false
izs_benv_events.csv,BENV-2026-PESTE-SUINA-AFRICANA-84105-CINGHIALE,DEIVA MARINA,Liguria,La Spezia,municipality_region,44.218231,9.520046,44.218231,9.520046,false
izs_benv_events.csv,BENV-2026-PESTE-SUINA-AFRICANA-85065-CINGHIALE,VENTASSO,Emilia Romagna,Reggio nell'Emilia,municipality_region,44.368830,10.269310,44.368830,10.269310,false
izs_benv_events.csv,BENV-2026-PESTE-SUINA-AFRICANA-85071-CINGHIALE,PIANA CRIXIA,Liguria,Savona,municipality_region,44.486179,8.306101,44.486179,8.306101,false
izs_benv_events.csv,BENV-2026-PESTE-SUINA-AFRICANA-85137-CINGHIALE,FIVIZZANO,Toscana,Massa-Carrara,municipality_region,44.238350,10.125990,44.238350,10.125990,false
izs_benv_events.csv,BENV-2026-PESTE-SUINA-AFRICANA-84957-CINGHIALE,CALICE AL CORNOVIGLIO,Liguria,La Spezia,municipality_region,44.243152,9.836671,44.243152,9.836671,false
izs_benv_events.csv,BENV-2026-PESTE-SUINA-AFRICANA-85443-CINGHIALE,VENTASSO,Emilia Romagna,Reggio nell'Emilia,municipality_region,44.368830,10.269310,44.368830,10.269310,false
izs_benv_events.csv,BENV-2026-PESTE-SUINA-AFRICANA-82860-CINGHIALE,SESTA GODANO,Liguria,La Spezia,municipality_region,44.293966,9.675716,44.293966,9.675716,false
izs_benv_events.csv,BENV-2026-PESTE-SUINA-AFRICANA-82914-CINGHIALE,CASTIGLIONE CHIAVARESE,Liguria,Genova,municipality_region,44.274090,9.514675,44.274090,9.514675,false
izs_benv_events.csv,BENV-2026-PESTE-SUINA-AFRICANA-82915-CINGHIALE,CASTIGLIONE CHIAVARESE,Liguria,Genova,municipality_region,44.274090,9.514675,44.274090,9.514675,false
izs_benv_events.csv,BENV-2026-PESTE-SUINA-AFRICANA-85302-CINGHIALE,VENTASSO,Emilia Romagna,Reggio nell'Emilia,municipality_region,44.368830,10.269310,44.368830,10.269310,false
izs_benv_events.csv,BENV-2026-PESTE-SUINA-AFRICANA-85306-CINGHIALE,VENTASSO,Emilia Romagna,Reggio nell'Emilia,municipality_region,44.368830,10.269310,44.368830,10.269310,false
izs_benv_events.csv,BENV-2026-PESTE-SUINA-AFRICANA-85590-CINGHIALE,CASOLA IN LUNIGIANA,Toscana,Massa-Carrara,municipality_region,44.199961,10.175460,44.199961,10.175460,false
izs_benv_events.csv,BENV-2026-PESTE-SUINA-AFRICANA-85615-CINGHIALE,FELINO,Emilia Romagna,Parma,municipality_region,44.696587,10.237205,44.696587,10.237205,false
izs_benv_events.csv,BENV-2026-PESTE-SUINA-AFRICANA-85633-CINGHIALE,SAN MARCELLO PITEGLIO,Toscana,Pistoia,municipality_region,44.067673,10.812002,44.067673,10.812002,false
izs_benv_events.csv,BENV-2026-PESTE-SUINA-AFRICANA-85773-CINGHIALE,CENGIO,Liguria,Savona,municipality_region,44.390259,8.207952,44.390259,8.207952,false
izs_benv_events.csv,BENV-2026-PESTE-SUINA-AFRICANA-85820-CINGHIALE,GALLICANO,Toscana,Lucca,municipality_region,44.060651,10.435668,44.060651,10.435668,false
izs_benv_events.csv,BENV-2026-PESTE-SUINA-AFRICANA-85891-CINGHIALE,LESIGNANO DE\' BAGNI,Emilia Romagna,Parma,municipality_region,44.643428,10.300484,44.643428,10.300484,false
izs_benv_events.csv,BENV-2026-PESTE-SUINA-AFRICANA-85893-CINGHIALE,LESIGNANO DE\' BAGNI,Emilia Romagna,Parma,municipality_region,44.643428,10.300484,44.643428,10.300484,false
izs_benv_events.csv,BENV-2026-PESTE-SUINA-AFRICANA-85913-CINGHIALE,FANANO,Emilia Romagna,Modena,municipality_region,44.207737,10.793837,44.207737,10.793837,false
izs_benv_events.csv,BENV-2026-PESTE-SUINA-AFRICANA-83400-CINGHIALE,RAPALLO,Liguria,Genova,municipality_region,44.351147,9.229671,44.351147,9.229671,false
izs_benv_events.csv,BENV-2026-PESTE-SUINA-AFRICANA-84042-CINGHIALE,RAPALLO,Liguria,Genova,municipality_region,44.351147,9.229671,44.351147,9.229671,false
izs_benv_events.csv,BENV-2026-PESTE-SUINA-AFRICANA-85221-CINGHIALE,GENOVA,Liguria,Genova,municipality_region,44.407260,8.933862,44.407260,8.933862,false
izs_benv_events.csv,BENV-2026-PESTE-SUINA-AFRICANA-85256-CINGHIALE,FIVIZZANO,Toscana,Massa-Carrara,municipality_region,44.238350,10.125990,44.238350,10.125990,false
izs_benv_events.csv,BENV-2026-PESTE-SUINA-AFRICANA-85307-CINGHIALE,VENTASSO,Emilia Romagna,Reggio nell'Emilia,municipality_region,44.368830,10.269310,44.368830,10.269310,false
izs_benv_events.csv,BENV-2026-PESTE-SUINA-AFRICANA-85527-CINGHIALE,FIVIZZANO,Toscana,Massa-Carrara,municipality_region,44.238350,10.125990,44.238350,10.125990,false
izs_benv_events.csv,BENV-2026-PESTE-SUINA-AFRICANA-85653-CINGHIALE,VARAZZE,Liguria,Savona,municipality_region,44.359300,8.575327,44.359300,8.575327,false
izs_benv_events.csv,BENV-2026-PESTE-SUINA-AFRICANA-85684-CINGHIALE,FIVIZZANO,Toscana,Massa-Carrara,municipality_region,44.238350,10.125990,44.238350,10.125990,false
izs_benv_events.csv,BENV-2026-PESTE-SUINA-AFRICANA-85745-CINGHIALE,CENGIO,Liguria,Savona,municipality_region,44.390259,8.207952,44.390259,8.207952,false
izs_benv_events.csv,BENV-2026-PESTE-SUINA-AFRICANA-85890-CINGHIALE,FELINO,Emilia Romagna,Parma,municipality_region,44.696587,10.237205,44.696587,10.237205,false
izs_benv_events.csv,BENV-2026-PESTE-SUINA-AFRICANA-85914-CINGHIALE,FANANO,Emilia Romagna,Modena,municipality_region,44.207737,10.793837,44.207737,10.793837,false
izs_benv_events.csv,BENV-2026-PESTE-SUINA-AFRICANA-83496-CINGHIALE,ROCCHETTA DI VARA,Liguria,La Spezia,municipality_region,44.251273,9.757284,44.251273,9.757284,false
izs_benv_events.csv,BENV-2026-PESTE-SUINA-AFRICANA-84841-CINGHIALE,VILLA MINOZZO,Emilia Romagna,Reggio nell'Emilia,municipality_region,44.365056,10.465995,44.365056,10.465995,false
izs_benv_events.csv,BENV-2026-PESTE-SUINA-AFRICANA-84907-CINGHIALE,GENOVA,Liguria,Genova,municipality_region,44.407260,8.933862,44.407260,8.933862,false
izs_benv_events.csv,BENV-2026-PESTE-SUINA-AFRICANA-85337-CINGHIALE,MONCHIO DELLE CORTI,Emilia Romagna,Parma,municipality_region,44.412955,10.124190,44.412955,10.124190,false
izs_benv_events.csv,BENV-2026-PESTE-SUINA-AFRICANA-85366-CINGHIALE,VENTASSO,Emilia Romagna,Reggio nell'Emilia,municipality_region,44.368830,10.269310,44.368830,10.269310,false
izs_benv_events.csv,BENV-2026-PESTE-SUINA-AFRICANA-85371-CINGHIALE,VENTASSO,Emilia Romagna,Reggio nell'Emilia,municipality_region,44.368830,10.269310,44.368830,10.269310,false
izs_benv_events.csv,BENV-2026-PESTE-SUINA-AFRICANA-85441-CINGHIALE,COMANO,Toscana,Massa-Carrara,municipality_region,44.293540,10.131165,44.293540,10.131165,false
izs_benv_events.csv,BENV-2026-PESTE-SUINA-AFRICANA-82911-CINGHIALE,CASTIGLIONE CHIAVARESE,Liguria,Genova,municipality_region,44.274090,9.514675,44.274090,9.514675,false
izs_benv_events.csv,BENV-2026-PESTE-SUINA-AFRICANA-83633-CINGHIALE,SANT\'OLCESE,Liguria,Genova,municipality_region,44.490864,8.970540,44.490864,8.970540,false
izs_benv_events.csv,BENV-2026-PESTE-SUINA-AFRICANA-85184-CINGHIALE,MEDESANO,Emilia Romagna,Parma,municipality_region,44.756699,10.140737,44.756699,10.140737,false
izs_benv_events.csv,BENV-2026-PESTE-SUINA-AFRICANA-85211-CINGHIALE,RAPALLO,Liguria,Genova,municipality_region,44.351147,9.229671,44.351147,9.229671,false
izs_benv_events.csv,BENV-2026-PESTE-SUINA-AFRICANA-85219-CINGHIALE,GENOVA,Liguria,Genova,municipality_region,44.407260,8.933862,44.407260,8.933862,false
izs_benv_events.csv,BENV-2026-PESTE-SUINA-AFRICANA-85244-CINGHIALE,ROCCHETTA DI VARA,Liguria,La Spezia,municipality_region,44.251273,9.757284,44.251273,9.757284,false
izs_benv_events.csv,BENV-2026-PESTE-SUINA-AFRICANA-85284-CINGHIALE,VENTASSO,Emilia Romagna,Reggio nell'Emilia,municipality_region,44.368830,10.269310,44.368830,10.269310,false
izs_benv_events.csv,BENV-2026-PESTE-SUINA-AFRICANA-85315-CINGHIALE,BAGNONE,Toscana,Massa-Carrara,municipality_region,44.314739,9.994655,44.314739,9.994655,false
izs_benv_events.csv,BENV-2026-PESTE-SUINA-AFRICANA-85523-CINGHIALE,CASOLA IN LUNIGIANA,Toscana,Massa-Carrara,municipality_region,44.199961,10.175460,44.199961,10.175460,false
izs_benv_events.csv,BENV-2026-PESTE-SUINA-AFRICANA-85567-CINGHIALE,MEDESANO,Emilia Romagna,Parma,municipality_region,44.756699,10.140737,44.756699,10.140737,false
izs_benv_events.csv,BENV-2026-PESTE-SUINA-AFRICANA-85648-CINGHIALE,CENGIO,Liguria,Savona,municipality_region,44.390259,8.207952,44.390259,8.207952,false
izs_benv_events.csv,BENV-2026-PESTE-SUINA-AFRICANA-85680-CINGHIALE,CASOLA IN LUNIGIANA,Toscana,Massa-Carrara,municipality_region,44.199961,10.175460,44.199961,10.175460,false
izs_benv_events.csv,BENV-2026-PESTE-SUINA-AFRICANA-85682-CINGHIALE,PONTREMOLI,Toscana,Massa-Carrara,municipality_region,44.375151,9.878882,44.375151,9.878882,false
izs_benv_events.csv,BENV-2026-PESTE-SUINA-AFRICANA-85735-CINGHIALE,SAN MARCELLO PITEGLIO,Toscana,Pistoia,municipality_region,44.067673,10.812002,44.067673,10.812002,false
izs_benv_events.csv,BENV-2026-PESTE-SUINA-AFRICANA-85746-CINGHIALE,CENGIO,Liguria,Savona,municipality_region,44.390259,8.207952,44.390259,8.207952,false
izs_benv_events.csv,BENV-2026-PESTE-SUINA-AFRICANA-85750-CINGHIALE,LESIGNANO DE\' BAGNI,Emilia Romagna,Parma,municipality_region,44.643428,10.300484,44.643428,10.300484,false
izs_benv_events.csv,BENV-2026-PESTE-SUINA-AFRICANA-84367-CINGHIALE,CERANESI,Liguria,Genova,municipality_region,44.511270,8.878941,44.511270,8.878941,false
izs_benv_events.csv,BENV-2026-PESTE-SUINA-AFRICANA-84608-CINGHIALE,ZOAGLI,Liguria,Genova,municipality_region,44.336762,9.266956,44.336762,9.266956,false
izs_benv_events.csv,BENV-2026-PESTE-SUINA-AFRICANA-84712-CINGHIALE,RAPALLO,Liguria,Genova,municipality_region,44.351147,9.229671,44.351147,9.229671,false
izs_benv_events.csv,BENV-2026-PESTE-SUINA-AFRICANA-83211-CINGHIALE,SERRA RICCO\',Liguria,Genova,municipality_region,44.518713,8.951623,44.518713,8.951623,false
izs_benv_events.csv,BENV-2026-PESTE-SUINA-AFRICANA-83119-CINGHIALE,RAPALLO,Liguria,Genova,municipality_region,44.351147,9.229671,44.351147,9.229671,false
izs_benv_events.csv,BENV-2026-PESTE-SUINA-AFRICANA-82750-CINGHIALE,DEIVA MARINA,Liguria,La Spezia,municipality_region,44.218231,9.520046,44.218231,9.520046,false
izs_benv_events.csv,BENV-2026-PESTE-SUINA-AFRICANA-85096-CINGHIALE,MONCHIO DELLE CORTI,Emilia Romagna,Parma,municipality_region,44.412955,10.124190,44.412955,10.124190,false
izs_benv_events.csv,BENV-2026-PESTE-SUINA-AFRICANA-85129-CINGHIALE,VENTASSO,Emilia Romagna,Reggio nell'Emilia,municipality_region,44.368830,10.269310,44.368830,10.269310,false
izs_benv_events.csv,BENV-2026-PESTE-SUINA-AFRICANA-85132-CINGHIALE,FOSDINOVO,Toscana,Massa-Carrara,municipality_region,44.133820,10.018869,44.133820,10.018869,false
izs_benv_events.csv,BENV-2026-PESTE-SUINA-AFRICANA-85401-CINGHIALE,PALANZANO,Emilia Romagna,Parma,municipality_region,44.437437,10.194462,44.437437,10.194462,false
izs_benv_events.csv,BENV-2026-PESTE-SUINA-AFRICANA-85414-CINGHIALE,SAN MARCELLO PITEGLIO,Toscana,Pistoia,municipality_region,44.067673,10.812002,44.067673,10.812002,false
izs_benv_events.csv,BENV-2026-PESTE-SUINA-AFRICANA-85494-CINGHIALE,VENTASSO,Emilia Romagna,Reggio nell'Emilia,municipality_region,44.368830,10.269310,44.368830,10.269310,false
izs_benv_events.csv,BENV-2026-RABBIA-84861-CANE,VITTORIO VENETO,Veneto,Treviso,municipality_region,45.989665,12.296436,45.989665,12.296436,false
izs_benv_events.csv,BENV-2026-SALMONELLOSI-83324-BOVINO,MONTICHIARI,Lombardia,Brescia,municipality_region,45.415181,10.390675,45.415181,10.390675,false
izs_benv_events.csv,BENV-2026-SALMONELLOSI-85185-BOVINO,POMPIANO,Lombardia,Brescia,municipality_region,45.431977,9.989265,45.431977,9.989265,false
izs_benv_events.csv,BENV-2026-SALMONELLOSI-85652-SUINO,MANCIANO,Toscana,Grosseto,municipality_region,42.587336,11.515988,42.587336,11.515988,false
izs_benv_events.csv,BENV-2026-SALMONELLOSI-84591-SUINO,MONTE VIDON COMBATTE,Marche,Fermo,municipality_region,43.050066,13.631002,43.050066,13.631002,false
izs_benv_events.csv,BENV-2026-SALMONELLOSI-83422-BOVINO,MONTICHIARI,Lombardia,Brescia,municipality_region,45.415181,10.390675,45.415181,10.390675,false
izs_benv_events.csv,BENV-2026-SALMONELLOSI-83833-BUFALO,SAN TAMMARO,Campania,Caserta,municipality_region,41.075902,14.231671,41.075902,14.231671,false
izs_benv_events.csv,BENV-2026-SALMONELLOSI-82920-BOVINO,VILLAFRANCA DI VERONA,Veneto,Verona,municipality_region,45.350928,10.845996,45.350928,10.845996,false
izs_benv_events.csv,BENV-2026-SALMONELLOSI-82869-GALLUS-GALLUS,PICINISCO,Lazio,Frosinone,municipality_region,41.646263,13.867783,41.646263,13.867783,false
izs_benv_events.csv,BENV-2026-SALMONELLOSI-83084-OVINO,SANTA GIUSTA,Sardegna,Oristano,municipality_region,39.878178,8.609973,39.878178,8.609973,false
izs_benv_events.csv,BENV-2026-SALMONELLOSI-83013-BOVINO,ANZIO,Lazio,Roma,municipality_region,41.447101,12.628562,41.447101,12.628562,false
izs_benv_events.csv,BENV-2026-SALMONELLOSI-83702-GALLUS-GALLUS,VICENZA,Veneto,Vicenza,municipality_region,45.634859,11.406354,45.634859,11.406354,false
izs_benv_events.csv,BENV-2026-SALMONELLOSI-83475-BUFALO,CAPACCIO,Campania,Salerno,not_found,40.68240,14.76810,40.68240,14.76810,false
izs_benv_events.csv,BENV-2026-SALMONELLOSI-85362-GALLUS-GALLUS,CAVOUR,Piemonte,Torino,municipality_region,44.785499,7.373841,44.785499,7.373841,false
izs_benv_events.csv,BENV-2026-SALMONELLOSI-85609-BOVINO,OSIO SOPRA,Lombardia,Bergamo,municipality_region,45.630787,9.591063,45.630787,9.591063,false
izs_benv_events.csv,BENV-2026-SALMONELLOSI-85912-BUFALO,AGROPOLI,Campania,Salerno,municipality_region,40.346905,14.996553,40.346905,14.996553,false
izs_benv_events.csv,BENV-2026-SALMONELLOSI-84021-BUFALO,VAIRANO PATENORA,Campania,Caserta,municipality_region,41.337019,14.131121,41.337019,14.131121,false
izs_benv_events.csv,BENV-2026-SALMONELLOSI-85720-BUFALO,EBOLI,Campania,Salerno,municipality_region,40.617515,15.056944,40.617515,15.056944,false
izs_benv_events.csv,BENV-2026-SALMONELLOSI-85289-BOVINO,NEGRAR DI VALPOLICELLA,Veneto,Verona,municipality_region,45.529671,10.940022,45.529671,10.940022,false
izs_benv_events.csv,BENV-2026-SALMONELLOSI-85721-BUFALO,EBOLI,Campania,Salerno,municipality_region,40.617515,15.056944,40.617515,15.056944,false
izs_benv_events.csv,BENV-2026-SALMONELLOSI-85063-BOVINO,VETRALLA,Lazio,Viterbo,municipality_region,42.320534,12.057500,42.320534,12.057500,false
izs_benv_events.csv,BENV-2026-SALMONELLOSI-84939-BUFALO,CAPACCIO,Campania,Salerno,not_found,40.68240,14.76810,40.68240,14.76810,false
izs_benv_events.csv,BENV-2026-SALMONELLOSI-AVIARE-NON-TIFOIDEE-83780-GALLUS-GALLUS,TUSCANIA,Lazio,Viterbo,municipality_region,42.420214,11.870261,42.420214,11.870261,false
izs_benv_events.csv,BENV-2026-SALMONELLOSI-AVIARE-NON-TIFOIDEE-83997-GALLUS-GALLUS,MONTE SAN GIOVANNI CAMPANO,Lazio,Frosinone,municipality_region,41.640620,13.513704,41.640620,13.513704,false
izs_benv_events.csv,BENV-2026-SALMONELLOSI-AVIARE-NON-TIFOIDEE-84464-GALLUS-GALLUS,DERUTA,Umbria,Perugia,municipality_region,42.982290,12.419588,42.982290,12.419588,false
izs_benv_events.csv,BENV-2026-SALMONELLOSI-AVIARE-NON-TIFOIDEE-85597-GALLUS-GALLUS,IRSINA,Basilicata,Matera,municipality_region,40.749622,16.235775,40.749622,16.235775,false
izs_benv_events.csv,BENV-2026-SALMONELLOSI-AVIARE-NON-TIFOIDEE-84625-GALLUS-GALLUS,MATERA,Basilicata,Matera,municipality_region,40.447642,16.473574,40.447642,16.473574,false
izs_benv_events.csv,BENV-2026-SALMONELLOSI-AVIARE-NON-TIFOIDEE-83784-GALLUS-GALLUS,PARMA,Emilia Romagna,Parma,municipality_region,44.801368,10.328083,44.801368,10.328083,false
izs_benv_events.csv,BENV-2026-SALMONELLOSI-AVIARE-NON-TIFOIDEE-84719-GALLUS-GALLUS,MONTENERO DI BISACCIA,Molise,Campobasso,municipality_region,42.065450,14.789569,42.065450,14.789569,false
izs_benv_events.csv,BENV-2026-SALMONELLOSI-AVIARE-NON-TIFOIDEE-83796-GALLUS-GALLUS,VILLACIDRO,Sardegna,Sud Sardegna,municipality_region,39.456992,8.736722,39.456992,8.736722,false
izs_benv_events.csv,BENV-2026-SALMONELLOSI-AVIARE-NON-TIFOIDEE-83608-GALLUS-GALLUS,MONTALTO DI CASTRO,Lazio,Viterbo,municipality_region,42.353460,11.606312,42.353460,11.606312,false
izs_benv_events.csv,BENV-2026-SALMONELLOSI-AVIARE-NON-TIFOIDEE-83232-TACCHINO,SORGA\',Veneto,Verona,municipality_region,45.213400,10.979362,45.213400,10.979362,false
izs_benv_events.csv,BENV-2026-SALMONELLOSI-AVIARE-NON-TIFOIDEE-83301-GALLUS-GALLUS,CHIARAMONTI,Sardegna,Sassari,municipality_region,40.749064,8.818618,40.749064,8.818618,false
izs_benv_events.csv,BENV-2026-SALMONELLOSI-AVIARE-NON-TIFOIDEE-84163-GALLUS-GALLUS,LIMBADI,Calabria,Vibo Valentia,municipality_region,38.557477,15.965895,38.557477,15.965895,false
izs_benv_events.csv,BENV-2026-SALMONELLOSI-AVIARE-NON-TIFOIDEE-85600-GALLUS-GALLUS,IRSINA,Basilicata,Matera,municipality_region,40.749622,16.235775,40.749622,16.235775,false
izs_benv_events.csv,BENV-2026-SALMONELLOSI-AVIARE-NON-TIFOIDEE-84357-GALLUS-GALLUS,COLICO,Lombardia,Lecco,municipality_region,46.116215,9.314998,46.116215,9.314998,false
izs_benv_events.csv,BENV-2026-SALMONELLOSI-AVIARE-NON-TIFOIDEE-84404-GALLUS-GALLUS,GRONTARDO,Lombardia,Cremona,municipality_region,45.201873,10.150773,45.201873,10.150773,false
izs_benv_events.csv,BENV-2026-SALMONELLOSI-AVIARE-NON-TIFOIDEE-83254-GALLUS-GALLUS,ORDONA,Puglia,Foggia,municipality_region,41.315529,15.627355,41.315529,15.627355,false
izs_benv_events.csv,BENV-2026-SALMONELLOSI-AVIARE-NON-TIFOIDEE-83256-GALLUS-GALLUS,MONTECORVINO ROVELLA,Campania,Salerno,municipality_region,40.695913,14.976105,40.695913,14.976105,false
izs_benv_events.csv,BENV-2026-SALMONELLOSI-AVIARE-NON-TIFOIDEE-85006-QUAGLIA,CARPI,Emilia Romagna,Modena,municipality_region,44.783570,10.885452,44.783570,10.885452,false
izs_benv_events.csv,BENV-2026-SALMONELLOSI-AVIARE-NON-TIFOIDEE-84945-GALLUS-GALLUS,MONTIGLIO MONFERRATO,Piemonte,Asti,municipality_region,45.064470,8.098861,45.064470,8.098861,false
izs_benv_events.csv,BENV-2026-SALMONELLOSI-AVIARE-NON-TIFOIDEE-83314-GALLUS-GALLUS,MONTECORVINO ROVELLA,Campania,Salerno,municipality_region,40.695913,14.976105,40.695913,14.976105,false
izs_benv_events.csv,BENV-2026-SALMONELLOSI-AVIARE-NON-TIFOIDEE-84058-GALLUS-GALLUS,URBISAGLIA,Marche,Macerata,municipality_region,43.196608,13.376571,43.196608,13.376571,false
izs_benv_events.csv,BENV-2026-SALMONELLOSI-AVIARE-NON-TIFOIDEE-85006-GALLUS-GALLUS,CARPI,Emilia Romagna,Modena,municipality_region,44.783570,10.885452,44.783570,10.885452,false
izs_benv_events.csv,BENV-2026-SALMONELLOSI-AVIARE-NON-TIFOIDEE-83523-GALLUS-GALLUS,VILLA DEL CONTE,Veneto,Padova,municipality_region,45.586598,11.859005,45.586598,11.859005,false
izs_benv_events.csv,BENV-2026-SALMONELLOSI-AVIARE-NON-TIFOIDEE-85607-GALLUS-GALLUS,CASTELFRANCO VENETO,Veneto,Treviso,municipality_region,45.672811,11.925245,45.672811,11.925245,false
izs_benv_events.csv,BENV-2026-SALMONELLOSI-AVIARE-NON-TIFOIDEE-85638-GALLUS-GALLUS,FORMIGINE,Emilia Romagna,Modena,municipality_region,44.575143,10.847028,44.575143,10.847028,false
izs_benv_events.csv,BENV-2026-SALMONELLOSI-AVIARE-NON-TIFOIDEE-84623-GALLUS-GALLUS,ISOLA DELLA SCALA,Veneto,Verona,municipality_region,45.273105,11.006889,45.273105,11.006889,false
izs_benv_events.csv,BENV-2026-SALMONELLOSI-AVIARE-NON-TIFOIDEE-84068-GALLUS-GALLUS,LIMBADI,Calabria,Vibo Valentia,municipality_region,38.557477,15.965895,38.557477,15.965895,false
izs_benv_events.csv,BENV-2026-SALMONELLOSI-AVIARE-NON-TIFOIDEE-85705-GALLUS-GALLUS,CELLENO,Lazio,Viterbo,municipality_region,42.559768,12.125758,42.559768,12.125758,false
izs_benv_events.csv,BENV-2026-SALMONELLOSI-AVIARE-NON-TIFOIDEE-85679-GALLUS-GALLUS,ISOLA DELLA SCALA,Veneto,Verona,municipality_region,45.273105,11.006889,45.273105,11.006889,false
izs_benv_events.csv,BENV-2026-SALMONELLOSI-AVIARE-NON-TIFOIDEE-83903-GALLUS-GALLUS,ISOLA DELLA SCALA,Veneto,Verona,municipality_region,45.273105,11.006889,45.273105,11.006889,false
izs_benv_events.csv,BENV-2026-SALMONELLOSI-AVIARE-NON-TIFOIDEE-84187-GALLUS-GALLUS,LONATO DEL GARDA,Lombardia,Brescia,municipality_region,45.461039,10.484535,45.461039,10.484535,false
izs_benv_events.csv,BENV-2026-SALMONELLOSI-AVIARE-NON-TIFOIDEE-83804-GALLUS-GALLUS,TAGLIO DI PO,Veneto,Rovigo,municipality_region,45.005777,12.210798,45.005777,12.210798,false
izs_benv_events.csv,BENV-2026-SALMONELLOSI-AVIARE-NON-TIFOIDEE-85558-GALLUS-GALLUS,RICCIA,Molise,Campobasso,municipality_region,41.483976,14.835084,41.483976,14.835084,false
izs_benv_events.csv,BENV-2026-SALMONELLOSI-AVIARE-NON-TIFOIDEE-85001-GALLUS-GALLUS,RODENGO-SAIANO,Lombardia,Brescia,municipality_region,45.597646,10.109468,45.597646,10.109468,false
izs_benv_events.csv,BENV-2026-SALMONELLOSI-AVIARE-NON-TIFOIDEE-85416-GALLUS-GALLUS,CASTELFRANCO VENETO,Veneto,Treviso,municipality_region,45.672811,11.925245,45.672811,11.925245,false
izs_benv_events.csv,BENV-2026-SALMONELLOSI-AVIARE-NON-TIFOIDEE-85317-GALLUS-GALLUS,CURTATONE,Lombardia,Mantova,municipality_region,45.109553,10.715842,45.109553,10.715842,false
izs_benv_events.csv,BENV-2026-SALMONELLOSI-AVIARE-NON-TIFOIDEE-85267-GALLUS-GALLUS,CAPRINO VERONESE,Veneto,Verona,municipality_region,45.605938,10.795132,45.605938,10.795132,false
izs_benv_events.csv,BENV-2026-SALMONELLOSI-AVIARE-NON-TIFOIDEE-85651-GALLUS-GALLUS,OLEVANO SUL TUSCIANO,Campania,Salerno,municipality_region,40.668904,15.032615,40.668904,15.032615,false
izs_benv_events.csv,BENV-2026-SALMONELLOSI-AVIARE-NON-TIFOIDEE-85238-GALLUS-GALLUS,PIEVE DEL GRAPPA,Veneto,Treviso,municipality_region,45.827223,11.838844,45.827223,11.838844,false
izs_benv_events.csv,BENV-2026-SALMONELLOSI-AVIARE-NON-TIFOIDEE-85266-GALLUS-GALLUS,CIGOLE,Lombardia,Brescia,municipality_region,45.308636,10.189375,45.308636,10.189375,false
izs_benv_events.csv,BENV-2026-SALMONELLOSI-AVIARE-NON-TIFOIDEE-83388-GALLUS-GALLUS,PRESSANA,Veneto,Verona,municipality_region,45.284749,11.402090,45.284749,11.402090,false
izs_benv_events.csv,BENV-2026-SALMONELLOSI-AVIARE-NON-TIFOIDEE-85062-GALLUS-GALLUS,PIEVE DEL GRAPPA,Veneto,Treviso,municipality_region,45.827223,11.838844,45.827223,11.838844,false
izs_benv_events.csv,BENV-2026-SCRAPIE-83460-OVINO,BONARCADO,Sardegna,Oristano,municipality_region,40.095850,8.657124,40.095850,8.657124,false
izs_benv_events.csv,BENV-2026-SCRAPIE-83563-CAPRA,SILANUS,Sardegna,Nuoro,municipality_region,40.288864,8.890493,40.288864,8.890493,false
izs_benv_events.csv,BENV-2026-SCRAPIE-83545-OVINO,BONARCADO,Sardegna,Oristano,municipality_region,40.095850,8.657124,40.095850,8.657124,false
izs_benv_events.csv,BENV-2026-SCRAPIE-84271-CAPRA,OVODDA,Sardegna,Nuoro,municipality_region,40.095654,9.162334,40.095654,9.162334,false
izs_benv_events.csv,BENV-2026-SCRAPIE-84926-OVINO,CAMPLI,Abruzzo,Teramo,municipality_region,42.726231,13.686284,42.726231,13.686284,false
izs_benv_events.csv,BENV-2026-SCRAPIE-83545-CAPRA,BONARCADO,Sardegna,Oristano,municipality_region,40.095850,8.657124,40.095850,8.657124,false
izs_benv_events.csv,BENV-2026-SCRAPIE-84271-OVINO,OVODDA,Sardegna,Nuoro,municipality_region,40.095654,9.162334,40.095654,9.162334,false
izs_benv_events.csv,BENV-2026-SCRAPIE-83564-OVINO,BORORE,Sardegna,Nuoro,municipality_region,40.216854,8.803725,40.216854,8.803725,false
izs_benv_events.csv,BENV-2026-TUBERCOLOSI-BOVINA-MTBC-83530-CINGHIALE,FABRIANO,Marche,Ancona,municipality_region,43.335841,12.904619,43.335841,12.904619,false
izs_benv_events.csv,BENV-2026-TUBERCOLOSI-BOVINA-MTBC-84185-CINGHIALE,CAMERINO,Marche,Macerata,municipality_region,43.135764,13.068309,43.135764,13.068309,false
izs_benv_events.csv,BENV-2026-TUBERCOLOSI-BOVINA-MTBC-85507-CINGHIALE,CAMERINO,Marche,Macerata,municipality_region,43.135764,13.068309,43.135764,13.068309,false
izs_benv_events.csv,BENV-2026-TUBERCOLOSI-BOVINA-MTBC-83528-CINGHIALE,FABRIANO,Marche,Ancona,municipality_region,43.335841,12.904619,43.335841,12.904619,false
izs_benv_events.csv,BENV-2026-TUBERCOLOSI-BOVINA-MTBC-83665-CINGHIALE,FABRIANO,Marche,Ancona,municipality_region,43.335841,12.904619,43.335841,12.904619,false
izs_benv_events.csv,BENV-2026-TUBERCOLOSI-BOVINA-MTBC-83671-CINGHIALE,RIOLO TERME,Emilia Romagna,Ravenna,municipality_region,44.277084,11.724520,44.277084,11.724520,false
izs_benv_events.csv,BENV-2026-TUBERCOLOSI-BOVINA-MTBC-84526-CINGHIALE,POGGIBONSI,Toscana,Siena,municipality_region,43.465028,11.148337,43.465028,11.148337,false
izs_benv_events.csv,BENV-2026-TUBERCOLOSI-BOVINA-MTBC-84431-CINGHIALE,PIORACO,Marche,Macerata,municipality_region,43.179050,12.985670,43.179050,12.985670,false
izs_benv_events.csv,BENV-2026-TUBERCOLOSI-BOVINA-MTBC-84186-CINGHIALE,CAMERINO,Marche,Macerata,municipality_region,43.135764,13.068309,43.135764,13.068309,false
izs_benv_events.csv,BENV-2026-TUBERCOLOSI-BOVINA-MTBC-83244-CINGHIALE,SAN GIMIGNANO,Toscana,Siena,municipality_region,43.467799,11.043212,43.467799,11.043212,false
izs_benv_events.csv,BENV-2026-TUBERCOLOSI-BOVINA-MTBC-84347-CINGHIALE,FABRIANO,Marche,Ancona,municipality_region,43.335841,12.904619,43.335841,12.904619,false
izs_benv_events.csv,BENV-2026-TUBERCOLOSI-BOVINA-MTBC-83470-CINGHIALE,FABRIANO,Marche,Ancona,municipality_region,43.335841,12.904619,43.335841,12.904619,false
izs_benv_events.csv,BENV-2026-TUBERCOLOSI-BOVINA-MTBC-83529-CINGHIALE,FABRIANO,Marche,Ancona,municipality_region,43.335841,12.904619,43.335841,12.904619,false
izs_benv_events.csv,BENV-2026-TUBERCOLOSI-BOVINA-MTBC-84348-CINGHIALE,FABRIANO,Marche,Ancona,municipality_region,43.335841,12.904619,43.335841,12.904619,false
izs_benv_events.csv,BENV-2026-TUBERCOLOSI-BOVINA-MTBC-84897-CINGHIALE,MONTESPERTOLI,Toscana,Firenze,municipality_region,43.643550,11.075141,43.643550,11.075141,false
izs_benv_events.csv,BENV-2026-TUBERCOLOSI-BOVINA-MTBC-83474-BOVINO,ARIANO NEL POLESINE,Veneto,Rovigo,municipality_region,44.946084,12.124922,44.946084,12.124922,false
izs_benv_events.csv,BENV-2026-TUBERCOLOSI-BOVINA-MTBC-83015-BOVINO,SAN LUCIDO,Calabria,Cosenza,municipality_region,39.308892,16.050788,39.308892,16.050788,false
izs_benv_events.csv,BENV-2026-TUBERCOLOSI-BOVINA-MTBC-84200-BOVINO,DRAPIA,Calabria,Vibo Valentia,municipality_region,38.664524,15.910363,38.664524,15.910363,false
izs_benv_events.csv,BENV-2026-TUBERCOLOSI-BOVINA-MTBC-84227-BOVINO,ROGGIANO GRAVINA,Calabria,Cosenza,municipality_region,39.618199,16.159687,39.618199,16.159687,false
izs_benv_events.csv,BENV-2026-TUBERCOLOSI-BOVINA-MTBC-83834-BOVINO,VALLINFREDA,Lazio,Roma,municipality_region,42.084282,12.996612,42.084282,12.996612,false
izs_benv_events.csv,BENV-2026-TUBERCOLOSI-BOVINA-MTBC-82856-BOVINO,PIGNATARO INTERAMNA,Lazio,Frosinone,municipality_region,41.439218,13.786212,41.439218,13.786212,false
izs_benv_events.csv,BENV-2026-TUBERCOLOSI-BOVINA-MTBC-83334-BOVINO,ROMBIOLO,Calabria,Vibo Valentia,municipality_region,38.591778,16.001696,38.591778,16.001696,false
izs_benv_events.csv,BENV-2026-TUBERCOLOSI-BOVINA-MTBC-84415-BOVINO,MAIERATO,Calabria,Vibo Valentia,municipality_region,38.705048,16.190070,38.705048,16.190070,false
izs_benv_events.csv,BENV-2026-TUBERCOLOSI-BOVINA-MTBC-83274-BOVINO,BAGNARA CALABRA,Calabria,Reggio Calabria,municipality_region,38.288471,15.807795,38.288471,15.807795,false
izs_benv_events.csv,BENV-2026-TUBERCOLOSI-BOVINA-MTBC-84072-BOVINO,TOLVE,Basilicata,Potenza,municipality_region,40.694219,16.016271,40.694219,16.016271,false
izs_benv_events.csv,BENV-2026-TUBERCOLOSI-BOVINA-MTBC-83426-BOVINO,AMELIA,Umbria,Terni,municipality_region,42.553528,12.416776,42.553528,12.416776,false
izs_benv_events.csv,BENV-2026-TUBERCOLOSI-BOVINA-MTBC-83942-BOVINO,GRUMENTO NOVA,Basilicata,Potenza,municipality_region,40.282810,15.888773,40.282810,15.888773,false
izs_benv_events.csv,BENV-2026-TUBERCOLOSI-BOVINA-MTBC-84905-BOVINO,TURSI,Basilicata,Matera,municipality_region,40.245213,16.469687,40.245213,16.469687,false
izs_benv_events.csv,BENV-2026-TUBERCOLOSI-BOVINA-MTBC-84262-BOVINO,FERRANDINA,Basilicata,Matera,municipality_region,40.501218,16.454683,40.501218,16.454683,false
izs_benv_events.csv,BENV-2026-TUBERCOLOSI-BOVINA-MTBC-83115-BOVINO,PALAZZO ADRIANO,Sicilia,Palermo,municipality_region,37.681254,13.379266,37.681254,13.379266,false
izs_benv_events.csv,BENV-2026-TUBERCOLOSI-BOVINA-MTBC-83835-BOVINO,SPILINGA,Calabria,Vibo Valentia,municipality_region,38.628412,15.906178,38.628412,15.906178,false
izs_benv_events.csv,BENV-2026-TUBERCOLOSI-BOVINA-MTBC-83991-BOVINO,ROSCIGNO,Campania,Salerno,municipality_region,40.399030,15.345926,40.399030,15.345926,false
izs_benv_events.csv,BENV-2026-TUBERCOLOSI-BOVINA-MTBC-85099-BOVINO,BISEGNA,Abruzzo,L'Aquila,municipality_region,41.921128,13.757605,41.921128,13.757605,false
izs_benv_events.csv,BENV-2026-TUBERCOLOSI-BOVINA-MTBC-82879-BOVINO,RAGUSA,Sicilia,Ragusa,municipality_region,36.921983,14.721345,36.921983,14.721345,false
izs_benv_events.csv,BENV-2026-TUBERCOLOSI-BOVINA-MTBC-85027-BOVINO,MOLITERNO,Basilicata,Potenza,municipality_region,40.241932,15.869020,40.241932,15.869020,false
izs_benv_events.csv,BENV-2026-TUBERCOLOSI-BOVINA-MTBC-85098-BOVINO,BISEGNA,Abruzzo,L'Aquila,municipality_region,41.921128,13.757605,41.921128,13.757605,false
izs_benv_events.csv,BENV-2026-TUBERCOLOSI-BOVINA-MTBC-82900-BOVINO,CELLE DI BULGHERIA,Campania,Salerno,municipality_region,40.095489,15.402705,40.095489,15.402705,false
izs_benv_events.csv,BENV-2026-TUBERCOLOSI-BOVINA-MTBC-84226-BOVINO,MORETTA,Piemonte,Cuneo,municipality_region,44.763839,7.537125,44.763839,7.537125,false
izs_benv_events.csv,BENV-2026-TUBERCOLOSI-BOVINA-MTBC-83165-BOVINO,BRUZZANO ZEFFIRIO,Calabria,Reggio Calabria,municipality_region,38.013268,16.082604,38.013268,16.082604,false
izs_benv_events.csv,BENV-2026-TUBERCOLOSI-BOVINA-MTBC-84022-BOVINO,CALTAGIRONE,Sicilia,Catania,municipality_region,37.237201,14.513202,37.237201,14.513202,false
izs_benv_events.csv,BENV-2026-TUBERCOLOSI-BOVINA-MTBC-84085-BOVINO,BRUZZANO ZEFFIRIO,Calabria,Reggio Calabria,municipality_region,38.013268,16.082604,38.013268,16.082604,false
izs_benv_events.csv,BENV-2026-TUBERCOLOSI-BOVINA-MTBC-84093-BOVINO,GIFFONI VALLE PIANA,Campania,Salerno,municipality_region,40.718112,14.942347,40.718112,14.942347,false
izs_benv_events.csv,BENV-2026-TUBERCOLOSI-BOVINA-MTBC-85009-BOVINO,CARPINONE,Molise,Isernia,municipality_region,41.590426,14.323322,41.590426,14.323322,false
izs_benv_events.csv,BENV-2026-TUBERCOLOSI-BOVINA-MTBC-85117-BOVINO,BISEGNA,Abruzzo,L'Aquila,municipality_region,41.921128,13.757605,41.921128,13.757605,false
izs_benv_events.csv,BENV-2026-TUBERCOLOSI-BOVINA-MTBC-85499-BOVINO,MATELICA,Marche,Macerata,municipality_region,43.256560,13.010514,43.256560,13.010514,false
izs_benv_events.csv,BENV-2026-TUBERCOLOSI-BOVINA-MTBC-85233-BOVINO,GIFFONI VALLE PIANA,Campania,Salerno,municipality_region,40.718112,14.942347,40.718112,14.942347,false
izs_benv_events.csv,BENV-2026-TUBERCOLOSI-BOVINA-MTBC-85690-BOVINO,EBOLI,Campania,Salerno,municipality_region,40.617515,15.056944,40.617515,15.056944,false
izs_benv_events.csv,BENV-2026-TUBERCOLOSI-BOVINA-MTBC-84630-BOVINO,CALASCIBETTA,Sicilia,Enna,municipality_region,37.590191,14.271972,37.590191,14.271972,false
izs_benv_events.csv,BENV-2026-TUBERCOLOSI-BOVINA-MTBC-84632-BOVINO,BRONTE,Sicilia,Catania,municipality_region,37.787160,14.833845,37.787160,14.833845,false
izs_benv_events.csv,BENV-2026-TUBERCOLOSI-BOVINA-MTBC-83049-BOVINO,ANGUILLARA SABAZIA,Lazio,Roma,municipality_region,42.083709,12.282982,42.083709,12.282982,false
izs_benv_events.csv,BENV-2026-TUBERCOLOSI-BOVINA-MTBC-85331-BOVINO,UMBRIATICO,Calabria,Crotone,municipality_region,39.354501,16.918710,39.354501,16.918710,false
izs_benv_events.csv,BENV-2026-TUBERCOLOSI-BOVINA-MTBC-83215-BOVINO,NOTO,Sicilia,Siracusa,municipality_region,36.890886,15.070645,36.890886,15.070645,false
izs_benv_events.csv,BENV-2026-TUBERCOLOSI-BOVINA-MTBC-83776-BOVINO,PIANA DEGLI ALBANESI,Sicilia,Palermo,municipality_region,37.994836,13.282689,37.994836,13.282689,false
izs_benv_events.csv,BENV-2026-TUBERCOLOSI-BOVINA-MTBC-83601-BOVINO,GIFFONI VALLE PIANA,Campania,Salerno,municipality_region,40.718112,14.942347,40.718112,14.942347,false
izs_benv_events.csv,BENV-2026-TUBERCOLOSI-BOVINA-MTBC-85159-BOVINO,SAN NICANDRO GARGANICO,Puglia,Foggia,municipality_region,41.838446,15.565338,41.838446,15.565338,false
izs_benv_events.csv,BENV-2026-TUBERCOLOSI-BOVINA-MTBC-84394-BOVINO,SAN GIOVANNI ROTONDO,Puglia,Foggia,municipality_region,41.705055,15.730646,41.705055,15.730646,false
izs_benv_events.csv,BENV-2026-TUBERCOLOSI-BOVINA-MTBC-83921-BOVINO,CASTELDACCIA,Sicilia,Palermo,municipality_region,38.054118,13.530226,38.054118,13.530226,false
izs_benv_events.csv,BENV-2026-TUBERCOLOSI-BOVINA-MTBC-83750-BOVINO,CACCAMO,Sicilia,Palermo,municipality_region,37.931800,13.663490,37.931800,13.663490,false
izs_benv_events.csv,BENV-2026-TUBERCOLOSI-BOVINA-MTBC-83556-BOVINO,SASSOFERRATO,Marche,Ancona,municipality_region,43.432655,12.857263,43.432655,12.857263,false
izs_benv_events.csv,BENV-2026-TUBERCOLOSI-BOVINA-MTBC-85193-BOVINO,SAN CALOGERO,Calabria,Vibo Valentia,municipality_region,38.575578,16.020296,38.575578,16.020296,false
izs_benv_events.csv,BENV-2026-TUBERCOLOSI-BOVINA-MTBC-84274-BOVINO,SIRACUSA,Sicilia,Siracusa,municipality_region,37.064614,15.290720,37.064614,15.290720,false
izs_benv_events.csv,BENV-2026-TUBERCOLOSI-BOVINA-MTBC-83506-BOVINO,CAMERINO,Marche,Macerata,municipality_region,43.135764,13.068309,43.135764,13.068309,false
izs_benv_events.csv,BENV-2026-TUBERCOLOSI-BOVINA-MTBC-84272-BOVINO,CALTABELLOTTA,Sicilia,Agrigento,municipality_region,37.577341,13.216548,37.577341,13.216548,false
izs_benv_events.csv,BENV-2026-TUBERCOLOSI-BOVINA-MTBC-84360-BOVINO,SAN GIOVANNI ROTONDO,Puglia,Foggia,municipality_region,41.705055,15.730646,41.705055,15.730646,false
izs_benv_events.csv,BENV-2026-TUBERCOLOSI-BOVINA-MTBC-83262-BOVINO,VERZINO,Calabria,Crotone,municipality_region,39.311098,16.860406,39.311098,16.860406,false
izs_benv_events.csv,BENV-2026-TUBERCOLOSI-BOVINA-MTBC-83299-BOVINO,TORTORICI,Sicilia,Messina,municipality_region,38.030103,14.824190,38.030103,14.824190,false
izs_benv_events.csv,BENV-2026-TUBERCOLOSI-BOVINA-MTBC-84090-BOVINO,SERRE,Campania,Salerno,municipality_region,40.582511,15.185554,40.582511,15.185554,false
izs_benv_events.csv,BENV-2026-TUBERCOLOSI-BOVINA-MTBC-83958-BOVINO,PUTIGNANO,Puglia,Bari,municipality_region,40.851830,17.121294,40.851830,17.121294,false
izs_benv_events.csv,BENV-2026-TUBERCOLOSI-BOVINA-MTBC-84823-BOVINO,SAN LORENZO BELLIZZI,Calabria,Cosenza,municipality_region,39.889205,16.330288,39.889205,16.330288,false
izs_benv_events.csv,BENV-2026-TUBERCOLOSI-BOVINA-MTBC-83968-BOVINO,TREIA,Marche,Macerata,municipality_region,43.310556,13.311475,43.310556,13.311475,false
izs_benv_events.csv,BENV-2026-TUBERCOLOSI-BOVINA-MTBC-84887-BOVINO,VIETRI SUL MARE,Campania,Salerno,municipality_region,40.671548,14.728600,40.671548,14.728600,false
izs_benv_events.csv,BENV-2026-TUBERCOLOSI-BOVINA-MTBC-83376-BOVINO,MONTEROSSO CALABRO,Calabria,Vibo Valentia,municipality_region,38.716999,16.291059,38.716999,16.291059,false
izs_benv_events.csv,BENV-2026-TUBERCOLOSI-BOVINA-MTBC-83490-BOVINO,SASSANO,Campania,Salerno,municipality_region,40.337709,15.563066,40.337709,15.563066,false
izs_benv_events.csv,BENV-2026-TUBERCOLOSI-BOVINA-MTBC-84230-BOVINO,GIFFONI VALLE PIANA,Campania,Salerno,municipality_region,40.718112,14.942347,40.718112,14.942347,false
izs_benv_events.csv,BENV-2026-TUBERCOLOSI-BOVINA-MTBC-84281-BOVINO,CONDOFURI,Calabria,Reggio Calabria,municipality_region,38.004659,15.857397,38.004659,15.857397,false
izs_benv_events.csv,BENV-2026-TUBERCOLOSI-BOVINA-MTBC-84649-BOVINO,SERRA SAN QUIRICO,Marche,Ancona,municipality_region,43.447683,13.013860,43.447683,13.013860,false
izs_benv_events.csv,BENV-2026-TUBERCOLOSI-BOVINA-MTBC-84639-BOVINO,GIFFONI VALLE PIANA,Campania,Salerno,municipality_region,40.718112,14.942347,40.718112,14.942347,false
izs_benv_events.csv,BENV-2026-TUBERCOLOSI-BOVINA-MTBC-84055-BOVINO,LEONFORTE,Sicilia,Enna,municipality_region,37.639212,14.392427,37.639212,14.392427,false
izs_benv_events.csv,BENV-2026-TUBERCOLOSI-BOVINA-MTBC-84005-BUFALO,ISOLA DI CAPO RIZZUTO,Calabria,Crotone,municipality_region,38.959993,17.093315,38.959993,17.093315,false
izs_benv_events.csv,BENV-2026-TUBERCOLOSI-BOVINA-MTBC-82866-BOVINO,CALTAGIRONE,Sicilia,Catania,municipality_region,37.237201,14.513202,37.237201,14.513202,false
izs_benv_events.csv,BENV-2026-TUBERCOLOSI-BOVINA-MTBC-83650-BUFALO,CANCELLO ED ARNONE,Campania,Caserta,municipality_region,41.074112,14.027423,41.074112,14.027423,false
izs_benv_events.csv,BENV-2026-TUBERCOLOSI-BOVINA-MTBC-84231-BOVINO,GIFFONI VALLE PIANA,Campania,Salerno,municipality_region,40.718112,14.942347,40.718112,14.942347,false
izs_benv_events.csv,BENV-2026-TUBERCOLOSI-BOVINA-MTBC-85029-BOVINO,SANZA,Campania,Salerno,municipality_region,40.244607,15.552666,40.244607,15.552666,false
izs_benv_events.csv,BENV-2026-TUBERCOLOSI-BOVINA-MTBC-85111-BOVINO,CERASO,Campania,Salerno,municipality_region,40.194304,15.256061,40.194304,15.256061,false
izs_benv_events.csv,BENV-2026-TUBERCOLOSI-BOVINA-MTBC-85456-BOVINO,SANT\'ONOFRIO,Calabria,Vibo Valentia,municipality_region,38.694981,16.144097,38.694981,16.144097,false
izs_benv_events.csv,BENV-2026-TUBERCOLOSI-BOVINA-MTBC-85500-BOVINO,SAN NICANDRO GARGANICO,Puglia,Foggia,municipality_region,41.838446,15.565338,41.838446,15.565338,false
izs_benv_events.csv,BENV-2026-TUBERCOLOSI-BOVINA-MTBC-84422-BOVINO,MATELICA,Marche,Macerata,municipality_region,43.256560,13.010514,43.256560,13.010514,false
izs_benv_events.csv,BENV-2026-TUBERCOLOSI-BOVINA-MTBC-83405-BOVINO,CIMINNA,Sicilia,Palermo,municipality_region,37.896816,13.562345,37.896816,13.562345,false
izs_benv_events.csv,BENV-2026-TUBERCOLOSI-BOVINA-MTBC-84629-BOVINO,CASTEL DI IUDICA,Sicilia,Catania,municipality_region,37.494173,14.649715,37.494173,14.649715,false
izs_benv_events.csv,BENV-2026-TUBERCOLOSI-BOVINA-MTBC-84047-BOVINO,MODICA,Sicilia,Ragusa,municipality_region,36.858921,14.761302,36.858921,14.761302,false
izs_benv_events.csv,BENV-2026-TUBERCOLOSI-BOVINA-MTBC-85125-BOVINO,TROINA,Sicilia,Enna,municipality_region,37.785354,14.598475,37.785354,14.598475,false
izs_benv_events.csv,BENV-2026-TUBERCOLOSI-BOVINA-MTBC-83823-BOVINO,BORGO SAN LORENZO,Toscana,Firenze,municipality_region,43.954248,11.386468,43.954248,11.386468,false
izs_benv_events.csv,BENV-2026-TUBERCOLOSI-BOVINA-MTBC-84533-BOVINO,CENTURIPE,Sicilia,Enna,municipality_region,37.622952,14.739079,37.622952,14.739079,false
izs_benv_events.csv,BENV-2026-TUBERCOLOSI-BOVINA-MTBC-85719-BOVINO,SANT\'ONOFRIO,Calabria,Vibo Valentia,municipality_region,38.694981,16.144097,38.694981,16.144097,false
izs_benv_events.csv,BENV-2026-TUBERCOLOSI-BOVINA-MTBC-83364-BOVINO,NICOSIA,Sicilia,Enna,municipality_region,37.747452,14.397271,37.747452,14.397271,false
izs_benv_events.csv,BENV-2026-TUBERCOLOSI-BOVINA-MTBC-84275-BOVINO,SIRACUSA,Sicilia,Siracusa,municipality_region,37.064614,15.290720,37.064614,15.290720,false
izs_benv_events.csv,BENV-2026-TUBERCOLOSI-BOVINA-MTBC-83227-BOVINO,ROMBIOLO,Calabria,Vibo Valentia,municipality_region,38.591778,16.001696,38.591778,16.001696,false
izs_benv_events.csv,BENV-2026-TUBERCOLOSI-BOVINA-MTBC-85031-BOVINO,MESORACA,Calabria,Crotone,municipality_region,39.080127,16.789599,39.080127,16.789599,false
izs_benv_events.csv,BENV-2026-TUBERCOLOSI-BOVINA-MTBC-84855-BOVINO,PISCIOTTA,Campania,Salerno,municipality_region,40.108902,15.234561,40.108902,15.234561,false
izs_benv_events.csv,BENV-2026-TUBERCOLOSI-BOVINA-MTBC-85374-BOVINO,SARACENA,Calabria,Cosenza,municipality_region,39.776837,16.156472,39.776837,16.156472,false
izs_benv_events.csv,BENV-2026-TUBERCOLOSI-BOVINA-MTBC-83774-BOVINO,AGIRA,Sicilia,Enna,municipality_region,37.656151,14.521575,37.656151,14.521575,false
izs_benv_events.csv,BENV-2026-TUBERCOLOSI-BOVINA-MTBC-84668-BOVINO,PAZZANO,Calabria,Reggio Calabria,municipality_region,38.475763,16.452501,38.475763,16.452501,false
izs_benv_events.csv,BENV-2026-TUBERCOLOSI-BOVINA-MTBC-83190-BOVINO,MODICA,Sicilia,Ragusa,municipality_region,36.858921,14.761302,36.858921,14.761302,false
izs_benv_events.csv,BENV-2026-TUBERCOLOSI-BOVINA-MTBC-85440-BOVINO,SAN NICANDRO GARGANICO,Puglia,Foggia,municipality_region,41.838446,15.565338,41.838446,15.565338,false
izs_benv_events.csv,BENV-2026-TUBERCOLOSI-BOVINA-MTBC-83591-BOVINO,VOLTURARA IRPINA,Campania,Avellino,municipality_region,40.878104,14.917085,40.878104,14.917085,false
izs_benv_events.csv,BENV-2026-TUBERCOLOSI-BOVINA-MTBC-83526-BOVINO,CASABONA,Calabria,Crotone,municipality_region,39.250284,16.960659,39.250284,16.960659,false
izs_benv_events.csv,BENV-2026-TUBERCOLOSI-BOVINA-MTBC-83220-BOVINO,ALIFE,Campania,Caserta,municipality_region,41.326120,14.334026,41.326120,14.334026,false
izs_benv_events.csv,BENV-2026-TUBERCOLOSI-BOVINA-MTBC-83223-BOVINO,SAN NICANDRO GARGANICO,Puglia,Foggia,municipality_region,41.838446,15.565338,41.838446,15.565338,false
izs_benv_events.csv,BENV-2026-TUBERCOLOSI-BOVINA-MTBC-85024-BOVINO,VILLETTA BARREA,Abruzzo,L'Aquila,municipality_region,41.775827,13.938511,41.775827,13.938511,false
izs_benv_events.csv,BENV-2026-TUBERCOLOSI-BOVINA-MTBC-84958-BOVINO,CALASCIBETTA,Sicilia,Enna,municipality_region,37.590191,14.271972,37.590191,14.271972,false
izs_benv_events.csv,BENV-2026-TUBERCOLOSI-BOVINA-MTBC-83614-BOVINO,CESARO\',Sicilia,Messina,municipality_region,37.844756,14.713076,37.844756,14.713076,false
izs_benv_events.csv,BENV-2026-TUBERCOLOSI-BOVINA-MTBC-85234-BOVINO,ABRIOLA,Basilicata,Potenza,municipality_region,40.507882,15.813760,40.507882,15.813760,false
izs_benv_events.csv,BENV-2026-TUBERCOLOSI-BOVINA-MTBC-85248-BOVINO,GIFFONI VALLE PIANA,Campania,Salerno,municipality_region,40.718112,14.942347,40.718112,14.942347,false
izs_benv_events.csv,BENV-2026-TUBERCOLOSI-BOVINA-MTBC-85313-BOVINO,LAURIA,Basilicata,Potenza,municipality_region,40.047351,15.836595,40.047351,15.836595,false
izs_benv_events.csv,BENV-2026-TUBERCOLOSI-BOVINA-MTBC-84375-BOVINO,LENTINI,Sicilia,Siracusa,municipality_region,37.284685,14.998778,37.284685,14.998778,false
izs_benv_events.csv,BENV-2026-TUBERCOLOSI-BOVINA-MTBC-84320-BOVINO,PIETRAPAOLA,Calabria,Cosenza,municipality_region,39.487501,16.815803,39.487501,16.815803,false
izs_benv_events.csv,BENV-2026-TUBERCOLOSI-BOVINA-MTBC-84602-BOVINO,CENTURIPE,Sicilia,Enna,municipality_region,37.622952,14.739079,37.622952,14.739079,false
izs_benv_events.csv,BENV-2026-TUBERCOLOSI-BOVINA-MTBC-84673-BOVINO,GIFFONI VALLE PIANA,Campania,Salerno,municipality_region,40.718112,14.942347,40.718112,14.942347,false
izs_benv_events.csv,BENV-2026-TUBERCOLOSI-BOVINA-MTBC-84091-BOVINO,POGGIARDO,Puglia,Lecce,municipality_region,40.054223,18.379132,40.054223,18.379132,false
izs_benv_events.csv,BENV-2026-TUBERCOLOSI-BOVINA-MTBC-85232-BOVINO,GIFFONI VALLE PIANA,Campania,Salerno,municipality_region,40.718112,14.942347,40.718112,14.942347,false
izs_benv_events.csv,BENV-2026-TUBERCOLOSI-BOVINA-MTBC-84435-BOVINO,VOLTURARA IRPINA,Campania,Avellino,municipality_region,40.878104,14.917085,40.878104,14.917085,false
izs_benv_events.csv,BENV-2026-TUBERCOLOSI-BOVINA-MTBC-84057-BOVINO,AIDONE,Sicilia,Enna,municipality_region,37.415421,14.445276,37.415421,14.445276,false
izs_benv_events.csv,BENV-2026-TUBERCOLOSI-BOVINA-MTBC-84082-BOVINO,CANCELLO ED ARNONE,Campania,Caserta,municipality_region,41.074112,14.027423,41.074112,14.027423,false
izs_benv_events.csv,BENV-2026-TUBERCOLOSI-BOVINA-MTBC-83565-BOVINO,FERRANDINA,Basilicata,Matera,municipality_region,40.501218,16.454683,40.501218,16.454683,false
izs_benv_events.csv,BENV-2026-TUBERCOLOSI-BOVINA-MTBC-83628-BOVINO,REGALBUTO,Sicilia,Enna,municipality_region,37.653547,14.639636,37.653547,14.639636,false
izs_benv_events.csv,BENV-2026-TUBERCOLOSI-BOVINA-MTBC-85320-BOVINO,GIFFONI SEI CASALI,Campania,Salerno,municipality_region,40.719141,14.905972,40.719141,14.905972,false
izs_benv_events.csv,BENV-2026-TUBERCOLOSI-BOVINA-MTBC-83562-BOVINO,CASABONA,Calabria,Crotone,municipality_region,39.250284,16.960659,39.250284,16.960659,false
izs_benv_events.csv,BENV-2026-TUBERCOLOSI-BOVINA-MTBC-84390-BOVINO,BONIFATI,Calabria,Cosenza,municipality_region,39.585296,15.900282,39.585296,15.900282,false
izs_benv_events.csv,BENV-2026-TUBERCOLOSI-BOVINA-MTBC-84432-BOVINO,APRICENA,Puglia,Foggia,municipality_region,41.783938,15.443744,41.783938,15.443744,false
izs_benv_events.csv,BENV-2026-TUBERCOLOSI-BOVINA-MTBC-83527-BOVINO,CASABONA,Calabria,Crotone,municipality_region,39.250284,16.960659,39.250284,16.960659,false
izs_benv_events.csv,BENV-2026-TUBERCOLOSI-BOVINA-MTBC-84361-BOVINO,SAN GIOVANNI ROTONDO,Puglia,Foggia,municipality_region,41.705055,15.730646,41.705055,15.730646,false
izs_benv_events.csv,BENV-2026-TUBERCOLOSI-BOVINA-MTBC-84601-BOVINO,GIFFONI VALLE PIANA,Campania,Salerno,municipality_region,40.718112,14.942347,40.718112,14.942347,false
izs_benv_events.csv,BENV-2026-TUBERCOLOSI-BOVINA-MTBC-83037-BOVINO,CAGNANO VARANO,Puglia,Foggia,municipality_region,41.828742,15.773151,41.828742,15.773151,false
izs_benv_events.csv,BENV-2026-TUBERCOLOSI-BOVINA-MTBC-83990-BOVINO,ROSCIGNO,Campania,Salerno,municipality_region,40.399030,15.345926,40.399030,15.345926,false
izs_benv_events.csv,BENV-2026-WEST-NILE-FEVER-85418-GAZZA,VERBANIA,Piemonte,Verbano-Cusio-Ossola,municipality_region,45.937663,8.526530,45.937663,8.526530,false
izs_benv_events.csv,BENV-2026-WEST-NILE-FEVER-85662-CORNACCHIA-GRIGIA,ARGENTA,Emilia Romagna,Ferrara,municipality_region,44.614338,11.833842,44.614338,11.833842,false
izs_benv_events.csv,BENV-2026-WEST-NILE-FEVER-85578-INSETTI-VARIE-SPECIE,CASTELVETRO PIACENTINO,Emilia Romagna,Piacenza,municipality_region,45.100335,9.986716,45.100335,9.986716,false
izs_benv_events.csv,BENV-2026-WEST-NILE-FEVER-85650-GAZZA,ARGENTA,Emilia Romagna,Ferrara,municipality_region,44.614338,11.833842,44.614338,11.833842,false
izs_benv_events.csv,BENV-2026-WEST-NILE-FEVER-85904-GAZZA,PORTOMAGGIORE,Emilia Romagna,Ferrara,municipality_region,44.699258,11.804078,44.699258,11.804078,false
izs_benv_events.csv,BENV-2026-WEST-NILE-FEVER-85601-GAZZA,FERRARA,Emilia Romagna,Ferrara,municipality_region,44.766764,11.827939,44.766764,11.827939,false
izs_benv_events.csv,BENV-2026-WEST-NILE-FEVER-85352-INSETTI-VARIE-SPECIE,VILLAFRANCA DI VERONA,Veneto,Verona,municipality_region,45.350928,10.845996,45.350928,10.845996,false
izs_benv_events.csv,BENV-2026-WEST-NILE-FEVER-85543-GAZZA,LODI,Lombardia,Lodi,municipality_region,45.261310,9.491678,45.261310,9.491678,false
izs_benv_events.csv,BENV-2026-WEST-NILE-FEVER-85599-INSETTI-VARIE-SPECIE,NOGAROLE ROCCA,Veneto,Verona,municipality_region,45.291882,10.883788,45.291882,10.883788,false
izs_benv_events.csv,BENV-2026-WEST-NILE-FEVER-85373-INSETTI-VARIE-SPECIE,CHIARI,Lombardia,Brescia,municipality_region,45.536462,9.928846,45.536462,9.928846,false
izs_benv_events.csv,BENV-2026-WEST-NILE-FEVER-85542-GAZZA,SEDRIANO,Lombardia,Milano,municipality_region,45.488333,8.968731,45.488333,8.968731,false
izs_benv_events.csv,BENV-2026-WEST-NILE-FEVER-85748-CORNACCHIA-GRIGIA,CREMONA,Lombardia,Cremona,municipality_region,45.220864,10.037038,45.220864,10.037038,false
izs_benv_events.csv,BENV-2026-WEST-NILE-FEVER-85816-GAZZA,CAPALBIO,Toscana,Grosseto,municipality_region,42.454879,11.419515,42.454879,11.419515,false
izs_benv_events.csv,BENV-2026-WEST-NILE-FEVER-84069-CORNACCHIA,SAN VERO MILIS,Sardegna,Oristano,municipality_region,40.014548,8.598224,40.014548,8.598224,false
izs_benv_events.csv,BENV-2026-WEST-NILE-FEVER-85229-CORNACCHIA-GRIGIA,SARDARA,Sardegna,Sud Sardegna,municipality_region,39.616442,8.820634,39.616442,8.820634,false
izs_benv_events.csv,BENV-2026-WEST-NILE-FEVER-85666-INSETTI-VARIE-SPECIE,MISANO ADRIATICO,Emilia Romagna,Rimini,municipality_region,43.977495,12.698695,43.977495,12.698695,false
izs_benv_events.csv,BENV-2026-WEST-NILE-FEVER-84509-AQUILA-REALE,BARGE,Piemonte,Cuneo,municipality_region,44.727536,7.321021,44.727536,7.321021,false
izs_benv_events.csv,BENV-2026-WEST-NILE-FEVER-85694-GABBIANO-REALE,PAGAZZANO,Lombardia,Bergamo,municipality_region,45.534277,9.671157,45.534277,9.671157,false
izs_benv_events.csv,BENV-2026-WEST-NILE-FEVER-85902-CORNACCHIA-GRIGIA,FABBRICO,Emilia Romagna,Reggio nell'Emilia,municipality_region,44.872091,10.810062,44.872091,10.810062,false
izs_benv_events.csv,BENV-2026-WEST-NILE-FEVER-85905-GAZZA,OSTELLATO,Emilia Romagna,Ferrara,municipality_region,44.745678,11.943521,44.745678,11.943521,false
izs_benv_events.csv,BENV-2026-WEST-NILE-FEVER-85566-INSETTI-VARIE-SPECIE,BARBARANO MOSSANO,Veneto,Vicenza,municipality_region,45.408342,11.567659,45.408342,11.567659,false
izs_benv_events.csv,BENV-2026-WEST-NILE-FEVER-85602-CORNACCHIA-GRIGIA,COLORNO,Emilia Romagna,Parma,municipality_region,44.926532,10.377117,44.926532,10.377117,false
izs_benv_events.csv,BENV-2026-WEST-NILE-FEVER-85693-AIRONE-CENERINO,SORISOLE,Lombardia,Bergamo,municipality_region,45.744579,9.661195,45.744579,9.661195,false
izs_benv_events.csv,BENV-2026-WEST-NILE-FEVER-85417-MERLO,VERBANIA,Piemonte,Verbano-Cusio-Ossola,municipality_region,45.937663,8.526530,45.937663,8.526530,false
izs_benv_events.csv,BENV-2026-WEST-NILE-FEVER-85628-INSETTI-VARIE-SPECIE,VERCELLI,Piemonte,Vercelli,municipality_region,45.555383,8.346284,45.555383,8.346284,false
izs_benv_events.csv,BENV-2026-WEST-NILE-FEVER-85661-INSETTI-VARIE-SPECIE,MEDICINA,Emilia Romagna,Bologna,municipality_region,44.476674,11.638338,44.476674,11.638338,false
izs_benv_events.csv,BENV-2026-WEST-NILE-FEVER-85899-CORNACCHIA-GRIGIA,CORREGGIO,Emilia Romagna,Reggio nell'Emilia,municipality_region,44.770561,10.779783,44.770561,10.779783,false
izs_benv_events.csv,BENV-2026-WEST-NILE-FEVER-85900-GAZZA,POLESINE ZIBELLO,Emilia Romagna,Parma,municipality_region,45.010809,10.098713,45.010809,10.098713,false
izs_benv_events.csv,BENV-2026-WEST-NILE-FEVER-84003-CORNACCHIA-GRIGIA,ORISTANO,Sardegna,Oristano,municipality_region,40.026568,8.679642,40.026568,8.679642,false
izs_benv_events.csv,BENV-2026-WEST-NILE-FEVER-85511-INSETTI-VARIE-SPECIE,CASALE MONFERRATO,Piemonte,Alessandria,municipality_region,45.136266,8.449813,45.136266,8.449813,false
izs_benv_events.csv,BENV-2026-WEST-NILE-FEVER-85620-INSETTI-VARIE-SPECIE,VILLACHIARA,Lombardia,Brescia,municipality_region,45.355375,9.930966,45.355375,9.930966,false
izs_benv_events.csv,BENV-2026-WEST-NILE-FEVER-85627-INSETTI-VARIE-SPECIE,TICINETO,Piemonte,Alessandria,municipality_region,45.098026,8.555658,45.098026,8.555658,false
izs_benv_events.csv,BENV-2026-WEST-NILE-FEVER-85598-INSETTI-VARIE-SPECIE,QUARTO D\'ALTINO,Veneto,Venezia,municipality_region,45.580451,12.370500,45.580451,12.370500,false
izs_benv_events.csv,BENV-2026-WEST-NILE-FEVER-85624-INSETTI-VARIE-SPECIE,CASALEONE,Veneto,Verona,municipality_region,45.170669,11.199365,45.170669,11.199365,false
izs_benv_events.csv,BENV-2026-WEST-NILE-FEVER-85667-INSETTI-VARIE-SPECIE,SAN CESARIO SUL PANARO,Emilia Romagna,Modena,municipality_region,44.561136,11.033218,44.561136,11.033218,false
izs_benv_events.csv,BENV-2026-WEST-NILE-FEVER-85672-COLOMBACCIO,PIEVE D\'OLMI,Lombardia,Cremona,municipality_region,45.089570,10.123675,45.089570,10.123675,false
izs_benv_events.csv,BENV-2026-WEST-NILE-FEVER-85847-INSETTI-VARIE-SPECIE,SABAUDIA,Lazio,Latina,municipality_region,41.301567,13.025873,41.301567,13.025873,false
izs_benv_events.csv,BENV-2026-WEST-NILE-FEVER-84069-CORNACCHIA-GRIGIA,SAN VERO MILIS,Sardegna,Oristano,municipality_region,40.014548,8.598224,40.014548,8.598224,false
izs_benv_events.csv,BENV-2026-WEST-NILE-FEVER-85541-CORNACCHIA-GRIGIA,POZZUOLO MARTESANA,Lombardia,Milano,municipality_region,45.513975,9.456252,45.513975,9.456252,false
izs_benv_events.csv,BENV-2026-WEST-NILE-FEVER-85660-INSETTI-VARIE-SPECIE,SORBOLO MEZZANI,Emilia Romagna,Parma,municipality_region,44.900097,10.442160,44.900097,10.442160,false
izs_benv_events.csv,BENV-2026-WEST-NILE-FEVER-85671-GABBIANO-REALE,SIRMIONE,Lombardia,Brescia,municipality_region,45.468849,10.607824,45.468849,10.607824,false
izs_benv_events.csv,BENV-2026-WEST-NILE-FEVER-85407-INSETTI-VARIE-SPECIE,TICINETO,Piemonte,Alessandria,municipality_region,45.098026,8.555658,45.098026,8.555658,false
izs_benv_events.csv,BENV-2026-WEST-NILE-FEVER-85570-INSETTI-VARIE-SPECIE,VILLANOVA DEL GHEBBO,Veneto,Rovigo,municipality_region,45.059183,11.639009,45.059183,11.639009,false
izs_benv_events.csv,BENV-2026-WEST-NILE-FEVER-85571-INSETTI-VARIE-SPECIE,BRUGINE,Veneto,Padova,municipality_region,45.296592,11.995113,45.296592,11.995113,false
izs_benv_events.csv,BENV-2026-WEST-NILE-FEVER-85573-MERLO,SESTO ED UNITI,Lombardia,Cremona,municipality_region,45.186436,9.935128,45.186436,9.935128,false
izs_benv_events.csv,BENV-2026-WEST-NILE-FEVER-85574-MERLO,ROBECCO D\'OGLIO,Lombardia,Cremona,municipality_region,45.259374,10.076571,45.259374,10.076571,false
izs_benv_events.csv,BENV-2026-WEST-NILE-FEVER-85585-CAVALLO,BORGO VENETO,Veneto,Padova,municipality_region,45.213452,11.541421,45.213452,11.541421,false
izs_benv_events.csv,BENV-2026-WEST-NILE-FEVER-85665-CORNACCHIA-NERA,CASTELVETRO PIACENTINO,Emilia Romagna,Piacenza,municipality_region,45.100335,9.986716,45.100335,9.986716,false
izs_benv_events.csv,BENV-2026-WEST-NILE-FEVER-85675-CORNACCHIA-GRIGIA,CURTATONE,Lombardia,Mantova,municipality_region,45.109553,10.715842,45.109553,10.715842,false
izs_benv_events.csv,BENV-2026-WEST-NILE-FEVER-85476-INSETTI-VARIE-SPECIE,MANTOVA,Lombardia,Mantova,municipality_region,45.169362,10.670616,45.169362,10.670616,false
izs_benv_events.csv,BENV-2026-WEST-NILE-FEVER-85310-INSETTI-VARIE-SPECIE,MESOLA,Emilia Romagna,Ferrara,municipality_region,44.920782,12.229224,44.920782,12.229224,false
izs_benv_events.csv,BENV-2026-WEST-NILE-FEVER-85613-CORNACCHIA-GRIGIA,CEREA,Veneto,Verona,municipality_region,45.192043,11.212924,45.192043,11.212924,false
izs_benv_events.csv,BENV-2026-WEST-NILE-FEVER-85629-INSETTI-VARIE-SPECIE,REFRANCORE,Piemonte,Asti,municipality_region,44.936297,8.343661,44.936297,8.343661,false
izs_benv_events.csv,BENV-2026-WEST-NILE-FEVER-85819-INSETTI-VARIE-SPECIE,MOSCIANO SANT\'ANGELO,Abruzzo,Teramo,municipality_region,42.746847,13.888296,42.746847,13.888296,false
izs_benv_events.csv,BENV-2026-WEST-NILE-FEVER-85457-GAZZA,PADOVA,Veneto,Padova,municipality_region,45.407717,11.873446,45.407717,11.873446,false
izs_benv_events.csv,BENV-2026-WEST-NILE-FEVER-85182-GAZZA,CASALEONE,Veneto,Verona,municipality_region,45.170669,11.199365,45.170669,11.199365,false
izs_benv_events.csv,BENV-2026-WEST-NILE-FEVER-85606-GAZZA,FERRARA,Emilia Romagna,Ferrara,municipality_region,44.766764,11.827939,44.766764,11.827939,false
izs_benv_events.csv,BENV-2026-WEST-NILE-FEVER-85636-CORNACCHIA-GRIGIA,ROMA,Lazio,Roma,municipality_region,41.893320,12.482932,41.893320,12.482932,false
izs_benv_events.csv,BENV-2026-WEST-NILE-FEVER-85637-CAVALLO,SAN GREGORIO DA SASSOLA,Lazio,Roma,municipality_region,41.917121,12.870786,41.917121,12.870786,false
izs_benv_events.csv,BENV-2026-WEST-NILE-FEVER-85670-GHEPPIO,LONATO DEL GARDA,Lombardia,Brescia,municipality_region,45.461039,10.484535,45.461039,10.484535,false
izs_benv_events.csv,BENV-2026-WEST-NILE-FEVER-85603-INSETTI-VARIE-SPECIE,BRESCELLO,Emilia Romagna,Reggio nell'Emilia,municipality_region,44.901224,10.515728,44.901224,10.515728,false
izs_benv_events.csv,BENV-2026-WEST-NILE-FEVER-85710-GHEPPIO,CARMIGNANO DI BRENTA,Veneto,Padova,municipality_region,45.628771,11.699861,45.628771,11.699861,false
izs_benv_events.csv,BENV-2026-WEST-NILE-FEVER-85286-CAVALLO,NOTO,Sicilia,Siracusa,municipality_region,36.890886,15.070645,36.890886,15.070645,false
izs_benv_events.csv,BENV-2026-WEST-NILE-FEVER-85298-CORVO,VELEZZO LOMELLINA,Lombardia,Pavia,municipality_region,45.163359,8.737243,45.163359,8.737243,false
izs_benv_events.csv,BENV-2026-WEST-NILE-FEVER-85328-GAZZA,CAMPOMORONE,Liguria,Genova,municipality_region,44.507337,8.890110,44.507337,8.890110,false
izs_benv_events.csv,BENV-2026-WEST-NILE-FEVER-85569-INSETTI-VARIE-SPECIE,FICAROLO,Veneto,Rovigo,municipality_region,44.953799,11.435729,44.953799,11.435729,false
izs_benv_events.csv,BENV-2026-WEST-NILE-FEVER-85711-GABBIANO-REALE,SCORZE\',Veneto,Venezia,municipality_region,45.571354,12.108383,45.571354,12.108383,false
izs_benv_events.csv,BENV-2026-WEST-NILE-FEVER-85812-GAZZA,VERBANIA,Piemonte,Verbano-Cusio-Ossola,municipality_region,45.937663,8.526530,45.937663,8.526530,false
izs_benv_events.csv,BENV-2026-WEST-NILE-FEVER-84252-CORNACCHIA-GRIGIA,CABRAS,Sardegna,Oristano,municipality_region,39.930314,8.532054,39.930314,8.532054,false
izs_benv_events.csv,BENV-2026-WEST-NILE-FEVER-85475-INSETTI-VARIE-SPECIE,MOTTEGGIANA,Lombardia,Mantova,municipality_region,45.034940,10.764023,45.034940,10.764023,false
izs_benv_events.csv,BENV-2026-WEST-NILE-FEVER-85647-INSETTI-VARIE-SPECIE,CASELLE LANDI,Lombardia,Lodi,municipality_region,45.102568,9.795567,45.102568,9.795567,false
izs_benv_events.csv,BENV-2026-WEST-NILE-FEVER-85664-GAZZA,SAN SECONDO PARMENSE,Emilia Romagna,Parma,municipality_region,44.920160,10.229558,44.920160,10.229558,false
izs_benv_events.csv,BENV-2026-WEST-NILE-FEVER-85712-STROLAGA-MEZZANA,VENEZIA,Veneto,Venezia,municipality_region,45.437191,12.334590,45.437191,12.334590,false
izs_benv_events.csv,BENV-2026-WEST-NILE-FEVER-85641-INSETTI-VARIE-SPECIE,ORISTANO,Sardegna,Oristano,municipality_region,40.026568,8.679642,40.026568,8.679642,false
izs_benv_events.csv,BENV-2026-WEST-NILE-FEVER-85408-INSETTI-VARIE-SPECIE,VESPOLATE,Piemonte,Novara,municipality_region,45.350871,8.668921,45.350871,8.668921,false
