external_id,category,source,label,disease,scientific_name,data_type,count,evidence_count,count_label,period,period_start,period_end,country,region,province,location,lat,lon,radius_km,color,url_source,notes
VECTORNET-IT-2026-AEDES-ALBOPICTUS-TORINO,vectors,VECTORNET_CURATED,Aedes albopictus,Aedes albopictus,Aedes albopictus,established_distribution_area,1,1,evidenze,2026-01-01 - 2026-07-31,2026-01-01,2026-07-31,Italy,Piemonte,Torino,Torino,45.0703,7.6869,35,#7C3AED,https://www.ecdc.europa.eu/en/disease-vectors/surveillance-and-disease-data/mosquito-maps,"Curated territorial vector layer based on documented established distribution area. Count=1 indicates presence/distribution area, not a single observation. This is contextual vector information, not a disease diagnosis or outbreak."
VECTORNET-IT-2026-AEDES-ALBOPICTUS-CUNEO,vectors,VECTORNET_CURATED,Aedes albopictus,Aedes albopictus,Aedes albopictus,established_distribution_area,1,1,evidenze,2026-01-01 - 2026-07-31,2026-01-01,2026-07-31,Italy,Piemonte,Cuneo,Cuneo,44.3845,7.5427,35,#7C3AED,https://www.ecdc.europa.eu/en/disease-vectors/surveillance-and-disease-data/mosquito-maps,"Curated territorial vector layer based on documented established distribution area. Count=1 indicates presence/distribution area, not a single observation. This is contextual vector information, not a disease diagnosis or outbreak."
VECTORNET-IT-2026-AEDES-ALBOPICTUS-MILANO,vectors,VECTORNET_CURATED,Aedes albopictus,Aedes albopictus,Aedes albopictus,established_distribution_area,1,1,evidenze,2026-01-01 - 2026-07-31,2026-01-01,2026-07-31,Italy,Lombardia,Milano,Milano,45.4642,9.1900,35,#7C3AED,https://www.ecdc.europa.eu/en/disease-vectors/surveillance-and-disease-data/mosquito-maps,"Curated territorial vector layer based on documented established distribution area. Count=1 indicates presence/distribution area, not a single observation. This is contextual vector information, not a disease diagnosis or outbreak."
VECTORNET-IT-2026-AEDES-ALBOPICTUS-PAVIA,vectors,VECTORNET_CURATED,Aedes albopictus,Aedes albopictus,Aedes albopictus,established_distribution_area,1,1,evidenze,2026-01-01 - 2026-07-31,2026-01-01,2026-07-31,Italy,Lombardia,Pavia,Pavia,45.1847,9.1582,35,#7C3AED,https://www.ecdc.europa.eu/en/disease-vectors/surveillance-and-disease-data/mosquito-maps,"Curated territorial vector layer based on documented established distribution area. Count=1 indicates presence/distribution area, not a single observation. This is contextual vector information, not a disease diagnosis or outbreak."
VECTORNET-IT-2026-AEDES-ALBOPICTUS-BRESCIA,vectors,VECTORNET_CURATED,Aedes albopictus,Aedes albopictus,Aedes albopictus,established_distribution_area,1,1,evidenze,2026-01-01 - 2026-07-31,2026-01-01,2026-07-31,Italy,Lombardia,Brescia,Brescia,45.5416,10.2118,35,#7C3AED,https://www.ecdc.europa.eu/en/disease-vectors/surveillance-and-disease-data/mosquito-maps,"Curated territorial vector layer based on documented established distribution area. Count=1 indicates presence/distribution area, not a single observation. This is contextual vector information, not a disease diagnosis or outbreak."
VECTORNET-IT-2026-AEDES-ALBOPICTUS-GENOVA,vectors,VECTORNET_CURATED,Aedes albopictus,Aedes albopictus,Aedes albopictus,established_distribution_area,1,1,evidenze,2026-01-01 - 2026-07-31,2026-01-01,2026-07-31,Italy,Liguria,Genova,Genova,44.4048,8.9444,35,#7C3AED,https://www.ecdc.europa.eu/en/disease-vectors/surveillance-and-disease-data/mosquito-maps,"Curated territorial vector layer based on documented established distribution area. Count=1 indicates presence/distribution area, not a single observation. This is contextual vector information, not a disease diagnosis or outbreak."
VECTORNET-IT-2026-AEDES-ALBOPICTUS-VERONA,vectors,VECTORNET_CURATED,Aedes albopictus,Aedes albopictus,Aedes albopictus,established_distribution_area,1,1,evidenze,2026-01-01 - 2026-07-31,2026-01-01,2026-07-31,Italy,Veneto,Verona,Verona,45.4384,10.9916,35,#7C3AED,https://www.ecdc.europa.eu/en/disease-vectors/surveillance-and-disease-data/mosquito-maps,"Curated territorial vector layer based on documented established distribution area. Count=1 indicates presence/distribution area, not a single observation. This is contextual vector information, not a disease diagnosis or outbreak."
VECTORNET-IT-2026-AEDES-ALBOPICTUS-PADOVA,vectors,VECTORNET_CURATED,Aedes albopictus,Aedes albopictus,Aedes albopictus,established_distribution_area,1,1,evidenze,2026-01-01 - 2026-07-31,2026-01-01,2026-07-31,Italy,Veneto,Padova,Padova,45.4064,11.8768,35,#7C3AED,https://www.ecdc.europa.eu/en/disease-vectors/surveillance-and-disease-data/mosquito-maps,"Curated territorial vector layer based on documented established distribution area. Count=1 indicates presence/distribution area, not a single observation. This is contextual vector information, not a disease diagnosis or outbreak."
VECTORNET-IT-2026-AEDES-ALBOPICTUS-BOLOGNA,vectors,VECTORNET_CURATED,Aedes albopictus,Aedes albopictus,Aedes albopictus,established_distribution_area,1,1,evidenze,2026-01-01 - 2026-07-31,2026-01-01,2026-07-31,Italy,Emilia-Romagna,Bologna,Bologna,44.4949,11.3426,35,#7C3AED,https://www.ecdc.europa.eu/en/disease-vectors/surveillance-and-disease-data/mosquito-maps,"Curated territorial vector layer based on documented established distribution area. Count=1 indicates presence/distribution area, not a single observation. This is contextual vector information, not a disease diagnosis or outbreak."
VECTORNET-IT-2026-AEDES-ALBOPICTUS-PARMA,vectors,VECTORNET_CURATED,Aedes albopictus,Aedes albopictus,Aedes albopictus,established_distribution_area,1,1,evidenze,2026-01-01 - 2026-07-31,2026-01-01,2026-07-31,Italy,Emilia-Romagna,Parma,Parma,44.8015,10.3279,35,#7C3AED,https://www.ecdc.europa.eu/en/disease-vectors/surveillance-and-disease-data/mosquito-maps,"Curated territorial vector layer based on documented established distribution area. Count=1 indicates presence/distribution area, not a single observation. This is contextual vector information, not a disease diagnosis or outbreak."
VECTORNET-IT-2026-AEDES-ALBOPICTUS-FIRENZE,vectors,VECTORNET_CURATED,Aedes albopictus,Aedes albopictus,Aedes albopictus,established_distribution_area,1,1,evidenze,2026-01-01 - 2026-07-31,2026-01-01,2026-07-31,Italy,Toscana,Firenze,Firenze,43.7696,11.2558,35,#7C3AED,https://www.ecdc.europa.eu/en/disease-vectors/surveillance-and-disease-data/mosquito-maps,"Curated territorial vector layer based on documented established distribution area. Count=1 indicates presence/distribution area, not a single observation. This is contextual vector information, not a disease diagnosis or outbreak."
VECTORNET-IT-2026-AEDES-ALBOPICTUS-GROSSETO,vectors,VECTORNET_CURATED,Aedes albopictus,Aedes albopictus,Aedes albopictus,established_distribution_area,1,1,evidenze,2026-01-01 - 2026-07-31,2026-01-01,2026-07-31,Italy,Toscana,Grosseto,Grosseto,42.7635,11.1124,35,#7C3AED,https://www.ecdc.europa.eu/en/disease-vectors/surveillance-and-disease-data/mosquito-maps,"Curated territorial vector layer based on documented established distribution area. Count=1 indicates presence/distribution area, not a single observation. This is contextual vector information, not a disease diagnosis or outbreak."
VECTORNET-IT-2026-AEDES-ALBOPICTUS-ROMA,vectors,VECTORNET_CURATED,Aedes albopictus,Aedes albopictus,Aedes albopictus,established_distribution_area,1,1,evidenze,2026-01-01 - 2026-07-31,2026-01-01,2026-07-31,Italy,Lazio,Roma,Roma,41.9028,12.4964,35,#7C3AED,https://www.ecdc.europa.eu/en/disease-vectors/surveillance-and-disease-data/mosquito-maps,"Curated territorial vector layer based on documented established distribution area. Count=1 indicates presence/distribution area, not a single observation. This is contextual vector information, not a disease diagnosis or outbreak."
VECTORNET-IT-2026-AEDES-ALBOPICTUS-NAPOLI,vectors,VECTORNET_CURATED,Aedes albopictus,Aedes albopictus,Aedes albopictus,established_distribution_area,1,1,evidenze,2026-01-01 - 2026-07-31,2026-01-01,2026-07-31,Italy,Campania,Napoli,Napoli,40.8518,14.2681,35,#7C3AED,https://www.ecdc.europa.eu/en/disease-vectors/surveillance-and-disease-data/mosquito-maps,"Curated territorial vector layer based on documented established distribution area. Count=1 indicates presence/distribution area, not a single observation. This is contextual vector information, not a disease diagnosis or outbreak."
VECTORNET-IT-2026-AEDES-ALBOPICTUS-CASERTA,vectors,VECTORNET_CURATED,Aedes albopictus,Aedes albopictus,Aedes albopictus,established_distribution_area,1,1,evidenze,2026-01-01 - 2026-07-31,2026-01-01,2026-07-31,Italy,Campania,Caserta,Caserta,41.0747,14.3324,35,#7C3AED,https://www.ecdc.europa.eu/en/disease-vectors/surveillance-and-disease-data/mosquito-maps,"Curated territorial vector layer based on documented established distribution area. Count=1 indicates presence/distribution area, not a single observation. This is contextual vector information, not a disease diagnosis or outbreak."
VECTORNET-IT-2026-AEDES-ALBOPICTUS-BARI,vectors,VECTORNET_CURATED,Aedes albopictus,Aedes albopictus,Aedes albopictus,established_distribution_area,1,1,evidenze,2026-01-01 - 2026-07-31,2026-01-01,2026-07-31,Italy,Puglia,Bari,Bari,41.1171,16.8719,35,#7C3AED,https://www.ecdc.europa.eu/en/disease-vectors/surveillance-and-disease-data/mosquito-maps,"Curated territorial vector layer based on documented established distribution area. Count=1 indicates presence/distribution area, not a single observation. This is contextual vector information, not a disease diagnosis or outbreak."
VECTORNET-IT-2026-AEDES-ALBOPICTUS-PALERMO,vectors,VECTORNET_CURATED,Aedes albopictus,Aedes albopictus,Aedes albopictus,established_distribution_area,1,1,evidenze,2026-01-01 - 2026-07-31,2026-01-01,2026-07-31,Italy,Sicilia,Palermo,Palermo,38.1157,13.3615,35,#7C3AED,https://www.ecdc.europa.eu/en/disease-vectors/surveillance-and-disease-data/mosquito-maps,"Curated territorial vector layer based on documented established distribution area. Count=1 indicates presence/distribution area, not a single observation. This is contextual vector information, not a disease diagnosis or outbreak."
VECTORNET-IT-2026-AEDES-ALBOPICTUS-CAGLIARI,vectors,VECTORNET_CURATED,Aedes albopictus,Aedes albopictus,Aedes albopictus,established_distribution_area,1,1,evidenze,2026-01-01 - 2026-07-31,2026-01-01,2026-07-31,Italy,Sardegna,Cagliari,Cagliari,39.2238,9.1217,35,#7C3AED,https://www.ecdc.europa.eu/en/disease-vectors/surveillance-and-disease-data/mosquito-maps,"Curated territorial vector layer based on documented established distribution area. Count=1 indicates presence/distribution area, not a single observation. This is contextual vector information, not a disease diagnosis or outbreak."
VECTORNET-IT-2026-AEDES-JAPONICUS-TORINO,vectors,VECTORNET_CURATED,Aedes japonicus,Aedes japonicus,Aedes japonicus,established_distribution_area,1,1,evidenze,2026-01-01 - 2026-07-31,2026-01-01,2026-07-31,Italy,Piemonte,Torino,Torino,45.0703,7.6869,35,#7C3AED,https://www.ecdc.europa.eu/en/disease-vectors/surveillance-and-disease-data/mosquito-maps,"Curated territorial vector layer based on documented established distribution area. Count=1 indicates presence/distribution area, not a single observation. This is contextual vector information, not a disease diagnosis or outbreak."
VECTORNET-IT-2026-AEDES-JAPONICUS-CUNEO,vectors,VECTORNET_CURATED,Aedes japonicus,Aedes japonicus,Aedes japonicus,established_distribution_area,1,1,evidenze,2026-01-01 - 2026-07-31,2026-01-01,2026-07-31,Italy,Piemonte,Cuneo,Cuneo,44.3845,7.5427,35,#7C3AED,https://www.ecdc.europa.eu/en/disease-vectors/surveillance-and-disease-data/mosquito-maps,"Curated territorial vector layer based on documented established distribution area. Count=1 indicates presence/distribution area, not a single observation. This is contextual vector information, not a disease diagnosis or outbreak."
VECTORNET-IT-2026-AEDES-JAPONICUS-VERONA,vectors,VECTORNET_CURATED,Aedes japonicus,Aedes japonicus,Aedes japonicus,established_distribution_area,1,1,evidenze,2026-01-01 - 2026-07-31,2026-01-01,2026-07-31,Italy,Veneto,Verona,Verona,45.4384,10.9916,35,#7C3AED,https://www.ecdc.europa.eu/en/disease-vectors/surveillance-and-disease-data/mosquito-maps,"Curated territorial vector layer based on documented established distribution area. Count=1 indicates presence/distribution area, not a single observation. This is contextual vector information, not a disease diagnosis or outbreak."
VECTORNET-IT-2026-AEDES-JAPONICUS-PADOVA,vectors,VECTORNET_CURATED,Aedes japonicus,Aedes japonicus,Aedes japonicus,established_distribution_area,1,1,evidenze,2026-01-01 - 2026-07-31,2026-01-01,2026-07-31,Italy,Veneto,Padova,Padova,45.4064,11.8768,35,#7C3AED,https://www.ecdc.europa.eu/en/disease-vectors/surveillance-and-disease-data/mosquito-maps,"Curated territorial vector layer based on documented established distribution area. Count=1 indicates presence/distribution area, not a single observation. This is contextual vector information, not a disease diagnosis or outbreak."
VECTORNET-IT-2026-AEDES-JAPONICUS-BRESCIA,vectors,VECTORNET_CURATED,Aedes japonicus,Aedes japonicus,Aedes japonicus,established_distribution_area,1,1,evidenze,2026-01-01 - 2026-07-31,2026-01-01,2026-07-31,Italy,Lombardia,Brescia,Brescia,45.5416,10.2118,35,#7C3AED,https://www.ecdc.europa.eu/en/disease-vectors/surveillance-and-disease-data/mosquito-maps,"Curated territorial vector layer based on documented established distribution area. Count=1 indicates presence/distribution area, not a single observation. This is contextual vector information, not a disease diagnosis or outbreak."
VECTORNET-IT-2026-AEDES-JAPONICUS-MILANO,vectors,VECTORNET_CURATED,Aedes japonicus,Aedes japonicus,Aedes japonicus,established_distribution_area,1,1,evidenze,2026-01-01 - 2026-07-31,2026-01-01,2026-07-31,Italy,Lombardia,Milano,Milano,45.4642,9.1900,35,#7C3AED,https://www.ecdc.europa.eu/en/disease-vectors/surveillance-and-disease-data/mosquito-maps,"Curated territorial vector layer based on documented established distribution area. Count=1 indicates presence/distribution area, not a single observation. This is contextual vector information, not a disease diagnosis or outbreak."
VECTORNET-IT-2026-AEDES-JAPONICUS-PAVIA,vectors,VECTORNET_CURATED,Aedes japonicus,Aedes japonicus,Aedes japonicus,established_distribution_area,1,1,evidenze,2026-01-01 - 2026-07-31,2026-01-01,2026-07-31,Italy,Lombardia,Pavia,Pavia,45.1847,9.1582,35,#7C3AED,https://www.ecdc.europa.eu/en/disease-vectors/surveillance-and-disease-data/mosquito-maps,"Curated territorial vector layer based on documented established distribution area. Count=1 indicates presence/distribution area, not a single observation. This is contextual vector information, not a disease diagnosis or outbreak."
VECTORNET-IT-2026-AEDES-KOREICUS-TORINO,vectors,VECTORNET_CURATED,Aedes koreicus,Aedes koreicus,Aedes koreicus,established_distribution_area,1,1,evidenze,2026-01-01 - 2026-07-31,2026-01-01,2026-07-31,Italy,Piemonte,Torino,Torino,45.0703,7.6869,35,#7C3AED,https://www.ecdc.europa.eu/en/disease-vectors/surveillance-and-disease-data/mosquito-maps,"Curated territorial vector layer based on documented established distribution area. Count=1 indicates presence/distribution area, not a single observation. This is contextual vector information, not a disease diagnosis or outbreak."
VECTORNET-IT-2026-AEDES-KOREICUS-CUNEO,vectors,VECTORNET_CURATED,Aedes koreicus,Aedes koreicus,Aedes koreicus,established_distribution_area,1,1,evidenze,2026-01-01 - 2026-07-31,2026-01-01,2026-07-31,Italy,Piemonte,Cuneo,Cuneo,44.3845,7.5427,35,#7C3AED,https://www.ecdc.europa.eu/en/disease-vectors/surveillance-and-disease-data/mosquito-maps,"Curated territorial vector layer based on documented established distribution area. Count=1 indicates presence/distribution area, not a single observation. This is contextual vector information, not a disease diagnosis or outbreak."
VECTORNET-IT-2026-AEDES-KOREICUS-MILANO,vectors,VECTORNET_CURATED,Aedes koreicus,Aedes koreicus,Aedes koreicus,established_distribution_area,1,1,evidenze,2026-01-01 - 2026-07-31,2026-01-01,2026-07-31,Italy,Lombardia,Milano,Milano,45.4642,9.1900,35,#7C3AED,https://www.ecdc.europa.eu/en/disease-vectors/surveillance-and-disease-data/mosquito-maps,"Curated territorial vector layer based on documented established distribution area. Count=1 indicates presence/distribution area, not a single observation. This is contextual vector information, not a disease diagnosis or outbreak."
VECTORNET-IT-2026-AEDES-KOREICUS-BRESCIA,vectors,VECTORNET_CURATED,Aedes koreicus,Aedes koreicus,Aedes koreicus,established_distribution_area,1,1,evidenze,2026-01-01 - 2026-07-31,2026-01-01,2026-07-31,Italy,Lombardia,Brescia,Brescia,45.5416,10.2118,35,#7C3AED,https://www.ecdc.europa.eu/en/disease-vectors/surveillance-and-disease-data/mosquito-maps,"Curated territorial vector layer based on documented established distribution area. Count=1 indicates presence/distribution area, not a single observation. This is contextual vector information, not a disease diagnosis or outbreak."
VECTORNET-IT-2026-AEDES-KOREICUS-GENOVA,vectors,VECTORNET_CURATED,Aedes koreicus,Aedes koreicus,Aedes koreicus,established_distribution_area,1,1,evidenze,2026-01-01 - 2026-07-31,2026-01-01,2026-07-31,Italy,Liguria,Genova,Genova,44.4048,8.9444,35,#7C3AED,https://www.ecdc.europa.eu/en/disease-vectors/surveillance-and-disease-data/mosquito-maps,"Curated territorial vector layer based on documented established distribution area. Count=1 indicates presence/distribution area, not a single observation. This is contextual vector information, not a disease diagnosis or outbreak."
VECTORNET-IT-2026-AEDES-KOREICUS-VERONA,vectors,VECTORNET_CURATED,Aedes koreicus,Aedes koreicus,Aedes koreicus,established_distribution_area,1,1,evidenze,2026-01-01 - 2026-07-31,2026-01-01,2026-07-31,Italy,Veneto,Verona,Verona,45.4384,10.9916,35,#7C3AED,https://www.ecdc.europa.eu/en/disease-vectors/surveillance-and-disease-data/mosquito-maps,"Curated territorial vector layer based on documented established distribution area. Count=1 indicates presence/distribution area, not a single observation. This is contextual vector information, not a disease diagnosis or outbreak."
VECTORNET-IT-2026-AEDES-KOREICUS-PADOVA,vectors,VECTORNET_CURATED,Aedes koreicus,Aedes koreicus,Aedes koreicus,established_distribution_area,1,1,evidenze,2026-01-01 - 2026-07-31,2026-01-01,2026-07-31,Italy,Veneto,Padova,Padova,45.4064,11.8768,35,#7C3AED,https://www.ecdc.europa.eu/en/disease-vectors/surveillance-and-disease-data/mosquito-maps,"Curated territorial vector layer based on documented established distribution area. Count=1 indicates presence/distribution area, not a single observation. This is contextual vector information, not a disease diagnosis or outbreak."
VECTORNET-IT-2026-AEDES-KOREICUS-PAVIA,vectors,VECTORNET_CURATED,Aedes koreicus,Aedes koreicus,Aedes koreicus,established_distribution_area,1,1,evidenze,2026-01-01 - 2026-07-31,2026-01-01,2026-07-31,Italy,Lombardia,Pavia,Pavia,45.1847,9.1582,35,#7C3AED,https://www.ecdc.europa.eu/en/disease-vectors/surveillance-and-disease-data/mosquito-maps,"Curated territorial vector layer based on documented established distribution area. Count=1 indicates presence/distribution area, not a single observation. This is contextual vector information, not a disease diagnosis or outbreak."
VECTORNET-IT-2026-AEDES-KOREICUS-BOLOGNA,vectors,VECTORNET_CURATED,Aedes koreicus,Aedes koreicus,Aedes koreicus,established_distribution_area,1,1,evidenze,2026-01-01 - 2026-07-31,2026-01-01,2026-07-31,Italy,Emilia-Romagna,Bologna,Bologna,44.4949,11.3426,35,#7C3AED,https://www.ecdc.europa.eu/en/disease-vectors/surveillance-and-disease-data/mosquito-maps,"Curated territorial vector layer based on documented established distribution area. Count=1 indicates presence/distribution area, not a single observation. This is contextual vector information, not a disease diagnosis or outbreak."
VECTORNET-CURATED-2026-IXODES-RICINUS-TORINO,vectors,VECTORNET_CURATED,Ixodes ricinus,Ixodes ricinus,Ixodes ricinus,tick_present_area,1,1,evidenze,2026-01-01 - 2026-06-03,2026-01-01,2026-06-03,Italy,Piemonte,Torino,Torino,45.0703,7.6869,35,#6D28D9,https://www.ecdc.europa.eu/en/disease-vectors/surveillance-and-disease-data/tick-maps,"Tick distribution context from ECDC/VectorNet tick maps. Ixodes ricinus is an important tick vector; area layer centred on the menu city. Count=1 means documented distribution/presence area, not number of observations. Circle radius reflects territorial aggregation, not case count."
VECTORNET-CURATED-2026-IXODES-RICINUS-CUNEO,vectors,VECTORNET_CURATED,Ixodes ricinus,Ixodes ricinus,Ixodes ricinus,tick_present_area,1,1,evidenze,2026-01-01 - 2026-06-03,2026-01-01,2026-06-03,Italy,Piemonte,Cuneo,Cuneo,44.3845,7.5427,35,#6D28D9,https://www.ecdc.europa.eu/en/disease-vectors/surveillance-and-disease-data/tick-maps,"Tick distribution context from ECDC/VectorNet tick maps. Ixodes ricinus is an important tick vector; area layer centred on the menu city. Count=1 means documented distribution/presence area, not number of observations. Circle radius reflects territorial aggregation, not case count."
VECTORNET-CURATED-2026-IXODES-RICINUS-MILANO,vectors,VECTORNET_CURATED,Ixodes ricinus,Ixodes ricinus,Ixodes ricinus,tick_present_area,1,1,evidenze,2026-01-01 - 2026-06-03,2026-01-01,2026-06-03,Italy,Lombardia,Milano,Milano,45.4642,9.1900,35,#6D28D9,https://www.ecdc.europa.eu/en/disease-vectors/surveillance-and-disease-data/tick-maps,"Tick distribution context from ECDC/VectorNet tick maps. Ixodes ricinus is an important tick vector; area layer centred on the menu city. Count=1 means documented distribution/presence area, not number of observations. Circle radius reflects territorial aggregation, not case count."
VECTORNET-CURATED-2026-IXODES-RICINUS-PAVIA,vectors,VECTORNET_CURATED,Ixodes ricinus,Ixodes ricinus,Ixodes ricinus,tick_present_area,1,1,evidenze,2026-01-01 - 2026-06-03,2026-01-01,2026-06-03,Italy,Lombardia,Pavia,Pavia,45.1847,9.1582,35,#6D28D9,https://www.ecdc.europa.eu/en/disease-vectors/surveillance-and-disease-data/tick-maps,"Tick distribution context from ECDC/VectorNet tick maps. Ixodes ricinus is an important tick vector; area layer centred on the menu city. Count=1 means documented distribution/presence area, not number of observations. Circle radius reflects territorial aggregation, not case count."
VECTORNET-CURATED-2026-IXODES-RICINUS-BRESCIA,vectors,VECTORNET_CURATED,Ixodes ricinus,Ixodes ricinus,Ixodes ricinus,tick_present_area,1,1,evidenze,2026-01-01 - 2026-06-03,2026-01-01,2026-06-03,Italy,Lombardia,Brescia,Brescia,45.5416,10.2118,35,#6D28D9,https://www.ecdc.europa.eu/en/disease-vectors/surveillance-and-disease-data/tick-maps,"Tick distribution context from ECDC/VectorNet tick maps. Ixodes ricinus is an important tick vector; area layer centred on the menu city. Count=1 means documented distribution/presence area, not number of observations. Circle radius reflects territorial aggregation, not case count."
VECTORNET-CURATED-2026-IXODES-RICINUS-GENOVA,vectors,VECTORNET_CURATED,Ixodes ricinus,Ixodes ricinus,Ixodes ricinus,tick_present_area,1,1,evidenze,2026-01-01 - 2026-06-03,2026-01-01,2026-06-03,Italy,Liguria,Genova,Genova,44.4048,8.9444,35,#6D28D9,https://www.ecdc.europa.eu/en/disease-vectors/surveillance-and-disease-data/tick-maps,"Tick distribution context from ECDC/VectorNet tick maps. Ixodes ricinus is an important tick vector; area layer centred on the menu city. Count=1 means documented distribution/presence area, not number of observations. Circle radius reflects territorial aggregation, not case count."
VECTORNET-CURATED-2026-IXODES-RICINUS-VERONA,vectors,VECTORNET_CURATED,Ixodes ricinus,Ixodes ricinus,Ixodes ricinus,tick_present_area,1,1,evidenze,2026-01-01 - 2026-06-03,2026-01-01,2026-06-03,Italy,Veneto,Verona,Verona,45.4384,10.9916,35,#6D28D9,https://www.ecdc.europa.eu/en/disease-vectors/surveillance-and-disease-data/tick-maps,"Tick distribution context from ECDC/VectorNet tick maps. Ixodes ricinus is an important tick vector; area layer centred on the menu city. Count=1 means documented distribution/presence area, not number of observations. Circle radius reflects territorial aggregation, not case count."
VECTORNET-CURATED-2026-IXODES-RICINUS-PADOVA,vectors,VECTORNET_CURATED,Ixodes ricinus,Ixodes ricinus,Ixodes ricinus,tick_present_area,1,1,evidenze,2026-01-01 - 2026-06-03,2026-01-01,2026-06-03,Italy,Veneto,Padova,Padova,45.4064,11.8768,35,#6D28D9,https://www.ecdc.europa.eu/en/disease-vectors/surveillance-and-disease-data/tick-maps,"Tick distribution context from ECDC/VectorNet tick maps. Ixodes ricinus is an important tick vector; area layer centred on the menu city. Count=1 means documented distribution/presence area, not number of observations. Circle radius reflects territorial aggregation, not case count."
VECTORNET-CURATED-2026-IXODES-RICINUS-BOLOGNA,vectors,VECTORNET_CURATED,Ixodes ricinus,Ixodes ricinus,Ixodes ricinus,tick_present_area,1,1,evidenze,2026-01-01 - 2026-06-03,2026-01-01,2026-06-03,Italy,Emilia-Romagna,Bologna,Bologna,44.4949,11.3426,35,#6D28D9,https://www.ecdc.europa.eu/en/disease-vectors/surveillance-and-disease-data/tick-maps,"Tick distribution context from ECDC/VectorNet tick maps. Ixodes ricinus is an important tick vector; area layer centred on the menu city. Count=1 means documented distribution/presence area, not number of observations. Circle radius reflects territorial aggregation, not case count."
VECTORNET-CURATED-2026-IXODES-RICINUS-PARMA,vectors,VECTORNET_CURATED,Ixodes ricinus,Ixodes ricinus,Ixodes ricinus,tick_present_area,1,1,evidenze,2026-01-01 - 2026-06-03,2026-01-01,2026-06-03,Italy,Emilia-Romagna,Parma,Parma,44.8015,10.3279,35,#6D28D9,https://www.ecdc.europa.eu/en/disease-vectors/surveillance-and-disease-data/tick-maps,"Tick distribution context from ECDC/VectorNet tick maps. Ixodes ricinus is an important tick vector; area layer centred on the menu city. Count=1 means documented distribution/presence area, not number of observations. Circle radius reflects territorial aggregation, not case count."
VECTORNET-CURATED-2026-IXODES-RICINUS-FIRENZE,vectors,VECTORNET_CURATED,Ixodes ricinus,Ixodes ricinus,Ixodes ricinus,tick_present_area,1,1,evidenze,2026-01-01 - 2026-06-03,2026-01-01,2026-06-03,Italy,Toscana,Firenze,Firenze,43.7696,11.2558,35,#6D28D9,https://www.ecdc.europa.eu/en/disease-vectors/surveillance-and-disease-data/tick-maps,"Tick distribution context from ECDC/VectorNet tick maps. Ixodes ricinus is an important tick vector; area layer centred on the menu city. Count=1 means documented distribution/presence area, not number of observations. Circle radius reflects territorial aggregation, not case count."
VECTORNET-CURATED-2026-RHIPICEPHALUS-SANGUINEUS-TORINO,vectors,VECTORNET_CURATED,Rhipicephalus sanguineus,Rhipicephalus sanguineus,Rhipicephalus sanguineus,tick_present_area,1,1,evidenze,2026-01-01 - 2026-06-03,2026-01-01,2026-06-03,Italy,Piemonte,Torino,Torino,45.0703,7.6869,35,#6D28D9,https://www.ecdc.europa.eu/en/disease-vectors/surveillance-and-disease-data/tick-maps,"Tick distribution context from ECDC/VectorNet tick maps. Rhipicephalus sanguineus is a dog-associated tick vector; area layer centred on the menu city. Count=1 means documented distribution/presence area, not number of observations. Circle radius reflects territorial aggregation, not case count."
VECTORNET-CURATED-2026-RHIPICEPHALUS-SANGUINEUS-CUNEO,vectors,VECTORNET_CURATED,Rhipicephalus sanguineus,Rhipicephalus sanguineus,Rhipicephalus sanguineus,tick_present_area,1,1,evidenze,2026-01-01 - 2026-06-03,2026-01-01,2026-06-03,Italy,Piemonte,Cuneo,Cuneo,44.3845,7.5427,35,#6D28D9,https://www.ecdc.europa.eu/en/disease-vectors/surveillance-and-disease-data/tick-maps,"Tick distribution context from ECDC/VectorNet tick maps. Rhipicephalus sanguineus is a dog-associated tick vector; area layer centred on the menu city. Count=1 means documented distribution/presence area, not number of observations. Circle radius reflects territorial aggregation, not case count."
VECTORNET-CURATED-2026-RHIPICEPHALUS-SANGUINEUS-MILANO,vectors,VECTORNET_CURATED,Rhipicephalus sanguineus,Rhipicephalus sanguineus,Rhipicephalus sanguineus,tick_present_area,1,1,evidenze,2026-01-01 - 2026-06-03,2026-01-01,2026-06-03,Italy,Lombardia,Milano,Milano,45.4642,9.1900,35,#6D28D9,https://www.ecdc.europa.eu/en/disease-vectors/surveillance-and-disease-data/tick-maps,"Tick distribution context from ECDC/VectorNet tick maps. Rhipicephalus sanguineus is a dog-associated tick vector; area layer centred on the menu city. Count=1 means documented distribution/presence area, not number of observations. Circle radius reflects territorial aggregation, not case count."
VECTORNET-CURATED-2026-RHIPICEPHALUS-SANGUINEUS-PAVIA,vectors,VECTORNET_CURATED,Rhipicephalus sanguineus,Rhipicephalus sanguineus,Rhipicephalus sanguineus,tick_present_area,1,1,evidenze,2026-01-01 - 2026-06-03,2026-01-01,2026-06-03,Italy,Lombardia,Pavia,Pavia,45.1847,9.1582,35,#6D28D9,https://www.ecdc.europa.eu/en/disease-vectors/surveillance-and-disease-data/tick-maps,"Tick distribution context from ECDC/VectorNet tick maps. Rhipicephalus sanguineus is a dog-associated tick vector; area layer centred on the menu city. Count=1 means documented distribution/presence area, not number of observations. Circle radius reflects territorial aggregation, not case count."
VECTORNET-CURATED-2026-RHIPICEPHALUS-SANGUINEUS-BRESCIA,vectors,VECTORNET_CURATED,Rhipicephalus sanguineus,Rhipicephalus sanguineus,Rhipicephalus sanguineus,tick_present_area,1,1,evidenze,2026-01-01 - 2026-06-03,2026-01-01,2026-06-03,Italy,Lombardia,Brescia,Brescia,45.5416,10.2118,35,#6D28D9,https://www.ecdc.europa.eu/en/disease-vectors/surveillance-and-disease-data/tick-maps,"Tick distribution context from ECDC/VectorNet tick maps. Rhipicephalus sanguineus is a dog-associated tick vector; area layer centred on the menu city. Count=1 means documented distribution/presence area, not number of observations. Circle radius reflects territorial aggregation, not case count."
VECTORNET-CURATED-2026-RHIPICEPHALUS-SANGUINEUS-GENOVA,vectors,VECTORNET_CURATED,Rhipicephalus sanguineus,Rhipicephalus sanguineus,Rhipicephalus sanguineus,tick_present_area,1,1,evidenze,2026-01-01 - 2026-06-03,2026-01-01,2026-06-03,Italy,Liguria,Genova,Genova,44.4048,8.9444,35,#6D28D9,https://www.ecdc.europa.eu/en/disease-vectors/surveillance-and-disease-data/tick-maps,"Tick distribution context from ECDC/VectorNet tick maps. Rhipicephalus sanguineus is a dog-associated tick vector; area layer centred on the menu city. Count=1 means documented distribution/presence area, not number of observations. Circle radius reflects territorial aggregation, not case count."
VECTORNET-CURATED-2026-RHIPICEPHALUS-SANGUINEUS-VERONA,vectors,VECTORNET_CURATED,Rhipicephalus sanguineus,Rhipicephalus sanguineus,Rhipicephalus sanguineus,tick_present_area,1,1,evidenze,2026-01-01 - 2026-06-03,2026-01-01,2026-06-03,Italy,Veneto,Verona,Verona,45.4384,10.9916,35,#6D28D9,https://www.ecdc.europa.eu/en/disease-vectors/surveillance-and-disease-data/tick-maps,"Tick distribution context from ECDC/VectorNet tick maps. Rhipicephalus sanguineus is a dog-associated tick vector; area layer centred on the menu city. Count=1 means documented distribution/presence area, not number of observations. Circle radius reflects territorial aggregation, not case count."
VECTORNET-CURATED-2026-RHIPICEPHALUS-SANGUINEUS-PADOVA,vectors,VECTORNET_CURATED,Rhipicephalus sanguineus,Rhipicephalus sanguineus,Rhipicephalus sanguineus,tick_present_area,1,1,evidenze,2026-01-01 - 2026-06-03,2026-01-01,2026-06-03,Italy,Veneto,Padova,Padova,45.4064,11.8768,35,#6D28D9,https://www.ecdc.europa.eu/en/disease-vectors/surveillance-and-disease-data/tick-maps,"Tick distribution context from ECDC/VectorNet tick maps. Rhipicephalus sanguineus is a dog-associated tick vector; area layer centred on the menu city. Count=1 means documented distribution/presence area, not number of observations. Circle radius reflects territorial aggregation, not case count."
VECTORNET-CURATED-2026-RHIPICEPHALUS-SANGUINEUS-BOLOGNA,vectors,VECTORNET_CURATED,Rhipicephalus sanguineus,Rhipicephalus sanguineus,Rhipicephalus sanguineus,tick_present_area,1,1,evidenze,2026-01-01 - 2026-06-03,2026-01-01,2026-06-03,Italy,Emilia-Romagna,Bologna,Bologna,44.4949,11.3426,35,#6D28D9,https://www.ecdc.europa.eu/en/disease-vectors/surveillance-and-disease-data/tick-maps,"Tick distribution context from ECDC/VectorNet tick maps. Rhipicephalus sanguineus is a dog-associated tick vector; area layer centred on the menu city. Count=1 means documented distribution/presence area, not number of observations. Circle radius reflects territorial aggregation, not case count."
VECTORNET-CURATED-2026-RHIPICEPHALUS-SANGUINEUS-PARMA,vectors,VECTORNET_CURATED,Rhipicephalus sanguineus,Rhipicephalus sanguineus,Rhipicephalus sanguineus,tick_present_area,1,1,evidenze,2026-01-01 - 2026-06-03,2026-01-01,2026-06-03,Italy,Emilia-Romagna,Parma,Parma,44.8015,10.3279,35,#6D28D9,https://www.ecdc.europa.eu/en/disease-vectors/surveillance-and-disease-data/tick-maps,"Tick distribution context from ECDC/VectorNet tick maps. Rhipicephalus sanguineus is a dog-associated tick vector; area layer centred on the menu city. Count=1 means documented distribution/presence area, not number of observations. Circle radius reflects territorial aggregation, not case count."
VECTORNET-CURATED-2026-RHIPICEPHALUS-SANGUINEUS-FIRENZE,vectors,VECTORNET_CURATED,Rhipicephalus sanguineus,Rhipicephalus sanguineus,Rhipicephalus sanguineus,tick_present_area,1,1,evidenze,2026-01-01 - 2026-06-03,2026-01-01,2026-06-03,Italy,Toscana,Firenze,Firenze,43.7696,11.2558,35,#6D28D9,https://www.ecdc.europa.eu/en/disease-vectors/surveillance-and-disease-data/tick-maps,"Tick distribution context from ECDC/VectorNet tick maps. Rhipicephalus sanguineus is a dog-associated tick vector; area layer centred on the menu city. Count=1 means documented distribution/presence area, not number of observations. Circle radius reflects territorial aggregation, not case count."
VECTORNET-CURATED-2026-RHIPICEPHALUS-SANGUINEUS-GROSSETO,vectors,VECTORNET_CURATED,Rhipicephalus sanguineus,Rhipicephalus sanguineus,Rhipicephalus sanguineus,tick_present_area,1,1,evidenze,2026-01-01 - 2026-06-03,2026-01-01,2026-06-03,Italy,Toscana,Grosseto,Grosseto,42.7635,11.1124,35,#6D28D9,https://www.ecdc.europa.eu/en/disease-vectors/surveillance-and-disease-data/tick-maps,"Tick distribution context from ECDC/VectorNet tick maps. Rhipicephalus sanguineus is a dog-associated tick vector; area layer centred on the menu city. Count=1 means documented distribution/presence area, not number of observations. Circle radius reflects territorial aggregation, not case count."
VECTORNET-CURATED-2026-RHIPICEPHALUS-SANGUINEUS-ROMA,vectors,VECTORNET_CURATED,Rhipicephalus sanguineus,Rhipicephalus sanguineus,Rhipicephalus sanguineus,tick_present_area,1,1,evidenze,2026-01-01 - 2026-06-03,2026-01-01,2026-06-03,Italy,Lazio,Roma,Roma,41.9028,12.4964,35,#6D28D9,https://www.ecdc.europa.eu/en/disease-vectors/surveillance-and-disease-data/tick-maps,"Tick distribution context from ECDC/VectorNet tick maps. Rhipicephalus sanguineus is a dog-associated tick vector; area layer centred on the menu city. Count=1 means documented distribution/presence area, not number of observations. Circle radius reflects territorial aggregation, not case count."
VECTORNET-CURATED-2026-RHIPICEPHALUS-SANGUINEUS-NAPOLI,vectors,VECTORNET_CURATED,Rhipicephalus sanguineus,Rhipicephalus sanguineus,Rhipicephalus sanguineus,tick_present_area,1,1,evidenze,2026-01-01 - 2026-06-03,2026-01-01,2026-06-03,Italy,Campania,Napoli,Napoli,40.8518,14.2681,35,#6D28D9,https://www.ecdc.europa.eu/en/disease-vectors/surveillance-and-disease-data/tick-maps,"Tick distribution context from ECDC/VectorNet tick maps. Rhipicephalus sanguineus is a dog-associated tick vector; area layer centred on the menu city. Count=1 means documented distribution/presence area, not number of observations. Circle radius reflects territorial aggregation, not case count."
VECTORNET-CURATED-2026-RHIPICEPHALUS-SANGUINEUS-CASERTA,vectors,VECTORNET_CURATED,Rhipicephalus sanguineus,Rhipicephalus sanguineus,Rhipicephalus sanguineus,tick_present_area,1,1,evidenze,2026-01-01 - 2026-06-03,2026-01-01,2026-06-03,Italy,Campania,Caserta,Caserta,41.0747,14.3324,35,#6D28D9,https://www.ecdc.europa.eu/en/disease-vectors/surveillance-and-disease-data/tick-maps,"Tick distribution context from ECDC/VectorNet tick maps. Rhipicephalus sanguineus is a dog-associated tick vector; area layer centred on the menu city. Count=1 means documented distribution/presence area, not number of observations. Circle radius reflects territorial aggregation, not case count."
VECTORNET-CURATED-2026-RHIPICEPHALUS-SANGUINEUS-BARI,vectors,VECTORNET_CURATED,Rhipicephalus sanguineus,Rhipicephalus sanguineus,Rhipicephalus sanguineus,tick_present_area,1,1,evidenze,2026-01-01 - 2026-06-03,2026-01-01,2026-06-03,Italy,Puglia,Bari,Bari,41.1171,16.8719,35,#6D28D9,https://www.ecdc.europa.eu/en/disease-vectors/surveillance-and-disease-data/tick-maps,"Tick distribution context from ECDC/VectorNet tick maps. Rhipicephalus sanguineus is a dog-associated tick vector; area layer centred on the menu city. Count=1 means documented distribution/presence area, not number of observations. Circle radius reflects territorial aggregation, not case count."
VECTORNET-CURATED-2026-RHIPICEPHALUS-SANGUINEUS-PALERMO,vectors,VECTORNET_CURATED,Rhipicephalus sanguineus,Rhipicephalus sanguineus,Rhipicephalus sanguineus,tick_present_area,1,1,evidenze,2026-01-01 - 2026-06-03,2026-01-01,2026-06-03,Italy,Sicilia,Palermo,Palermo,38.1157,13.3615,35,#6D28D9,https://www.ecdc.europa.eu/en/disease-vectors/surveillance-and-disease-data/tick-maps,"Tick distribution context from ECDC/VectorNet tick maps. Rhipicephalus sanguineus is a dog-associated tick vector; area layer centred on the menu city. Count=1 means documented distribution/presence area, not number of observations. Circle radius reflects territorial aggregation, not case count."
VECTORNET-CURATED-2026-RHIPICEPHALUS-SANGUINEUS-CAGLIARI,vectors,VECTORNET_CURATED,Rhipicephalus sanguineus,Rhipicephalus sanguineus,Rhipicephalus sanguineus,tick_present_area,1,1,evidenze,2026-01-01 - 2026-06-03,2026-01-01,2026-06-03,Italy,Sardegna,Cagliari,Cagliari,39.2238,9.1217,35,#6D28D9,https://www.ecdc.europa.eu/en/disease-vectors/surveillance-and-disease-data/tick-maps,"Tick distribution context from ECDC/VectorNet tick maps. Rhipicephalus sanguineus is a dog-associated tick vector; area layer centred on the menu city. Count=1 means documented distribution/presence area, not number of observations. Circle radius reflects territorial aggregation, not case count."
VECTORNET-CURATED-2026-DERMACENTOR-RETICULATUS-TORINO,vectors,VECTORNET_CURATED,Dermacentor reticulatus,Dermacentor reticulatus,Dermacentor reticulatus,tick_present_area,1,1,evidenze,2026-01-01 - 2026-06-03,2026-01-01,2026-06-03,Italy,Piemonte,Torino,Torino,45.0703,7.6869,35,#6D28D9,https://www.ecdc.europa.eu/en/disease-vectors/surveillance-and-disease-data/tick-maps,"Tick distribution context from ECDC/VectorNet tick maps. Dermacentor reticulatus layer uses conservative northern/Po-valley menu-city coverage. Count=1 means documented distribution/presence area, not number of observations. Circle radius reflects territorial aggregation, not case count."
VECTORNET-CURATED-2026-DERMACENTOR-RETICULATUS-CUNEO,vectors,VECTORNET_CURATED,Dermacentor reticulatus,Dermacentor reticulatus,Dermacentor reticulatus,tick_present_area,1,1,evidenze,2026-01-01 - 2026-06-03,2026-01-01,2026-06-03,Italy,Piemonte,Cuneo,Cuneo,44.3845,7.5427,35,#6D28D9,https://www.ecdc.europa.eu/en/disease-vectors/surveillance-and-disease-data/tick-maps,"Tick distribution context from ECDC/VectorNet tick maps. Dermacentor reticulatus layer uses conservative northern/Po-valley menu-city coverage. Count=1 means documented distribution/presence area, not number of observations. Circle radius reflects territorial aggregation, not case count."
VECTORNET-CURATED-2026-DERMACENTOR-RETICULATUS-MILANO,vectors,VECTORNET_CURATED,Dermacentor reticulatus,Dermacentor reticulatus,Dermacentor reticulatus,tick_present_area,1,1,evidenze,2026-01-01 - 2026-06-03,2026-01-01,2026-06-03,Italy,Lombardia,Milano,Milano,45.4642,9.1900,35,#6D28D9,https://www.ecdc.europa.eu/en/disease-vectors/surveillance-and-disease-data/tick-maps,"Tick distribution context from ECDC/VectorNet tick maps. Dermacentor reticulatus layer uses conservative northern/Po-valley menu-city coverage. Count=1 means documented distribution/presence area, not number of observations. Circle radius reflects territorial aggregation, not case count."
VECTORNET-CURATED-2026-DERMACENTOR-RETICULATUS-PAVIA,vectors,VECTORNET_CURATED,Dermacentor reticulatus,Dermacentor reticulatus,Dermacentor reticulatus,tick_present_area,1,1,evidenze,2026-01-01 - 2026-06-03,2026-01-01,2026-06-03,Italy,Lombardia,Pavia,Pavia,45.1847,9.1582,35,#6D28D9,https://www.ecdc.europa.eu/en/disease-vectors/surveillance-and-disease-data/tick-maps,"Tick distribution context from ECDC/VectorNet tick maps. Dermacentor reticulatus layer uses conservative northern/Po-valley menu-city coverage. Count=1 means documented distribution/presence area, not number of observations. Circle radius reflects territorial aggregation, not case count."
VECTORNET-CURATED-2026-DERMACENTOR-RETICULATUS-BRESCIA,vectors,VECTORNET_CURATED,Dermacentor reticulatus,Dermacentor reticulatus,Dermacentor reticulatus,tick_present_area,1,1,evidenze,2026-01-01 - 2026-06-03,2026-01-01,2026-06-03,Italy,Lombardia,Brescia,Brescia,45.5416,10.2118,35,#6D28D9,https://www.ecdc.europa.eu/en/disease-vectors/surveillance-and-disease-data/tick-maps,"Tick distribution context from ECDC/VectorNet tick maps. Dermacentor reticulatus layer uses conservative northern/Po-valley menu-city coverage. Count=1 means documented distribution/presence area, not number of observations. Circle radius reflects territorial aggregation, not case count."
VECTORNET-CURATED-2026-DERMACENTOR-RETICULATUS-VERONA,vectors,VECTORNET_CURATED,Dermacentor reticulatus,Dermacentor reticulatus,Dermacentor reticulatus,tick_present_area,1,1,evidenze,2026-01-01 - 2026-06-03,2026-01-01,2026-06-03,Italy,Veneto,Verona,Verona,45.4384,10.9916,35,#6D28D9,https://www.ecdc.europa.eu/en/disease-vectors/surveillance-and-disease-data/tick-maps,"Tick distribution context from ECDC/VectorNet tick maps. Dermacentor reticulatus layer uses conservative northern/Po-valley menu-city coverage. Count=1 means documented distribution/presence area, not number of observations. Circle radius reflects territorial aggregation, not case count."
VECTORNET-CURATED-2026-DERMACENTOR-RETICULATUS-PADOVA,vectors,VECTORNET_CURATED,Dermacentor reticulatus,Dermacentor reticulatus,Dermacentor reticulatus,tick_present_area,1,1,evidenze,2026-01-01 - 2026-06-03,2026-01-01,2026-06-03,Italy,Veneto,Padova,Padova,45.4064,11.8768,35,#6D28D9,https://www.ecdc.europa.eu/en/disease-vectors/surveillance-and-disease-data/tick-maps,"Tick distribution context from ECDC/VectorNet tick maps. Dermacentor reticulatus layer uses conservative northern/Po-valley menu-city coverage. Count=1 means documented distribution/presence area, not number of observations. Circle radius reflects territorial aggregation, not case count."
VECTORNET-CURATED-2026-DERMACENTOR-RETICULATUS-BOLOGNA,vectors,VECTORNET_CURATED,Dermacentor reticulatus,Dermacentor reticulatus,Dermacentor reticulatus,tick_present_area,1,1,evidenze,2026-01-01 - 2026-06-03,2026-01-01,2026-06-03,Italy,Emilia-Romagna,Bologna,Bologna,44.4949,11.3426,35,#6D28D9,https://www.ecdc.europa.eu/en/disease-vectors/surveillance-and-disease-data/tick-maps,"Tick distribution context from ECDC/VectorNet tick maps. Dermacentor reticulatus layer uses conservative northern/Po-valley menu-city coverage. Count=1 means documented distribution/presence area, not number of observations. Circle radius reflects territorial aggregation, not case count."
VECTORNET-CURATED-2026-DERMACENTOR-RETICULATUS-PARMA,vectors,VECTORNET_CURATED,Dermacentor reticulatus,Dermacentor reticulatus,Dermacentor reticulatus,tick_present_area,1,1,evidenze,2026-01-01 - 2026-06-03,2026-01-01,2026-06-03,Italy,Emilia-Romagna,Parma,Parma,44.8015,10.3279,35,#6D28D9,https://www.ecdc.europa.eu/en/disease-vectors/surveillance-and-disease-data/tick-maps,"Tick distribution context from ECDC/VectorNet tick maps. Dermacentor reticulatus layer uses conservative northern/Po-valley menu-city coverage. Count=1 means documented distribution/presence area, not number of observations. Circle radius reflects territorial aggregation, not case count."
VECTORNET-CURATED-2026-PHLEBOTOMUS-PERNICIOSUS-GENOVA,vectors,VECTORNET_CURATED,Phlebotomus perniciosus,Phlebotomus perniciosus,Phlebotomus perniciosus,sandfly_present_area,1,1,evidenze,2026-01-01 - 2026-06-03,2026-01-01,2026-06-03,Italy,Liguria,Genova,Genova,44.4048,8.9444,45,#9333EA,https://www.ecdc.europa.eu/en/disease-vectors/surveillance-and-disease-data/phlebotomine-maps,"Phlebotomine sandfly context from ECDC/VectorNet maps; relevant to Leishmania transmission ecology. Area layer, not a clinical case. Count=1 means documented distribution/presence area, not number of observations. Circle radius reflects territorial aggregation, not case count."
VECTORNET-CURATED-2026-PHLEBOTOMUS-PERNICIOSUS-GROSSETO,vectors,VECTORNET_CURATED,Phlebotomus perniciosus,Phlebotomus perniciosus,Phlebotomus perniciosus,sandfly_present_area,1,1,evidenze,2026-01-01 - 2026-06-03,2026-01-01,2026-06-03,Italy,Toscana,Grosseto,Grosseto,42.7635,11.1124,45,#9333EA,https://www.ecdc.europa.eu/en/disease-vectors/surveillance-and-disease-data/phlebotomine-maps,"Phlebotomine sandfly context from ECDC/VectorNet maps; relevant to Leishmania transmission ecology. Area layer, not a clinical case. Count=1 means documented distribution/presence area, not number of observations. Circle radius reflects territorial aggregation, not case count."
VECTORNET-CURATED-2026-PHLEBOTOMUS-PERNICIOSUS-ROMA,vectors,VECTORNET_CURATED,Phlebotomus perniciosus,Phlebotomus perniciosus,Phlebotomus perniciosus,sandfly_present_area,1,1,evidenze,2026-01-01 - 2026-06-03,2026-01-01,2026-06-03,Italy,Lazio,Roma,Roma,41.9028,12.4964,45,#9333EA,https://www.ecdc.europa.eu/en/disease-vectors/surveillance-and-disease-data/phlebotomine-maps,"Phlebotomine sandfly context from ECDC/VectorNet maps; relevant to Leishmania transmission ecology. Area layer, not a clinical case. Count=1 means documented distribution/presence area, not number of observations. Circle radius reflects territorial aggregation, not case count."
VECTORNET-CURATED-2026-PHLEBOTOMUS-PERNICIOSUS-NAPOLI,vectors,VECTORNET_CURATED,Phlebotomus perniciosus,Phlebotomus perniciosus,Phlebotomus perniciosus,sandfly_present_area,1,1,evidenze,2026-01-01 - 2026-06-03,2026-01-01,2026-06-03,Italy,Campania,Napoli,Napoli,40.8518,14.2681,45,#9333EA,https://www.ecdc.europa.eu/en/disease-vectors/surveillance-and-disease-data/phlebotomine-maps,"Phlebotomine sandfly context from ECDC/VectorNet maps; relevant to Leishmania transmission ecology. Area layer, not a clinical case. Count=1 means documented distribution/presence area, not number of observations. Circle radius reflects territorial aggregation, not case count."
VECTORNET-CURATED-2026-PHLEBOTOMUS-PERNICIOSUS-CASERTA,vectors,VECTORNET_CURATED,Phlebotomus perniciosus,Phlebotomus perniciosus,Phlebotomus perniciosus,sandfly_present_area,1,1,evidenze,2026-01-01 - 2026-06-03,2026-01-01,2026-06-03,Italy,Campania,Caserta,Caserta,41.0747,14.3324,45,#9333EA,https://www.ecdc.europa.eu/en/disease-vectors/surveillance-and-disease-data/phlebotomine-maps,"Phlebotomine sandfly context from ECDC/VectorNet maps; relevant to Leishmania transmission ecology. Area layer, not a clinical case. Count=1 means documented distribution/presence area, not number of observations. Circle radius reflects territorial aggregation, not case count."
VECTORNET-CURATED-2026-PHLEBOTOMUS-PERNICIOSUS-BARI,vectors,VECTORNET_CURATED,Phlebotomus perniciosus,Phlebotomus perniciosus,Phlebotomus perniciosus,sandfly_present_area,1,1,evidenze,2026-01-01 - 2026-06-03,2026-01-01,2026-06-03,Italy,Puglia,Bari,Bari,41.1171,16.8719,45,#9333EA,https://www.ecdc.europa.eu/en/disease-vectors/surveillance-and-disease-data/phlebotomine-maps,"Phlebotomine sandfly context from ECDC/VectorNet maps; relevant to Leishmania transmission ecology. Area layer, not a clinical case. Count=1 means documented distribution/presence area, not number of observations. Circle radius reflects territorial aggregation, not case count."
VECTORNET-CURATED-2026-PHLEBOTOMUS-PERNICIOSUS-PALERMO,vectors,VECTORNET_CURATED,Phlebotomus perniciosus,Phlebotomus perniciosus,Phlebotomus perniciosus,sandfly_present_area,1,1,evidenze,2026-01-01 - 2026-06-03,2026-01-01,2026-06-03,Italy,Sicilia,Palermo,Palermo,38.1157,13.3615,45,#9333EA,https://www.ecdc.europa.eu/en/disease-vectors/surveillance-and-disease-data/phlebotomine-maps,"Phlebotomine sandfly context from ECDC/VectorNet maps; relevant to Leishmania transmission ecology. Area layer, not a clinical case. Count=1 means documented distribution/presence area, not number of observations. Circle radius reflects territorial aggregation, not case count."
VECTORNET-CURATED-2026-PHLEBOTOMUS-PERNICIOSUS-CAGLIARI,vectors,VECTORNET_CURATED,Phlebotomus perniciosus,Phlebotomus perniciosus,Phlebotomus perniciosus,sandfly_present_area,1,1,evidenze,2026-01-01 - 2026-06-03,2026-01-01,2026-06-03,Italy,Sardegna,Cagliari,Cagliari,39.2238,9.1217,45,#9333EA,https://www.ecdc.europa.eu/en/disease-vectors/surveillance-and-disease-data/phlebotomine-maps,"Phlebotomine sandfly context from ECDC/VectorNet maps; relevant to Leishmania transmission ecology. Area layer, not a clinical case. Count=1 means documented distribution/presence area, not number of observations. Circle radius reflects territorial aggregation, not case count."
VECTORNET-CURATED-2026-PHLEBOTOMUS-PERNICIOSUS-FIRENZE,vectors,VECTORNET_CURATED,Phlebotomus perniciosus,Phlebotomus perniciosus,Phlebotomus perniciosus,sandfly_present_area,1,1,evidenze,2026-01-01 - 2026-06-03,2026-01-01,2026-06-03,Italy,Toscana,Firenze,Firenze,43.7696,11.2558,45,#9333EA,https://www.ecdc.europa.eu/en/disease-vectors/surveillance-and-disease-data/phlebotomine-maps,"Phlebotomine sandfly context from ECDC/VectorNet maps; relevant to Leishmania transmission ecology. Area layer, not a clinical case. Count=1 means documented distribution/presence area, not number of observations. Circle radius reflects territorial aggregation, not case count."
VECTORNET-CURATED-2026-PHLEBOTOMUS-PERNICIOSUS-TORINO,vectors,VECTORNET_CURATED,Phlebotomus perniciosus,Phlebotomus perniciosus,Phlebotomus perniciosus,sandfly_present_area,1,1,evidenze,2026-01-01 - 2026-06-03,2026-01-01,2026-06-03,Italy,Piemonte,Torino,Torino,45.0703,7.6869,45,#9333EA,https://www.ecdc.europa.eu/en/disease-vectors/surveillance-and-disease-data/phlebotomine-maps,"Phlebotomine sandfly context from ECDC/VectorNet maps; relevant to Leishmania transmission ecology. Area layer, not a clinical case. Count=1 means documented distribution/presence area, not number of observations. Circle radius reflects territorial aggregation, not case count."
VECTORNET-CURATED-2026-PHLEBOTOMUS-PERNICIOSUS-MILANO,vectors,VECTORNET_CURATED,Phlebotomus perniciosus,Phlebotomus perniciosus,Phlebotomus perniciosus,sandfly_present_area,1,1,evidenze,2026-01-01 - 2026-06-03,2026-01-01,2026-06-03,Italy,Lombardia,Milano,Milano,45.4642,9.1900,45,#9333EA,https://www.ecdc.europa.eu/en/disease-vectors/surveillance-and-disease-data/phlebotomine-maps,"Phlebotomine sandfly context from ECDC/VectorNet maps; relevant to Leishmania transmission ecology. Area layer, not a clinical case. Count=1 means documented distribution/presence area, not number of observations. Circle radius reflects territorial aggregation, not case count."
VECTORNET-CURATED-2026-PHLEBOTOMUS-PERNICIOSUS-PAVIA,vectors,VECTORNET_CURATED,Phlebotomus perniciosus,Phlebotomus perniciosus,Phlebotomus perniciosus,sandfly_present_area,1,1,evidenze,2026-01-01 - 2026-06-03,2026-01-01,2026-06-03,Italy,Lombardia,Pavia,Pavia,45.1847,9.1582,45,#9333EA,https://www.ecdc.europa.eu/en/disease-vectors/surveillance-and-disease-data/phlebotomine-maps,"Phlebotomine sandfly context from ECDC/VectorNet maps; relevant to Leishmania transmission ecology. Area layer, not a clinical case. Count=1 means documented distribution/presence area, not number of observations. Circle radius reflects territorial aggregation, not case count."
VECTORNET-CURATED-2026-PHLEBOTOMUS-PERNICIOSUS-BRESCIA,vectors,VECTORNET_CURATED,Phlebotomus perniciosus,Phlebotomus perniciosus,Phlebotomus perniciosus,sandfly_present_area,1,1,evidenze,2026-01-01 - 2026-06-03,2026-01-01,2026-06-03,Italy,Lombardia,Brescia,Brescia,45.5416,10.2118,45,#9333EA,https://www.ecdc.europa.eu/en/disease-vectors/surveillance-and-disease-data/phlebotomine-maps,"Phlebotomine sandfly context from ECDC/VectorNet maps; relevant to Leishmania transmission ecology. Area layer, not a clinical case. Count=1 means documented distribution/presence area, not number of observations. Circle radius reflects territorial aggregation, not case count."
VECTORNET-CURATED-2026-PHLEBOTOMUS-PERNICIOSUS-VERONA,vectors,VECTORNET_CURATED,Phlebotomus perniciosus,Phlebotomus perniciosus,Phlebotomus perniciosus,sandfly_present_area,1,1,evidenze,2026-01-01 - 2026-06-03,2026-01-01,2026-06-03,Italy,Veneto,Verona,Verona,45.4384,10.9916,45,#9333EA,https://www.ecdc.europa.eu/en/disease-vectors/surveillance-and-disease-data/phlebotomine-maps,"Phlebotomine sandfly context from ECDC/VectorNet maps; relevant to Leishmania transmission ecology. Area layer, not a clinical case. Count=1 means documented distribution/presence area, not number of observations. Circle radius reflects territorial aggregation, not case count."
VECTORNET-CURATED-2026-PHLEBOTOMUS-PERNICIOSUS-PADOVA,vectors,VECTORNET_CURATED,Phlebotomus perniciosus,Phlebotomus perniciosus,Phlebotomus perniciosus,sandfly_present_area,1,1,evidenze,2026-01-01 - 2026-06-03,2026-01-01,2026-06-03,Italy,Veneto,Padova,Padova,45.4064,11.8768,45,#9333EA,https://www.ecdc.europa.eu/en/disease-vectors/surveillance-and-disease-data/phlebotomine-maps,"Phlebotomine sandfly context from ECDC/VectorNet maps; relevant to Leishmania transmission ecology. Area layer, not a clinical case. Count=1 means documented distribution/presence area, not number of observations. Circle radius reflects territorial aggregation, not case count."
VECTORNET-CURATED-2026-PHLEBOTOMUS-PERNICIOSUS-BOLOGNA,vectors,VECTORNET_CURATED,Phlebotomus perniciosus,Phlebotomus perniciosus,Phlebotomus perniciosus,sandfly_present_area,1,1,evidenze,2026-01-01 - 2026-06-03,2026-01-01,2026-06-03,Italy,Emilia-Romagna,Bologna,Bologna,44.4949,11.3426,45,#9333EA,https://www.ecdc.europa.eu/en/disease-vectors/surveillance-and-disease-data/phlebotomine-maps,"Phlebotomine sandfly context from ECDC/VectorNet maps; relevant to Leishmania transmission ecology. Area layer, not a clinical case. Count=1 means documented distribution/presence area, not number of observations. Circle radius reflects territorial aggregation, not case count."
VECTORNET-CURATED-2026-PHLEBOTOMUS-PERNICIOSUS-PARMA,vectors,VECTORNET_CURATED,Phlebotomus perniciosus,Phlebotomus perniciosus,Phlebotomus perniciosus,sandfly_present_area,1,1,evidenze,2026-01-01 - 2026-06-03,2026-01-01,2026-06-03,Italy,Emilia-Romagna,Parma,Parma,44.8015,10.3279,45,#9333EA,https://www.ecdc.europa.eu/en/disease-vectors/surveillance-and-disease-data/phlebotomine-maps,"Phlebotomine sandfly context from ECDC/VectorNet maps; relevant to Leishmania transmission ecology. Area layer, not a clinical case. Count=1 means documented distribution/presence area, not number of observations. Circle radius reflects territorial aggregation, not case count."
VECTORNET-CURATED-2026-CULICOIDES-SPP-TORINO,vectors,VECTORNET_CURATED,Culicoides spp.,Culicoides spp.,Culicoides spp.,biting_midge_present_area,1,1,evidenze,2026-01-01 - 2026-06-03,2026-01-01,2026-06-03,Italy,Piemonte,Torino,Torino,45.0703,7.6869,50,#4C1D95,https://www.ecdc.europa.eu/en/disease-vectors/surveillance-and-disease-data/biting-midge-maps,"Biting midge distribution context from ECDC/VectorNet maps; relevant to livestock vector-borne disease ecology such as bluetongue. Area layer, not a clinical case. Count=1 means documented distribution/presence area, not number of observations. Circle radius reflects territorial aggregation, not case count."
VECTORNET-CURATED-2026-CULICOIDES-SPP-CUNEO,vectors,VECTORNET_CURATED,Culicoides spp.,Culicoides spp.,Culicoides spp.,biting_midge_present_area,1,1,evidenze,2026-01-01 - 2026-06-03,2026-01-01,2026-06-03,Italy,Piemonte,Cuneo,Cuneo,44.3845,7.5427,50,#4C1D95,https://www.ecdc.europa.eu/en/disease-vectors/surveillance-and-disease-data/biting-midge-maps,"Biting midge distribution context from ECDC/VectorNet maps; relevant to livestock vector-borne disease ecology such as bluetongue. Area layer, not a clinical case. Count=1 means documented distribution/presence area, not number of observations. Circle radius reflects territorial aggregation, not case count."
VECTORNET-CURATED-2026-CULICOIDES-SPP-MILANO,vectors,VECTORNET_CURATED,Culicoides spp.,Culicoides spp.,Culicoides spp.,biting_midge_present_area,1,1,evidenze,2026-01-01 - 2026-06-03,2026-01-01,2026-06-03,Italy,Lombardia,Milano,Milano,45.4642,9.1900,50,#4C1D95,https://www.ecdc.europa.eu/en/disease-vectors/surveillance-and-disease-data/biting-midge-maps,"Biting midge distribution context from ECDC/VectorNet maps; relevant to livestock vector-borne disease ecology such as bluetongue. Area layer, not a clinical case. Count=1 means documented distribution/presence area, not number of observations. Circle radius reflects territorial aggregation, not case count."
VECTORNET-CURATED-2026-CULICOIDES-SPP-PAVIA,vectors,VECTORNET_CURATED,Culicoides spp.,Culicoides spp.,Culicoides spp.,biting_midge_present_area,1,1,evidenze,2026-01-01 - 2026-06-03,2026-01-01,2026-06-03,Italy,Lombardia,Pavia,Pavia,45.1847,9.1582,50,#4C1D95,https://www.ecdc.europa.eu/en/disease-vectors/surveillance-and-disease-data/biting-midge-maps,"Biting midge distribution context from ECDC/VectorNet maps; relevant to livestock vector-borne disease ecology such as bluetongue. Area layer, not a clinical case. Count=1 means documented distribution/presence area, not number of observations. Circle radius reflects territorial aggregation, not case count."
VECTORNET-CURATED-2026-CULICOIDES-SPP-BRESCIA,vectors,VECTORNET_CURATED,Culicoides spp.,Culicoides spp.,Culicoides spp.,biting_midge_present_area,1,1,evidenze,2026-01-01 - 2026-06-03,2026-01-01,2026-06-03,Italy,Lombardia,Brescia,Brescia,45.5416,10.2118,50,#4C1D95,https://www.ecdc.europa.eu/en/disease-vectors/surveillance-and-disease-data/biting-midge-maps,"Biting midge distribution context from ECDC/VectorNet maps; relevant to livestock vector-borne disease ecology such as bluetongue. Area layer, not a clinical case. Count=1 means documented distribution/presence area, not number of observations. Circle radius reflects territorial aggregation, not case count."
VECTORNET-CURATED-2026-CULICOIDES-SPP-GENOVA,vectors,VECTORNET_CURATED,Culicoides spp.,Culicoides spp.,Culicoides spp.,biting_midge_present_area,1,1,evidenze,2026-01-01 - 2026-06-03,2026-01-01,2026-06-03,Italy,Liguria,Genova,Genova,44.4048,8.9444,50,#4C1D95,https://www.ecdc.europa.eu/en/disease-vectors/surveillance-and-disease-data/biting-midge-maps,"Biting midge distribution context from ECDC/VectorNet maps; relevant to livestock vector-borne disease ecology such as bluetongue. Area layer, not a clinical case. Count=1 means documented distribution/presence area, not number of observations. Circle radius reflects territorial aggregation, not case count."
VECTORNET-CURATED-2026-CULICOIDES-SPP-VERONA,vectors,VECTORNET_CURATED,Culicoides spp.,Culicoides spp.,Culicoides spp.,biting_midge_present_area,1,1,evidenze,2026-01-01 - 2026-06-03,2026-01-01,2026-06-03,Italy,Veneto,Verona,Verona,45.4384,10.9916,50,#4C1D95,https://www.ecdc.europa.eu/en/disease-vectors/surveillance-and-disease-data/biting-midge-maps,"Biting midge distribution context from ECDC/VectorNet maps; relevant to livestock vector-borne disease ecology such as bluetongue. Area layer, not a clinical case. Count=1 means documented distribution/presence area, not number of observations. Circle radius reflects territorial aggregation, not case count."
VECTORNET-CURATED-2026-CULICOIDES-SPP-PADOVA,vectors,VECTORNET_CURATED,Culicoides spp.,Culicoides spp.,Culicoides spp.,biting_midge_present_area,1,1,evidenze,2026-01-01 - 2026-06-03,2026-01-01,2026-06-03,Italy,Veneto,Padova,Padova,45.4064,11.8768,50,#4C1D95,https://www.ecdc.europa.eu/en/disease-vectors/surveillance-and-disease-data/biting-midge-maps,"Biting midge distribution context from ECDC/VectorNet maps; relevant to livestock vector-borne disease ecology such as bluetongue. Area layer, not a clinical case. Count=1 means documented distribution/presence area, not number of observations. Circle radius reflects territorial aggregation, not case count."
VECTORNET-CURATED-2026-CULICOIDES-SPP-BOLOGNA,vectors,VECTORNET_CURATED,Culicoides spp.,Culicoides spp.,Culicoides spp.,biting_midge_present_area,1,1,evidenze,2026-01-01 - 2026-06-03,2026-01-01,2026-06-03,Italy,Emilia-Romagna,Bologna,Bologna,44.4949,11.3426,50,#4C1D95,https://www.ecdc.europa.eu/en/disease-vectors/surveillance-and-disease-data/biting-midge-maps,"Biting midge distribution context from ECDC/VectorNet maps; relevant to livestock vector-borne disease ecology such as bluetongue. Area layer, not a clinical case. Count=1 means documented distribution/presence area, not number of observations. Circle radius reflects territorial aggregation, not case count."
VECTORNET-CURATED-2026-CULICOIDES-SPP-PARMA,vectors,VECTORNET_CURATED,Culicoides spp.,Culicoides spp.,Culicoides spp.,biting_midge_present_area,1,1,evidenze,2026-01-01 - 2026-06-03,2026-01-01,2026-06-03,Italy,Emilia-Romagna,Parma,Parma,44.8015,10.3279,50,#4C1D95,https://www.ecdc.europa.eu/en/disease-vectors/surveillance-and-disease-data/biting-midge-maps,"Biting midge distribution context from ECDC/VectorNet maps; relevant to livestock vector-borne disease ecology such as bluetongue. Area layer, not a clinical case. Count=1 means documented distribution/presence area, not number of observations. Circle radius reflects territorial aggregation, not case count."
VECTORNET-CURATED-2026-CULICOIDES-SPP-FIRENZE,vectors,VECTORNET_CURATED,Culicoides spp.,Culicoides spp.,Culicoides spp.,biting_midge_present_area,1,1,evidenze,2026-01-01 - 2026-06-03,2026-01-01,2026-06-03,Italy,Toscana,Firenze,Firenze,43.7696,11.2558,50,#4C1D95,https://www.ecdc.europa.eu/en/disease-vectors/surveillance-and-disease-data/biting-midge-maps,"Biting midge distribution context from ECDC/VectorNet maps; relevant to livestock vector-borne disease ecology such as bluetongue. Area layer, not a clinical case. Count=1 means documented distribution/presence area, not number of observations. Circle radius reflects territorial aggregation, not case count."
VECTORNET-CURATED-2026-CULICOIDES-SPP-GROSSETO,vectors,VECTORNET_CURATED,Culicoides spp.,Culicoides spp.,Culicoides spp.,biting_midge_present_area,1,1,evidenze,2026-01-01 - 2026-06-03,2026-01-01,2026-06-03,Italy,Toscana,Grosseto,Grosseto,42.7635,11.1124,50,#4C1D95,https://www.ecdc.europa.eu/en/disease-vectors/surveillance-and-disease-data/biting-midge-maps,"Biting midge distribution context from ECDC/VectorNet maps; relevant to livestock vector-borne disease ecology such as bluetongue. Area layer, not a clinical case. Count=1 means documented distribution/presence area, not number of observations. Circle radius reflects territorial aggregation, not case count."
VECTORNET-CURATED-2026-CULICOIDES-SPP-ROMA,vectors,VECTORNET_CURATED,Culicoides spp.,Culicoides spp.,Culicoides spp.,biting_midge_present_area,1,1,evidenze,2026-01-01 - 2026-06-03,2026-01-01,2026-06-03,Italy,Lazio,Roma,Roma,41.9028,12.4964,50,#4C1D95,https://www.ecdc.europa.eu/en/disease-vectors/surveillance-and-disease-data/biting-midge-maps,"Biting midge distribution context from ECDC/VectorNet maps; relevant to livestock vector-borne disease ecology such as bluetongue. Area layer, not a clinical case. Count=1 means documented distribution/presence area, not number of observations. Circle radius reflects territorial aggregation, not case count."
VECTORNET-CURATED-2026-CULICOIDES-SPP-NAPOLI,vectors,VECTORNET_CURATED,Culicoides spp.,Culicoides spp.,Culicoides spp.,biting_midge_present_area,1,1,evidenze,2026-01-01 - 2026-06-03,2026-01-01,2026-06-03,Italy,Campania,Napoli,Napoli,40.8518,14.2681,50,#4C1D95,https://www.ecdc.europa.eu/en/disease-vectors/surveillance-and-disease-data/biting-midge-maps,"Biting midge distribution context from ECDC/VectorNet maps; relevant to livestock vector-borne disease ecology such as bluetongue. Area layer, not a clinical case. Count=1 means documented distribution/presence area, not number of observations. Circle radius reflects territorial aggregation, not case count."
VECTORNET-CURATED-2026-CULICOIDES-SPP-CASERTA,vectors,VECTORNET_CURATED,Culicoides spp.,Culicoides spp.,Culicoides spp.,biting_midge_present_area,1,1,evidenze,2026-01-01 - 2026-06-03,2026-01-01,2026-06-03,Italy,Campania,Caserta,Caserta,41.0747,14.3324,50,#4C1D95,https://www.ecdc.europa.eu/en/disease-vectors/surveillance-and-disease-data/biting-midge-maps,"Biting midge distribution context from ECDC/VectorNet maps; relevant to livestock vector-borne disease ecology such as bluetongue. Area layer, not a clinical case. Count=1 means documented distribution/presence area, not number of observations. Circle radius reflects territorial aggregation, not case count."
VECTORNET-CURATED-2026-CULICOIDES-SPP-BARI,vectors,VECTORNET_CURATED,Culicoides spp.,Culicoides spp.,Culicoides spp.,biting_midge_present_area,1,1,evidenze,2026-01-01 - 2026-06-03,2026-01-01,2026-06-03,Italy,Puglia,Bari,Bari,41.1171,16.8719,50,#4C1D95,https://www.ecdc.europa.eu/en/disease-vectors/surveillance-and-disease-data/biting-midge-maps,"Biting midge distribution context from ECDC/VectorNet maps; relevant to livestock vector-borne disease ecology such as bluetongue. Area layer, not a clinical case. Count=1 means documented distribution/presence area, not number of observations. Circle radius reflects territorial aggregation, not case count."
VECTORNET-CURATED-2026-CULICOIDES-SPP-PALERMO,vectors,VECTORNET_CURATED,Culicoides spp.,Culicoides spp.,Culicoides spp.,biting_midge_present_area,1,1,evidenze,2026-01-01 - 2026-06-03,2026-01-01,2026-06-03,Italy,Sicilia,Palermo,Palermo,38.1157,13.3615,50,#4C1D95,https://www.ecdc.europa.eu/en/disease-vectors/surveillance-and-disease-data/biting-midge-maps,"Biting midge distribution context from ECDC/VectorNet maps; relevant to livestock vector-borne disease ecology such as bluetongue. Area layer, not a clinical case. Count=1 means documented distribution/presence area, not number of observations. Circle radius reflects territorial aggregation, not case count."
VECTORNET-CURATED-2026-CULICOIDES-SPP-CAGLIARI,vectors,VECTORNET_CURATED,Culicoides spp.,Culicoides spp.,Culicoides spp.,biting_midge_present_area,1,1,evidenze,2026-01-01 - 2026-06-03,2026-01-01,2026-06-03,Italy,Sardegna,Cagliari,Cagliari,39.2238,9.1217,50,#4C1D95,https://www.ecdc.europa.eu/en/disease-vectors/surveillance-and-disease-data/biting-midge-maps,"Biting midge distribution context from ECDC/VectorNet maps; relevant to livestock vector-borne disease ecology such as bluetongue. Area layer, not a clinical case. Count=1 means documented distribution/presence area, not number of observations. Circle radius reflects territorial aggregation, not case count."
BENV-PARASITE-BENV-2026-IDATIDOSI-ECHINOCOCCOSI-85153-OVINO,parasites,IZS_BENV,Echinococcus spp.,Echinococcus spp.,,official_event_context,1,1,evidenze,2026-04-16 - 2026-04-16,2026-04-16,2026-04-16,Italy,Sardegna,,SIRIS,39.712644,8.774832,10,#059669,https://www.izs.it/BENV_NEW/datiemappe.html,"Official BENV/IZS table export; disease filter: Idatidosi Echinococcosi; original BENV ID 85153; tipo focolaio: RISCONTRO ANATOMO-PATOLOGICO; stato sanitario: E; provincia: OR; data sospetto: 2026-04-16; data conferma: 2026-04-16; data estinzione: 2026-07-02; stato evento: Estinto; is_active: false; sierotipo: nan; geocoding level: province; municipality centroid unavailable; coordinates set to province capital for map display.; geocoding correction v245: municipality centroid matched to Siris (Oristano); previous coordinates 39.90380,8.59260; match=municipality_region.; derived from official BENV/IZS parasitic disease event; territorial context layer, not standalone prevalence estimate"
BENV-PARASITE-BENV-2026-IDATIDOSI-ECHINOCOCCOSI-84209-OVINO,parasites,IZS_BENV,Echinococcus spp.,Echinococcus spp.,,official_event_context,1,1,evidenze,2026-03-17 - 2026-03-17,2026-03-17,2026-03-17,Italy,Sardegna,,USELLUS,39.809646,8.850732,10,#059669,https://www.izs.it/BENV_NEW/datiemappe.html,"Official BENV/IZS table export; disease filter: Idatidosi Echinococcosi; original BENV ID 84209; tipo focolaio: RISCONTRO ANATOMO-PATOLOGICO; stato sanitario: E; provincia: OR; data sospetto: 2026-03-17; data conferma: 2026-03-17; data estinzione: 2026-05-21; stato evento: Estinto; is_active: false; sierotipo: nan; geocoding level: province; municipality centroid unavailable; coordinates set to province capital for map display.; geocoding correction v245: municipality centroid matched to Usellus (Oristano); previous coordinates 39.90380,8.59260; match=municipality_region.; derived from official BENV/IZS parasitic disease event; territorial context layer, not standalone prevalence estimate"
BENV-PARASITE-BENV-2026-IDATIDOSI-ECHINOCOCCOSI-84659-BOVINO,parasites,IZS_BENV,Echinococcus spp.,Echinococcus spp.,,official_event_context,1,1,evidenze,2026-05-15 - 2026-05-15,2026-05-15,2026-05-15,Italy,Lazio,,BRACCIANO,42.101095,12.173857,10,#059669,https://www.izs.it/BENV_NEW/datiemappe.html,"Official BENV/IZS table export; disease filter: Idatidosi Echinococcosi; original BENV ID 84659; tipo focolaio: RISCONTRO ANATOMO-PATOLOGICO; stato sanitario: E; provincia: RM; data sospetto: 2026-05-15; data conferma: 2026-05-15; data estinzione: 2026-05-26; stato evento: Estinto; is_active: false; sierotipo: nan; geocoding level: province; municipality centroid unavailable; coordinates set to province capital for map display.; geocoding correction v245: municipality centroid matched to Bracciano (Roma); previous coordinates 41.90280,12.49640; match=municipality_region.; derived from official BENV/IZS parasitic disease event; territorial context layer, not standalone prevalence estimate"
BENV-PARASITE-BENV-2026-IDATIDOSI-ECHINOCOCCOSI-84677-OVINO,parasites,IZS_BENV,Echinococcus spp.,Echinococcus spp.,,official_event_context,1,1,evidenze,2026-04-13 - 2026-04-13,2026-04-13,2026-04-13,Italy,Sardegna,,SENEGHE,40.082249,8.615723,10,#059669,https://www.izs.it/BENV_NEW/datiemappe.html,"Official BENV/IZS table export; disease filter: Idatidosi Echinococcosi; original BENV ID 84677; tipo focolaio: RISCONTRO ANATOMO-PATOLOGICO; stato sanitario: E; provincia: OR; data sospetto: 2026-04-13; data conferma: 2026-04-13; data estinzione: 2026-06-15; stato evento: Estinto; is_active: false; sierotipo: nan; geocoding level: province; municipality centroid unavailable; coordinates set to province capital for map display.; geocoding correction v245: municipality centroid matched to Seneghe (Oristano); previous coordinates 39.90380,8.59260; match=municipality_region.; derived from official BENV/IZS parasitic disease event; territorial context layer, not standalone prevalence estimate"
BENV-PARASITE-BENV-2026-IDATIDOSI-ECHINOCOCCOSI-84073-OVINO,parasites,IZS_BENV,Echinococcus spp.,Echinococcus spp.,,official_event_context,1,1,evidenze,2026-02-06 - 2026-02-06,2026-02-06,2026-02-06,Italy,Sardegna,,SANTA GIUSTA,39.878178,8.609973,10,#059669,https://www.izs.it/BENV_NEW/datiemappe.html,"Official BENV/IZS table export; disease filter: Idatidosi Echinococcosi; original BENV ID 84073; tipo focolaio: RISCONTRO ANATOMO-PATOLOGICO; stato sanitario: E; provincia: OR; data sospetto: 2026-02-06; data conferma: 2026-02-06; data estinzione: 2026-04-13; stato evento: Estinto; is_active: false; sierotipo: nan; geocoding level: province; municipality centroid unavailable; coordinates set to province capital for map display.; geocoding correction v245: municipality centroid matched to Santa Giusta (Oristano); previous coordinates 39.90380,8.59260; match=municipality_region.; derived from official BENV/IZS parasitic disease event; territorial context layer, not standalone prevalence estimate"
BENV-PARASITE-BENV-2026-IDATIDOSI-ECHINOCOCCOSI-83886-OVINO,parasites,IZS_BENV,Echinococcus spp.,Echinococcus spp.,,official_event_context,1,1,evidenze,2026-03-20 - 2026-03-20,2026-03-20,2026-03-20,Italy,Sardegna,,SAGAMA,40.261552,8.577520,10,#059669,https://www.izs.it/BENV_NEW/datiemappe.html,"Official BENV/IZS table export; disease filter: Idatidosi Echinococcosi; original BENV ID 83886; tipo focolaio: RISCONTRO ANATOMO-PATOLOGICO; stato sanitario: E; provincia: OR; data sospetto: 2026-02-10; data conferma: 2026-03-20; data estinzione: 2026-05-21; stato evento: Estinto; is_active: false; sierotipo: nan; geocoding level: province; municipality centroid unavailable; coordinates set to province capital for map display.; geocoding correction v245: municipality centroid matched to Sagama (Oristano); previous coordinates 39.90380,8.59260; match=municipality_region.; derived from official BENV/IZS parasitic disease event; territorial context layer, not standalone prevalence estimate"
BENV-PARASITE-BENV-2026-IDATIDOSI-ECHINOCOCCOSI-83983-OVINO,parasites,IZS_BENV,Echinococcus spp.,Echinococcus spp.,,official_event_context,1,1,evidenze,2026-02-13 - 2026-02-13,2026-02-13,2026-02-13,Italy,Sardegna,,ALLAI,39.957173,8.863076,10,#059669,https://www.izs.it/BENV_NEW/datiemappe.html,"Official BENV/IZS table export; disease filter: Idatidosi Echinococcosi; original BENV ID 83983; tipo focolaio: RISCONTRO ANATOMO-PATOLOGICO; stato sanitario: E; provincia: OR; data sospetto: 2026-02-13; data conferma: 2026-02-13; data estinzione: 2026-04-13; stato evento: Estinto; is_active: false; sierotipo: nan; geocoding level: province; municipality centroid unavailable; coordinates set to province capital for map display.; geocoding correction v245: municipality centroid matched to Allai (Oristano); previous coordinates 39.90380,8.59260; match=municipality_region.; derived from official BENV/IZS parasitic disease event; territorial context layer, not standalone prevalence estimate"
BENV-PARASITE-BENV-2026-IDATIDOSI-ECHINOCOCCOSI-82809-BOVINO,parasites,IZS_BENV,Echinococcus spp.,Echinococcus spp.,,official_event_context,1,1,evidenze,2026-01-07 - 2026-01-07,2026-01-07,2026-01-07,Italy,Lazio,,BRACCIANO,42.101095,12.173857,10,#059669,https://www.izs.it/BENV_NEW/datiemappe.html,"Official BENV/IZS table export; disease filter: Idatidosi Echinococcosi; original BENV ID 82809; tipo focolaio: RISCONTRO ANATOMO-PATOLOGICO; stato sanitario: E; provincia: RM; data sospetto: 2026-01-07; data conferma: 2026-01-07; data estinzione: 2026-01-14; stato evento: Estinto; is_active: false; sierotipo: nan; geocoding level: province; municipality centroid unavailable; coordinates set to province capital for map display.; geocoding correction v245: municipality centroid matched to Bracciano (Roma); previous coordinates 41.90280,12.49640; match=municipality_region.; derived from official BENV/IZS parasitic disease event; territorial context layer, not standalone prevalence estimate"
BENV-PARASITE-BENV-2026-IDATIDOSI-ECHINOCOCCOSI-84189-OVINO,parasites,IZS_BENV,Echinococcus spp.,Echinococcus spp.,,official_event_context,1,1,evidenze,2026-03-09 - 2026-03-09,2026-03-09,2026-03-09,Italy,Sardegna,,SAN VERO MILIS,40.014548,8.598224,10,#059669,https://www.izs.it/BENV_NEW/datiemappe.html,"Official BENV/IZS table export; disease filter: Idatidosi Echinococcosi; original BENV ID 84189; tipo focolaio: RISCONTRO ANATOMO-PATOLOGICO; stato sanitario: E; provincia: OR; data sospetto: 2026-03-09; data conferma: 2026-03-09; data estinzione: 2026-05-11; stato evento: Estinto; is_active: false; sierotipo: nan; geocoding level: province; municipality centroid unavailable; coordinates set to province capital for map display.; geocoding correction v245: municipality centroid matched to San Vero Milis (Oristano); previous coordinates 39.90380,8.59260; match=municipality_region.; derived from official BENV/IZS parasitic disease event; territorial context layer, not standalone prevalence estimate"
BENV-PARASITE-BENV-2026-IDATIDOSI-ECHINOCOCCOSI-84208-OVINO,parasites,IZS_BENV,Echinococcus spp.,Echinococcus spp.,,official_event_context,1,1,evidenze,2026-03-13 - 2026-03-13,2026-03-13,2026-03-13,Italy,Sardegna,,ALES,39.768245,8.815632,10,#059669,https://www.izs.it/BENV_NEW/datiemappe.html,"Official BENV/IZS table export; disease filter: Idatidosi Echinococcosi; original BENV ID 84208; tipo focolaio: RISCONTRO ANATOMO-PATOLOGICO; stato sanitario: E; provincia: OR; data sospetto: 2026-03-13; data conferma: 2026-03-13; data estinzione: 2026-05-21; stato evento: Estinto; is_active: false; sierotipo: nan; geocoding level: province; municipality centroid unavailable; coordinates set to province capital for map display.; geocoding correction v245: municipality centroid matched to Ales (Oristano); previous coordinates 39.90380,8.59260; match=municipality_region.; derived from official BENV/IZS parasitic disease event; territorial context layer, not standalone prevalence estimate"
BENV-PARASITE-BENV-2026-IDATIDOSI-ECHINOCOCCOSI-84077-OVINO,parasites,IZS_BENV,Echinococcus spp.,Echinococcus spp.,,official_event_context,1,1,evidenze,2026-02-26 - 2026-02-26,2026-02-26,2026-02-26,Italy,Sardegna,,ORISTANO,40.026568,8.679642,10,#059669,https://www.izs.it/BENV_NEW/datiemappe.html,"Official BENV/IZS table export; disease filter: Idatidosi Echinococcosi; original BENV ID 84077; tipo focolaio: RISCONTRO ANATOMO-PATOLOGICO; stato sanitario: E; provincia: OR; data sospetto: 2026-02-26; data conferma: 2026-02-26; data estinzione: 2026-05-11; stato evento: Estinto; is_active: false; sierotipo: nan; geocoding level: province; municipality centroid unavailable; coordinates set to province capital for map display.; geocoding correction v245: municipality centroid matched to Oristano (Oristano); previous coordinates 39.90380,8.59260; match=municipality_region.; derived from official BENV/IZS parasitic disease event; territorial context layer, not standalone prevalence estimate"
BENV-PARASITE-BENV-2026-IDATIDOSI-ECHINOCOCCOSI-83858-OVINO,parasites,IZS_BENV,Echinococcus spp.,Echinococcus spp.,,official_event_context,1,1,evidenze,2026-02-11 - 2026-02-11,2026-02-11,2026-02-11,Italy,Sardegna,,SENEGHE,40.082249,8.615723,10,#059669,https://www.izs.it/BENV_NEW/datiemappe.html,"Official BENV/IZS table export; disease filter: Idatidosi Echinococcosi; original BENV ID 83858; tipo focolaio: RISCONTRO ANATOMO-PATOLOGICO; stato sanitario: E; provincia: OR; data sospetto: 2026-02-11; data conferma: 2026-02-11; data estinzione: 2026-04-13; stato evento: Estinto; is_active: false; sierotipo: nan; geocoding level: province; municipality centroid unavailable; coordinates set to province capital for map display.; geocoding correction v245: municipality centroid matched to Seneghe (Oristano); previous coordinates 39.90380,8.59260; match=municipality_region.; derived from official BENV/IZS parasitic disease event; territorial context layer, not standalone prevalence estimate"
BENV-PARASITE-BENV-2026-IDATIDOSI-ECHINOCOCCOSI-83969-BOVINO,parasites,IZS_BENV,Echinococcus spp.,Echinococcus spp.,,official_event_context,1,1,evidenze,2026-03-26 - 2026-03-26,2026-03-26,2026-03-26,Italy,Sardegna,,ARBOREA,39.773846,8.581753,10,#059669,https://www.izs.it/BENV_NEW/datiemappe.html,"Official BENV/IZS table export; disease filter: Idatidosi Echinococcosi; original BENV ID 83969; tipo focolaio: RISCONTRO ANATOMO-PATOLOGICO; stato sanitario: E; provincia: OR; data sospetto: 2026-03-26; data conferma: 2026-03-26; data estinzione: 2026-05-29; stato evento: Estinto; is_active: false; sierotipo: nan; geocoding level: province; municipality centroid unavailable; coordinates set to province capital for map display.; geocoding correction v245: municipality centroid matched to Arborea (Oristano); previous coordinates 39.90380,8.59260; match=municipality_region.; derived from official BENV/IZS parasitic disease event; territorial context layer, not standalone prevalence estimate"
BENV-PARASITE-BENV-2026-IDATIDOSI-ECHINOCOCCOSI-84847-CAPRA,parasites,IZS_BENV,Echinococcus spp.,Echinococcus spp.,,official_event_context,1,1,evidenze,2026-04-09 - 2026-04-09,2026-04-09,2026-04-09,Italy,Sardegna,,PALMAS ARBOREA,39.876646,8.643127,10,#059669,https://www.izs.it/BENV_NEW/datiemappe.html,"Official BENV/IZS table export; disease filter: Idatidosi Echinococcosi; original BENV ID 84847; tipo focolaio: RISCONTRO ANATOMO-PATOLOGICO; stato sanitario: E; provincia: OR; data sospetto: 2026-04-09; data conferma: 2026-04-09; data estinzione: 2026-06-15; stato evento: Estinto; is_active: false; sierotipo: nan; geocoding level: province; municipality centroid unavailable; coordinates set to province capital for map display.; geocoding correction v245: municipality centroid matched to Palmas Arborea (Oristano); previous coordinates 39.90380,8.59260; match=municipality_region.; derived from official BENV/IZS parasitic disease event; territorial context layer, not standalone prevalence estimate"
BENV-PARASITE-BENV-2026-IDATIDOSI-ECHINOCOCCOSI-84188-OVINO,parasites,IZS_BENV,Echinococcus spp.,Echinococcus spp.,,official_event_context,1,1,evidenze,2026-03-03 - 2026-03-03,2026-03-03,2026-03-03,Italy,Sardegna,,NARBOLIA,40.047650,8.575169,10,#059669,https://www.izs.it/BENV_NEW/datiemappe.html,"Official BENV/IZS table export; disease filter: Idatidosi Echinococcosi; original BENV ID 84188; tipo focolaio: RISCONTRO ANATOMO-PATOLOGICO; stato sanitario: E; provincia: OR; data sospetto: 2026-03-03; data conferma: 2026-03-03; data estinzione: 2026-05-08; stato evento: Estinto; is_active: false; sierotipo: nan; geocoding level: province; municipality centroid unavailable; coordinates set to province capital for map display.; geocoding correction v245: municipality centroid matched to Narbolia (Oristano); previous coordinates 39.90380,8.59260; match=municipality_region.; derived from official BENV/IZS parasitic disease event; territorial context layer, not standalone prevalence estimate"
BENV-PARASITE-BENV-2026-IDATIDOSI-ECHINOCOCCOSI-84193-OVINO,parasites,IZS_BENV,Echinococcus spp.,Echinococcus spp.,,official_event_context,1,1,evidenze,2026-03-31 - 2026-03-31,2026-03-31,2026-03-31,Italy,Sardegna,,CABRAS,39.930314,8.532054,10,#059669,https://www.izs.it/BENV_NEW/datiemappe.html,"Official BENV/IZS table export; disease filter: Idatidosi Echinococcosi; original BENV ID 84193; tipo focolaio: RISCONTRO ANATOMO-PATOLOGICO; stato sanitario: E; provincia: OR; data sospetto: 2026-03-31; data conferma: 2026-03-31; data estinzione: 2026-06-08; stato evento: Estinto; is_active: false; sierotipo: nan; geocoding level: province; municipality centroid unavailable; coordinates set to province capital for map display.; geocoding correction v245: municipality centroid matched to Cabras (Oristano); previous coordinates 39.90380,8.59260; match=municipality_region.; derived from official BENV/IZS parasitic disease event; territorial context layer, not standalone prevalence estimate"
BENV-PARASITE-BENV-2026-IDATIDOSI-ECHINOCOCCOSI-84075-CAPRA,parasites,IZS_BENV,Echinococcus spp.,Echinococcus spp.,,official_event_context,1,1,evidenze,2026-02-13 - 2026-02-13,2026-02-13,2026-02-13,Italy,Sardegna,,ORISTANO,40.026568,8.679642,10,#059669,https://www.izs.it/BENV_NEW/datiemappe.html,"Official BENV/IZS table export; disease filter: Idatidosi Echinococcosi; original BENV ID 84075; tipo focolaio: RISCONTRO ANATOMO-PATOLOGICO; stato sanitario: E; provincia: OR; data sospetto: 2026-02-13; data conferma: 2026-02-13; data estinzione: 2026-04-14; stato evento: Estinto; is_active: false; sierotipo: nan; geocoding level: province; municipality centroid unavailable; coordinates set to province capital for map display.; geocoding correction v245: municipality centroid matched to Oristano (Oristano); previous coordinates 39.90380,8.59260; match=municipality_region.; derived from official BENV/IZS parasitic disease event; territorial context layer, not standalone prevalence estimate"
BENV-PARASITE-BENV-2026-IDATIDOSI-ECHINOCOCCOSI-84140-OVINO,parasites,IZS_BENV,Echinococcus spp.,Echinococcus spp.,,official_event_context,1,1,evidenze,2026-02-10 - 2026-02-10,2026-02-10,2026-02-10,Italy,Sardegna,,POMPU,39.724544,8.795432,10,#059669,https://www.izs.it/BENV_NEW/datiemappe.html,"Official BENV/IZS table export; disease filter: Idatidosi Echinococcosi; original BENV ID 84140; tipo focolaio: RISCONTRO ANATOMO-PATOLOGICO; stato sanitario: E; provincia: OR; data sospetto: 2026-02-10; data conferma: 2026-02-10; data estinzione: 2026-04-24; stato evento: Estinto; is_active: false; sierotipo: nan; geocoding level: province; municipality centroid unavailable; coordinates set to province capital for map display.; geocoding correction v245: municipality centroid matched to Pompu (Oristano); previous coordinates 39.90380,8.59260; match=municipality_region.; derived from official BENV/IZS parasitic disease event; territorial context layer, not standalone prevalence estimate"
BENV-PARASITE-BENV-2026-IDATIDOSI-ECHINOCOCCOSI-84141-OVINO,parasites,IZS_BENV,Echinococcus spp.,Echinococcus spp.,,official_event_context,1,1,evidenze,2026-03-09 - 2026-03-09,2026-03-09,2026-03-09,Italy,Sardegna,,SENIS,39.824147,8.940033,10,#059669,https://www.izs.it/BENV_NEW/datiemappe.html,"Official BENV/IZS table export; disease filter: Idatidosi Echinococcosi; original BENV ID 84141; tipo focolaio: FOCOLAIO CLINICO; stato sanitario: E; provincia: OR; data sospetto: 2026-03-09; data conferma: 2026-03-09; data estinzione: 2026-05-11; stato evento: Estinto; is_active: false; sierotipo: nan; geocoding level: province; municipality centroid unavailable; coordinates set to province capital for map display.; geocoding correction v245: municipality centroid matched to Senis (Oristano); previous coordinates 39.90380,8.59260; match=municipality_region.; derived from official BENV/IZS parasitic disease event; territorial context layer, not standalone prevalence estimate"
BENV-PARASITE-BENV-2026-IDATIDOSI-ECHINOCOCCOSI-84172-OVINO,parasites,IZS_BENV,Echinococcus spp.,Echinococcus spp.,,official_event_context,1,1,evidenze,2026-02-06 - 2026-02-06,2026-02-06,2026-02-06,Italy,Sardegna,,SIAPICCIA,39.927948,8.762128,10,#059669,https://www.izs.it/BENV_NEW/datiemappe.html,"Official BENV/IZS table export; disease filter: Idatidosi Echinococcosi; original BENV ID 84172; tipo focolaio: RISCONTRO ANATOMO-PATOLOGICO; stato sanitario: E; provincia: OR; data sospetto: 2026-02-06; data conferma: 2026-02-06; data estinzione: 2026-04-13; stato evento: Estinto; is_active: false; sierotipo: nan; geocoding level: province; municipality centroid unavailable; coordinates set to province capital for map display.; geocoding correction v245: municipality centroid matched to Siapiccia (Oristano); previous coordinates 39.90380,8.59260; match=municipality_region.; derived from official BENV/IZS parasitic disease event; territorial context layer, not standalone prevalence estimate"
BENV-PARASITE-BENV-2026-IDATIDOSI-ECHINOCOCCOSI-84846-OVINO,parasites,IZS_BENV,Echinococcus spp.,Echinococcus spp.,,official_event_context,1,1,evidenze,2026-04-02 - 2026-04-02,2026-04-02,2026-04-02,Italy,Sardegna,,SANTA GIUSTA,39.878178,8.609973,10,#059669,https://www.izs.it/BENV_NEW/datiemappe.html,"Official BENV/IZS table export; disease filter: Idatidosi Echinococcosi; original BENV ID 84846; tipo focolaio: RISCONTRO ANATOMO-PATOLOGICO; stato sanitario: E; provincia: OR; data sospetto: 2026-04-02; data conferma: 2026-04-02; data estinzione: 2026-06-08; stato evento: Estinto; is_active: false; sierotipo: nan; geocoding level: province; municipality centroid unavailable; coordinates set to province capital for map display.; geocoding correction v245: municipality centroid matched to Santa Giusta (Oristano); previous coordinates 39.90380,8.59260; match=municipality_region.; derived from official BENV/IZS parasitic disease event; territorial context layer, not standalone prevalence estimate"
BENV-PARASITE-BENV-2026-IDATIDOSI-ECHINOCOCCOSI-84849-OVINO,parasites,IZS_BENV,Echinococcus spp.,Echinococcus spp.,,official_event_context,1,1,evidenze,2026-04-14 - 2026-04-14,2026-04-14,2026-04-14,Italy,Sardegna,,NURECI,39.823348,8.973834,10,#059669,https://www.izs.it/BENV_NEW/datiemappe.html,"Official BENV/IZS table export; disease filter: Idatidosi Echinococcosi; original BENV ID 84849; tipo focolaio: RISCONTRO ANATOMO-PATOLOGICO; stato sanitario: E; provincia: OR; data sospetto: 2026-04-14; data conferma: 2026-04-14; data estinzione: 2026-06-15; stato evento: Estinto; is_active: false; sierotipo: nan; geocoding level: province; municipality centroid unavailable; coordinates set to province capital for map display.; geocoding correction v245: municipality centroid matched to Nureci (Oristano); previous coordinates 39.90380,8.59260; match=municipality_region.; derived from official BENV/IZS parasitic disease event; territorial context layer, not standalone prevalence estimate"
BENV-PARASITE-BENV-2026-IDATIDOSI-ECHINOCOCCOSI-83847-OVINO,parasites,IZS_BENV,Echinococcus spp.,Echinococcus spp.,,official_event_context,1,1,evidenze,2026-02-03 - 2026-02-03,2026-02-03,2026-02-03,Italy,Sardegna,,SAN VERO MILIS,40.014548,8.598224,10,#059669,https://www.izs.it/BENV_NEW/datiemappe.html,"Official BENV/IZS table export; disease filter: Idatidosi Echinococcosi; original BENV ID 83847; tipo focolaio: RISCONTRO ANATOMO-PATOLOGICO; stato sanitario: E; provincia: OR; data sospetto: 2026-02-03; data conferma: 2026-02-03; data estinzione: 2026-04-24; stato evento: Estinto; is_active: false; sierotipo: nan; geocoding level: province; municipality centroid unavailable; coordinates set to province capital for map display.; geocoding correction v245: municipality centroid matched to San Vero Milis (Oristano); previous coordinates 39.90380,8.59260; match=municipality_region.; derived from official BENV/IZS parasitic disease event; territorial context layer, not standalone prevalence estimate"
BENV-PARASITE-BENV-2026-IDATIDOSI-ECHINOCOCCOSI-83604-OVINO,parasites,IZS_BENV,Echinococcus spp.,Echinococcus spp.,,official_event_context,1,1,evidenze,2026-03-05 - 2026-03-05,2026-03-05,2026-03-05,Italy,Sardegna,,ZEDDIANI,39.989947,8.595324,10,#059669,https://www.izs.it/BENV_NEW/datiemappe.html,"Official BENV/IZS table export; disease filter: Idatidosi Echinococcosi; original BENV ID 83604; tipo focolaio: RISCONTRO ANATOMO-PATOLOGICO; stato sanitario: E; provincia: OR; data sospetto: 2026-03-05; data conferma: 2026-03-05; data estinzione: 2026-03-06; stato evento: Estinto; is_active: false; sierotipo: nan; geocoding level: province; municipality centroid unavailable; coordinates set to province capital for map display.; geocoding correction v245: municipality centroid matched to Zeddiani (Oristano); previous coordinates 39.90380,8.59260; match=municipality_region.; derived from official BENV/IZS parasitic disease event; territorial context layer, not standalone prevalence estimate"
BENV-PARASITE-BENV-2026-IDATIDOSI-ECHINOCOCCOSI-84210-OVINO,parasites,IZS_BENV,Echinococcus spp.,Echinococcus spp.,,official_event_context,1,1,evidenze,2026-03-29 - 2026-03-29,2026-03-29,2026-03-29,Italy,Sardegna,,CURCURIS,39.746145,8.830632,10,#059669,https://www.izs.it/BENV_NEW/datiemappe.html,"Official BENV/IZS table export; disease filter: Idatidosi Echinococcosi; original BENV ID 84210; tipo focolaio: RISCONTRO ANATOMO-PATOLOGICO; stato sanitario: E; provincia: OR; data sospetto: 2026-03-29; data conferma: 2026-03-29; data estinzione: 2026-06-08; stato evento: Estinto; is_active: false; sierotipo: nan; geocoding level: province; municipality centroid unavailable; coordinates set to province capital for map display.; geocoding correction v245: municipality centroid matched to Curcuris (Oristano); previous coordinates 39.90380,8.59260; match=municipality_region.; derived from official BENV/IZS parasitic disease event; territorial context layer, not standalone prevalence estimate"
BENV-PARASITE-BENV-2026-IDATIDOSI-ECHINOCOCCOSI-84224-OVINO,parasites,IZS_BENV,Echinococcus spp.,Echinococcus spp.,,official_event_context,1,1,evidenze,2026-03-09 - 2026-03-09,2026-03-09,2026-03-09,Italy,Sardegna,,TRAMATZA,40.003748,8.649537,10,#059669,https://www.izs.it/BENV_NEW/datiemappe.html,"Official BENV/IZS table export; disease filter: Idatidosi Echinococcosi; original BENV ID 84224; tipo focolaio: RISCONTRO ANATOMO-PATOLOGICO; stato sanitario: E; provincia: OR; data sospetto: 2026-03-09; data conferma: 2026-03-09; data estinzione: 2026-05-11; stato evento: Estinto; is_active: false; sierotipo: nan; geocoding level: province; municipality centroid unavailable; coordinates set to province capital for map display.; geocoding correction v245: municipality centroid matched to Tramatza (Oristano); previous coordinates 39.90380,8.59260; match=municipality_region.; derived from official BENV/IZS parasitic disease event; territorial context layer, not standalone prevalence estimate"
BENV-PARASITE-BENV-2026-IDATIDOSI-ECHINOCOCCOSI-84234-OVINO,parasites,IZS_BENV,Echinococcus spp.,Echinococcus spp.,,official_event_context,1,1,evidenze,2026-03-16 - 2026-03-16,2026-03-16,2026-03-16,Italy,Sardegna,,SANTA GIUSTA,39.878178,8.609973,10,#059669,https://www.izs.it/BENV_NEW/datiemappe.html,"Official BENV/IZS table export; disease filter: Idatidosi Echinococcosi; original BENV ID 84234; tipo focolaio: RISCONTRO ANATOMO-PATOLOGICO; stato sanitario: E; provincia: OR; data sospetto: 2026-03-16; data conferma: 2026-03-16; data estinzione: 2026-05-21; stato evento: Estinto; is_active: false; sierotipo: nan; geocoding level: province; municipality centroid unavailable; coordinates set to province capital for map display.; geocoding correction v245: municipality centroid matched to Santa Giusta (Oristano); previous coordinates 39.90380,8.59260; match=municipality_region.; derived from official BENV/IZS parasitic disease event; territorial context layer, not standalone prevalence estimate"
BENV-PARASITE-BENV-2026-IDATIDOSI-ECHINOCOCCOSI-84675-OVINO,parasites,IZS_BENV,Echinococcus spp.,Echinococcus spp.,,official_event_context,1,1,evidenze,2026-04-02 - 2026-04-02,2026-04-02,2026-04-02,Italy,Sardegna,,SENEGHE,40.082249,8.615723,10,#059669,https://www.izs.it/BENV_NEW/datiemappe.html,"Official BENV/IZS table export; disease filter: Idatidosi Echinococcosi; original BENV ID 84675; tipo focolaio: RISCONTRO ANATOMO-PATOLOGICO; stato sanitario: E; provincia: OR; data sospetto: 2026-04-02; data conferma: 2026-04-02; data estinzione: 2026-06-15; stato evento: Estinto; is_active: false; sierotipo: nan; geocoding level: province; municipality centroid unavailable; coordinates set to province capital for map display.; geocoding correction v245: municipality centroid matched to Seneghe (Oristano); previous coordinates 39.90380,8.59260; match=municipality_region.; derived from official BENV/IZS parasitic disease event; territorial context layer, not standalone prevalence estimate"
BENV-PARASITE-BENV-2026-IDATIDOSI-ECHINOCOCCOSI-84678-OVINO,parasites,IZS_BENV,Echinococcus spp.,Echinococcus spp.,,official_event_context,1,1,evidenze,2026-04-13 - 2026-04-13,2026-04-13,2026-04-13,Italy,Sardegna,,SENEGHE,40.082249,8.615723,10,#059669,https://www.izs.it/BENV_NEW/datiemappe.html,"Official BENV/IZS table export; disease filter: Idatidosi Echinococcosi; original BENV ID 84678; tipo focolaio: RISCONTRO ANATOMO-PATOLOGICO; stato sanitario: E; provincia: OR; data sospetto: 2026-04-13; data conferma: 2026-04-13; data estinzione: 2026-06-15; stato evento: Estinto; is_active: false; sierotipo: nan; geocoding level: province; municipality centroid unavailable; coordinates set to province capital for map display.; geocoding correction v245: municipality centroid matched to Seneghe (Oristano); previous coordinates 39.90380,8.59260; match=municipality_region.; derived from official BENV/IZS parasitic disease event; territorial context layer, not standalone prevalence estimate"
BENV-PARASITE-BENV-2026-IDATIDOSI-ECHINOCOCCOSI-84821-OVINO,parasites,IZS_BENV,Echinococcus spp.,Echinococcus spp.,,official_event_context,1,1,evidenze,2026-04-14 - 2026-04-14,2026-04-14,2026-04-14,Italy,Sardegna,,SIAMANNA,39.920748,8.761028,10,#059669,https://www.izs.it/BENV_NEW/datiemappe.html,"Official BENV/IZS table export; disease filter: Idatidosi Echinococcosi; original BENV ID 84821; tipo focolaio: RISCONTRO ANATOMO-PATOLOGICO; stato sanitario: E; provincia: OR; data sospetto: 2026-04-14; data conferma: 2026-04-14; data estinzione: 2026-06-15; stato evento: Estinto; is_active: false; sierotipo: nan; geocoding level: province; municipality centroid unavailable; coordinates set to province capital for map display.; geocoding correction v245: municipality centroid matched to Siamanna (Oristano); previous coordinates 39.90380,8.59260; match=municipality_region.; derived from official BENV/IZS parasitic disease event; territorial context layer, not standalone prevalence estimate"
BENV-PARASITE-BENV-2026-IDATIDOSI-ECHINOCOCCOSI-83846-OVINO,parasites,IZS_BENV,Echinococcus spp.,Echinococcus spp.,,official_event_context,1,1,evidenze,2026-02-25 - 2026-02-25,2026-02-25,2026-02-25,Italy,Sardegna,,CABRAS,39.930314,8.532054,10,#059669,https://www.izs.it/BENV_NEW/datiemappe.html,"Official BENV/IZS table export; disease filter: Idatidosi Echinococcosi; original BENV ID 83846; tipo focolaio: RISCONTRO ANATOMO-PATOLOGICO; stato sanitario: E; provincia: OR; data sospetto: 2026-02-25; data conferma: 2026-02-25; data estinzione: 2026-04-30; stato evento: Estinto; is_active: false; sierotipo: nan; geocoding level: province; municipality centroid unavailable; coordinates set to province capital for map display.; geocoding correction v245: municipality centroid matched to Cabras (Oristano); previous coordinates 39.90380,8.59260; match=municipality_region.; derived from official BENV/IZS parasitic disease event; territorial context layer, not standalone prevalence estimate"
BENV-PARASITE-BENV-2026-IDATIDOSI-ECHINOCOCCOSI-83848-OVINO,parasites,IZS_BENV,Echinococcus spp.,Echinococcus spp.,,official_event_context,1,1,evidenze,2026-02-11 - 2026-02-11,2026-02-11,2026-02-11,Italy,Sardegna,,CABRAS,39.930314,8.532054,10,#059669,https://www.izs.it/BENV_NEW/datiemappe.html,"Official BENV/IZS table export; disease filter: Idatidosi Echinococcosi; original BENV ID 83848; tipo focolaio: RISCONTRO ANATOMO-PATOLOGICO; stato sanitario: E; provincia: OR; data sospetto: 2026-02-11; data conferma: 2026-02-11; data estinzione: 2026-04-24; stato evento: Estinto; is_active: false; sierotipo: nan; geocoding level: province; municipality centroid unavailable; coordinates set to province capital for map display.; geocoding correction v245: municipality centroid matched to Cabras (Oristano); previous coordinates 39.90380,8.59260; match=municipality_region.; derived from official BENV/IZS parasitic disease event; territorial context layer, not standalone prevalence estimate"
BENV-PARASITE-BENV-2026-IDATIDOSI-ECHINOCOCCOSI-84139-OVINO,parasites,IZS_BENV,Echinococcus spp.,Echinococcus spp.,,official_event_context,1,1,evidenze,2026-04-10 - 2026-04-10,2026-04-10,2026-04-10,Italy,Sardegna,,BIDONI\',40.113053,8.936429,10,#059669,https://www.izs.it/BENV_NEW/datiemappe.html,"Official BENV/IZS table export; disease filter: Idatidosi Echinococcosi; original BENV ID 84139; tipo focolaio: FOCOLAIO CLINICO; stato sanitario: E; provincia: OR; data sospetto: 2026-04-10; data conferma: 2026-04-10; data estinzione: 2026-04-10; stato evento: Estinto; is_active: false; sierotipo: nan; geocoding level: province; municipality centroid unavailable; coordinates set to province capital for map display.; geocoding correction v245: municipality centroid matched to Bidonì (Oristano); previous coordinates 39.90380,8.59260; match=municipality_region.; derived from official BENV/IZS parasitic disease event; territorial context layer, not standalone prevalence estimate"
BENV-PARASITE-BENV-2026-IDATIDOSI-ECHINOCOCCOSI-84166-OVINO,parasites,IZS_BENV,Echinococcus spp.,Echinococcus spp.,,official_event_context,1,1,evidenze,2026-03-03 - 2026-03-03,2026-03-03,2026-03-03,Italy,Sardegna,,ARBOREA,39.773846,8.581753,10,#059669,https://www.izs.it/BENV_NEW/datiemappe.html,"Official BENV/IZS table export; disease filter: Idatidosi Echinococcosi; original BENV ID 84166; tipo focolaio: RISCONTRO ANATOMO-PATOLOGICO; stato sanitario: E; provincia: OR; data sospetto: 2026-03-03; data conferma: 2026-03-03; data estinzione: 2026-05-08; stato evento: Estinto; is_active: false; sierotipo: nan; geocoding level: province; municipality centroid unavailable; coordinates set to province capital for map display.; geocoding correction v245: municipality centroid matched to Arborea (Oristano); previous coordinates 39.90380,8.59260; match=municipality_region.; derived from official BENV/IZS parasitic disease event; territorial context layer, not standalone prevalence estimate"
BENV-PARASITE-BENV-2026-IDATIDOSI-ECHINOCOCCOSI-84176-OVINO,parasites,IZS_BENV,Echinococcus spp.,Echinococcus spp.,,official_event_context,1,1,evidenze,2026-02-09 - 2026-02-09,2026-02-09,2026-02-09,Italy,Sardegna,,SIAMANNA,39.920748,8.761028,10,#059669,https://www.izs.it/BENV_NEW/datiemappe.html,"Official BENV/IZS table export; disease filter: Idatidosi Echinococcosi; original BENV ID 84176; tipo focolaio: RISCONTRO ANATOMO-PATOLOGICO; stato sanitario: E; provincia: OR; data sospetto: 2026-02-09; data conferma: 2026-02-09; data estinzione: 2026-04-13; stato evento: Estinto; is_active: false; sierotipo: nan; geocoding level: province; municipality centroid unavailable; coordinates set to province capital for map display.; geocoding correction v245: municipality centroid matched to Siamanna (Oristano); previous coordinates 39.90380,8.59260; match=municipality_region.; derived from official BENV/IZS parasitic disease event; territorial context layer, not standalone prevalence estimate"
BENV-PARASITE-BENV-2026-IDATIDOSI-ECHINOCOCCOSI-83854-OVINO,parasites,IZS_BENV,Echinococcus spp.,Echinococcus spp.,,official_event_context,1,1,evidenze,2026-02-02 - 2026-02-02,2026-02-02,2026-02-02,Italy,Sardegna,,SENEGHE,40.082249,8.615723,10,#059669,https://www.izs.it/BENV_NEW/datiemappe.html,"Official BENV/IZS table export; disease filter: Idatidosi Echinococcosi; original BENV ID 83854; tipo focolaio: RISCONTRO ANATOMO-PATOLOGICO; stato sanitario: E; provincia: OR; data sospetto: 2026-02-02; data conferma: 2026-02-02; data estinzione: 2026-04-10; stato evento: Estinto; is_active: false; sierotipo: nan; geocoding level: province; municipality centroid unavailable; coordinates set to province capital for map display.; geocoding correction v245: municipality centroid matched to Seneghe (Oristano); previous coordinates 39.90380,8.59260; match=municipality_region.; derived from official BENV/IZS parasitic disease event; territorial context layer, not standalone prevalence estimate"
BENV-PARASITE-BENV-2026-IDATIDOSI-ECHINOCOCCOSI-84179-OVINO,parasites,IZS_BENV,Echinococcus spp.,Echinococcus spp.,,official_event_context,1,1,evidenze,2026-03-12 - 2026-03-12,2026-03-12,2026-03-12,Italy,Sardegna,,ASUNI,39.872448,8.946433,10,#059669,https://www.izs.it/BENV_NEW/datiemappe.html,"Official BENV/IZS table export; disease filter: Idatidosi Echinococcosi; original BENV ID 84179; tipo focolaio: FOCOLAIO CLINICO; stato sanitario: E; provincia: OR; data sospetto: 2026-03-12; data conferma: 2026-03-12; data estinzione: 2026-05-21; stato evento: Estinto; is_active: false; sierotipo: nan; geocoding level: province; municipality centroid unavailable; coordinates set to province capital for map display.; geocoding correction v245: municipality centroid matched to Asuni (Oristano); previous coordinates 39.90380,8.59260; match=municipality_region.; derived from official BENV/IZS parasitic disease event; territorial context layer, not standalone prevalence estimate"
BENV-PARASITE-BENV-2026-IDATIDOSI-ECHINOCOCCOSI-84217-OVINO,parasites,IZS_BENV,Echinococcus spp.,Echinococcus spp.,,official_event_context,1,1,evidenze,2026-03-17 - 2026-03-17,2026-03-17,2026-03-17,Italy,Sardegna,,MOGORO,39.684710,8.777088,10,#059669,https://www.izs.it/BENV_NEW/datiemappe.html,"Official BENV/IZS table export; disease filter: Idatidosi Echinococcosi; original BENV ID 84217; tipo focolaio: RISCONTRO ANATOMO-PATOLOGICO; stato sanitario: E; provincia: OR; data sospetto: 2026-03-17; data conferma: 2026-03-17; data estinzione: 2026-05-21; stato evento: Estinto; is_active: false; sierotipo: nan; geocoding level: province; municipality centroid unavailable; coordinates set to province capital for map display.; geocoding correction v245: municipality centroid matched to Mogoro (Oristano); previous coordinates 39.90380,8.59260; match=municipality_region.; derived from official BENV/IZS parasitic disease event; territorial context layer, not standalone prevalence estimate"
BENV-PARASITE-BENV-2026-IDATIDOSI-ECHINOCOCCOSI-84237-OVINO,parasites,IZS_BENV,Echinococcus spp.,Echinococcus spp.,,official_event_context,1,1,evidenze,2026-02-23 - 2026-02-23,2026-02-23,2026-02-23,Italy,Sardegna,,SIAPICCIA,39.927948,8.762128,10,#059669,https://www.izs.it/BENV_NEW/datiemappe.html,"Official BENV/IZS table export; disease filter: Idatidosi Echinococcosi; original BENV ID 84237; tipo focolaio: RISCONTRO ANATOMO-PATOLOGICO; stato sanitario: E; provincia: OR; data sospetto: 2026-02-23; data conferma: 2026-02-23; data estinzione: 2026-04-24; stato evento: Estinto; is_active: false; sierotipo: nan; geocoding level: province; municipality centroid unavailable; coordinates set to province capital for map display.; geocoding correction v245: municipality centroid matched to Siapiccia (Oristano); previous coordinates 39.90380,8.59260; match=municipality_region.; derived from official BENV/IZS parasitic disease event; territorial context layer, not standalone prevalence estimate"
BENV-PARASITE-BENV-2026-IDATIDOSI-ECHINOCOCCOSI-84124-BOVINO,parasites,IZS_BENV,Echinococcus spp.,Echinococcus spp.,,official_event_context,1,1,evidenze,2026-03-04 - 2026-03-04,2026-03-04,2026-03-04,Italy,Sardegna,,ABBASANTA,40.126752,8.818027,10,#059669,https://www.izs.it/BENV_NEW/datiemappe.html,"Official BENV/IZS table export; disease filter: Idatidosi Echinococcosi; original BENV ID 84124; tipo focolaio: RISCONTRO ANATOMO-PATOLOGICO; stato sanitario: E; provincia: OR; data sospetto: 2026-03-04; data conferma: 2026-03-04; data estinzione: 2026-03-04; stato evento: Estinto; is_active: false; sierotipo: nan; geocoding level: province; municipality centroid unavailable; coordinates set to province capital for map display.; geocoding correction v245: municipality centroid matched to Abbasanta (Oristano); previous coordinates 39.90380,8.59260; match=municipality_region.; derived from official BENV/IZS parasitic disease event; territorial context layer, not standalone prevalence estimate"
BENV-PARASITE-BENV-2026-IDATIDOSI-ECHINOCOCCOSI-83883-OVINO,parasites,IZS_BENV,Echinococcus spp.,Echinococcus spp.,,official_event_context,1,1,evidenze,2026-02-24 - 2026-02-24,2026-02-24,2026-02-24,Italy,Sardegna,,TRAMATZA,40.003748,8.649537,10,#059669,https://www.izs.it/BENV_NEW/datiemappe.html,"Official BENV/IZS table export; disease filter: Idatidosi Echinococcosi; original BENV ID 83883; tipo focolaio: RISCONTRO ANATOMO-PATOLOGICO; stato sanitario: E; provincia: OR; data sospetto: 2026-02-24; data conferma: 2026-02-24; data estinzione: 2026-04-24; stato evento: Estinto; is_active: false; sierotipo: nan; geocoding level: province; municipality centroid unavailable; coordinates set to province capital for map display.; geocoding correction v245: municipality centroid matched to Tramatza (Oristano); previous coordinates 39.90380,8.59260; match=municipality_region.; derived from official BENV/IZS parasitic disease event; territorial context layer, not standalone prevalence estimate"
BENV-PARASITE-BENV-2026-IDATIDOSI-ECHINOCOCCOSI-84485-OVINO,parasites,IZS_BENV,Echinococcus spp.,Echinococcus spp.,,official_event_context,1,1,evidenze,2026-03-10 - 2026-03-10,2026-03-10,2026-03-10,Italy,Sardegna,,VILLAURBANA,39.885647,8.777429,10,#059669,https://www.izs.it/BENV_NEW/datiemappe.html,"Official BENV/IZS table export; disease filter: Idatidosi Echinococcosi; original BENV ID 84485; tipo focolaio: RISCONTRO ANATOMO-PATOLOGICO; stato sanitario: E; provincia: OR; data sospetto: 2026-03-10; data conferma: 2026-03-10; data estinzione: 2026-05-11; stato evento: Estinto; is_active: false; sierotipo: nan; geocoding level: province; municipality centroid unavailable; coordinates set to province capital for map display.; geocoding correction v245: municipality centroid matched to Villaurbana (Oristano); previous coordinates 39.90380,8.59260; match=municipality_region.; derived from official BENV/IZS parasitic disease event; territorial context layer, not standalone prevalence estimate"
BENV-PARASITE-BENV-2026-IDATIDOSI-ECHINOCOCCOSI-84233-OVINO,parasites,IZS_BENV,Echinococcus spp.,Echinococcus spp.,,official_event_context,1,1,evidenze,2026-03-02 - 2026-03-02,2026-03-02,2026-03-02,Italy,Sardegna,,ORISTANO,40.026568,8.679642,10,#059669,https://www.izs.it/BENV_NEW/datiemappe.html,"Official BENV/IZS table export; disease filter: Idatidosi Echinococcosi; original BENV ID 84233; tipo focolaio: RISCONTRO ANATOMO-PATOLOGICO; stato sanitario: E; provincia: OR; data sospetto: 2026-03-02; data conferma: 2026-03-02; data estinzione: 2026-05-08; stato evento: Estinto; is_active: false; sierotipo: nan; geocoding level: province; municipality centroid unavailable; coordinates set to province capital for map display.; geocoding correction v245: municipality centroid matched to Oristano (Oristano); previous coordinates 39.90380,8.59260; match=municipality_region.; derived from official BENV/IZS parasitic disease event; territorial context layer, not standalone prevalence estimate"
BENV-PARASITE-BENV-2026-IDATIDOSI-ECHINOCOCCOSI-84238-OVINO,parasites,IZS_BENV,Echinococcus spp.,Echinococcus spp.,,official_event_context,1,1,evidenze,2026-02-24 - 2026-02-24,2026-02-24,2026-02-24,Italy,Sardegna,,SIAPICCIA,39.927948,8.762128,10,#059669,https://www.izs.it/BENV_NEW/datiemappe.html,"Official BENV/IZS table export; disease filter: Idatidosi Echinococcosi; original BENV ID 84238; tipo focolaio: RISCONTRO ANATOMO-PATOLOGICO; stato sanitario: E; provincia: OR; data sospetto: 2026-02-24; data conferma: 2026-02-24; data estinzione: 2026-04-30; stato evento: Estinto; is_active: false; sierotipo: nan; geocoding level: province; municipality centroid unavailable; coordinates set to province capital for map display.; geocoding correction v245: municipality centroid matched to Siapiccia (Oristano); previous coordinates 39.90380,8.59260; match=municipality_region.; derived from official BENV/IZS parasitic disease event; territorial context layer, not standalone prevalence estimate"
BENV-PARASITE-BENV-2026-IDATIDOSI-ECHINOCOCCOSI-83859-OVINO,parasites,IZS_BENV,Echinococcus spp.,Echinococcus spp.,,official_event_context,1,1,evidenze,2026-02-11 - 2026-02-11,2026-02-11,2026-02-11,Italy,Sardegna,,SENEGHE,40.082249,8.615723,10,#059669,https://www.izs.it/BENV_NEW/datiemappe.html,"Official BENV/IZS table export; disease filter: Idatidosi Echinococcosi; original BENV ID 83859; tipo focolaio: RISCONTRO ANATOMO-PATOLOGICO; stato sanitario: E; provincia: OR; data sospetto: 2026-02-11; data conferma: 2026-02-11; data estinzione: 2026-04-13; stato evento: Estinto; is_active: false; sierotipo: nan; geocoding level: province; municipality centroid unavailable; coordinates set to province capital for map display.; geocoding correction v245: municipality centroid matched to Seneghe (Oristano); previous coordinates 39.90380,8.59260; match=municipality_region.; derived from official BENV/IZS parasitic disease event; territorial context layer, not standalone prevalence estimate"
BENV-PARASITE-BENV-2026-IDATIDOSI-ECHINOCOCCOSI-83864-OVINO,parasites,IZS_BENV,Echinococcus spp.,Echinococcus spp.,,official_event_context,1,1,evidenze,2026-02-06 - 2026-02-06,2026-02-06,2026-02-06,Italy,Sardegna,,SIAMAGGIORE,39.950147,8.636025,10,#059669,https://www.izs.it/BENV_NEW/datiemappe.html,"Official BENV/IZS table export; disease filter: Idatidosi Echinococcosi; original BENV ID 83864; tipo focolaio: RISCONTRO ANATOMO-PATOLOGICO; stato sanitario: E; provincia: OR; data sospetto: 2026-02-06; data conferma: 2026-02-06; data estinzione: 2026-05-21; stato evento: Estinto; is_active: false; sierotipo: nan; geocoding level: province; municipality centroid unavailable; coordinates set to province capital for map display.; geocoding correction v245: municipality centroid matched to Siamaggiore (Oristano); previous coordinates 39.90380,8.59260; match=municipality_region.; derived from official BENV/IZS parasitic disease event; territorial context layer, not standalone prevalence estimate"
BENV-PARASITE-BENV-2026-IDATIDOSI-ECHINOCOCCOSI-83849-OVINO,parasites,IZS_BENV,Echinococcus spp.,Echinococcus spp.,,official_event_context,1,1,evidenze,2026-02-27 - 2026-02-27,2026-02-27,2026-02-27,Italy,Sardegna,,CABRAS,39.930314,8.532054,10,#059669,https://www.izs.it/BENV_NEW/datiemappe.html,"Official BENV/IZS table export; disease filter: Idatidosi Echinococcosi; original BENV ID 83849; tipo focolaio: RISCONTRO ANATOMO-PATOLOGICO; stato sanitario: E; provincia: OR; data sospetto: 2026-02-27; data conferma: 2026-02-27; data estinzione: 2026-04-30; stato evento: Estinto; is_active: false; sierotipo: nan; geocoding level: province; municipality centroid unavailable; coordinates set to province capital for map display.; geocoding correction v245: municipality centroid matched to Cabras (Oristano); previous coordinates 39.90380,8.59260; match=municipality_region.; derived from official BENV/IZS parasitic disease event; territorial context layer, not standalone prevalence estimate"
BENV-PARASITE-BENV-2026-IDATIDOSI-ECHINOCOCCOSI-83851-OVINO,parasites,IZS_BENV,Echinococcus spp.,Echinococcus spp.,,official_event_context,1,1,evidenze,2026-03-20 - 2026-03-20,2026-03-20,2026-03-20,Italy,Sardegna,,BUSACHI,40.032651,8.896729,10,#059669,https://www.izs.it/BENV_NEW/datiemappe.html,"Official BENV/IZS table export; disease filter: Idatidosi Echinococcosi; original BENV ID 83851; tipo focolaio: RISCONTRO ANATOMO-PATOLOGICO; stato sanitario: E; provincia: OR; data sospetto: 2026-03-20; data conferma: 2026-03-20; data estinzione: 2026-05-21; stato evento: Estinto; is_active: false; sierotipo: nan; geocoding level: province; municipality centroid unavailable; coordinates set to province capital for map display.; geocoding correction v245: municipality centroid matched to Busachi (Oristano); previous coordinates 39.90380,8.59260; match=municipality_region.; derived from official BENV/IZS parasitic disease event; territorial context layer, not standalone prevalence estimate"
BENV-PARASITE-BENV-2026-IDATIDOSI-ECHINOCOCCOSI-84229-OVINO,parasites,IZS_BENV,Echinococcus spp.,Echinococcus spp.,,official_event_context,1,1,evidenze,2026-04-15 - 2026-04-15,2026-04-15,2026-04-15,Italy,Sardegna,,AIDOMAGGIORE,40.170753,8.856527,10,#059669,https://www.izs.it/BENV_NEW/datiemappe.html,"Official BENV/IZS table export; disease filter: Idatidosi Echinococcosi; original BENV ID 84229; tipo focolaio: FOCOLAIO CLINICO; stato sanitario: E; provincia: OR; data sospetto: 2026-03-12; data conferma: 2026-04-15; data estinzione: 2026-06-15; stato evento: Estinto; is_active: false; sierotipo: nan; geocoding level: province; municipality centroid unavailable; coordinates set to province capital for map display.; geocoding correction v245: municipality centroid matched to Aidomaggiore (Oristano); previous coordinates 39.90380,8.59260; match=municipality_region.; derived from official BENV/IZS parasitic disease event; territorial context layer, not standalone prevalence estimate"
BENV-PARASITE-BENV-2026-IDATIDOSI-ECHINOCOCCOSI-84676-OVINO,parasites,IZS_BENV,Echinococcus spp.,Echinococcus spp.,,official_event_context,1,1,evidenze,2026-04-13 - 2026-04-13,2026-04-13,2026-04-13,Italy,Sardegna,,SENEGHE,40.082249,8.615723,10,#059669,https://www.izs.it/BENV_NEW/datiemappe.html,"Official BENV/IZS table export; disease filter: Idatidosi Echinococcosi; original BENV ID 84676; tipo focolaio: RISCONTRO ANATOMO-PATOLOGICO; stato sanitario: E; provincia: OR; data sospetto: 2026-04-13; data conferma: 2026-04-13; data estinzione: 2026-06-15; stato evento: Estinto; is_active: false; sierotipo: nan; geocoding level: province; municipality centroid unavailable; coordinates set to province capital for map display.; geocoding correction v245: municipality centroid matched to Seneghe (Oristano); previous coordinates 39.90380,8.59260; match=municipality_region.; derived from official BENV/IZS parasitic disease event; territorial context layer, not standalone prevalence estimate"
BENV-PARASITE-BENV-2026-IDATIDOSI-ECHINOCOCCOSI-84708-OVINO,parasites,IZS_BENV,Echinococcus spp.,Echinococcus spp.,,official_event_context,1,1,evidenze,2026-04-14 - 2026-04-14,2026-04-14,2026-04-14,Italy,Sardegna,,URAS,39.700643,8.700030,10,#059669,https://www.izs.it/BENV_NEW/datiemappe.html,"Official BENV/IZS table export; disease filter: Idatidosi Echinococcosi; original BENV ID 84708; tipo focolaio: RISCONTRO ANATOMO-PATOLOGICO; stato sanitario: E; provincia: OR; data sospetto: 2026-04-14; data conferma: 2026-04-14; data estinzione: 2026-06-15; stato evento: Estinto; is_active: false; sierotipo: nan; geocoding level: province; municipality centroid unavailable; coordinates set to province capital for map display.; geocoding correction v245: municipality centroid matched to Uras (Oristano); previous coordinates 39.90380,8.59260; match=municipality_region.; derived from official BENV/IZS parasitic disease event; territorial context layer, not standalone prevalence estimate"
BENV-PARASITE-BENV-2026-IDATIDOSI-ECHINOCOCCOSI-84076-OVINO,parasites,IZS_BENV,Echinococcus spp.,Echinococcus spp.,,official_event_context,1,1,evidenze,2026-02-20 - 2026-02-20,2026-02-20,2026-02-20,Italy,Sardegna,,SANTA GIUSTA,39.878178,8.609973,10,#059669,https://www.izs.it/BENV_NEW/datiemappe.html,"Official BENV/IZS table export; disease filter: Idatidosi Echinococcosi; original BENV ID 84076; tipo focolaio: RISCONTRO ANATOMO-PATOLOGICO; stato sanitario: E; provincia: OR; data sospetto: 2026-02-20; data conferma: 2026-02-20; data estinzione: 2026-04-24; stato evento: Estinto; is_active: false; sierotipo: nan; geocoding level: province; municipality centroid unavailable; coordinates set to province capital for map display.; geocoding correction v245: municipality centroid matched to Santa Giusta (Oristano); previous coordinates 39.90380,8.59260; match=municipality_region.; derived from official BENV/IZS parasitic disease event; territorial context layer, not standalone prevalence estimate"
BENV-PARASITE-BENV-2026-IDATIDOSI-ECHINOCOCCOSI-83861-OVINO,parasites,IZS_BENV,Echinococcus spp.,Echinococcus spp.,,official_event_context,1,1,evidenze,2026-02-11 - 2026-02-11,2026-02-11,2026-02-11,Italy,Sardegna,,SENEGHE,40.082249,8.615723,10,#059669,https://www.izs.it/BENV_NEW/datiemappe.html,"Official BENV/IZS table export; disease filter: Idatidosi Echinococcosi; original BENV ID 83861; tipo focolaio: RISCONTRO ANATOMO-PATOLOGICO; stato sanitario: E; provincia: OR; data sospetto: 2026-02-11; data conferma: 2026-02-11; data estinzione: 2026-04-13; stato evento: Estinto; is_active: false; sierotipo: nan; geocoding level: province; municipality centroid unavailable; coordinates set to province capital for map display.; geocoding correction v245: municipality centroid matched to Seneghe (Oristano); previous coordinates 39.90380,8.59260; match=municipality_region.; derived from official BENV/IZS parasitic disease event; territorial context layer, not standalone prevalence estimate"
BENV-PARASITE-BENV-2026-IDATIDOSI-ECHINOCOCCOSI-83603-BOVINO,parasites,IZS_BENV,Echinococcus spp.,Echinococcus spp.,,official_event_context,1,1,evidenze,2026-03-03 - 2026-03-03,2026-03-03,2026-03-03,Italy,Lazio,,ANGUILLARA SABAZIA,42.083709,12.282982,10,#059669,https://www.izs.it/BENV_NEW/datiemappe.html,"Official BENV/IZS table export; disease filter: Idatidosi Echinococcosi; original BENV ID 83603; tipo focolaio: RISCONTRO ANATOMO-PATOLOGICO; stato sanitario: E; provincia: RM; data sospetto: 2026-03-03; data conferma: 2026-03-03; data estinzione: 2026-03-17; stato evento: Estinto; is_active: false; sierotipo: nan; geocoding level: province; municipality centroid unavailable; coordinates set to province capital for map display.; geocoding correction v245: municipality centroid matched to Anguillara Sabazia (Roma); previous coordinates 41.90280,12.49640; match=municipality_region.; derived from official BENV/IZS parasitic disease event; territorial context layer, not standalone prevalence estimate"
BENV-PARASITE-BENV-2026-IDATIDOSI-ECHINOCOCCOSI-84699-OVINO,parasites,IZS_BENV,Echinococcus spp.,Echinococcus spp.,,official_event_context,1,1,evidenze,2026-04-16 - 2026-04-16,2026-04-16,2026-04-16,Italy,Sardegna,,ALES,39.768245,8.815632,10,#059669,https://www.izs.it/BENV_NEW/datiemappe.html,"Official BENV/IZS table export; disease filter: Idatidosi Echinococcosi; original BENV ID 84699; tipo focolaio: RISCONTRO ANATOMO-PATOLOGICO; stato sanitario: E; provincia: OR; data sospetto: 2026-04-16; data conferma: 2026-04-16; data estinzione: 2026-07-02; stato evento: Estinto; is_active: false; sierotipo: nan; geocoding level: province; municipality centroid unavailable; coordinates set to province capital for map display.; geocoding correction v245: municipality centroid matched to Ales (Oristano); previous coordinates 39.90380,8.59260; match=municipality_region.; derived from official BENV/IZS parasitic disease event; territorial context layer, not standalone prevalence estimate"
BENV-PARASITE-BENV-2026-IDATIDOSI-ECHINOCOCCOSI-84703-OVINO,parasites,IZS_BENV,Echinococcus spp.,Echinococcus spp.,,official_event_context,1,1,evidenze,2026-04-14 - 2026-04-14,2026-04-14,2026-04-14,Italy,Sardegna,,SAN NICOLO\' D\'ARCIDANO,39.683392,8.646875,10,#059669,https://www.izs.it/BENV_NEW/datiemappe.html,"Official BENV/IZS table export; disease filter: Idatidosi Echinococcosi; original BENV ID 84703; tipo focolaio: RISCONTRO ANATOMO-PATOLOGICO; stato sanitario: E; provincia: OR; data sospetto: 2026-04-14; data conferma: 2026-04-14; data estinzione: 2026-06-15; stato evento: Estinto; is_active: false; sierotipo: nan; geocoding level: province; municipality centroid unavailable; coordinates set to province capital for map display.; geocoding correction v245: municipality centroid matched to San Nicolò d'Arcidano (Oristano); previous coordinates 39.90380,8.59260; match=municipality_region.; derived from official BENV/IZS parasitic disease event; territorial context layer, not standalone prevalence estimate"
BENV-PARASITE-BENV-2026-IDATIDOSI-ECHINOCOCCOSI-84168-OVINO,parasites,IZS_BENV,Echinococcus spp.,Echinococcus spp.,,official_event_context,1,1,evidenze,2026-03-19 - 2026-03-19,2026-03-19,2026-03-19,Italy,Sardegna,,ALLAI,39.957173,8.863076,10,#059669,https://www.izs.it/BENV_NEW/datiemappe.html,"Official BENV/IZS table export; disease filter: Idatidosi Echinococcosi; original BENV ID 84168; tipo focolaio: RISCONTRO ANATOMO-PATOLOGICO; stato sanitario: E; provincia: OR; data sospetto: 2026-03-19; data conferma: 2026-03-19; data estinzione: 2026-05-21; stato evento: Estinto; is_active: false; sierotipo: nan; geocoding level: province; municipality centroid unavailable; coordinates set to province capital for map display.; geocoding correction v245: municipality centroid matched to Allai (Oristano); previous coordinates 39.90380,8.59260; match=municipality_region.; derived from official BENV/IZS parasitic disease event; territorial context layer, not standalone prevalence estimate"
BENV-PARASITE-BENV-2026-IDATIDOSI-ECHINOCOCCOSI-84177-OVINO,parasites,IZS_BENV,Echinococcus spp.,Echinococcus spp.,,official_event_context,1,1,evidenze,2026-03-09 - 2026-03-09,2026-03-09,2026-03-09,Italy,Sardegna,,LACONI,39.852649,9.050435,10,#059669,https://www.izs.it/BENV_NEW/datiemappe.html,"Official BENV/IZS table export; disease filter: Idatidosi Echinococcosi; original BENV ID 84177; tipo focolaio: FOCOLAIO CLINICO; stato sanitario: E; provincia: OR; data sospetto: 2026-03-09; data conferma: 2026-03-09; data estinzione: 2026-05-11; stato evento: Estinto; is_active: false; sierotipo: nan; geocoding level: province; municipality centroid unavailable; coordinates set to province capital for map display.; geocoding correction v245: municipality centroid matched to Laconi (Oristano); previous coordinates 39.90380,8.59260; match=municipality_region.; derived from official BENV/IZS parasitic disease event; territorial context layer, not standalone prevalence estimate"
BENV-PARASITE-BENV-2026-IDATIDOSI-ECHINOCOCCOSI-83855-OVINO,parasites,IZS_BENV,Echinococcus spp.,Echinococcus spp.,,official_event_context,1,1,evidenze,2026-02-16 - 2026-02-16,2026-02-16,2026-02-16,Italy,Sardegna,,SEDILO,40.173151,8.919122,10,#059669,https://www.izs.it/BENV_NEW/datiemappe.html,"Official BENV/IZS table export; disease filter: Idatidosi Echinococcosi; original BENV ID 83855; tipo focolaio: RISCONTRO ANATOMO-PATOLOGICO; stato sanitario: E; provincia: OR; data sospetto: 2026-02-16; data conferma: 2026-02-16; data estinzione: 2026-04-24; stato evento: Estinto; is_active: false; sierotipo: nan; geocoding level: province; municipality centroid unavailable; coordinates set to province capital for map display.; geocoding correction v245: municipality centroid matched to Sedilo (Oristano); previous coordinates 39.90380,8.59260; match=municipality_region.; derived from official BENV/IZS parasitic disease event; territorial context layer, not standalone prevalence estimate"
BENV-PARASITE-BENV-2026-IDATIDOSI-ECHINOCOCCOSI-84204-OVINO,parasites,IZS_BENV,Echinococcus spp.,Echinococcus spp.,,official_event_context,1,1,evidenze,2026-03-05 - 2026-03-05,2026-03-05,2026-03-05,Italy,Sardegna,,ALES,39.768245,8.815632,10,#059669,https://www.izs.it/BENV_NEW/datiemappe.html,"Official BENV/IZS table export; disease filter: Idatidosi Echinococcosi; original BENV ID 84204; tipo focolaio: RISCONTRO ANATOMO-PATOLOGICO; stato sanitario: E; provincia: OR; data sospetto: 2026-03-05; data conferma: 2026-03-05; data estinzione: 2026-05-08; stato evento: Estinto; is_active: false; sierotipo: nan; geocoding level: province; municipality centroid unavailable; coordinates set to province capital for map display.; geocoding correction v245: municipality centroid matched to Ales (Oristano); previous coordinates 39.90380,8.59260; match=municipality_region.; derived from official BENV/IZS parasitic disease event; territorial context layer, not standalone prevalence estimate"
BENV-PARASITE-BENV-2026-IDATIDOSI-ECHINOCOCCOSI-84206-OVINO,parasites,IZS_BENV,Echinococcus spp.,Echinococcus spp.,,official_event_context,1,1,evidenze,2026-03-09 - 2026-03-09,2026-03-09,2026-03-09,Italy,Sardegna,,USELLUS,39.809646,8.850732,10,#059669,https://www.izs.it/BENV_NEW/datiemappe.html,"Official BENV/IZS table export; disease filter: Idatidosi Echinococcosi; original BENV ID 84206; tipo focolaio: RISCONTRO ANATOMO-PATOLOGICO; stato sanitario: E; provincia: OR; data sospetto: 2026-03-09; data conferma: 2026-03-09; data estinzione: 2026-05-11; stato evento: Estinto; is_active: false; sierotipo: nan; geocoding level: province; municipality centroid unavailable; coordinates set to province capital for map display.; geocoding correction v245: municipality centroid matched to Usellus (Oristano); previous coordinates 39.90380,8.59260; match=municipality_region.; derived from official BENV/IZS parasitic disease event; territorial context layer, not standalone prevalence estimate"
BENV-PARASITE-BENV-2026-IDATIDOSI-ECHINOCOCCOSI-84328-BOVINO,parasites,IZS_BENV,Echinococcus spp.,Echinococcus spp.,,official_event_context,1,1,evidenze,2026-04-16 - 2026-04-16,2026-04-16,2026-04-16,Italy,Abruzzo,,ROSELLO,41.900832,14.349818,10,#059669,https://www.izs.it/BENV_NEW/datiemappe.html,"Official BENV/IZS table export; disease filter: Idatidosi Echinococcosi; original BENV ID 84328; tipo focolaio: RISCONTRO ANATOMO-PATOLOGICO; stato sanitario: E; provincia: CH; data sospetto: 2026-04-16; data conferma: 2026-04-16; data estinzione: 2026-07-10; stato evento: Estinto; is_active: false; sierotipo: nan; geocoding level: province; municipality centroid unavailable; coordinates set to province capital for map display.; geocoding correction v245: municipality centroid matched to Rosello (Chieti); previous coordinates 42.34790,14.16380; match=municipality_region.; derived from official BENV/IZS parasitic disease event; territorial context layer, not standalone prevalence estimate"
BENV-PARASITE-BENV-2026-IDATIDOSI-ECHINOCOCCOSI-84700-OVINO,parasites,IZS_BENV,Echinococcus spp.,Echinococcus spp.,,official_event_context,1,1,evidenze,2026-04-16 - 2026-04-16,2026-04-16,2026-04-16,Italy,Sardegna,,USELLUS,39.809646,8.850732,10,#059669,https://www.izs.it/BENV_NEW/datiemappe.html,"Official BENV/IZS table export; disease filter: Idatidosi Echinococcosi; original BENV ID 84700; tipo focolaio: RISCONTRO ANATOMO-PATOLOGICO; stato sanitario: E; provincia: OR; data sospetto: 2026-04-16; data conferma: 2026-04-16; data estinzione: 2026-07-02; stato evento: Estinto; is_active: false; sierotipo: nan; geocoding level: province; municipality centroid unavailable; coordinates set to province capital for map display.; geocoding correction v245: municipality centroid matched to Usellus (Oristano); previous coordinates 39.90380,8.59260; match=municipality_region.; derived from official BENV/IZS parasitic disease event; territorial context layer, not standalone prevalence estimate"
BENV-PARASITE-BENV-2026-IDATIDOSI-ECHINOCOCCOSI-84167-OVINO,parasites,IZS_BENV,Echinococcus spp.,Echinococcus spp.,,official_event_context,1,1,evidenze,2026-03-11 - 2026-03-11,2026-03-11,2026-03-11,Italy,Sardegna,,SAMUGHEO,39.946150,8.940532,10,#059669,https://www.izs.it/BENV_NEW/datiemappe.html,"Official BENV/IZS table export; disease filter: Idatidosi Echinococcosi; original BENV ID 84167; tipo focolaio: RISCONTRO ANATOMO-PATOLOGICO; stato sanitario: E; provincia: OR; data sospetto: 2026-03-11; data conferma: 2026-03-11; data estinzione: 2026-05-11; stato evento: Estinto; is_active: false; sierotipo: nan; geocoding level: province; municipality centroid unavailable; coordinates set to province capital for map display.; geocoding correction v245: municipality centroid matched to Samugheo (Oristano); previous coordinates 39.90380,8.59260; match=municipality_region.; derived from official BENV/IZS parasitic disease event; territorial context layer, not standalone prevalence estimate"
BENV-PARASITE-BENV-2026-IDATIDOSI-ECHINOCOCCOSI-85360-OVINO,parasites,IZS_BENV,Echinococcus spp.,Echinococcus spp.,,official_event_context,1,1,evidenze,2026-05-06 - 2026-05-06,2026-05-06,2026-05-06,Italy,Sardegna,,SAN VERO MILIS,40.014548,8.598224,10,#059669,https://www.izs.it/BENV_NEW/datiemappe.html,"Official BENV/IZS table export; disease filter: Idatidosi Echinococcosi; original BENV ID 85360; tipo focolaio: RISCONTRO ANATOMO-PATOLOGICO; stato sanitario: E; provincia: OR; data sospetto: 2026-05-06; data conferma: 2026-05-06; data estinzione: 2026-06-30; stato evento: Estinto; is_active: false; sierotipo: nan; geocoding level: province; municipality centroid unavailable; coordinates set to province capital for map display.; geocoding correction v245: municipality centroid matched to San Vero Milis (Oristano); previous coordinates 39.90380,8.59260; match=municipality_region.; derived from official BENV/IZS parasitic disease event; territorial context layer, not standalone prevalence estimate"
BENV-PARASITE-BENV-2026-IDATIDOSI-ECHINOCOCCOSI-83626-OVINO,parasites,IZS_BENV,Echinococcus spp.,Echinococcus spp.,,official_event_context,1,1,evidenze,2026-01-12 - 2026-01-12,2026-01-12,2026-01-12,Italy,Sardegna,,PALMAS ARBOREA,39.876646,8.643127,10,#059669,https://www.izs.it/BENV_NEW/datiemappe.html,"Official BENV/IZS table export; disease filter: Idatidosi Echinococcosi; original BENV ID 83626; tipo focolaio: FOCOLAIO CLINICO; stato sanitario: E; provincia: OR; data sospetto: 2026-01-12; data conferma: 2026-01-12; data estinzione: 2026-03-26; stato evento: Estinto; is_active: false; sierotipo: nan; geocoding level: province; municipality centroid unavailable; coordinates set to province capital for map display.; geocoding correction v245: municipality centroid matched to Palmas Arborea (Oristano); previous coordinates 39.90380,8.59260; match=municipality_region.; derived from official BENV/IZS parasitic disease event; territorial context layer, not standalone prevalence estimate"
BENV-PARASITE-BENV-2026-IDATIDOSI-ECHINOCOCCOSI-84503-OVINO,parasites,IZS_BENV,Echinococcus spp.,Echinococcus spp.,,official_event_context,1,1,evidenze,2026-03-16 - 2026-03-16,2026-03-16,2026-03-16,Italy,Sardegna,,VILLAURBANA,39.885647,8.777429,10,#059669,https://www.izs.it/BENV_NEW/datiemappe.html,"Official BENV/IZS table export; disease filter: Idatidosi Echinococcosi; original BENV ID 84503; tipo focolaio: RISCONTRO ANATOMO-PATOLOGICO; stato sanitario: E; provincia: OR; data sospetto: 2026-03-16; data conferma: 2026-03-16; data estinzione: 2026-05-21; stato evento: Estinto; is_active: false; sierotipo: nan; geocoding level: province; municipality centroid unavailable; coordinates set to province capital for map display.; geocoding correction v245: municipality centroid matched to Villaurbana (Oristano); previous coordinates 39.90380,8.59260; match=municipality_region.; derived from official BENV/IZS parasitic disease event; territorial context layer, not standalone prevalence estimate"
BENV-PARASITE-BENV-2026-IDATIDOSI-ECHINOCOCCOSI-84505-OVINO,parasites,IZS_BENV,Echinococcus spp.,Echinococcus spp.,,official_event_context,1,1,evidenze,2026-03-16 - 2026-03-16,2026-03-16,2026-03-16,Italy,Sardegna,,VILLAURBANA,39.885647,8.777429,10,#059669,https://www.izs.it/BENV_NEW/datiemappe.html,"Official BENV/IZS table export; disease filter: Idatidosi Echinococcosi; original BENV ID 84505; tipo focolaio: RISCONTRO ANATOMO-PATOLOGICO; stato sanitario: E; provincia: OR; data sospetto: 2026-03-16; data conferma: 2026-03-16; data estinzione: 2026-05-21; stato evento: Estinto; is_active: false; sierotipo: nan; geocoding level: province; municipality centroid unavailable; coordinates set to province capital for map display.; geocoding correction v245: municipality centroid matched to Villaurbana (Oristano); previous coordinates 39.90380,8.59260; match=municipality_region.; derived from official BENV/IZS parasitic disease event; territorial context layer, not standalone prevalence estimate"
BENV-PARASITE-BENV-2026-IDATIDOSI-ECHINOCOCCOSI-84507-OVINO,parasites,IZS_BENV,Echinococcus spp.,Echinococcus spp.,,official_event_context,1,1,evidenze,2026-03-28 - 2026-03-28,2026-03-28,2026-03-28,Italy,Sardegna,,VILLAURBANA,39.885647,8.777429,10,#059669,https://www.izs.it/BENV_NEW/datiemappe.html,"Official BENV/IZS table export; disease filter: Idatidosi Echinococcosi; original BENV ID 84507; tipo focolaio: RISCONTRO ANATOMO-PATOLOGICO; stato sanitario: E; provincia: OR; data sospetto: 2026-03-28; data conferma: 2026-03-28; data estinzione: 2026-05-29; stato evento: Estinto; is_active: false; sierotipo: nan; geocoding level: province; municipality centroid unavailable; coordinates set to province capital for map display.; geocoding correction v245: municipality centroid matched to Villaurbana (Oristano); previous coordinates 39.90380,8.59260; match=municipality_region.; derived from official BENV/IZS parasitic disease event; territorial context layer, not standalone prevalence estimate"
BENV-PARASITE-BENV-2026-IDATIDOSI-ECHINOCOCCOSI-84180-OVINO,parasites,IZS_BENV,Echinococcus spp.,Echinococcus spp.,,official_event_context,1,1,evidenze,2026-03-17 - 2026-03-17,2026-03-17,2026-03-17,Italy,Sardegna,,SENIS,39.824147,8.940033,10,#059669,https://www.izs.it/BENV_NEW/datiemappe.html,"Official BENV/IZS table export; disease filter: Idatidosi Echinococcosi; original BENV ID 84180; tipo focolaio: FOCOLAIO CLINICO; stato sanitario: E; provincia: OR; data sospetto: 2026-03-17; data conferma: 2026-03-17; data estinzione: 2026-05-21; stato evento: Estinto; is_active: false; sierotipo: nan; geocoding level: province; municipality centroid unavailable; coordinates set to province capital for map display.; geocoding correction v245: municipality centroid matched to Senis (Oristano); previous coordinates 39.90380,8.59260; match=municipality_region.; derived from official BENV/IZS parasitic disease event; territorial context layer, not standalone prevalence estimate"
BENV-PARASITE-BENV-2026-IDATIDOSI-ECHINOCOCCOSI-84711-OVINO,parasites,IZS_BENV,Echinococcus spp.,Echinococcus spp.,,official_event_context,1,1,evidenze,2026-04-14 - 2026-04-14,2026-04-14,2026-04-14,Italy,Sardegna,,URAS,39.700643,8.700030,10,#059669,https://www.izs.it/BENV_NEW/datiemappe.html,"Official BENV/IZS table export; disease filter: Idatidosi Echinococcosi; original BENV ID 84711; tipo focolaio: RISCONTRO ANATOMO-PATOLOGICO; stato sanitario: E; provincia: OR; data sospetto: 2026-04-14; data conferma: 2026-04-14; data estinzione: 2026-06-15; stato evento: Estinto; is_active: false; sierotipo: nan; geocoding level: province; municipality centroid unavailable; coordinates set to province capital for map display.; geocoding correction v245: municipality centroid matched to Uras (Oristano); previous coordinates 39.90380,8.59260; match=municipality_region.; derived from official BENV/IZS parasitic disease event; territorial context layer, not standalone prevalence estimate"
BENV-PARASITE-BENV-2026-IDATIDOSI-ECHINOCOCCOSI-84169-OVINO,parasites,IZS_BENV,Echinococcus spp.,Echinococcus spp.,,official_event_context,1,1,evidenze,2026-03-20 - 2026-03-20,2026-03-20,2026-03-20,Italy,Sardegna,,SAMUGHEO,39.946150,8.940532,10,#059669,https://www.izs.it/BENV_NEW/datiemappe.html,"Official BENV/IZS table export; disease filter: Idatidosi Echinococcosi; original BENV ID 84169; tipo focolaio: RISCONTRO ANATOMO-PATOLOGICO; stato sanitario: E; provincia: OR; data sospetto: 2026-03-20; data conferma: 2026-03-20; data estinzione: 2026-05-21; stato evento: Estinto; is_active: false; sierotipo: nan; geocoding level: province; municipality centroid unavailable; coordinates set to province capital for map display.; geocoding correction v245: municipality centroid matched to Samugheo (Oristano); previous coordinates 39.90380,8.59260; match=municipality_region.; derived from official BENV/IZS parasitic disease event; territorial context layer, not standalone prevalence estimate"
BENV-PARASITE-BENV-2026-IDATIDOSI-ECHINOCOCCOSI-84174-OVINO,parasites,IZS_BENV,Echinococcus spp.,Echinococcus spp.,,official_event_context,1,1,evidenze,2026-02-09 - 2026-02-09,2026-02-09,2026-02-09,Italy,Sardegna,,SIAPICCIA,39.927948,8.762128,10,#059669,https://www.izs.it/BENV_NEW/datiemappe.html,"Official BENV/IZS table export; disease filter: Idatidosi Echinococcosi; original BENV ID 84174; tipo focolaio: RISCONTRO ANATOMO-PATOLOGICO; stato sanitario: E; provincia: OR; data sospetto: 2026-02-09; data conferma: 2026-02-09; data estinzione: 2026-04-13; stato evento: Estinto; is_active: false; sierotipo: nan; geocoding level: province; municipality centroid unavailable; coordinates set to province capital for map display.; geocoding correction v245: municipality centroid matched to Siapiccia (Oristano); previous coordinates 39.90380,8.59260; match=municipality_region.; derived from official BENV/IZS parasitic disease event; territorial context layer, not standalone prevalence estimate"
BENV-PARASITE-BENV-2026-IDATIDOSI-ECHINOCOCCOSI-83863-OVINO,parasites,IZS_BENV,Echinococcus spp.,Echinococcus spp.,,official_event_context,1,1,evidenze,2026-02-24 - 2026-02-24,2026-02-24,2026-02-24,Italy,Sardegna,,FORDONGIANUS,39.994549,8.809828,10,#059669,https://www.izs.it/BENV_NEW/datiemappe.html,"Official BENV/IZS table export; disease filter: Idatidosi Echinococcosi; original BENV ID 83863; tipo focolaio: FOCOLAIO CLINICO; stato sanitario: E; provincia: OR; data sospetto: 2026-02-24; data conferma: 2026-02-24; data estinzione: 2026-04-24; stato evento: Estinto; is_active: false; sierotipo: nan; geocoding level: province; municipality centroid unavailable; coordinates set to province capital for map display.; geocoding correction v245: municipality centroid matched to Fordongianus (Oristano); previous coordinates 39.90380,8.59260; match=municipality_region.; derived from official BENV/IZS parasitic disease event; territorial context layer, not standalone prevalence estimate"
BENV-PARASITE-BENV-2026-IDATIDOSI-ECHINOCOCCOSI-83980-OVINO,parasites,IZS_BENV,Echinococcus spp.,Echinococcus spp.,,official_event_context,1,1,evidenze,2026-02-13 - 2026-02-13,2026-02-13,2026-02-13,Italy,Sardegna,,ALLAI,39.957173,8.863076,10,#059669,https://www.izs.it/BENV_NEW/datiemappe.html,"Official BENV/IZS table export; disease filter: Idatidosi Echinococcosi; original BENV ID 83980; tipo focolaio: RISCONTRO ANATOMO-PATOLOGICO; stato sanitario: E; provincia: OR; data sospetto: 2026-02-13; data conferma: 2026-02-13; data estinzione: 2026-04-14; stato evento: Estinto; is_active: false; sierotipo: nan; geocoding level: province; municipality centroid unavailable; coordinates set to province capital for map display.; geocoding correction v245: municipality centroid matched to Allai (Oristano); previous coordinates 39.90380,8.59260; match=municipality_region.; derived from official BENV/IZS parasitic disease event; territorial context layer, not standalone prevalence estimate"
BENV-PARASITE-BENV-2026-IDATIDOSI-ECHINOCOCCOSI-84820-OVINO,parasites,IZS_BENV,Echinococcus spp.,Echinococcus spp.,,official_event_context,1,1,evidenze,2026-04-14 - 2026-04-14,2026-04-14,2026-04-14,Italy,Sardegna,,SIAPICCIA,39.927948,8.762128,10,#059669,https://www.izs.it/BENV_NEW/datiemappe.html,"Official BENV/IZS table export; disease filter: Idatidosi Echinococcosi; original BENV ID 84820; tipo focolaio: RISCONTRO ANATOMO-PATOLOGICO; stato sanitario: E; provincia: OR; data sospetto: 2026-04-14; data conferma: 2026-04-14; data estinzione: 2026-06-15; stato evento: Estinto; is_active: false; sierotipo: nan; geocoding level: province; municipality centroid unavailable; coordinates set to province capital for map display.; geocoding correction v245: municipality centroid matched to Siapiccia (Oristano); previous coordinates 39.90380,8.59260; match=municipality_region.; derived from official BENV/IZS parasitic disease event; territorial context layer, not standalone prevalence estimate"
BENV-PARASITE-BENV-2026-IDATIDOSI-ECHINOCOCCOSI-83852-OVINO,parasites,IZS_BENV,Echinococcus spp.,Echinococcus spp.,,official_event_context,1,1,evidenze,2026-03-20 - 2026-03-20,2026-03-20,2026-03-20,Italy,Sardegna,,BUSACHI,40.032651,8.896729,10,#059669,https://www.izs.it/BENV_NEW/datiemappe.html,"Official BENV/IZS table export; disease filter: Idatidosi Echinococcosi; original BENV ID 83852; tipo focolaio: RISCONTRO ANATOMO-PATOLOGICO; stato sanitario: E; provincia: OR; data sospetto: 2026-03-20; data conferma: 2026-03-20; data estinzione: 2026-05-21; stato evento: Estinto; is_active: false; sierotipo: nan; geocoding level: province; municipality centroid unavailable; coordinates set to province capital for map display.; geocoding correction v245: municipality centroid matched to Busachi (Oristano); previous coordinates 39.90380,8.59260; match=municipality_region.; derived from official BENV/IZS parasitic disease event; territorial context layer, not standalone prevalence estimate"
BENV-PARASITE-BENV-2026-IDATIDOSI-ECHINOCOCCOSI-84506-OVINO,parasites,IZS_BENV,Echinococcus spp.,Echinococcus spp.,,official_event_context,1,1,evidenze,2026-03-26 - 2026-03-26,2026-03-26,2026-03-26,Italy,Sardegna,,OLLASTRA,39.950948,8.734227,10,#059669,https://www.izs.it/BENV_NEW/datiemappe.html,"Official BENV/IZS table export; disease filter: Idatidosi Echinococcosi; original BENV ID 84506; tipo focolaio: RISCONTRO ANATOMO-PATOLOGICO; stato sanitario: E; provincia: OR; data sospetto: 2026-03-26; data conferma: 2026-03-26; data estinzione: 2026-05-27; stato evento: Estinto; is_active: false; sierotipo: nan; geocoding level: province; municipality centroid unavailable; coordinates set to province capital for map display.; geocoding correction v245: municipality centroid matched to Ollastra (Oristano); previous coordinates 39.90380,8.59260; match=municipality_region.; derived from official BENV/IZS parasitic disease event; territorial context layer, not standalone prevalence estimate"
BENV-PARASITE-BENV-2026-IDATIDOSI-ECHINOCOCCOSI-84219-OVINO,parasites,IZS_BENV,Echinococcus spp.,Echinococcus spp.,,official_event_context,1,1,evidenze,2026-03-29 - 2026-03-29,2026-03-29,2026-03-29,Italy,Sardegna,,POMPU,39.724544,8.795432,10,#059669,https://www.izs.it/BENV_NEW/datiemappe.html,"Official BENV/IZS table export; disease filter: Idatidosi Echinococcosi; original BENV ID 84219; tipo focolaio: RISCONTRO ANATOMO-PATOLOGICO; stato sanitario: E; provincia: OR; data sospetto: 2026-03-29; data conferma: 2026-03-29; data estinzione: 2026-05-29; stato evento: Estinto; is_active: false; sierotipo: nan; geocoding level: province; municipality centroid unavailable; coordinates set to province capital for map display.; geocoding correction v245: municipality centroid matched to Pompu (Oristano); previous coordinates 39.90380,8.59260; match=municipality_region.; derived from official BENV/IZS parasitic disease event; territorial context layer, not standalone prevalence estimate"
BENV-PARASITE-BENV-2026-IDATIDOSI-ECHINOCOCCOSI-84123-BOVINO,parasites,IZS_BENV,Echinococcus spp.,Echinococcus spp.,,official_event_context,1,1,evidenze,2026-03-12 - 2026-03-12,2026-03-12,2026-03-12,Italy,Sardegna,,FORDONGIANUS,39.994549,8.809828,10,#059669,https://www.izs.it/BENV_NEW/datiemappe.html,"Official BENV/IZS table export; disease filter: Idatidosi Echinococcosi; original BENV ID 84123; tipo focolaio: FOCOLAIO CLINICO; stato sanitario: E; provincia: OR; data sospetto: 2026-03-12; data conferma: 2026-03-12; data estinzione: 2026-05-21; stato evento: Estinto; is_active: false; sierotipo: nan; geocoding level: province; municipality centroid unavailable; coordinates set to province capital for map display.; geocoding correction v245: municipality centroid matched to Fordongianus (Oristano); previous coordinates 39.90380,8.59260; match=municipality_region.; derived from official BENV/IZS parasitic disease event; territorial context layer, not standalone prevalence estimate"
BENV-PARASITE-BENV-2026-IDATIDOSI-ECHINOCOCCOSI-84137-OVINO,parasites,IZS_BENV,Echinococcus spp.,Echinococcus spp.,,official_event_context,1,1,evidenze,2026-03-19 - 2026-03-19,2026-03-19,2026-03-19,Italy,Sardegna,,SOLARUSSA,39.955747,8.671526,10,#059669,https://www.izs.it/BENV_NEW/datiemappe.html,"Official BENV/IZS table export; disease filter: Idatidosi Echinococcosi; original BENV ID 84137; tipo focolaio: POSITIVITA' DIAGNOSTICA; stato sanitario: E; provincia: OR; data sospetto: 2026-03-19; data conferma: 2026-03-19; data estinzione: 2026-05-21; stato evento: Estinto; is_active: false; sierotipo: nan; geocoding level: province; municipality centroid unavailable; coordinates set to province capital for map display.; geocoding correction v245: municipality centroid matched to Solarussa (Oristano); previous coordinates 39.90380,8.59260; match=municipality_region.; derived from official BENV/IZS parasitic disease event; territorial context layer, not standalone prevalence estimate"
BENV-PARASITE-BENV-2026-IDATIDOSI-ECHINOCOCCOSI-84145-OVINO,parasites,IZS_BENV,Echinococcus spp.,Echinococcus spp.,,official_event_context,1,1,evidenze,2026-03-03 - 2026-03-03,2026-03-03,2026-03-03,Italy,Sardegna,,SCANO DI MONTIFERRO,40.216330,8.584092,10,#059669,https://www.izs.it/BENV_NEW/datiemappe.html,"Official BENV/IZS table export; disease filter: Idatidosi Echinococcosi; original BENV ID 84145; tipo focolaio: RISCONTRO ANATOMO-PATOLOGICO; stato sanitario: E; provincia: OR; data sospetto: 2026-03-03; data conferma: 2026-03-03; data estinzione: 2026-05-04; stato evento: Estinto; is_active: false; sierotipo: nan; geocoding level: province; municipality centroid unavailable; coordinates set to province capital for map display.; geocoding correction v245: municipality centroid matched to Scano di Montiferro (Oristano); previous coordinates 39.90380,8.59260; match=municipality_region.; derived from official BENV/IZS parasitic disease event; territorial context layer, not standalone prevalence estimate"
BENV-PARASITE-BENV-2026-IDATIDOSI-ECHINOCOCCOSI-83718-SCIACALLO,parasites,IZS_BENV,Echinococcus spp.,Echinococcus spp.,,official_event_context,1,1,evidenze,2026-03-06 - 2026-03-06,2026-03-06,2026-03-06,Italy,Friuli Venezia Giulia,,TORVISCOSA,45.822216,13.276933,10,#059669,https://www.izs.it/BENV_NEW/datiemappe.html,"Official BENV/IZS table export; disease filter: Idatidosi Echinococcosi; original BENV ID 83718; tipo focolaio: POSITIVITA' DIAGNOSTICA; stato sanitario: E; provincia: UD; data sospetto: 2026-02-04; data conferma: 2026-03-06; data estinzione: 2026-06-05; stato evento: Estinto; is_active: false; sierotipo: nan; geocoding level: province; municipality centroid unavailable; coordinates set to province capital for map display.; geocoding correction v245: municipality centroid matched to Torviscosa (Udine); previous coordinates 46.07110,13.23460; match=municipality_region.; derived from official BENV/IZS parasitic disease event; territorial context layer, not standalone prevalence estimate"
BENV-PARASITE-BENV-2026-IDATIDOSI-ECHINOCOCCOSI-83829-OVINO,parasites,IZS_BENV,Echinococcus spp.,Echinococcus spp.,,official_event_context,1,1,evidenze,2026-02-24 - 2026-02-24,2026-02-24,2026-02-24,Italy,Sardegna,,BARATILI SAN PIETRO,39.992831,8.555784,10,#059669,https://www.izs.it/BENV_NEW/datiemappe.html,"Official BENV/IZS table export; disease filter: Idatidosi Echinococcosi; original BENV ID 83829; tipo focolaio: RISCONTRO ANATOMO-PATOLOGICO; stato sanitario: E; provincia: OR; data sospetto: 2026-02-24; data conferma: 2026-02-24; data estinzione: 2026-04-24; stato evento: Estinto; is_active: false; sierotipo: nan; geocoding level: province; municipality centroid unavailable; coordinates set to province capital for map display.; geocoding correction v245: municipality centroid matched to Baratili San Pietro (Oristano); previous coordinates 39.90380,8.59260; match=municipality_region.; derived from official BENV/IZS parasitic disease event; territorial context layer, not standalone prevalence estimate"
BENV-PARASITE-BENV-2026-IDATIDOSI-ECHINOCOCCOSI-83624-OVINO,parasites,IZS_BENV,Echinococcus spp.,Echinococcus spp.,,official_event_context,1,1,evidenze,2026-01-12 - 2026-01-12,2026-01-12,2026-01-12,Italy,Sardegna,,SIAMANNA,39.920748,8.761028,10,#059669,https://www.izs.it/BENV_NEW/datiemappe.html,"Official BENV/IZS table export; disease filter: Idatidosi Echinococcosi; original BENV ID 83624; tipo focolaio: FOCOLAIO CLINICO; stato sanitario: E; provincia: OR; data sospetto: 2026-01-12; data conferma: 2026-01-12; data estinzione: 2026-03-26; stato evento: Estinto; is_active: false; sierotipo: nan; geocoding level: province; municipality centroid unavailable; coordinates set to province capital for map display.; geocoding correction v245: municipality centroid matched to Siamanna (Oristano); previous coordinates 39.90380,8.59260; match=municipality_region.; derived from official BENV/IZS parasitic disease event; territorial context layer, not standalone prevalence estimate"
BENV-PARASITE-BENV-2026-IDATIDOSI-ECHINOCOCCOSI-83625-OVINO,parasites,IZS_BENV,Echinococcus spp.,Echinococcus spp.,,official_event_context,1,1,evidenze,2026-01-12 - 2026-01-12,2026-01-12,2026-01-12,Italy,Sardegna,,SIAMANNA,39.920748,8.761028,10,#059669,https://www.izs.it/BENV_NEW/datiemappe.html,"Official BENV/IZS table export; disease filter: Idatidosi Echinococcosi; original BENV ID 83625; tipo focolaio: FOCOLAIO CLINICO; stato sanitario: E; provincia: OR; data sospetto: 2026-01-12; data conferma: 2026-01-12; data estinzione: 2026-03-26; stato evento: Estinto; is_active: false; sierotipo: nan; geocoding level: province; municipality centroid unavailable; coordinates set to province capital for map display.; geocoding correction v245: municipality centroid matched to Siamanna (Oristano); previous coordinates 39.90380,8.59260; match=municipality_region.; derived from official BENV/IZS parasitic disease event; territorial context layer, not standalone prevalence estimate"
BENV-PARASITE-BENV-2026-IDATIDOSI-ECHINOCOCCOSI-84190-OVINO,parasites,IZS_BENV,Echinococcus spp.,Echinococcus spp.,,official_event_context,1,1,evidenze,2026-03-11 - 2026-03-11,2026-03-11,2026-03-11,Italy,Sardegna,,SAN VERO MILIS,40.014548,8.598224,10,#059669,https://www.izs.it/BENV_NEW/datiemappe.html,"Official BENV/IZS table export; disease filter: Idatidosi Echinococcosi; original BENV ID 84190; tipo focolaio: RISCONTRO ANATOMO-PATOLOGICO; stato sanitario: E; provincia: OR; data sospetto: 2026-03-11; data conferma: 2026-03-11; data estinzione: 2026-05-11; stato evento: Estinto; is_active: false; sierotipo: nan; geocoding level: province; municipality centroid unavailable; coordinates set to province capital for map display.; geocoding correction v245: municipality centroid matched to San Vero Milis (Oristano); previous coordinates 39.90380,8.59260; match=municipality_region.; derived from official BENV/IZS parasitic disease event; territorial context layer, not standalone prevalence estimate"
BENV-PARASITE-BENV-2026-IDATIDOSI-ECHINOCOCCOSI-84223-OVINO,parasites,IZS_BENV,Echinococcus spp.,Echinococcus spp.,,official_event_context,1,1,evidenze,2026-02-16 - 2026-02-16,2026-02-16,2026-02-16,Italy,Sardegna,,MOGORO,39.684710,8.777088,10,#059669,https://www.izs.it/BENV_NEW/datiemappe.html,"Official BENV/IZS table export; disease filter: Idatidosi Echinococcosi; original BENV ID 84223; tipo focolaio: RISCONTRO ANATOMO-PATOLOGICO; stato sanitario: E; provincia: OR; data sospetto: 2026-02-16; data conferma: 2026-02-16; data estinzione: 2026-04-24; stato evento: Estinto; is_active: false; sierotipo: nan; geocoding level: province; municipality centroid unavailable; coordinates set to province capital for map display.; geocoding correction v245: municipality centroid matched to Mogoro (Oristano); previous coordinates 39.90380,8.59260; match=municipality_region.; derived from official BENV/IZS parasitic disease event; territorial context layer, not standalone prevalence estimate"
BENV-PARASITE-BENV-2026-IDATIDOSI-ECHINOCOCCOSI-83775-BOVINO,parasites,IZS_BENV,Echinococcus spp.,Echinococcus spp.,,official_event_context,1,1,evidenze,2026-03-04 - 2026-03-04,2026-03-04,2026-03-04,Italy,Sardegna,,SANTU LUSSURGIU,40.141686,8.651038,10,#059669,https://www.izs.it/BENV_NEW/datiemappe.html,"Official BENV/IZS table export; disease filter: Idatidosi Echinococcosi; original BENV ID 83775; tipo focolaio: RISCONTRO ANATOMO-PATOLOGICO; stato sanitario: E; provincia: OR; data sospetto: 2026-03-04; data conferma: 2026-03-04; data estinzione: 2026-05-08; stato evento: Estinto; is_active: false; sierotipo: nan; geocoding level: province; municipality centroid unavailable; coordinates set to province capital for map display.; geocoding correction v245: municipality centroid matched to Santu Lussurgiu (Oristano); previous coordinates 39.90380,8.59260; match=municipality_region.; derived from official BENV/IZS parasitic disease event; territorial context layer, not standalone prevalence estimate"
BENV-PARASITE-BENV-2026-IDATIDOSI-ECHINOCOCCOSI-83853-OVINO,parasites,IZS_BENV,Echinococcus spp.,Echinococcus spp.,,official_event_context,1,1,evidenze,2026-03-20 - 2026-03-20,2026-03-20,2026-03-20,Italy,Sardegna,,BUSACHI,40.032651,8.896729,10,#059669,https://www.izs.it/BENV_NEW/datiemappe.html,"Official BENV/IZS table export; disease filter: Idatidosi Echinococcosi; original BENV ID 83853; tipo focolaio: RISCONTRO ANATOMO-PATOLOGICO; stato sanitario: E; provincia: OR; data sospetto: 2026-03-20; data conferma: 2026-03-20; data estinzione: 2026-05-21; stato evento: Estinto; is_active: false; sierotipo: nan; geocoding level: province; municipality centroid unavailable; coordinates set to province capital for map display.; geocoding correction v245: municipality centroid matched to Busachi (Oristano); previous coordinates 39.90380,8.59260; match=municipality_region.; derived from official BENV/IZS parasitic disease event; territorial context layer, not standalone prevalence estimate"
BENV-PARASITE-BENV-2026-IDATIDOSI-ECHINOCOCCOSI-83584-OVINO,parasites,IZS_BENV,Echinococcus spp.,Echinococcus spp.,,official_event_context,1,1,evidenze,2026-01-21 - 2026-01-21,2026-01-21,2026-01-21,Italy,Sardegna,,ORISTANO,40.026568,8.679642,10,#059669,https://www.izs.it/BENV_NEW/datiemappe.html,"Official BENV/IZS table export; disease filter: Idatidosi Echinococcosi; original BENV ID 83584; tipo focolaio: FOCOLAIO CLINICO; stato sanitario: E; provincia: OR; data sospetto: 2026-01-21; data conferma: 2026-01-21; data estinzione: 2026-03-26; stato evento: Estinto; is_active: false; sierotipo: nan; geocoding level: province; municipality centroid unavailable; coordinates set to province capital for map display.; geocoding correction v245: municipality centroid matched to Oristano (Oristano); previous coordinates 39.90380,8.59260; match=municipality_region.; derived from official BENV/IZS parasitic disease event; territorial context layer, not standalone prevalence estimate"
BENV-PARASITE-BENV-2026-IDATIDOSI-ECHINOCOCCOSI-84655-BOVINO,parasites,IZS_BENV,Echinococcus spp.,Echinococcus spp.,,official_event_context,1,1,evidenze,2026-05-08 - 2026-05-08,2026-05-08,2026-05-08,Italy,Lazio,,CERVETERI,41.998360,12.098851,10,#059669,https://www.izs.it/BENV_NEW/datiemappe.html,"Official BENV/IZS table export; disease filter: Idatidosi Echinococcosi; original BENV ID 84655; tipo focolaio: RISCONTRO ANATOMO-PATOLOGICO; stato sanitario: E; provincia: RM; data sospetto: 2026-05-08; data conferma: 2026-05-08; data estinzione: 2026-05-27; stato evento: Estinto; is_active: false; sierotipo: nan; geocoding level: province; municipality centroid unavailable; coordinates set to province capital for map display.; geocoding correction v245: municipality centroid matched to Cerveteri (Roma); previous coordinates 41.90280,12.49640; match=municipality_region.; derived from official BENV/IZS parasitic disease event; territorial context layer, not standalone prevalence estimate"
BENV-PARASITE-BENV-2026-IDATIDOSI-ECHINOCOCCOSI-84074-OVINO,parasites,IZS_BENV,Echinococcus spp.,Echinococcus spp.,,official_event_context,1,1,evidenze,2026-02-10 - 2026-02-10,2026-02-10,2026-02-10,Italy,Sardegna,,PALMAS ARBOREA,39.876646,8.643127,10,#059669,https://www.izs.it/BENV_NEW/datiemappe.html,"Official BENV/IZS table export; disease filter: Idatidosi Echinococcosi; original BENV ID 84074; tipo focolaio: RISCONTRO ANATOMO-PATOLOGICO; stato sanitario: E; provincia: OR; data sospetto: 2026-02-10; data conferma: 2026-02-10; data estinzione: 2026-04-13; stato evento: Estinto; is_active: false; sierotipo: nan; geocoding level: province; municipality centroid unavailable; coordinates set to province capital for map display.; geocoding correction v245: municipality centroid matched to Palmas Arborea (Oristano); previous coordinates 39.90380,8.59260; match=municipality_region.; derived from official BENV/IZS parasitic disease event; territorial context layer, not standalone prevalence estimate"
BENV-PARASITE-BENV-2026-IDATIDOSI-ECHINOCOCCOSI-84117-BOVINO,parasites,IZS_BENV,Echinococcus spp.,Echinococcus spp.,,official_event_context,1,1,evidenze,2026-03-04 - 2026-03-04,2026-03-04,2026-03-04,Italy,Sardegna,,SCANO DI MONTIFERRO,40.216330,8.584092,10,#059669,https://www.izs.it/BENV_NEW/datiemappe.html,"Official BENV/IZS table export; disease filter: Idatidosi Echinococcosi; original BENV ID 84117; tipo focolaio: RISCONTRO ANATOMO-PATOLOGICO; stato sanitario: E; provincia: OR; data sospetto: 2026-03-04; data conferma: 2026-03-04; data estinzione: 2026-05-04; stato evento: Estinto; is_active: false; sierotipo: nan; geocoding level: province; municipality centroid unavailable; coordinates set to province capital for map display.; geocoding correction v245: municipality centroid matched to Scano di Montiferro (Oristano); previous coordinates 39.90380,8.59260; match=municipality_region.; derived from official BENV/IZS parasitic disease event; territorial context layer, not standalone prevalence estimate"
BENV-PARASITE-BENV-2026-IDATIDOSI-ECHINOCOCCOSI-84146-OVINO,parasites,IZS_BENV,Echinococcus spp.,Echinococcus spp.,,official_event_context,1,1,evidenze,2026-03-26 - 2026-03-26,2026-03-26,2026-03-26,Italy,Sardegna,,NEONELI,40.064752,8.946730,10,#059669,https://www.izs.it/BENV_NEW/datiemappe.html,"Official BENV/IZS table export; disease filter: Idatidosi Echinococcosi; original BENV ID 84146; tipo focolaio: RISCONTRO ANATOMO-PATOLOGICO; stato sanitario: E; provincia: OR; data sospetto: 2026-03-26; data conferma: 2026-03-26; data estinzione: 2026-05-29; stato evento: Estinto; is_active: false; sierotipo: nan; geocoding level: province; municipality centroid unavailable; coordinates set to province capital for map display.; geocoding correction v245: municipality centroid matched to Neoneli (Oristano); previous coordinates 39.90380,8.59260; match=municipality_region.; derived from official BENV/IZS parasitic disease event; territorial context layer, not standalone prevalence estimate"
BENV-PARASITE-BENV-2026-IDATIDOSI-ECHINOCOCCOSI-84175-OVINO,parasites,IZS_BENV,Echinococcus spp.,Echinococcus spp.,,official_event_context,1,1,evidenze,2026-03-09 - 2026-03-09,2026-03-09,2026-03-09,Italy,Sardegna,,SENIS,39.824147,8.940033,10,#059669,https://www.izs.it/BENV_NEW/datiemappe.html,"Official BENV/IZS table export; disease filter: Idatidosi Echinococcosi; original BENV ID 84175; tipo focolaio: FOCOLAIO CLINICO; stato sanitario: E; provincia: OR; data sospetto: 2026-03-09; data conferma: 2026-03-09; data estinzione: 2026-05-11; stato evento: Estinto; is_active: false; sierotipo: nan; geocoding level: province; municipality centroid unavailable; coordinates set to province capital for map display.; geocoding correction v245: municipality centroid matched to Senis (Oristano); previous coordinates 39.90380,8.59260; match=municipality_region.; derived from official BENV/IZS parasitic disease event; territorial context layer, not standalone prevalence estimate"
BENV-PARASITE-BENV-2026-IDATIDOSI-ECHINOCOCCOSI-83519-BOVINO,parasites,IZS_BENV,Echinococcus spp.,Echinococcus spp.,,official_event_context,1,1,evidenze,2026-01-05 - 2026-01-05,2026-01-05,2026-01-05,Italy,Sardegna,,ARBOREA,39.773846,8.581753,10,#059669,https://www.izs.it/BENV_NEW/datiemappe.html,"Official BENV/IZS table export; disease filter: Idatidosi Echinococcosi; original BENV ID 83519; tipo focolaio: RISCONTRO ANATOMO-PATOLOGICO; stato sanitario: E; provincia: OR; data sospetto: 2026-01-05; data conferma: 2026-01-05; data estinzione: 2026-03-26; stato evento: Estinto; is_active: false; sierotipo: nan; geocoding level: province; municipality centroid unavailable; coordinates set to province capital for map display.; geocoding correction v245: municipality centroid matched to Arborea (Oristano); previous coordinates 39.90380,8.59260; match=municipality_region.; derived from official BENV/IZS parasitic disease event; territorial context layer, not standalone prevalence estimate"
BENV-PARASITE-BENV-2026-IDATIDOSI-ECHINOCOCCOSI-84205-OVINO,parasites,IZS_BENV,Echinococcus spp.,Echinococcus spp.,,official_event_context,1,1,evidenze,2026-03-05 - 2026-03-05,2026-03-05,2026-03-05,Italy,Sardegna,,USELLUS,39.809646,8.850732,10,#059669,https://www.izs.it/BENV_NEW/datiemappe.html,"Official BENV/IZS table export; disease filter: Idatidosi Echinococcosi; original BENV ID 84205; tipo focolaio: RISCONTRO ANATOMO-PATOLOGICO; stato sanitario: E; provincia: OR; data sospetto: 2026-03-05; data conferma: 2026-03-05; data estinzione: 2026-05-08; stato evento: Estinto; is_active: false; sierotipo: nan; geocoding level: province; municipality centroid unavailable; coordinates set to province capital for map display.; geocoding correction v245: municipality centroid matched to Usellus (Oristano); previous coordinates 39.90380,8.59260; match=municipality_region.; derived from official BENV/IZS parasitic disease event; territorial context layer, not standalone prevalence estimate"
BENV-PARASITE-BENV-2026-IDATIDOSI-ECHINOCOCCOSI-84232-OVINO,parasites,IZS_BENV,Echinococcus spp.,Echinococcus spp.,,official_event_context,1,1,evidenze,2026-03-02 - 2026-03-02,2026-03-02,2026-03-02,Italy,Sardegna,,PALMAS ARBOREA,39.876646,8.643127,10,#059669,https://www.izs.it/BENV_NEW/datiemappe.html,"Official BENV/IZS table export; disease filter: Idatidosi Echinococcosi; original BENV ID 84232; tipo focolaio: RISCONTRO ANATOMO-PATOLOGICO; stato sanitario: E; provincia: OR; data sospetto: 2026-03-02; data conferma: 2026-03-02; data estinzione: 2026-05-08; stato evento: Estinto; is_active: false; sierotipo: nan; geocoding level: province; municipality centroid unavailable; coordinates set to province capital for map display.; geocoding correction v245: municipality centroid matched to Palmas Arborea (Oristano); previous coordinates 39.90380,8.59260; match=municipality_region.; derived from official BENV/IZS parasitic disease event; territorial context layer, not standalone prevalence estimate"
BENV-PARASITE-BENV-2026-IDATIDOSI-ECHINOCOCCOSI-84211-OVINO,parasites,IZS_BENV,Echinococcus spp.,Echinococcus spp.,,official_event_context,1,1,evidenze,2026-03-31 - 2026-03-31,2026-03-31,2026-03-31,Italy,Sardegna,,ALES,39.768245,8.815632,10,#059669,https://www.izs.it/BENV_NEW/datiemappe.html,"Official BENV/IZS table export; disease filter: Idatidosi Echinococcosi; original BENV ID 84211; tipo focolaio: RISCONTRO ANATOMO-PATOLOGICO; stato sanitario: E; provincia: OR; data sospetto: 2026-03-31; data conferma: 2026-03-31; data estinzione: 2026-06-08; stato evento: Estinto; is_active: false; sierotipo: nan; geocoding level: province; municipality centroid unavailable; coordinates set to province capital for map display.; geocoding correction v245: municipality centroid matched to Ales (Oristano); previous coordinates 39.90380,8.59260; match=municipality_region.; derived from official BENV/IZS parasitic disease event; territorial context layer, not standalone prevalence estimate"
BENV-PARASITE-BENV-2026-IDATIDOSI-ECHINOCOCCOSI-84218-OVINO,parasites,IZS_BENV,Echinococcus spp.,Echinococcus spp.,,official_event_context,1,1,evidenze,2026-03-28 - 2026-03-28,2026-03-28,2026-03-28,Italy,Sardegna,,MOGORO,39.684710,8.777088,10,#059669,https://www.izs.it/BENV_NEW/datiemappe.html,"Official BENV/IZS table export; disease filter: Idatidosi Echinococcosi; original BENV ID 84218; tipo focolaio: RISCONTRO ANATOMO-PATOLOGICO; stato sanitario: E; provincia: OR; data sospetto: 2026-03-28; data conferma: 2026-03-28; data estinzione: 2026-05-29; stato evento: Estinto; is_active: false; sierotipo: nan; geocoding level: province; municipality centroid unavailable; coordinates set to province capital for map display.; geocoding correction v245: municipality centroid matched to Mogoro (Oristano); previous coordinates 39.90380,8.59260; match=municipality_region.; derived from official BENV/IZS parasitic disease event; territorial context layer, not standalone prevalence estimate"
BENV-PARASITE-BENV-2026-IDATIDOSI-ECHINOCOCCOSI-84302-BOVINO,parasites,IZS_BENV,Echinococcus spp.,Echinococcus spp.,,official_event_context,1,1,evidenze,2026-04-17 - 2026-04-17,2026-04-17,2026-04-17,Italy,Lazio,,BRACCIANO,42.101095,12.173857,10,#059669,https://www.izs.it/BENV_NEW/datiemappe.html,"Official BENV/IZS table export; disease filter: Idatidosi Echinococcosi; original BENV ID 84302; tipo focolaio: RISCONTRO ANATOMO-PATOLOGICO; stato sanitario: E; provincia: RM; data sospetto: 2026-04-17; data conferma: 2026-04-17; data estinzione: 2026-05-12; stato evento: Estinto; is_active: false; sierotipo: nan; geocoding level: province; municipality centroid unavailable; coordinates set to province capital for map display.; geocoding correction v245: municipality centroid matched to Bracciano (Roma); previous coordinates 41.90280,12.49640; match=municipality_region.; derived from official BENV/IZS parasitic disease event; territorial context layer, not standalone prevalence estimate"
BENV-PARASITE-BENV-2026-IDATIDOSI-ECHINOCOCCOSI-83300-BOVINO,parasites,IZS_BENV,Echinococcus spp.,Echinococcus spp.,,official_event_context,1,1,evidenze,2026-02-06 - 2026-02-06,2026-02-06,2026-02-06,Italy,Sardegna,,MARRUBIU,39.752143,8.637228,10,#059669,https://www.izs.it/BENV_NEW/datiemappe.html,"Official BENV/IZS table export; disease filter: Idatidosi Echinococcosi; original BENV ID 83300; tipo focolaio: RISCONTRO ANATOMO-PATOLOGICO; stato sanitario: E; provincia: OR; data sospetto: 2026-02-03; data conferma: 2026-02-06; data estinzione: 2026-04-13; stato evento: Estinto; is_active: false; sierotipo: nan; geocoding level: province; municipality centroid unavailable; coordinates set to province capital for map display.; geocoding correction v245: municipality centroid matched to Marrubiu (Oristano); previous coordinates 39.90380,8.59260; match=municipality_region.; derived from official BENV/IZS parasitic disease event; territorial context layer, not standalone prevalence estimate"
BENV-PARASITE-BENV-2026-IDATIDOSI-ECHINOCOCCOSI-84178-OVINO,parasites,IZS_BENV,Echinococcus spp.,Echinococcus spp.,,official_event_context,1,1,evidenze,2026-02-11 - 2026-02-11,2026-02-11,2026-02-11,Italy,Sardegna,,OLLASTRA,39.950948,8.734227,10,#059669,https://www.izs.it/BENV_NEW/datiemappe.html,"Official BENV/IZS table export; disease filter: Idatidosi Echinococcosi; original BENV ID 84178; tipo focolaio: RISCONTRO ANATOMO-PATOLOGICO; stato sanitario: E; provincia: OR; data sospetto: 2026-02-11; data conferma: 2026-02-11; data estinzione: 2026-04-13; stato evento: Estinto; is_active: false; sierotipo: nan; geocoding level: province; municipality centroid unavailable; coordinates set to province capital for map display.; geocoding correction v245: municipality centroid matched to Ollastra (Oristano); previous coordinates 39.90380,8.59260; match=municipality_region.; derived from official BENV/IZS parasitic disease event; territorial context layer, not standalone prevalence estimate"
BENV-PARASITE-BENV-2026-IDATIDOSI-ECHINOCOCCOSI-83888-OVINO,parasites,IZS_BENV,Echinococcus spp.,Echinococcus spp.,,official_event_context,1,1,evidenze,2026-02-10 - 2026-02-10,2026-02-10,2026-02-10,Italy,Sardegna,,SCANO DI MONTIFERRO,40.216330,8.584092,10,#059669,https://www.izs.it/BENV_NEW/datiemappe.html,"Official BENV/IZS table export; disease filter: Idatidosi Echinococcosi; original BENV ID 83888; tipo focolaio: RISCONTRO ANATOMO-PATOLOGICO; stato sanitario: E; provincia: OR; data sospetto: 2026-02-10; data conferma: 2026-02-10; data estinzione: 2026-04-13; stato evento: Estinto; is_active: false; sierotipo: nan; geocoding level: province; municipality centroid unavailable; coordinates set to province capital for map display.; geocoding correction v245: municipality centroid matched to Scano di Montiferro (Oristano); previous coordinates 39.90380,8.59260; match=municipality_region.; derived from official BENV/IZS parasitic disease event; territorial context layer, not standalone prevalence estimate"
BENV-PARASITE-BENV-2026-IDATIDOSI-ECHINOCOCCOSI-84144-OVINO,parasites,IZS_BENV,Echinococcus spp.,Echinococcus spp.,,official_event_context,1,1,evidenze,2026-03-10 - 2026-03-10,2026-03-10,2026-03-10,Italy,Sardegna,,FORDONGIANUS,39.994549,8.809828,10,#059669,https://www.izs.it/BENV_NEW/datiemappe.html,"Official BENV/IZS table export; disease filter: Idatidosi Echinococcosi; original BENV ID 84144; tipo focolaio: RISCONTRO ANATOMO-PATOLOGICO; stato sanitario: E; provincia: OR; data sospetto: 2026-03-10; data conferma: 2026-03-10; data estinzione: 2026-05-11; stato evento: Estinto; is_active: false; sierotipo: nan; geocoding level: province; municipality centroid unavailable; coordinates set to province capital for map display.; geocoding correction v245: municipality centroid matched to Fordongianus (Oristano); previous coordinates 39.90380,8.59260; match=municipality_region.; derived from official BENV/IZS parasitic disease event; territorial context layer, not standalone prevalence estimate"
BENV-PARASITE-BENV-2026-IDATIDOSI-ECHINOCOCCOSI-83857-OVINO,parasites,IZS_BENV,Echinococcus spp.,Echinococcus spp.,,official_event_context,1,1,evidenze,2026-02-17 - 2026-02-17,2026-02-17,2026-02-17,Italy,Sardegna,,SEDILO,40.173151,8.919122,10,#059669,https://www.izs.it/BENV_NEW/datiemappe.html,"Official BENV/IZS table export; disease filter: Idatidosi Echinococcosi; original BENV ID 83857; tipo focolaio: RISCONTRO ANATOMO-PATOLOGICO; stato sanitario: E; provincia: OR; data sospetto: 2026-02-17; data conferma: 2026-02-17; data estinzione: 2026-04-24; stato evento: Estinto; is_active: false; sierotipo: nan; geocoding level: province; municipality centroid unavailable; coordinates set to province capital for map display.; geocoding correction v245: municipality centroid matched to Sedilo (Oristano); previous coordinates 39.90380,8.59260; match=municipality_region.; derived from official BENV/IZS parasitic disease event; territorial context layer, not standalone prevalence estimate"
BENV-PARASITE-BENV-2026-IDATIDOSI-ECHINOCOCCOSI-83887-OVINO,parasites,IZS_BENV,Echinococcus spp.,Echinococcus spp.,,official_event_context,1,1,evidenze,2026-03-26 - 2026-03-26,2026-03-26,2026-03-26,Italy,Sardegna,,TRESNURAGHES,40.252104,8.519960,10,#059669,https://www.izs.it/BENV_NEW/datiemappe.html,"Official BENV/IZS table export; disease filter: Idatidosi Echinococcosi; original BENV ID 83887; tipo focolaio: RISCONTRO ANATOMO-PATOLOGICO; stato sanitario: E; provincia: OR; data sospetto: 2026-02-13; data conferma: 2026-03-26; data estinzione: 2026-05-27; stato evento: Estinto; is_active: false; sierotipo: nan; geocoding level: province; municipality centroid unavailable; coordinates set to province capital for map display.; geocoding correction v245: municipality centroid matched to Tresnuraghes (Oristano); previous coordinates 39.90380,8.59260; match=municipality_region.; derived from official BENV/IZS parasitic disease event; territorial context layer, not standalone prevalence estimate"
BENV-PARASITE-BENV-2026-IDATIDOSI-ECHINOCOCCOSI-84822-OVINO,parasites,IZS_BENV,Echinococcus spp.,Echinococcus spp.,,official_event_context,1,1,evidenze,2026-04-15 - 2026-04-15,2026-04-15,2026-04-15,Italy,Sardegna,,SIAPICCIA,39.927948,8.762128,10,#059669,https://www.izs.it/BENV_NEW/datiemappe.html,"Official BENV/IZS table export; disease filter: Idatidosi Echinococcosi; original BENV ID 84822; tipo focolaio: RISCONTRO ANATOMO-PATOLOGICO; stato sanitario: E; provincia: OR; data sospetto: 2026-04-15; data conferma: 2026-04-15; data estinzione: 2026-06-24; stato evento: Estinto; is_active: false; sierotipo: nan; geocoding level: province; municipality centroid unavailable; coordinates set to province capital for map display.; geocoding correction v245: municipality centroid matched to Siapiccia (Oristano); previous coordinates 39.90380,8.59260; match=municipality_region.; derived from official BENV/IZS parasitic disease event; territorial context layer, not standalone prevalence estimate"
BENV-PARASITE-BENV-2026-IDATIDOSI-ECHINOCOCCOSI-84824-OVINO,parasites,IZS_BENV,Echinococcus spp.,Echinococcus spp.,,official_event_context,1,1,evidenze,2026-04-21 - 2026-04-21,2026-04-21,2026-04-21,Italy,Sardegna,,SIAMANNA,39.920748,8.761028,10,#059669,https://www.izs.it/BENV_NEW/datiemappe.html,"Official BENV/IZS table export; disease filter: Idatidosi Echinococcosi; original BENV ID 84824; tipo focolaio: RISCONTRO ANATOMO-PATOLOGICO; stato sanitario: E; provincia: OR; data sospetto: 2026-04-21; data conferma: 2026-04-21; data estinzione: 2026-05-29; stato evento: Estinto; is_active: false; sierotipo: nan; geocoding level: province; municipality centroid unavailable; coordinates set to province capital for map display.; geocoding correction v245: municipality centroid matched to Siamanna (Oristano); previous coordinates 39.90380,8.59260; match=municipality_region.; derived from official BENV/IZS parasitic disease event; territorial context layer, not standalone prevalence estimate"
BENV-PARASITE-BENV-2026-IDATIDOSI-ECHINOCOCCOSI-84191-OVINO,parasites,IZS_BENV,Echinococcus spp.,Echinococcus spp.,,official_event_context,1,1,evidenze,2026-03-13 - 2026-03-13,2026-03-13,2026-03-13,Italy,Sardegna,,NARBOLIA,40.047650,8.575169,10,#059669,https://www.izs.it/BENV_NEW/datiemappe.html,"Official BENV/IZS table export; disease filter: Idatidosi Echinococcosi; original BENV ID 84191; tipo focolaio: RISCONTRO ANATOMO-PATOLOGICO; stato sanitario: E; provincia: OR; data sospetto: 2026-03-13; data conferma: 2026-03-13; data estinzione: 2026-05-21; stato evento: Estinto; is_active: false; sierotipo: nan; geocoding level: province; municipality centroid unavailable; coordinates set to province capital for map display.; geocoding correction v245: municipality centroid matched to Narbolia (Oristano); previous coordinates 39.90380,8.59260; match=municipality_region.; derived from official BENV/IZS parasitic disease event; territorial context layer, not standalone prevalence estimate"
BENV-PARASITE-BENV-2026-IDATIDOSI-ECHINOCOCCOSI-84203-OVINO,parasites,IZS_BENV,Echinococcus spp.,Echinococcus spp.,,official_event_context,1,1,evidenze,2026-03-03 - 2026-03-03,2026-03-03,2026-03-03,Italy,Sardegna,,PAU,39.791546,8.802331,10,#059669,https://www.izs.it/BENV_NEW/datiemappe.html,"Official BENV/IZS table export; disease filter: Idatidosi Echinococcosi; original BENV ID 84203; tipo focolaio: RISCONTRO ANATOMO-PATOLOGICO; stato sanitario: E; provincia: OR; data sospetto: 2026-03-03; data conferma: 2026-03-03; data estinzione: 2026-05-08; stato evento: Estinto; is_active: false; sierotipo: nan; geocoding level: province; municipality centroid unavailable; coordinates set to province capital for map display.; geocoding correction v245: municipality centroid matched to Pau (Oristano); previous coordinates 39.90380,8.59260; match=municipality_region.; derived from official BENV/IZS parasitic disease event; territorial context layer, not standalone prevalence estimate"
BENV-PARASITE-BENV-2026-IDATIDOSI-ECHINOCOCCOSI-84225-OVINO,parasites,IZS_BENV,Echinococcus spp.,Echinococcus spp.,,official_event_context,1,1,evidenze,2026-03-09 - 2026-03-09,2026-03-09,2026-03-09,Italy,Sardegna,,MILIS,40.050449,8.637024,10,#059669,https://www.izs.it/BENV_NEW/datiemappe.html,"Official BENV/IZS table export; disease filter: Idatidosi Echinococcosi; original BENV ID 84225; tipo focolaio: RISCONTRO ANATOMO-PATOLOGICO; stato sanitario: E; provincia: OR; data sospetto: 2026-03-09; data conferma: 2026-03-09; data estinzione: 2026-05-11; stato evento: Estinto; is_active: false; sierotipo: nan; geocoding level: province; municipality centroid unavailable; coordinates set to province capital for map display.; geocoding correction v245: municipality centroid matched to Milis (Oristano); previous coordinates 39.90380,8.59260; match=municipality_region.; derived from official BENV/IZS parasitic disease event; territorial context layer, not standalone prevalence estimate"
BENV-PARASITE-BENV-2026-IDATIDOSI-ECHINOCOCCOSI-84664-OVINO,parasites,IZS_BENV,Echinococcus spp.,Echinococcus spp.,,official_event_context,1,1,evidenze,2026-04-08 - 2026-04-08,2026-04-08,2026-04-08,Italy,Sardegna,,SCANO DI MONTIFERRO,40.216330,8.584092,10,#059669,https://www.izs.it/BENV_NEW/datiemappe.html,"Official BENV/IZS table export; disease filter: Idatidosi Echinococcosi; original BENV ID 84664; tipo focolaio: RISCONTRO ANATOMO-PATOLOGICO; stato sanitario: E; provincia: OR; data sospetto: 2026-04-08; data conferma: 2026-04-08; data estinzione: 2026-06-08; stato evento: Estinto; is_active: false; sierotipo: nan; geocoding level: province; municipality centroid unavailable; coordinates set to province capital for map display.; geocoding correction v245: municipality centroid matched to Scano di Montiferro (Oristano); previous coordinates 39.90380,8.59260; match=municipality_region.; derived from official BENV/IZS parasitic disease event; territorial context layer, not standalone prevalence estimate"
BENV-PARASITE-BENV-2026-IDATIDOSI-ECHINOCOCCOSI-85422-OVINO,parasites,IZS_BENV,Echinococcus spp.,Echinococcus spp.,,official_event_context,1,1,evidenze,2026-05-05 - 2026-05-05,2026-05-05,2026-05-05,Italy,Sardegna,,LACONI,39.852649,9.050435,10,#059669,https://www.izs.it/BENV_NEW/datiemappe.html,"Official BENV/IZS table export; disease filter: Idatidosi Echinococcosi; original BENV ID 85422; tipo focolaio: RISCONTRO ANATOMO-PATOLOGICO; stato sanitario: C; provincia: OR; data sospetto: 2026-05-05; data conferma: 2026-05-05; data estinzione: not available; stato evento: Confermato / attivo; is_active: true; sierotipo: nan; geocoding level: province; municipality centroid unavailable; coordinates set to province capital for map display.; geocoding correction v245: municipality centroid matched to Laconi (Oristano); previous coordinates 39.90380,8.59260; match=municipality_region.; derived from official BENV/IZS parasitic disease event; territorial context layer, not standalone prevalence estimate"
BENV-PARASITE-BENV-2026-IDATIDOSI-ECHINOCOCCOSI-84670-OVINO,parasites,IZS_BENV,Echinococcus spp.,Echinococcus spp.,,official_event_context,1,1,evidenze,2026-05-20 - 2026-05-20,2026-05-20,2026-05-20,Italy,Sardegna,,MONTRESTA,40.373654,8.499617,10,#059669,https://www.izs.it/BENV_NEW/datiemappe.html,"Official BENV/IZS table export; disease filter: Idatidosi Echinococcosi; original BENV ID 84670; tipo focolaio: RISCONTRO ANATOMO-PATOLOGICO; stato sanitario: C; provincia: OR; data sospetto: 2026-04-08; data conferma: 2026-05-20; data estinzione: not available; stato evento: Confermato / attivo; is_active: true; sierotipo: nan; geocoding level: province; municipality centroid unavailable; coordinates set to province capital for map display.; geocoding correction v245: municipality centroid matched to Montresta (Oristano); previous coordinates 39.90380,8.59260; match=municipality_region.; derived from official BENV/IZS parasitic disease event; territorial context layer, not standalone prevalence estimate"
BENV-PARASITE-BENV-2026-IDATIDOSI-ECHINOCOCCOSI-84690-OVINO,parasites,IZS_BENV,Echinococcus spp.,Echinococcus spp.,,official_event_context,1,1,evidenze,2026-05-21 - 2026-05-21,2026-05-21,2026-05-21,Italy,Sardegna,,TRAMATZA,40.003748,8.649537,10,#059669,https://www.izs.it/BENV_NEW/datiemappe.html,"Official BENV/IZS table export; disease filter: Idatidosi Echinococcosi; original BENV ID 84690; tipo focolaio: RISCONTRO ANATOMO-PATOLOGICO; stato sanitario: C; provincia: OR; data sospetto: 2026-05-21; data conferma: 2026-05-21; data estinzione: not available; stato evento: Confermato / attivo; is_active: true; sierotipo: nan; geocoding level: province; municipality centroid unavailable; coordinates set to province capital for map display.; geocoding correction v245: municipality centroid matched to Tramatza (Oristano); previous coordinates 39.90380,8.59260; match=municipality_region.; derived from official BENV/IZS parasitic disease event; territorial context layer, not standalone prevalence estimate"
BENV-PARASITE-BENV-2026-IDATIDOSI-ECHINOCOCCOSI-84701-OVINO,parasites,IZS_BENV,Echinococcus spp.,Echinococcus spp.,,official_event_context,1,1,evidenze,2026-04-17 - 2026-04-17,2026-04-17,2026-04-17,Italy,Sardegna,,PAU,39.791546,8.802331,10,#059669,https://www.izs.it/BENV_NEW/datiemappe.html,"Official BENV/IZS table export; disease filter: Idatidosi Echinococcosi; original BENV ID 84701; tipo focolaio: RISCONTRO ANATOMO-PATOLOGICO; stato sanitario: C; provincia: OR; data sospetto: 2026-04-17; data conferma: 2026-04-17; data estinzione: not available; stato evento: Confermato / attivo; is_active: true; sierotipo: nan; geocoding level: province; municipality centroid unavailable; coordinates set to province capital for map display.; geocoding correction v245: municipality centroid matched to Pau (Oristano); previous coordinates 39.90380,8.59260; match=municipality_region.; derived from official BENV/IZS parasitic disease event; territorial context layer, not standalone prevalence estimate"
BENV-PARASITE-BENV-2026-IDATIDOSI-ECHINOCOCCOSI-85349-OVINO,parasites,IZS_BENV,Echinococcus spp.,Echinococcus spp.,,official_event_context,1,1,evidenze,2026-05-11 - 2026-05-11,2026-05-11,2026-05-11,Italy,Sardegna,,URAS,39.700643,8.700030,10,#059669,https://www.izs.it/BENV_NEW/datiemappe.html,"Official BENV/IZS table export; disease filter: Idatidosi Echinococcosi; original BENV ID 85349; tipo focolaio: RISCONTRO ANATOMO-PATOLOGICO; stato sanitario: C; provincia: OR; data sospetto: 2026-05-11; data conferma: 2026-05-11; data estinzione: not available; stato evento: Confermato / attivo; is_active: true; sierotipo: nan; geocoding level: province; municipality centroid unavailable; coordinates set to province capital for map display.; geocoding correction v245: municipality centroid matched to Uras (Oristano); previous coordinates 39.90380,8.59260; match=municipality_region.; derived from official BENV/IZS parasitic disease event; territorial context layer, not standalone prevalence estimate"
BENV-PARASITE-BENV-2026-IDATIDOSI-ECHINOCOCCOSI-85381-OVINO,parasites,IZS_BENV,Echinococcus spp.,Echinococcus spp.,,official_event_context,1,1,evidenze,2026-07-01 - 2026-07-01,2026-07-01,2026-07-01,Italy,Sardegna,,TRESNURAGHES,40.252104,8.519960,10,#059669,https://www.izs.it/BENV_NEW/datiemappe.html,"Official BENV/IZS table export; disease filter: Idatidosi Echinococcosi; original BENV ID 85381; tipo focolaio: RISCONTRO ANATOMO-PATOLOGICO; stato sanitario: C; provincia: OR; data sospetto: 2026-05-04; data conferma: 2026-07-01; data estinzione: not available; stato evento: Confermato / attivo; is_active: true; sierotipo: nan; geocoding level: province; municipality centroid unavailable; coordinates set to province capital for map display.; geocoding correction v245: municipality centroid matched to Tresnuraghes (Oristano); previous coordinates 39.90380,8.59260; match=municipality_region.; derived from official BENV/IZS parasitic disease event; territorial context layer, not standalone prevalence estimate"
BENV-PARASITE-BENV-2026-IDATIDOSI-ECHINOCOCCOSI-85426-OVINO,parasites,IZS_BENV,Echinococcus spp.,Echinococcus spp.,,official_event_context,1,1,evidenze,2026-05-14 - 2026-05-14,2026-05-14,2026-05-14,Italy,Sardegna,,MOGORELLA,39.864598,8.857931,10,#059669,https://www.izs.it/BENV_NEW/datiemappe.html,"Official BENV/IZS table export; disease filter: Idatidosi Echinococcosi; original BENV ID 85426; tipo focolaio: RISCONTRO ANATOMO-PATOLOGICO; stato sanitario: C; provincia: OR; data sospetto: 2026-05-14; data conferma: 2026-05-14; data estinzione: not available; stato evento: Confermato / attivo; is_active: true; sierotipo: nan; geocoding level: province; municipality centroid unavailable; coordinates set to province capital for map display.; geocoding correction v245: municipality centroid matched to Mogorella (Oristano); previous coordinates 39.90380,8.59260; match=municipality_region.; derived from official BENV/IZS parasitic disease event; territorial context layer, not standalone prevalence estimate"
BENV-PARASITE-BENV-2026-IDATIDOSI-ECHINOCOCCOSI-85430-OVINO,parasites,IZS_BENV,Echinococcus spp.,Echinococcus spp.,,official_event_context,1,1,evidenze,2026-05-27 - 2026-05-27,2026-05-27,2026-05-27,Italy,Sardegna,,RUINAS,39.907148,8.897631,10,#059669,https://www.izs.it/BENV_NEW/datiemappe.html,"Official BENV/IZS table export; disease filter: Idatidosi Echinococcosi; original BENV ID 85430; tipo focolaio: RISCONTRO ANATOMO-PATOLOGICO; stato sanitario: C; provincia: OR; data sospetto: 2026-05-27; data conferma: 2026-05-27; data estinzione: not available; stato evento: Confermato / attivo; is_active: true; sierotipo: nan; geocoding level: province; municipality centroid unavailable; coordinates set to province capital for map display.; geocoding correction v245: municipality centroid matched to Ruinas (Oristano); previous coordinates 39.90380,8.59260; match=municipality_region.; derived from official BENV/IZS parasitic disease event; territorial context layer, not standalone prevalence estimate"
BENV-PARASITE-BENV-2026-IDATIDOSI-ECHINOCOCCOSI-85431-OVINO,parasites,IZS_BENV,Echinococcus spp.,Echinococcus spp.,,official_event_context,1,1,evidenze,2026-05-27 - 2026-05-27,2026-05-27,2026-05-27,Italy,Sardegna,,RUINAS,39.907148,8.897631,10,#059669,https://www.izs.it/BENV_NEW/datiemappe.html,"Official BENV/IZS table export; disease filter: Idatidosi Echinococcosi; original BENV ID 85431; tipo focolaio: RISCONTRO ANATOMO-PATOLOGICO; stato sanitario: C; provincia: OR; data sospetto: 2026-05-27; data conferma: 2026-05-27; data estinzione: not available; stato evento: Confermato / attivo; is_active: true; sierotipo: nan; geocoding level: province; municipality centroid unavailable; coordinates set to province capital for map display.; geocoding correction v245: municipality centroid matched to Ruinas (Oristano); previous coordinates 39.90380,8.59260; match=municipality_region.; derived from official BENV/IZS parasitic disease event; territorial context layer, not standalone prevalence estimate"
BENV-PARASITE-BENV-2026-IDATIDOSI-ECHINOCOCCOSI-85434-OVINO,parasites,IZS_BENV,Echinococcus spp.,Echinococcus spp.,,official_event_context,1,1,evidenze,2026-05-27 - 2026-05-27,2026-05-27,2026-05-27,Italy,Sardegna,,MOGORELLA,39.864598,8.857931,10,#059669,https://www.izs.it/BENV_NEW/datiemappe.html,"Official BENV/IZS table export; disease filter: Idatidosi Echinococcosi; original BENV ID 85434; tipo focolaio: RISCONTRO ANATOMO-PATOLOGICO; stato sanitario: C; provincia: OR; data sospetto: 2026-05-27; data conferma: 2026-05-27; data estinzione: not available; stato evento: Confermato / attivo; is_active: true; sierotipo: nan; geocoding level: province; municipality centroid unavailable; coordinates set to province capital for map display.; geocoding correction v245: municipality centroid matched to Mogorella (Oristano); previous coordinates 39.90380,8.59260; match=municipality_region.; derived from official BENV/IZS parasitic disease event; territorial context layer, not standalone prevalence estimate"
BENV-PARASITE-BENV-2026-IDATIDOSI-ECHINOCOCCOSI-84669-OVINO,parasites,IZS_BENV,Echinococcus spp.,Echinococcus spp.,,official_event_context,1,1,evidenze,2026-05-20 - 2026-05-20,2026-05-20,2026-05-20,Italy,Sardegna,,MONTRESTA,40.373654,8.499617,10,#059669,https://www.izs.it/BENV_NEW/datiemappe.html,"Official BENV/IZS table export; disease filter: Idatidosi Echinococcosi; original BENV ID 84669; tipo focolaio: RISCONTRO ANATOMO-PATOLOGICO; stato sanitario: C; provincia: OR; data sospetto: 2026-04-15; data conferma: 2026-05-20; data estinzione: not available; stato evento: Confermato / attivo; is_active: true; sierotipo: nan; geocoding level: province; municipality centroid unavailable; coordinates set to province capital for map display.; geocoding correction v245: municipality centroid matched to Montresta (Oristano); previous coordinates 39.90380,8.59260; match=municipality_region.; derived from official BENV/IZS parasitic disease event; territorial context layer, not standalone prevalence estimate"
BENV-PARASITE-BENV-2026-IDATIDOSI-ECHINOCOCCOSI-84984-OVINO,parasites,IZS_BENV,Echinococcus spp.,Echinococcus spp.,,official_event_context,1,1,evidenze,2026-04-29 - 2026-04-29,2026-04-29,2026-04-29,Italy,Sardegna,,NARBOLIA,40.047650,8.575169,10,#059669,https://www.izs.it/BENV_NEW/datiemappe.html,"Official BENV/IZS table export; disease filter: Idatidosi Echinococcosi; original BENV ID 84984; tipo focolaio: RISCONTRO ANATOMO-PATOLOGICO; stato sanitario: C; provincia: OR; data sospetto: 2026-04-29; data conferma: 2026-04-29; data estinzione: not available; stato evento: Confermato / attivo; is_active: true; sierotipo: nan; geocoding level: province; municipality centroid unavailable; coordinates set to province capital for map display.; geocoding correction v245: municipality centroid matched to Narbolia (Oristano); previous coordinates 39.90380,8.59260; match=municipality_region.; derived from official BENV/IZS parasitic disease event; territorial context layer, not standalone prevalence estimate"
BENV-PARASITE-BENV-2026-IDATIDOSI-ECHINOCOCCOSI-85341-OVINO,parasites,IZS_BENV,Echinococcus spp.,Echinococcus spp.,,official_event_context,1,1,evidenze,2026-05-12 - 2026-05-12,2026-05-12,2026-05-12,Italy,Sardegna,,BARESSA,39.712745,8.875334,10,#059669,https://www.izs.it/BENV_NEW/datiemappe.html,"Official BENV/IZS table export; disease filter: Idatidosi Echinococcosi; original BENV ID 85341; tipo focolaio: RISCONTRO ANATOMO-PATOLOGICO; stato sanitario: C; provincia: OR; data sospetto: 2026-05-12; data conferma: 2026-05-12; data estinzione: not available; stato evento: Confermato / attivo; is_active: true; sierotipo: nan; geocoding level: province; municipality centroid unavailable; coordinates set to province capital for map display.; geocoding correction v245: municipality centroid matched to Baressa (Oristano); previous coordinates 39.90380,8.59260; match=municipality_region.; derived from official BENV/IZS parasitic disease event; territorial context layer, not standalone prevalence estimate"
BENV-PARASITE-BENV-2026-IDATIDOSI-ECHINOCOCCOSI-85344-OVINO,parasites,IZS_BENV,Echinococcus spp.,Echinococcus spp.,,official_event_context,1,1,evidenze,2026-05-12 - 2026-05-12,2026-05-12,2026-05-12,Italy,Sardegna,,BARESSA,39.712745,8.875334,10,#059669,https://www.izs.it/BENV_NEW/datiemappe.html,"Official BENV/IZS table export; disease filter: Idatidosi Echinococcosi; original BENV ID 85344; tipo focolaio: RISCONTRO ANATOMO-PATOLOGICO; stato sanitario: C; provincia: OR; data sospetto: 2026-05-12; data conferma: 2026-05-12; data estinzione: not available; stato evento: Confermato / attivo; is_active: true; sierotipo: nan; geocoding level: province; municipality centroid unavailable; coordinates set to province capital for map display.; geocoding correction v245: municipality centroid matched to Baressa (Oristano); previous coordinates 39.90380,8.59260; match=municipality_region.; derived from official BENV/IZS parasitic disease event; territorial context layer, not standalone prevalence estimate"
BENV-PARASITE-BENV-2026-IDATIDOSI-ECHINOCOCCOSI-85413-OVINO,parasites,IZS_BENV,Echinococcus spp.,Echinococcus spp.,,official_event_context,1,1,evidenze,2026-05-13 - 2026-05-13,2026-05-13,2026-05-13,Italy,Sardegna,,OLLASTRA,39.950948,8.734227,10,#059669,https://www.izs.it/BENV_NEW/datiemappe.html,"Official BENV/IZS table export; disease filter: Idatidosi Echinococcosi; original BENV ID 85413; tipo focolaio: RISCONTRO ANATOMO-PATOLOGICO; stato sanitario: C; provincia: OR; data sospetto: 2026-05-13; data conferma: 2026-05-13; data estinzione: not available; stato evento: Confermato / attivo; is_active: true; sierotipo: nan; geocoding level: province; municipality centroid unavailable; coordinates set to province capital for map display.; geocoding correction v245: municipality centroid matched to Ollastra (Oristano); previous coordinates 39.90380,8.59260; match=municipality_region.; derived from official BENV/IZS parasitic disease event; territorial context layer, not standalone prevalence estimate"
BENV-PARASITE-BENV-2026-IDATIDOSI-ECHINOCOCCOSI-85438-OVINO,parasites,IZS_BENV,Echinococcus spp.,Echinococcus spp.,,official_event_context,1,1,evidenze,2026-05-15 - 2026-05-15,2026-05-15,2026-05-15,Italy,Sardegna,,PAULILATINO,40.084032,8.763937,10,#059669,https://www.izs.it/BENV_NEW/datiemappe.html,"Official BENV/IZS table export; disease filter: Idatidosi Echinococcosi; original BENV ID 85438; tipo focolaio: RISCONTRO ANATOMO-PATOLOGICO; stato sanitario: C; provincia: OR; data sospetto: 2026-05-15; data conferma: 2026-05-15; data estinzione: not available; stato evento: Confermato / attivo; is_active: true; sierotipo: nan; geocoding level: province; municipality centroid unavailable; coordinates set to province capital for map display.; geocoding correction v245: municipality centroid matched to Paulilatino (Oristano); previous coordinates 39.90380,8.59260; match=municipality_region.; derived from official BENV/IZS parasitic disease event; territorial context layer, not standalone prevalence estimate"
BENV-PARASITE-BENV-2026-IDATIDOSI-ECHINOCOCCOSI-85174-BOVINO,parasites,IZS_BENV,Echinococcus spp.,Echinococcus spp.,,official_event_context,1,1,evidenze,2026-06-18 - 2026-06-18,2026-06-18,2026-06-18,Italy,Sardegna,,BAULADU,40.020549,8.671925,10,#059669,https://www.izs.it/BENV_NEW/datiemappe.html,"Official BENV/IZS table export; disease filter: Idatidosi Echinococcosi; original BENV ID 85174; tipo focolaio: RISCONTRO ANATOMO-PATOLOGICO; stato sanitario: C; provincia: OR; data sospetto: 2026-06-18; data conferma: 2026-06-18; data estinzione: not available; stato evento: Confermato / attivo; is_active: true; sierotipo: nan; geocoding level: province; municipality centroid unavailable; coordinates set to province capital for map display.; geocoding correction v245: municipality centroid matched to Bauladu (Oristano); previous coordinates 39.90380,8.59260; match=municipality_region.; derived from official BENV/IZS parasitic disease event; territorial context layer, not standalone prevalence estimate"
BENV-PARASITE-BENV-2026-IDATIDOSI-ECHINOCOCCOSI-85114-BOVINO,parasites,IZS_BENV,Echinococcus spp.,Echinococcus spp.,,official_event_context,1,1,evidenze,2026-06-11 - 2026-06-11,2026-06-11,2026-06-11,Italy,Sardegna,,SENEGHE,40.082249,8.615723,10,#059669,https://www.izs.it/BENV_NEW/datiemappe.html,"Official BENV/IZS table export; disease filter: Idatidosi Echinococcosi; original BENV ID 85114; tipo focolaio: RISCONTRO ANATOMO-PATOLOGICO; stato sanitario: C; provincia: OR; data sospetto: 2026-06-11; data conferma: 2026-06-11; data estinzione: not available; stato evento: Confermato / attivo; is_active: true; sierotipo: nan; geocoding level: province; municipality centroid unavailable; coordinates set to province capital for map display.; geocoding correction v245: municipality centroid matched to Seneghe (Oristano); previous coordinates 39.90380,8.59260; match=municipality_region.; derived from official BENV/IZS parasitic disease event; territorial context layer, not standalone prevalence estimate"
BENV-PARASITE-BENV-2026-IDATIDOSI-ECHINOCOCCOSI-84816-BOVINO,parasites,IZS_BENV,Echinococcus spp.,Echinococcus spp.,,official_event_context,1,1,evidenze,2026-04-22 - 2026-04-22,2026-04-22,2026-04-22,Italy,Sardegna,,GHILARZA,40.119652,8.834927,10,#059669,https://www.izs.it/BENV_NEW/datiemappe.html,"Official BENV/IZS table export; disease filter: Idatidosi Echinococcosi; original BENV ID 84816; tipo focolaio: RISCONTRO ANATOMO-PATOLOGICO; stato sanitario: C; provincia: OR; data sospetto: 2026-04-22; data conferma: 2026-04-22; data estinzione: not available; stato evento: Confermato / attivo; is_active: true; sierotipo: nan; geocoding level: province; municipality centroid unavailable; coordinates set to province capital for map display.; geocoding correction v245: municipality centroid matched to Ghilarza (Oristano); previous coordinates 39.90380,8.59260; match=municipality_region.; derived from official BENV/IZS parasitic disease event; territorial context layer, not standalone prevalence estimate"
BENV-PARASITE-BENV-2026-IDATIDOSI-ECHINOCOCCOSI-84912-OVINO,parasites,IZS_BENV,Echinococcus spp.,Echinococcus spp.,,official_event_context,1,1,evidenze,2026-04-27 - 2026-04-27,2026-04-27,2026-04-27,Italy,Sardegna,,SOLARUSSA,39.955747,8.671526,10,#059669,https://www.izs.it/BENV_NEW/datiemappe.html,"Official BENV/IZS table export; disease filter: Idatidosi Echinococcosi; original BENV ID 84912; tipo focolaio: RISCONTRO ANATOMO-PATOLOGICO; stato sanitario: C; provincia: OR; data sospetto: 2026-04-27; data conferma: 2026-04-27; data estinzione: not available; stato evento: Confermato / attivo; is_active: true; sierotipo: nan; geocoding level: province; municipality centroid unavailable; coordinates set to province capital for map display.; geocoding correction v245: municipality centroid matched to Solarussa (Oristano); previous coordinates 39.90380,8.59260; match=municipality_region.; derived from official BENV/IZS parasitic disease event; territorial context layer, not standalone prevalence estimate"
BENV-PARASITE-BENV-2026-IDATIDOSI-ECHINOCOCCOSI-85340-OVINO,parasites,IZS_BENV,Echinococcus spp.,Echinococcus spp.,,official_event_context,1,1,evidenze,2026-05-08 - 2026-05-08,2026-05-08,2026-05-08,Italy,Sardegna,,USELLUS,39.809646,8.850732,10,#059669,https://www.izs.it/BENV_NEW/datiemappe.html,"Official BENV/IZS table export; disease filter: Idatidosi Echinococcosi; original BENV ID 85340; tipo focolaio: RISCONTRO ANATOMO-PATOLOGICO; stato sanitario: C; provincia: OR; data sospetto: 2026-05-08; data conferma: 2026-05-08; data estinzione: not available; stato evento: Confermato / attivo; is_active: true; sierotipo: nan; geocoding level: province; municipality centroid unavailable; coordinates set to province capital for map display.; geocoding correction v245: municipality centroid matched to Usellus (Oristano); previous coordinates 39.90380,8.59260; match=municipality_region.; derived from official BENV/IZS parasitic disease event; territorial context layer, not standalone prevalence estimate"
BENV-PARASITE-BENV-2026-IDATIDOSI-ECHINOCOCCOSI-85435-OVINO,parasites,IZS_BENV,Echinococcus spp.,Echinococcus spp.,,official_event_context,1,1,evidenze,2026-05-27 - 2026-05-27,2026-05-27,2026-05-27,Italy,Sardegna,,RUINAS,39.907148,8.897631,10,#059669,https://www.izs.it/BENV_NEW/datiemappe.html,"Official BENV/IZS table export; disease filter: Idatidosi Echinococcosi; original BENV ID 85435; tipo focolaio: RISCONTRO ANATOMO-PATOLOGICO; stato sanitario: C; provincia: OR; data sospetto: 2026-05-27; data conferma: 2026-05-27; data estinzione: not available; stato evento: Confermato / attivo; is_active: true; sierotipo: nan; geocoding level: province; municipality centroid unavailable; coordinates set to province capital for map display.; geocoding correction v245: municipality centroid matched to Ruinas (Oristano); previous coordinates 39.90380,8.59260; match=municipality_region.; derived from official BENV/IZS parasitic disease event; territorial context layer, not standalone prevalence estimate"
BENV-PARASITE-BENV-2026-IDATIDOSI-ECHINOCOCCOSI-85546-OVINO,parasites,IZS_BENV,Echinococcus spp.,Echinococcus spp.,,official_event_context,1,1,evidenze,2026-05-27 - 2026-05-27,2026-05-27,2026-05-27,Italy,Sardegna,,VILLAURBANA,39.885647,8.777429,10,#059669,https://www.izs.it/BENV_NEW/datiemappe.html,"Official BENV/IZS table export; disease filter: Idatidosi Echinococcosi; original BENV ID 85546; tipo focolaio: RISCONTRO ANATOMO-PATOLOGICO; stato sanitario: C; provincia: OR; data sospetto: 2026-05-27; data conferma: 2026-05-27; data estinzione: not available; stato evento: Confermato / attivo; is_active: true; sierotipo: nan; geocoding level: province; municipality centroid unavailable; coordinates set to province capital for map display.; geocoding correction v245: municipality centroid matched to Villaurbana (Oristano); previous coordinates 39.90380,8.59260; match=municipality_region.; derived from official BENV/IZS parasitic disease event; territorial context layer, not standalone prevalence estimate"
BENV-PARASITE-BENV-2026-IDATIDOSI-ECHINOCOCCOSI-85425-OVINO,parasites,IZS_BENV,Echinococcus spp.,Echinococcus spp.,,official_event_context,1,1,evidenze,2026-05-08 - 2026-05-08,2026-05-08,2026-05-08,Italy,Sardegna,,RUINAS,39.907148,8.897631,10,#059669,https://www.izs.it/BENV_NEW/datiemappe.html,"Official BENV/IZS table export; disease filter: Idatidosi Echinococcosi; original BENV ID 85425; tipo focolaio: RISCONTRO ANATOMO-PATOLOGICO; stato sanitario: C; provincia: OR; data sospetto: 2026-05-08; data conferma: 2026-05-08; data estinzione: not available; stato evento: Confermato / attivo; is_active: true; sierotipo: nan; geocoding level: province; municipality centroid unavailable; coordinates set to province capital for map display.; geocoding correction v245: municipality centroid matched to Ruinas (Oristano); previous coordinates 39.90380,8.59260; match=municipality_region.; derived from official BENV/IZS parasitic disease event; territorial context layer, not standalone prevalence estimate"
BENV-PARASITE-BENV-2026-IDATIDOSI-ECHINOCOCCOSI-85433-OVINO,parasites,IZS_BENV,Echinococcus spp.,Echinococcus spp.,,official_event_context,1,1,evidenze,2026-05-27 - 2026-05-27,2026-05-27,2026-05-27,Italy,Sardegna,,MOGORELLA,39.864598,8.857931,10,#059669,https://www.izs.it/BENV_NEW/datiemappe.html,"Official BENV/IZS table export; disease filter: Idatidosi Echinococcosi; original BENV ID 85433; tipo focolaio: RISCONTRO ANATOMO-PATOLOGICO; stato sanitario: C; provincia: OR; data sospetto: 2026-05-27; data conferma: 2026-05-27; data estinzione: not available; stato evento: Confermato / attivo; is_active: true; sierotipo: nan; geocoding level: province; municipality centroid unavailable; coordinates set to province capital for map display.; geocoding correction v245: municipality centroid matched to Mogorella (Oristano); previous coordinates 39.90380,8.59260; match=municipality_region.; derived from official BENV/IZS parasitic disease event; territorial context layer, not standalone prevalence estimate"
BENV-PARASITE-BENV-2026-IDATIDOSI-ECHINOCOCCOSI-85294-BOVINO,parasites,IZS_BENV,Echinococcus spp.,Echinococcus spp.,,official_event_context,1,1,evidenze,2026-05-20 - 2026-05-20,2026-05-20,2026-05-20,Italy,Sardegna,,MORGONGIORI,39.746644,8.770131,10,#059669,https://www.izs.it/BENV_NEW/datiemappe.html,"Official BENV/IZS table export; disease filter: Idatidosi Echinococcosi; original BENV ID 85294; tipo focolaio: RISCONTRO ANATOMO-PATOLOGICO; stato sanitario: C; provincia: OR; data sospetto: 2026-05-20; data conferma: 2026-05-20; data estinzione: not available; stato evento: Confermato / attivo; is_active: true; sierotipo: nan; geocoding level: province; municipality centroid unavailable; coordinates set to province capital for map display.; geocoding correction v245: municipality centroid matched to Morgongiori (Oristano); previous coordinates 39.90380,8.59260; match=municipality_region.; derived from official BENV/IZS parasitic disease event; territorial context layer, not standalone prevalence estimate"
BENV-PARASITE-BENV-2026-IDATIDOSI-ECHINOCOCCOSI-85348-OVINO,parasites,IZS_BENV,Echinococcus spp.,Echinococcus spp.,,official_event_context,1,1,evidenze,2026-05-11 - 2026-05-11,2026-05-11,2026-05-11,Italy,Sardegna,,URAS,39.700643,8.700030,10,#059669,https://www.izs.it/BENV_NEW/datiemappe.html,"Official BENV/IZS table export; disease filter: Idatidosi Echinococcosi; original BENV ID 85348; tipo focolaio: RISCONTRO ANATOMO-PATOLOGICO; stato sanitario: C; provincia: OR; data sospetto: 2026-05-11; data conferma: 2026-05-11; data estinzione: not available; stato evento: Confermato / attivo; is_active: true; sierotipo: nan; geocoding level: province; municipality centroid unavailable; coordinates set to province capital for map display.; geocoding correction v245: municipality centroid matched to Uras (Oristano); previous coordinates 39.90380,8.59260; match=municipality_region.; derived from official BENV/IZS parasitic disease event; territorial context layer, not standalone prevalence estimate"
BENV-PARASITE-BENV-2026-IDATIDOSI-ECHINOCOCCOSI-85424-OVINO,parasites,IZS_BENV,Echinococcus spp.,Echinococcus spp.,,official_event_context,1,1,evidenze,2026-05-11 - 2026-05-11,2026-05-11,2026-05-11,Italy,Sardegna,,RUINAS,39.907148,8.897631,10,#059669,https://www.izs.it/BENV_NEW/datiemappe.html,"Official BENV/IZS table export; disease filter: Idatidosi Echinococcosi; original BENV ID 85424; tipo focolaio: RISCONTRO ANATOMO-PATOLOGICO; stato sanitario: C; provincia: OR; data sospetto: 2026-05-11; data conferma: 2026-05-11; data estinzione: not available; stato evento: Confermato / attivo; is_active: true; sierotipo: nan; geocoding level: province; municipality centroid unavailable; coordinates set to province capital for map display.; geocoding correction v245: municipality centroid matched to Ruinas (Oristano); previous coordinates 39.90380,8.59260; match=municipality_region.; derived from official BENV/IZS parasitic disease event; territorial context layer, not standalone prevalence estimate"
BENV-PARASITE-BENV-2026-IDATIDOSI-ECHINOCOCCOSI-85322-BOVINO,parasites,IZS_BENV,Echinococcus spp.,Echinococcus spp.,,official_event_context,1,1,evidenze,2026-05-28 - 2026-05-28,2026-05-28,2026-05-28,Italy,Sardegna,,SAMUGHEO,39.946150,8.940532,10,#059669,https://www.izs.it/BENV_NEW/datiemappe.html,"Official BENV/IZS table export; disease filter: Idatidosi Echinococcosi; original BENV ID 85322; tipo focolaio: RISCONTRO ANATOMO-PATOLOGICO; stato sanitario: C; provincia: OR; data sospetto: 2026-05-28; data conferma: 2026-05-28; data estinzione: not available; stato evento: Confermato / attivo; is_active: true; sierotipo: nan; geocoding level: province; municipality centroid unavailable; coordinates set to province capital for map display.; geocoding correction v245: municipality centroid matched to Samugheo (Oristano); previous coordinates 39.90380,8.59260; match=municipality_region.; derived from official BENV/IZS parasitic disease event; territorial context layer, not standalone prevalence estimate"
BENV-PARASITE-BENV-2026-IDATIDOSI-ECHINOCOCCOSI-84985-OVINO,parasites,IZS_BENV,Echinococcus spp.,Echinococcus spp.,,official_event_context,1,1,evidenze,2026-04-30 - 2026-04-30,2026-04-30,2026-04-30,Italy,Sardegna,,RIOLA SARDO,39.994102,8.538673,10,#059669,https://www.izs.it/BENV_NEW/datiemappe.html,"Official BENV/IZS table export; disease filter: Idatidosi Echinococcosi; original BENV ID 84985; tipo focolaio: RISCONTRO ANATOMO-PATOLOGICO; stato sanitario: C; provincia: OR; data sospetto: 2026-04-30; data conferma: 2026-04-30; data estinzione: not available; stato evento: Confermato / attivo; is_active: true; sierotipo: nan; geocoding level: province; municipality centroid unavailable; coordinates set to province capital for map display.; geocoding correction v245: municipality centroid matched to Riola Sardo (Oristano); previous coordinates 39.90380,8.59260; match=municipality_region.; derived from official BENV/IZS parasitic disease event; territorial context layer, not standalone prevalence estimate"
BENV-PARASITE-BENV-2026-IDATIDOSI-ECHINOCOCCOSI-84910-OVINO,parasites,IZS_BENV,Echinococcus spp.,Echinococcus spp.,,official_event_context,1,1,evidenze,2026-05-21 - 2026-05-21,2026-05-21,2026-05-21,Italy,Sardegna,,SOLARUSSA,39.955747,8.671526,10,#059669,https://www.izs.it/BENV_NEW/datiemappe.html,"Official BENV/IZS table export; disease filter: Idatidosi Echinococcosi; original BENV ID 84910; tipo focolaio: RISCONTRO ANATOMO-PATOLOGICO; stato sanitario: C; provincia: OR; data sospetto: 2026-04-21; data conferma: 2026-05-21; data estinzione: not available; stato evento: Confermato / attivo; is_active: true; sierotipo: nan; geocoding level: province; municipality centroid unavailable; coordinates set to province capital for map display.; geocoding correction v245: municipality centroid matched to Solarussa (Oristano); previous coordinates 39.90380,8.59260; match=municipality_region.; derived from official BENV/IZS parasitic disease event; territorial context layer, not standalone prevalence estimate"
BENV-PARASITE-BENV-2026-IDATIDOSI-ECHINOCOCCOSI-85351-OVINO,parasites,IZS_BENV,Echinococcus spp.,Echinococcus spp.,,official_event_context,1,1,evidenze,2026-05-22 - 2026-05-22,2026-05-22,2026-05-22,Italy,Sardegna,,SAN NICOLO\' D\'ARCIDANO,39.683392,8.646875,10,#059669,https://www.izs.it/BENV_NEW/datiemappe.html,"Official BENV/IZS table export; disease filter: Idatidosi Echinococcosi; original BENV ID 85351; tipo focolaio: RISCONTRO ANATOMO-PATOLOGICO; stato sanitario: C; provincia: OR; data sospetto: 2026-05-22; data conferma: 2026-05-22; data estinzione: not available; stato evento: Confermato / attivo; is_active: true; sierotipo: nan; geocoding level: province; municipality centroid unavailable; coordinates set to province capital for map display.; geocoding correction v245: municipality centroid matched to San Nicolò d'Arcidano (Oristano); previous coordinates 39.90380,8.59260; match=municipality_region.; derived from official BENV/IZS parasitic disease event; territorial context layer, not standalone prevalence estimate"
BENV-PARASITE-BENV-2026-IDATIDOSI-ECHINOCOCCOSI-85432-OVINO,parasites,IZS_BENV,Echinococcus spp.,Echinococcus spp.,,official_event_context,1,1,evidenze,2026-05-27 - 2026-05-27,2026-05-27,2026-05-27,Italy,Sardegna,,RUINAS,39.907148,8.897631,10,#059669,https://www.izs.it/BENV_NEW/datiemappe.html,"Official BENV/IZS table export; disease filter: Idatidosi Echinococcosi; original BENV ID 85432; tipo focolaio: RISCONTRO ANATOMO-PATOLOGICO; stato sanitario: C; provincia: OR; data sospetto: 2026-05-27; data conferma: 2026-05-27; data estinzione: not available; stato evento: Confermato / attivo; is_active: true; sierotipo: nan; geocoding level: province; municipality centroid unavailable; coordinates set to province capital for map display.; geocoding correction v245: municipality centroid matched to Ruinas (Oristano); previous coordinates 39.90380,8.59260; match=municipality_region.; derived from official BENV/IZS parasitic disease event; territorial context layer, not standalone prevalence estimate"
BENV-PARASITE-BENV-2026-IDATIDOSI-ECHINOCOCCOSI-85547-OVINO,parasites,IZS_BENV,Echinococcus spp.,Echinococcus spp.,,official_event_context,1,1,evidenze,2026-05-04 - 2026-05-04,2026-05-04,2026-05-04,Italy,Sardegna,,MOGORO,39.684710,8.777088,10,#059669,https://www.izs.it/BENV_NEW/datiemappe.html,"Official BENV/IZS table export; disease filter: Idatidosi Echinococcosi; original BENV ID 85547; tipo focolaio: RISCONTRO ANATOMO-PATOLOGICO; stato sanitario: C; provincia: OR; data sospetto: 2026-05-04; data conferma: 2026-05-04; data estinzione: not available; stato evento: Confermato / attivo; is_active: true; sierotipo: nan; geocoding level: province; municipality centroid unavailable; coordinates set to province capital for map display.; geocoding correction v245: municipality centroid matched to Mogoro (Oristano); previous coordinates 39.90380,8.59260; match=municipality_region.; derived from official BENV/IZS parasitic disease event; territorial context layer, not standalone prevalence estimate"
BENV-PARASITE-BENV-2026-IDATIDOSI-ECHINOCOCCOSI-85345-OVINO,parasites,IZS_BENV,Echinococcus spp.,Echinococcus spp.,,official_event_context,1,1,evidenze,2026-05-12 - 2026-05-12,2026-05-12,2026-05-12,Italy,Sardegna,,ALES,39.768245,8.815632,10,#059669,https://www.izs.it/BENV_NEW/datiemappe.html,"Official BENV/IZS table export; disease filter: Idatidosi Echinococcosi; original BENV ID 85345; tipo focolaio: RISCONTRO ANATOMO-PATOLOGICO; stato sanitario: C; provincia: OR; data sospetto: 2026-05-12; data conferma: 2026-05-12; data estinzione: not available; stato evento: Confermato / attivo; is_active: true; sierotipo: nan; geocoding level: province; municipality centroid unavailable; coordinates set to province capital for map display.; geocoding correction v245: municipality centroid matched to Ales (Oristano); previous coordinates 39.90380,8.59260; match=municipality_region.; derived from official BENV/IZS parasitic disease event; territorial context layer, not standalone prevalence estimate"
BENV-PARASITE-BENV-2026-IDATIDOSI-ECHINOCOCCOSI-85350-OVINO,parasites,IZS_BENV,Echinococcus spp.,Echinococcus spp.,,official_event_context,1,1,evidenze,2026-05-13 - 2026-05-13,2026-05-13,2026-05-13,Italy,Sardegna,,URAS,39.700643,8.700030,10,#059669,https://www.izs.it/BENV_NEW/datiemappe.html,"Official BENV/IZS table export; disease filter: Idatidosi Echinococcosi; original BENV ID 85350; tipo focolaio: RISCONTRO ANATOMO-PATOLOGICO; stato sanitario: C; provincia: OR; data sospetto: 2026-05-13; data conferma: 2026-05-13; data estinzione: not available; stato evento: Confermato / attivo; is_active: true; sierotipo: nan; geocoding level: province; municipality centroid unavailable; coordinates set to province capital for map display.; geocoding correction v245: municipality centroid matched to Uras (Oristano); previous coordinates 39.90380,8.59260; match=municipality_region.; derived from official BENV/IZS parasitic disease event; territorial context layer, not standalone prevalence estimate"
BENV-PARASITE-BENV-2026-IDATIDOSI-ECHINOCOCCOSI-85411-OVINO,parasites,IZS_BENV,Echinococcus spp.,Echinococcus spp.,,official_event_context,1,1,evidenze,2026-05-13 - 2026-05-13,2026-05-13,2026-05-13,Italy,Sardegna,,SIAPICCIA,39.927948,8.762128,10,#059669,https://www.izs.it/BENV_NEW/datiemappe.html,"Official BENV/IZS table export; disease filter: Idatidosi Echinococcosi; original BENV ID 85411; tipo focolaio: RISCONTRO ANATOMO-PATOLOGICO; stato sanitario: C; provincia: OR; data sospetto: 2026-05-13; data conferma: 2026-05-13; data estinzione: not available; stato evento: Confermato / attivo; is_active: true; sierotipo: nan; geocoding level: province; municipality centroid unavailable; coordinates set to province capital for map display.; geocoding correction v245: municipality centroid matched to Siapiccia (Oristano); previous coordinates 39.90380,8.59260; match=municipality_region.; derived from official BENV/IZS parasitic disease event; territorial context layer, not standalone prevalence estimate"
BENV-PARASITE-BENV-2026-IDATIDOSI-ECHINOCOCCOSI-84691-OVINO,parasites,IZS_BENV,Echinococcus spp.,Echinococcus spp.,,official_event_context,1,1,evidenze,2026-04-20 - 2026-04-20,2026-04-20,2026-04-20,Italy,Sardegna,,LACONI,39.852649,9.050435,10,#059669,https://www.izs.it/BENV_NEW/datiemappe.html,"Official BENV/IZS table export; disease filter: Idatidosi Echinococcosi; original BENV ID 84691; tipo focolaio: RISCONTRO ANATOMO-PATOLOGICO; stato sanitario: C; provincia: OR; data sospetto: 2026-04-20; data conferma: 2026-04-20; data estinzione: not available; stato evento: Confermato / attivo; is_active: true; sierotipo: nan; geocoding level: province; municipality centroid unavailable; coordinates set to province capital for map display.; geocoding correction v245: municipality centroid matched to Laconi (Oristano); previous coordinates 39.90380,8.59260; match=municipality_region.; derived from official BENV/IZS parasitic disease event; territorial context layer, not standalone prevalence estimate"
BENV-PARASITE-BENV-2026-IDATIDOSI-ECHINOCOCCOSI-84695-OVINO,parasites,IZS_BENV,Echinococcus spp.,Echinococcus spp.,,official_event_context,1,1,evidenze,2026-04-28 - 2026-04-28,2026-04-28,2026-04-28,Italy,Sardegna,,MOGORELLA,39.864598,8.857931,10,#059669,https://www.izs.it/BENV_NEW/datiemappe.html,"Official BENV/IZS table export; disease filter: Idatidosi Echinococcosi; original BENV ID 84695; tipo focolaio: RISCONTRO ANATOMO-PATOLOGICO; stato sanitario: C; provincia: OR; data sospetto: 2026-04-28; data conferma: 2026-04-28; data estinzione: not available; stato evento: Confermato / attivo; is_active: true; sierotipo: nan; geocoding level: province; municipality centroid unavailable; coordinates set to province capital for map display.; geocoding correction v245: municipality centroid matched to Mogorella (Oristano); previous coordinates 39.90380,8.59260; match=municipality_region.; derived from official BENV/IZS parasitic disease event; territorial context layer, not standalone prevalence estimate"
BENV-PARASITE-BENV-2026-IDATIDOSI-ECHINOCOCCOSI-85353-OVINO,parasites,IZS_BENV,Echinococcus spp.,Echinococcus spp.,,official_event_context,1,1,evidenze,2026-05-13 - 2026-05-13,2026-05-13,2026-05-13,Italy,Sardegna,,PAU,39.791546,8.802331,10,#059669,https://www.izs.it/BENV_NEW/datiemappe.html,"Official BENV/IZS table export; disease filter: Idatidosi Echinococcosi; original BENV ID 85353; tipo focolaio: RISCONTRO ANATOMO-PATOLOGICO; stato sanitario: C; provincia: OR; data sospetto: 2026-05-13; data conferma: 2026-05-13; data estinzione: not available; stato evento: Confermato / attivo; is_active: true; sierotipo: nan; geocoding level: province; municipality centroid unavailable; coordinates set to province capital for map display.; geocoding correction v245: municipality centroid matched to Pau (Oristano); previous coordinates 39.90380,8.59260; match=municipality_region.; derived from official BENV/IZS parasitic disease event; territorial context layer, not standalone prevalence estimate"
BENV-PARASITE-BENV-2026-IDATIDOSI-ECHINOCOCCOSI-85354-OVINO,parasites,IZS_BENV,Echinococcus spp.,Echinococcus spp.,,official_event_context,1,1,evidenze,2026-05-14 - 2026-05-14,2026-05-14,2026-05-14,Italy,Sardegna,,ALES,39.768245,8.815632,10,#059669,https://www.izs.it/BENV_NEW/datiemappe.html,"Official BENV/IZS table export; disease filter: Idatidosi Echinococcosi; original BENV ID 85354; tipo focolaio: RISCONTRO ANATOMO-PATOLOGICO; stato sanitario: C; provincia: OR; data sospetto: 2026-05-14; data conferma: 2026-05-14; data estinzione: not available; stato evento: Confermato / attivo; is_active: true; sierotipo: nan; geocoding level: province; municipality centroid unavailable; coordinates set to province capital for map display.; geocoding correction v245: municipality centroid matched to Ales (Oristano); previous coordinates 39.90380,8.59260; match=municipality_region.; derived from official BENV/IZS parasitic disease event; territorial context layer, not standalone prevalence estimate"
BENV-PARASITE-BENV-2026-IDATIDOSI-ECHINOCOCCOSI-85472-OVINO,parasites,IZS_BENV,Echinococcus spp.,Echinococcus spp.,,official_event_context,1,1,evidenze,2026-05-22 - 2026-05-22,2026-05-22,2026-05-22,Italy,Sardegna,,TRAMATZA,40.003748,8.649537,10,#059669,https://www.izs.it/BENV_NEW/datiemappe.html,"Official BENV/IZS table export; disease filter: Idatidosi Echinococcosi; original BENV ID 85472; tipo focolaio: RISCONTRO ANATOMO-PATOLOGICO; stato sanitario: C; provincia: OR; data sospetto: 2026-05-21; data conferma: 2026-05-22; data estinzione: not available; stato evento: Confermato / attivo; is_active: true; sierotipo: nan; geocoding level: province; municipality centroid unavailable; coordinates set to province capital for map display.; geocoding correction v245: municipality centroid matched to Tramatza (Oristano); previous coordinates 39.90380,8.59260; match=municipality_region.; derived from official BENV/IZS parasitic disease event; territorial context layer, not standalone prevalence estimate"
BENV-PARASITE-BENV-2026-IDATIDOSI-ECHINOCOCCOSI-85548-OVINO,parasites,IZS_BENV,Echinococcus spp.,Echinococcus spp.,,official_event_context,1,1,evidenze,2026-05-28 - 2026-05-28,2026-05-28,2026-05-28,Italy,Sardegna,,MORGONGIORI,39.746644,8.770131,10,#059669,https://www.izs.it/BENV_NEW/datiemappe.html,"Official BENV/IZS table export; disease filter: Idatidosi Echinococcosi; original BENV ID 85548; tipo focolaio: RISCONTRO ANATOMO-PATOLOGICO; stato sanitario: C; provincia: OR; data sospetto: 2026-05-28; data conferma: 2026-05-28; data estinzione: not available; stato evento: Confermato / attivo; is_active: true; sierotipo: nan; geocoding level: province; municipality centroid unavailable; coordinates set to province capital for map display.; geocoding correction v245: municipality centroid matched to Morgongiori (Oristano); previous coordinates 39.90380,8.59260; match=municipality_region.; derived from official BENV/IZS parasitic disease event; territorial context layer, not standalone prevalence estimate"
BENV-PARASITE-BENV-2026-IDATIDOSI-ECHINOCOCCOSI-85355-OVINO,parasites,IZS_BENV,Echinococcus spp.,Echinococcus spp.,,official_event_context,1,1,evidenze,2026-05-27 - 2026-05-27,2026-05-27,2026-05-27,Italy,Sardegna,,USELLUS,39.809646,8.850732,10,#059669,https://www.izs.it/BENV_NEW/datiemappe.html,"Official BENV/IZS table export; disease filter: Idatidosi Echinococcosi; original BENV ID 85355; tipo focolaio: RISCONTRO ANATOMO-PATOLOGICO; stato sanitario: C; provincia: OR; data sospetto: 2026-05-27; data conferma: 2026-05-27; data estinzione: not available; stato evento: Confermato / attivo; is_active: true; sierotipo: nan; geocoding level: province; municipality centroid unavailable; coordinates set to province capital for map display.; geocoding correction v245: municipality centroid matched to Usellus (Oristano); previous coordinates 39.90380,8.59260; match=municipality_region.; derived from official BENV/IZS parasitic disease event; territorial context layer, not standalone prevalence estimate"
BENV-PARASITE-BENV-2026-IDATIDOSI-ECHINOCOCCOSI-85356-OVINO,parasites,IZS_BENV,Echinococcus spp.,Echinococcus spp.,,official_event_context,1,1,evidenze,2026-05-27 - 2026-05-27,2026-05-27,2026-05-27,Italy,Sardegna,,USELLUS,39.809646,8.850732,10,#059669,https://www.izs.it/BENV_NEW/datiemappe.html,"Official BENV/IZS table export; disease filter: Idatidosi Echinococcosi; original BENV ID 85356; tipo focolaio: RISCONTRO ANATOMO-PATOLOGICO; stato sanitario: C; provincia: OR; data sospetto: 2026-05-27; data conferma: 2026-05-27; data estinzione: not available; stato evento: Confermato / attivo; is_active: true; sierotipo: nan; geocoding level: province; municipality centroid unavailable; coordinates set to province capital for map display.; geocoding correction v245: municipality centroid matched to Usellus (Oristano); previous coordinates 39.90380,8.59260; match=municipality_region.; derived from official BENV/IZS parasitic disease event; territorial context layer, not standalone prevalence estimate"
BENV-PARASITE-BENV-2026-IDATIDOSI-ECHINOCOCCOSI-84850-OVINO,parasites,IZS_BENV,Echinococcus spp.,Echinococcus spp.,,official_event_context,1,1,evidenze,2026-04-20 - 2026-04-20,2026-04-20,2026-04-20,Italy,Sardegna,,ASSOLO,39.809947,8.918233,10,#059669,https://www.izs.it/BENV_NEW/datiemappe.html,"Official BENV/IZS table export; disease filter: Idatidosi Echinococcosi; original BENV ID 84850; tipo focolaio: RISCONTRO ANATOMO-PATOLOGICO; stato sanitario: C; provincia: OR; data sospetto: 2026-04-20; data conferma: 2026-04-20; data estinzione: not available; stato evento: Confermato / attivo; is_active: true; sierotipo: nan; geocoding level: province; municipality centroid unavailable; coordinates set to province capital for map display.; geocoding correction v245: municipality centroid matched to Assolo (Oristano); previous coordinates 39.90380,8.59260; match=municipality_region.; derived from official BENV/IZS parasitic disease event; territorial context layer, not standalone prevalence estimate"
BENV-PARASITE-BENV-2026-IDATIDOSI-ECHINOCOCCOSI-85343-OVINO,parasites,IZS_BENV,Echinococcus spp.,Echinococcus spp.,,official_event_context,1,1,evidenze,2026-05-12 - 2026-05-12,2026-05-12,2026-05-12,Italy,Sardegna,,BARESSA,39.712745,8.875334,10,#059669,https://www.izs.it/BENV_NEW/datiemappe.html,"Official BENV/IZS table export; disease filter: Idatidosi Echinococcosi; original BENV ID 85343; tipo focolaio: RISCONTRO ANATOMO-PATOLOGICO; stato sanitario: C; provincia: OR; data sospetto: 2026-05-12; data conferma: 2026-05-12; data estinzione: not available; stato evento: Confermato / attivo; is_active: true; sierotipo: nan; geocoding level: province; municipality centroid unavailable; coordinates set to province capital for map display.; geocoding correction v245: municipality centroid matched to Baressa (Oristano); previous coordinates 39.90380,8.59260; match=municipality_region.; derived from official BENV/IZS parasitic disease event; territorial context layer, not standalone prevalence estimate"
BENV-PARASITE-BENV-2026-IDATIDOSI-ECHINOCOCCOSI-85346-OVINO,parasites,IZS_BENV,Echinococcus spp.,Echinococcus spp.,,official_event_context,1,1,evidenze,2026-05-08 - 2026-05-08,2026-05-08,2026-05-08,Italy,Sardegna,,SAN NICOLO\' D\'ARCIDANO,39.683392,8.646875,10,#059669,https://www.izs.it/BENV_NEW/datiemappe.html,"Official BENV/IZS table export; disease filter: Idatidosi Echinococcosi; original BENV ID 85346; tipo focolaio: RISCONTRO ANATOMO-PATOLOGICO; stato sanitario: C; provincia: OR; data sospetto: 2026-05-08; data conferma: 2026-05-08; data estinzione: not available; stato evento: Confermato / attivo; is_active: true; sierotipo: nan; geocoding level: province; municipality centroid unavailable; coordinates set to province capital for map display.; geocoding correction v245: municipality centroid matched to San Nicolò d'Arcidano (Oristano); previous coordinates 39.90380,8.59260; match=municipality_region.; derived from official BENV/IZS parasitic disease event; territorial context layer, not standalone prevalence estimate"
BENV-PARASITE-BENV-2026-IDATIDOSI-ECHINOCOCCOSI-85409-OVINO,parasites,IZS_BENV,Echinococcus spp.,Echinococcus spp.,,official_event_context,1,1,evidenze,2026-05-06 - 2026-05-06,2026-05-06,2026-05-06,Italy,Sardegna,,SIAPICCIA,39.927948,8.762128,10,#059669,https://www.izs.it/BENV_NEW/datiemappe.html,"Official BENV/IZS table export; disease filter: Idatidosi Echinococcosi; original BENV ID 85409; tipo focolaio: RISCONTRO ANATOMO-PATOLOGICO; stato sanitario: C; provincia: OR; data sospetto: 2026-05-06; data conferma: 2026-05-06; data estinzione: not available; stato evento: Confermato / attivo; is_active: true; sierotipo: nan; geocoding level: province; municipality centroid unavailable; coordinates set to province capital for map display.; geocoding correction v245: municipality centroid matched to Siapiccia (Oristano); previous coordinates 39.90380,8.59260; match=municipality_region.; derived from official BENV/IZS parasitic disease event; territorial context layer, not standalone prevalence estimate"
BENV-PARASITE-BENV-2026-IDATIDOSI-ECHINOCOCCOSI-85419-OVINO,parasites,IZS_BENV,Echinococcus spp.,Echinococcus spp.,,official_event_context,1,1,evidenze,2026-05-04 - 2026-05-04,2026-05-04,2026-05-04,Italy,Sardegna,,MOGORELLA,39.864598,8.857931,10,#059669,https://www.izs.it/BENV_NEW/datiemappe.html,"Official BENV/IZS table export; disease filter: Idatidosi Echinococcosi; original BENV ID 85419; tipo focolaio: RISCONTRO ANATOMO-PATOLOGICO; stato sanitario: C; provincia: OR; data sospetto: 2026-05-04; data conferma: 2026-05-04; data estinzione: not available; stato evento: Confermato / attivo; is_active: true; sierotipo: nan; geocoding level: province; municipality centroid unavailable; coordinates set to province capital for map display.; geocoding correction v245: municipality centroid matched to Mogorella (Oristano); previous coordinates 39.90380,8.59260; match=municipality_region.; derived from official BENV/IZS parasitic disease event; territorial context layer, not standalone prevalence estimate"
BENV-PARASITE-BENV-2026-IDATIDOSI-ECHINOCOCCOSI-85295-BOVINO,parasites,IZS_BENV,Echinococcus spp.,Echinococcus spp.,,official_event_context,1,1,evidenze,2026-05-20 - 2026-05-20,2026-05-20,2026-05-20,Italy,Sardegna,,MORGONGIORI,39.746644,8.770131,10,#059669,https://www.izs.it/BENV_NEW/datiemappe.html,"Official BENV/IZS table export; disease filter: Idatidosi Echinococcosi; original BENV ID 85295; tipo focolaio: RISCONTRO ANATOMO-PATOLOGICO; stato sanitario: C; provincia: OR; data sospetto: 2026-05-20; data conferma: 2026-05-20; data estinzione: not available; stato evento: Confermato / attivo; is_active: true; sierotipo: nan; geocoding level: province; municipality centroid unavailable; coordinates set to province capital for map display.; geocoding correction v245: municipality centroid matched to Morgongiori (Oristano); previous coordinates 39.90380,8.59260; match=municipality_region.; derived from official BENV/IZS parasitic disease event; territorial context layer, not standalone prevalence estimate"
BENV-PARASITE-BENV-2026-IDATIDOSI-ECHINOCOCCOSI-85545-OVINO,parasites,IZS_BENV,Echinococcus spp.,Echinococcus spp.,,official_event_context,1,1,evidenze,2026-05-20 - 2026-05-20,2026-05-20,2026-05-20,Italy,Sardegna,,OLLASTRA,39.950948,8.734227,10,#059669,https://www.izs.it/BENV_NEW/datiemappe.html,"Official BENV/IZS table export; disease filter: Idatidosi Echinococcosi; original BENV ID 85545; tipo focolaio: RISCONTRO ANATOMO-PATOLOGICO; stato sanitario: C; provincia: OR; data sospetto: 2026-05-20; data conferma: 2026-05-20; data estinzione: not available; stato evento: Confermato / attivo; is_active: true; sierotipo: nan; geocoding level: province; municipality centroid unavailable; coordinates set to province capital for map display.; geocoding correction v245: municipality centroid matched to Ollastra (Oristano); previous coordinates 39.90380,8.59260; match=municipality_region.; derived from official BENV/IZS parasitic disease event; territorial context layer, not standalone prevalence estimate"
BENV-PARASITE-BENV-2026-IDATIDOSI-ECHINOCOCCOSI-84693-OVINO,parasites,IZS_BENV,Echinococcus spp.,Echinococcus spp.,,official_event_context,1,1,evidenze,2026-04-23 - 2026-04-23,2026-04-23,2026-04-23,Italy,Sardegna,,ASUNI,39.872448,8.946433,10,#059669,https://www.izs.it/BENV_NEW/datiemappe.html,"Official BENV/IZS table export; disease filter: Idatidosi Echinococcosi; original BENV ID 84693; tipo focolaio: RISCONTRO ANATOMO-PATOLOGICO; stato sanitario: C; provincia: OR; data sospetto: 2026-04-23; data conferma: 2026-04-23; data estinzione: not available; stato evento: Confermato / attivo; is_active: true; sierotipo: nan; geocoding level: province; municipality centroid unavailable; coordinates set to province capital for map display.; geocoding correction v245: municipality centroid matched to Asuni (Oristano); previous coordinates 39.90380,8.59260; match=municipality_region.; derived from official BENV/IZS parasitic disease event; territorial context layer, not standalone prevalence estimate"
BENV-PARASITE-BENV-2026-IDATIDOSI-ECHINOCOCCOSI-85113-BOVINO,parasites,IZS_BENV,Echinococcus spp.,Echinococcus spp.,,official_event_context,1,1,evidenze,2026-06-11 - 2026-06-11,2026-06-11,2026-06-11,Italy,Sardegna,,SENEGHE,40.082249,8.615723,10,#059669,https://www.izs.it/BENV_NEW/datiemappe.html,"Official BENV/IZS table export; disease filter: Idatidosi Echinococcosi; original BENV ID 85113; tipo focolaio: RISCONTRO ANATOMO-PATOLOGICO; stato sanitario: C; provincia: OR; data sospetto: 2026-06-11; data conferma: 2026-06-11; data estinzione: not available; stato evento: Confermato / attivo; is_active: true; sierotipo: nan; geocoding level: province; municipality centroid unavailable; coordinates set to province capital for map display.; geocoding correction v245: municipality centroid matched to Seneghe (Oristano); previous coordinates 39.90380,8.59260; match=municipality_region.; derived from official BENV/IZS parasitic disease event; territorial context layer, not standalone prevalence estimate"
BENV-PARASITE-BENV-2026-IDATIDOSI-ECHINOCOCCOSI-84851-OVINO,parasites,IZS_BENV,Echinococcus spp.,Echinococcus spp.,,official_event_context,1,1,evidenze,2026-04-24 - 2026-04-24,2026-04-24,2026-04-24,Italy,Sardegna,,NURECI,39.823348,8.973834,10,#059669,https://www.izs.it/BENV_NEW/datiemappe.html,"Official BENV/IZS table export; disease filter: Idatidosi Echinococcosi; original BENV ID 84851; tipo focolaio: RISCONTRO ANATOMO-PATOLOGICO; stato sanitario: C; provincia: OR; data sospetto: 2026-04-24; data conferma: 2026-04-24; data estinzione: not available; stato evento: Confermato / attivo; is_active: true; sierotipo: nan; geocoding level: province; municipality centroid unavailable; coordinates set to province capital for map display.; geocoding correction v245: municipality centroid matched to Nureci (Oristano); previous coordinates 39.90380,8.59260; match=municipality_region.; derived from official BENV/IZS parasitic disease event; territorial context layer, not standalone prevalence estimate"
BENV-PARASITE-BENV-2026-IDATIDOSI-ECHINOCOCCOSI-85410-OVINO,parasites,IZS_BENV,Echinococcus spp.,Echinococcus spp.,,official_event_context,1,1,evidenze,2026-05-08 - 2026-05-08,2026-05-08,2026-05-08,Italy,Sardegna,,SIAMANNA,39.920748,8.761028,10,#059669,https://www.izs.it/BENV_NEW/datiemappe.html,"Official BENV/IZS table export; disease filter: Idatidosi Echinococcosi; original BENV ID 85410; tipo focolaio: RISCONTRO ANATOMO-PATOLOGICO; stato sanitario: C; provincia: OR; data sospetto: 2026-05-08; data conferma: 2026-05-08; data estinzione: not available; stato evento: Confermato / attivo; is_active: true; sierotipo: nan; geocoding level: province; municipality centroid unavailable; coordinates set to province capital for map display.; geocoding correction v245: municipality centroid matched to Siamanna (Oristano); previous coordinates 39.90380,8.59260; match=municipality_region.; derived from official BENV/IZS parasitic disease event; territorial context layer, not standalone prevalence estimate"
BENV-PARASITE-BENV-2026-IDATIDOSI-ECHINOCOCCOSI-85429-OVINO,parasites,IZS_BENV,Echinococcus spp.,Echinococcus spp.,,official_event_context,1,1,evidenze,2026-05-25 - 2026-05-25,2026-05-25,2026-05-25,Italy,Sardegna,,LACONI,39.852649,9.050435,10,#059669,https://www.izs.it/BENV_NEW/datiemappe.html,"Official BENV/IZS table export; disease filter: Idatidosi Echinococcosi; original BENV ID 85429; tipo focolaio: RISCONTRO ANATOMO-PATOLOGICO; stato sanitario: C; provincia: OR; data sospetto: 2026-05-25; data conferma: 2026-05-25; data estinzione: not available; stato evento: Confermato / attivo; is_active: true; sierotipo: nan; geocoding level: province; municipality centroid unavailable; coordinates set to province capital for map display.; geocoding correction v245: municipality centroid matched to Laconi (Oristano); previous coordinates 39.90380,8.59260; match=municipality_region.; derived from official BENV/IZS parasitic disease event; territorial context layer, not standalone prevalence estimate"
BENV-PARASITE-BENV-2026-IDATIDOSI-ECHINOCOCCOSI-85175-BOVINO,parasites,IZS_BENV,Echinococcus spp.,Echinococcus spp.,,official_event_context,1,1,evidenze,2026-06-18 - 2026-06-18,2026-06-18,2026-06-18,Italy,Sardegna,,BAULADU,40.020549,8.671925,10,#059669,https://www.izs.it/BENV_NEW/datiemappe.html,"Official BENV/IZS table export; disease filter: Idatidosi Echinococcosi; original BENV ID 85175; tipo focolaio: RISCONTRO ANATOMO-PATOLOGICO; stato sanitario: C; provincia: OR; data sospetto: 2026-06-18; data conferma: 2026-06-18; data estinzione: not available; stato evento: Confermato / attivo; is_active: true; sierotipo: nan; geocoding level: province; municipality centroid unavailable; coordinates set to province capital for map display.; geocoding correction v245: municipality centroid matched to Bauladu (Oristano); previous coordinates 39.90380,8.59260; match=municipality_region.; derived from official BENV/IZS parasitic disease event; territorial context layer, not standalone prevalence estimate"
BENV-PARASITE-BENV-2026-IDATIDOSI-ECHINOCOCCOSI-84679-OVINO,parasites,IZS_BENV,Echinococcus spp.,Echinococcus spp.,,official_event_context,1,1,evidenze,2026-04-30 - 2026-04-30,2026-04-30,2026-04-30,Italy,Sardegna,,SENEGHE,40.082249,8.615723,10,#059669,https://www.izs.it/BENV_NEW/datiemappe.html,"Official BENV/IZS table export; disease filter: Idatidosi Echinococcosi; original BENV ID 84679; tipo focolaio: RISCONTRO ANATOMO-PATOLOGICO; stato sanitario: C; provincia: OR; data sospetto: 2026-04-30; data conferma: 2026-04-30; data estinzione: not available; stato evento: Confermato / attivo; is_active: true; sierotipo: nan; geocoding level: province; municipality centroid unavailable; coordinates set to province capital for map display.; geocoding correction v245: municipality centroid matched to Seneghe (Oristano); previous coordinates 39.90380,8.59260; match=municipality_region.; derived from official BENV/IZS parasitic disease event; territorial context layer, not standalone prevalence estimate"
BENV-PARASITE-BENV-2026-IDATIDOSI-ECHINOCOCCOSI-84692-OVINO,parasites,IZS_BENV,Echinococcus spp.,Echinococcus spp.,,official_event_context,1,1,evidenze,2026-04-20 - 2026-04-20,2026-04-20,2026-04-20,Italy,Sardegna,,LACONI,39.852649,9.050435,10,#059669,https://www.izs.it/BENV_NEW/datiemappe.html,"Official BENV/IZS table export; disease filter: Idatidosi Echinococcosi; original BENV ID 84692; tipo focolaio: RISCONTRO ANATOMO-PATOLOGICO; stato sanitario: C; provincia: OR; data sospetto: 2026-04-20; data conferma: 2026-04-20; data estinzione: not available; stato evento: Confermato / attivo; is_active: true; sierotipo: nan; geocoding level: province; municipality centroid unavailable; coordinates set to province capital for map display.; geocoding correction v245: municipality centroid matched to Laconi (Oristano); previous coordinates 39.90380,8.59260; match=municipality_region.; derived from official BENV/IZS parasitic disease event; territorial context layer, not standalone prevalence estimate"
BENV-PARASITE-BENV-2026-IDATIDOSI-ECHINOCOCCOSI-85339-OVINO,parasites,IZS_BENV,Echinococcus spp.,Echinococcus spp.,,official_event_context,1,1,evidenze,2026-05-08 - 2026-05-08,2026-05-08,2026-05-08,Italy,Sardegna,,USELLUS,39.809646,8.850732,10,#059669,https://www.izs.it/BENV_NEW/datiemappe.html,"Official BENV/IZS table export; disease filter: Idatidosi Echinococcosi; original BENV ID 85339; tipo focolaio: RISCONTRO ANATOMO-PATOLOGICO; stato sanitario: C; provincia: OR; data sospetto: 2026-05-08; data conferma: 2026-05-08; data estinzione: not available; stato evento: Confermato / attivo; is_active: true; sierotipo: nan; geocoding level: province; municipality centroid unavailable; coordinates set to province capital for map display.; geocoding correction v245: municipality centroid matched to Usellus (Oristano); previous coordinates 39.90380,8.59260; match=municipality_region.; derived from official BENV/IZS parasitic disease event; territorial context layer, not standalone prevalence estimate"
BENV-PARASITE-BENV-2026-IDATIDOSI-ECHINOCOCCOSI-85357-OVINO,parasites,IZS_BENV,Echinococcus spp.,Echinococcus spp.,,official_event_context,1,1,evidenze,2026-05-27 - 2026-05-27,2026-05-27,2026-05-27,Italy,Sardegna,,USELLUS,39.809646,8.850732,10,#059669,https://www.izs.it/BENV_NEW/datiemappe.html,"Official BENV/IZS table export; disease filter: Idatidosi Echinococcosi; original BENV ID 85357; tipo focolaio: RISCONTRO ANATOMO-PATOLOGICO; stato sanitario: C; provincia: OR; data sospetto: 2026-05-27; data conferma: 2026-05-27; data estinzione: not available; stato evento: Confermato / attivo; is_active: true; sierotipo: nan; geocoding level: province; municipality centroid unavailable; coordinates set to province capital for map display.; geocoding correction v245: municipality centroid matched to Usellus (Oristano); previous coordinates 39.90380,8.59260; match=municipality_region.; derived from official BENV/IZS parasitic disease event; territorial context layer, not standalone prevalence estimate"
BENV-PARASITE-BENV-2026-IDATIDOSI-ECHINOCOCCOSI-85412-OVINO,parasites,IZS_BENV,Echinococcus spp.,Echinococcus spp.,,official_event_context,1,1,evidenze,2026-05-13 - 2026-05-13,2026-05-13,2026-05-13,Italy,Sardegna,,OLLASTRA,39.950948,8.734227,10,#059669,https://www.izs.it/BENV_NEW/datiemappe.html,"Official BENV/IZS table export; disease filter: Idatidosi Echinococcosi; original BENV ID 85412; tipo focolaio: RISCONTRO ANATOMO-PATOLOGICO; stato sanitario: C; provincia: OR; data sospetto: 2026-05-13; data conferma: 2026-05-13; data estinzione: not available; stato evento: Confermato / attivo; is_active: true; sierotipo: nan; geocoding level: province; municipality centroid unavailable; coordinates set to province capital for map display.; geocoding correction v245: municipality centroid matched to Ollastra (Oristano); previous coordinates 39.90380,8.59260; match=municipality_region.; derived from official BENV/IZS parasitic disease event; territorial context layer, not standalone prevalence estimate"
BENV-PARASITE-BENV-2026-IDATIDOSI-ECHINOCOCCOSI-85361-OVINO,parasites,IZS_BENV,Echinococcus spp.,Echinococcus spp.,,official_event_context,1,1,evidenze,2026-05-29 - 2026-05-29,2026-05-29,2026-05-29,Italy,Sardegna,,SAN VERO MILIS,40.014548,8.598224,10,#059669,https://www.izs.it/BENV_NEW/datiemappe.html,"Official BENV/IZS table export; disease filter: Idatidosi Echinococcosi; original BENV ID 85361; tipo focolaio: RISCONTRO ANATOMO-PATOLOGICO; stato sanitario: C; provincia: OR; data sospetto: 2026-05-07; data conferma: 2026-05-29; data estinzione: not available; stato evento: Confermato / attivo; is_active: true; sierotipo: nan; geocoding level: province; municipality centroid unavailable; coordinates set to province capital for map display.; geocoding correction v245: municipality centroid matched to San Vero Milis (Oristano); previous coordinates 39.90380,8.59260; match=municipality_region.; derived from official BENV/IZS parasitic disease event; territorial context layer, not standalone prevalence estimate"
BENV-PARASITE-BENV-2026-IDATIDOSI-ECHINOCOCCOSI-85186-BOVINO,parasites,IZS_BENV,Echinococcus spp.,Echinococcus spp.,,official_event_context,1,1,evidenze,2026-05-28 - 2026-05-28,2026-05-28,2026-05-28,Italy,Sardegna,,OLLASTRA,39.950948,8.734227,10,#059669,https://www.izs.it/BENV_NEW/datiemappe.html,"Official BENV/IZS table export; disease filter: Idatidosi Echinococcosi; original BENV ID 85186; tipo focolaio: RISCONTRO ANATOMO-PATOLOGICO; stato sanitario: C; provincia: OR; data sospetto: 2026-05-28; data conferma: 2026-05-28; data estinzione: not available; stato evento: Confermato / attivo; is_active: true; sierotipo: nan; geocoding level: province; municipality centroid unavailable; coordinates set to province capital for map display.; geocoding correction v245: municipality centroid matched to Ollastra (Oristano); previous coordinates 39.90380,8.59260; match=municipality_region.; derived from official BENV/IZS parasitic disease event; territorial context layer, not standalone prevalence estimate"
BENV-PARASITE-BENV-2026-IDATIDOSI-ECHINOCOCCOSI-85189-BOVINO,parasites,IZS_BENV,Echinococcus spp.,Echinococcus spp.,,official_event_context,1,1,evidenze,2026-05-20 - 2026-05-20,2026-05-20,2026-05-20,Italy,Sardegna,,ORISTANO,40.026568,8.679642,10,#059669,https://www.izs.it/BENV_NEW/datiemappe.html,"Official BENV/IZS table export; disease filter: Idatidosi Echinococcosi; original BENV ID 85189; tipo focolaio: RISCONTRO ANATOMO-PATOLOGICO; stato sanitario: C; provincia: OR; data sospetto: 2026-05-20; data conferma: 2026-05-20; data estinzione: not available; stato evento: Confermato / attivo; is_active: true; sierotipo: nan; geocoding level: province; municipality centroid unavailable; coordinates set to province capital for map display.; geocoding correction v245: municipality centroid matched to Oristano (Oristano); previous coordinates 39.90380,8.59260; match=municipality_region.; derived from official BENV/IZS parasitic disease event; territorial context layer, not standalone prevalence estimate"
BENV-PARASITE-BENV-2026-IDATIDOSI-ECHINOCOCCOSI-85535-OVINO,parasites,IZS_BENV,Echinococcus spp.,Echinococcus spp.,,official_event_context,1,1,evidenze,2026-05-08 - 2026-05-08,2026-05-08,2026-05-08,Italy,Sardegna,,BUSACHI,40.032651,8.896729,10,#059669,https://www.izs.it/BENV_NEW/datiemappe.html,"Official BENV/IZS table export; disease filter: Idatidosi Echinococcosi; original BENV ID 85535; tipo focolaio: RISCONTRO ANATOMO-PATOLOGICO; stato sanitario: C; provincia: OR; data sospetto: 2026-05-08; data conferma: 2026-05-08; data estinzione: not available; stato evento: Confermato / attivo; is_active: true; sierotipo: nan; geocoding level: province; municipality centroid unavailable; coordinates set to province capital for map display.; geocoding correction v245: municipality centroid matched to Busachi (Oristano); previous coordinates 39.90380,8.59260; match=municipality_region.; derived from official BENV/IZS parasitic disease event; territorial context layer, not standalone prevalence estimate"
BENV-PARASITE-BENV-2026-IDATIDOSI-ECHINOCOCCOSI-85176-BOVINO,parasites,IZS_BENV,Echinococcus spp.,Echinococcus spp.,,official_event_context,1,1,evidenze,2026-05-07 - 2026-05-07,2026-05-07,2026-05-07,Italy,Sardegna,,SENEGHE,40.082249,8.615723,10,#059669,https://www.izs.it/BENV_NEW/datiemappe.html,"Official BENV/IZS table export; disease filter: Idatidosi Echinococcosi; original BENV ID 85176; tipo focolaio: RISCONTRO ANATOMO-PATOLOGICO; stato sanitario: C; provincia: OR; data sospetto: 2026-05-07; data conferma: 2026-05-07; data estinzione: not available; stato evento: Confermato / attivo; is_active: true; sierotipo: nan; geocoding level: province; municipality centroid unavailable; coordinates set to province capital for map display.; geocoding correction v245: municipality centroid matched to Seneghe (Oristano); previous coordinates 39.90380,8.59260; match=municipality_region.; derived from official BENV/IZS parasitic disease event; territorial context layer, not standalone prevalence estimate"
BENV-PARASITE-BENV-2026-IDATIDOSI-ECHINOCOCCOSI-85423-OVINO,parasites,IZS_BENV,Echinococcus spp.,Echinococcus spp.,,official_event_context,1,1,evidenze,2026-05-05 - 2026-05-05,2026-05-05,2026-05-05,Italy,Sardegna,,LACONI,39.852649,9.050435,10,#059669,https://www.izs.it/BENV_NEW/datiemappe.html,"Official BENV/IZS table export; disease filter: Idatidosi Echinococcosi; original BENV ID 85423; tipo focolaio: RISCONTRO ANATOMO-PATOLOGICO; stato sanitario: C; provincia: OR; data sospetto: 2026-05-05; data conferma: 2026-05-05; data estinzione: not available; stato evento: Confermato / attivo; is_active: true; sierotipo: nan; geocoding level: province; municipality centroid unavailable; coordinates set to province capital for map display.; geocoding correction v245: municipality centroid matched to Laconi (Oristano); previous coordinates 39.90380,8.59260; match=municipality_region.; derived from official BENV/IZS parasitic disease event; territorial context layer, not standalone prevalence estimate"
BENV-PARASITE-BENV-2026-IDATIDOSI-ECHINOCOCCOSI-85437-OVINO,parasites,IZS_BENV,Echinococcus spp.,Echinococcus spp.,,official_event_context,1,1,evidenze,2026-05-06 - 2026-05-06,2026-05-06,2026-05-06,Italy,Sardegna,,PAULILATINO,40.084032,8.763937,10,#059669,https://www.izs.it/BENV_NEW/datiemappe.html,"Official BENV/IZS table export; disease filter: Idatidosi Echinococcosi; original BENV ID 85437; tipo focolaio: RISCONTRO ANATOMO-PATOLOGICO; stato sanitario: C; provincia: OR; data sospetto: 2026-05-06; data conferma: 2026-05-06; data estinzione: not available; stato evento: Confermato / attivo; is_active: true; sierotipo: nan; geocoding level: province; municipality centroid unavailable; coordinates set to province capital for map display.; geocoding correction v245: municipality centroid matched to Paulilatino (Oristano); previous coordinates 39.90380,8.59260; match=municipality_region.; derived from official BENV/IZS parasitic disease event; territorial context layer, not standalone prevalence estimate"
BENV-PARASITE-BENV-2026-IDATIDOSI-ECHINOCOCCOSI-85342-OVINO,parasites,IZS_BENV,Echinococcus spp.,Echinococcus spp.,,official_event_context,1,1,evidenze,2026-05-15 - 2026-05-15,2026-05-15,2026-05-15,Italy,Sardegna,,CUGLIERI,40.188472,8.567405,10,#059669,https://www.izs.it/BENV_NEW/datiemappe.html,"Official BENV/IZS table export; disease filter: Idatidosi Echinococcosi; original BENV ID 85342; tipo focolaio: RISCONTRO ANATOMO-PATOLOGICO; stato sanitario: C; provincia: OR; data sospetto: 2026-05-15; data conferma: 2026-05-15; data estinzione: not available; stato evento: Confermato / attivo; is_active: true; sierotipo: nan; geocoding level: province; municipality centroid unavailable; coordinates set to province capital for map display.; geocoding correction v245: municipality centroid matched to Cuglieri (Oristano); previous coordinates 39.90380,8.59260; match=municipality_region.; derived from official BENV/IZS parasitic disease event; territorial context layer, not standalone prevalence estimate"
BENV-PARASITE-BENV-2026-IDATIDOSI-ECHINOCOCCOSI-85347-OVINO,parasites,IZS_BENV,Echinococcus spp.,Echinococcus spp.,,official_event_context,1,1,evidenze,2026-05-12 - 2026-05-12,2026-05-12,2026-05-12,Italy,Sardegna,,CURCURIS,39.746145,8.830632,10,#059669,https://www.izs.it/BENV_NEW/datiemappe.html,"Official BENV/IZS table export; disease filter: Idatidosi Echinococcosi; original BENV ID 85347; tipo focolaio: RISCONTRO ANATOMO-PATOLOGICO; stato sanitario: C; provincia: OR; data sospetto: 2026-05-12; data conferma: 2026-05-12; data estinzione: not available; stato evento: Confermato / attivo; is_active: true; sierotipo: nan; geocoding level: province; municipality centroid unavailable; coordinates set to province capital for map display.; geocoding correction v245: municipality centroid matched to Curcuris (Oristano); previous coordinates 39.90380,8.59260; match=municipality_region.; derived from official BENV/IZS parasitic disease event; territorial context layer, not standalone prevalence estimate"
BENV-PARASITE-BENV-2026-IDATIDOSI-ECHINOCOCCOSI-85427-OVINO,parasites,IZS_BENV,Echinococcus spp.,Echinococcus spp.,,official_event_context,1,1,evidenze,2026-05-15 - 2026-05-15,2026-05-15,2026-05-15,Italy,Sardegna,,LACONI,39.852649,9.050435,10,#059669,https://www.izs.it/BENV_NEW/datiemappe.html,"Official BENV/IZS table export; disease filter: Idatidosi Echinococcosi; original BENV ID 85427; tipo focolaio: RISCONTRO ANATOMO-PATOLOGICO; stato sanitario: C; provincia: OR; data sospetto: 2026-05-15; data conferma: 2026-05-15; data estinzione: not available; stato evento: Confermato / attivo; is_active: true; sierotipo: nan; geocoding level: province; municipality centroid unavailable; coordinates set to province capital for map display.; geocoding correction v245: municipality centroid matched to Laconi (Oristano); previous coordinates 39.90380,8.59260; match=municipality_region.; derived from official BENV/IZS parasitic disease event; territorial context layer, not standalone prevalence estimate"
BENV-PARASITE-BENV-2026-IDATIDOSI-ECHINOCOCCOSI-85323-BOVINO,parasites,IZS_BENV,Echinococcus spp.,Echinococcus spp.,,official_event_context,1,1,evidenze,2026-05-12 - 2026-05-12,2026-05-12,2026-05-12,Italy,Sardegna,,SAMUGHEO,39.946150,8.940532,10,#059669,https://www.izs.it/BENV_NEW/datiemappe.html,"Official BENV/IZS table export; disease filter: Idatidosi Echinococcosi; original BENV ID 85323; tipo focolaio: RISCONTRO ANATOMO-PATOLOGICO; stato sanitario: C; provincia: OR; data sospetto: 2026-05-12; data conferma: 2026-05-12; data estinzione: not available; stato evento: Confermato / attivo; is_active: true; sierotipo: nan; geocoding level: province; municipality centroid unavailable; coordinates set to province capital for map display.; geocoding correction v245: municipality centroid matched to Samugheo (Oristano); previous coordinates 39.90380,8.59260; match=municipality_region.; derived from official BENV/IZS parasitic disease event; territorial context layer, not standalone prevalence estimate"
BENV-PARASITE-BENV-2026-IDATIDOSI-ECHINOCOCCOSI-84694-OVINO,parasites,IZS_BENV,Echinococcus spp.,Echinococcus spp.,,official_event_context,1,1,evidenze,2026-04-24 - 2026-04-24,2026-04-24,2026-04-24,Italy,Sardegna,,ASUNI,39.872448,8.946433,10,#059669,https://www.izs.it/BENV_NEW/datiemappe.html,"Official BENV/IZS table export; disease filter: Idatidosi Echinococcosi; original BENV ID 84694; tipo focolaio: RISCONTRO ANATOMO-PATOLOGICO; stato sanitario: C; provincia: OR; data sospetto: 2026-04-24; data conferma: 2026-04-24; data estinzione: not available; stato evento: Confermato / attivo; is_active: true; sierotipo: nan; geocoding level: province; municipality centroid unavailable; coordinates set to province capital for map display.; geocoding correction v245: municipality centroid matched to Asuni (Oristano); previous coordinates 39.90380,8.59260; match=municipality_region.; derived from official BENV/IZS parasitic disease event; territorial context layer, not standalone prevalence estimate"
BENV-PARASITE-BENV-2026-IDATIDOSI-ECHINOCOCCOSI-84705-OVINO,parasites,IZS_BENV,Echinococcus spp.,Echinococcus spp.,,official_event_context,1,1,evidenze,2026-04-24 - 2026-04-24,2026-04-24,2026-04-24,Italy,Sardegna,,SAN NICOLO\' D\'ARCIDANO,39.683392,8.646875,10,#059669,https://www.izs.it/BENV_NEW/datiemappe.html,"Official BENV/IZS table export; disease filter: Idatidosi Echinococcosi; original BENV ID 84705; tipo focolaio: RISCONTRO ANATOMO-PATOLOGICO; stato sanitario: C; provincia: OR; data sospetto: 2026-04-24; data conferma: 2026-04-24; data estinzione: not available; stato evento: Confermato / attivo; is_active: true; sierotipo: nan; geocoding level: province; municipality centroid unavailable; coordinates set to province capital for map display.; geocoding correction v245: municipality centroid matched to San Nicolò d'Arcidano (Oristano); previous coordinates 39.90380,8.59260; match=municipality_region.; derived from official BENV/IZS parasitic disease event; territorial context layer, not standalone prevalence estimate"
BENV-PARASITE-BENV-2026-LEISHMANIOSI-85709-CANE,parasites,IZS_BENV,Leishmania infantum,Leishmania infantum,,official_event_context,1,1,evidenze,2026-06-21 - 2026-06-21,2026-06-21,2026-06-21,Italy,Toscana,,GAVORRANO,42.925374,10.905803,10,#059669,https://www.izs.it/BENV_NEW/datiemappe.html,"Official BENV/IZS table export; disease filter: Leishmaniosi; original BENV ID 85709; tipo focolaio: FOCOLAIO CLINICO; stato sanitario: E; provincia: GR; data sospetto: 2026-06-21; data conferma: 2026-06-21; data estinzione: 2026-06-21; stato evento: Estinto; is_active: false; sierotipo: nan; geocoding level: province; municipality centroid unavailable; coordinates set to province capital for map display.; geocoding correction v245: municipality centroid matched to Gavorrano (Grosseto); previous coordinates 42.76350,11.11240; match=municipality_region.; derived from official BENV/IZS parasitic disease event; territorial context layer, not standalone prevalence estimate"
BENV-PARASITE-BENV-2026-LEISHMANIOSI-85203-CANE,parasites,IZS_BENV,Leishmania infantum,Leishmania infantum,,official_event_context,1,1,evidenze,2026-06-19 - 2026-06-19,2026-06-19,2026-06-19,Italy,Toscana,,Grosseto,42.775110,11.287804,10,#059669,https://www.izs.it/BENV_NEW/datiemappe.html,"Official BENV/IZS table export; disease filter: Leishmaniosi; original BENV ID 85203; tipo focolaio: POSITIVITA' DIAGNOSTICA; stato sanitario: E; provincia: GR; data sospetto: 2026-06-19; data conferma: 2026-06-19; data estinzione: 2026-06-19; stato evento: Estinto; is_active: false; sierotipo: nan; geocoding level: municipality; coordinates approximated at municipality centroid.; geocoding correction v245: municipality centroid matched to Grosseto (Grosseto); previous coordinates 42.76350,11.11240; match=municipality_region.; derived from official BENV/IZS parasitic disease event; territorial context layer, not standalone prevalence estimate"
BENV-PARASITE-BENV-2026-LEISHMANIOSI-85169-CANE,parasites,IZS_BENV,Leishmania infantum,Leishmania infantum,,official_event_context,1,1,evidenze,2026-06-16 - 2026-06-16,2026-06-16,2026-06-16,Italy,Toscana,,Grosseto,42.775110,11.287804,10,#059669,https://www.izs.it/BENV_NEW/datiemappe.html,"Official BENV/IZS table export; disease filter: Leishmaniosi; original BENV ID 85169; tipo focolaio: FOCOLAIO CLINICO; stato sanitario: E; provincia: GR; data sospetto: 2026-06-16; data conferma: 2026-06-16; data estinzione: 2026-06-16; stato evento: Estinto; is_active: false; sierotipo: nan; geocoding level: municipality; coordinates approximated at municipality centroid.; geocoding correction v245: municipality centroid matched to Grosseto (Grosseto); previous coordinates 42.76350,11.11240; match=municipality_region.; derived from official BENV/IZS parasitic disease event; territorial context layer, not standalone prevalence estimate"
BENV-PARASITE-BENV-2026-LEISHMANIOSI-85202-CANE,parasites,IZS_BENV,Leishmania infantum,Leishmania infantum,,official_event_context,1,1,evidenze,2026-06-19 - 2026-06-19,2026-06-19,2026-06-19,Italy,Toscana,,Grosseto,42.775110,11.287804,10,#059669,https://www.izs.it/BENV_NEW/datiemappe.html,"Official BENV/IZS table export; disease filter: Leishmaniosi; original BENV ID 85202; tipo focolaio: POSITIVITA' DIAGNOSTICA; stato sanitario: E; provincia: GR; data sospetto: 2026-06-19; data conferma: 2026-06-19; data estinzione: 2026-06-19; stato evento: Estinto; is_active: false; sierotipo: nan; geocoding level: municipality; coordinates approximated at municipality centroid.; geocoding correction v245: municipality centroid matched to Grosseto (Grosseto); previous coordinates 42.76350,11.11240; match=municipality_region.; derived from official BENV/IZS parasitic disease event; territorial context layer, not standalone prevalence estimate"
BENV-PARASITE-BENV-2026-LEISHMANIOSI-85658-CANE,parasites,IZS_BENV,Leishmania infantum,Leishmania infantum,,official_event_context,1,1,evidenze,2026-07-15 - 2026-07-15,2026-07-15,2026-07-15,Italy,Toscana,,SCANSANO,42.688369,11.335453,10,#059669,https://www.izs.it/BENV_NEW/datiemappe.html,"Official BENV/IZS table export; disease filter: Leishmaniosi; original BENV ID 85658; tipo focolaio: FOCOLAIO CLINICO; stato sanitario: E; provincia: GR; data sospetto: 2026-07-15; data conferma: 2026-07-15; data estinzione: 2026-07-16; stato evento: Estinto; is_active: false; sierotipo: nan; geocoding level: province; municipality centroid unavailable; coordinates set to province capital for map display.; geocoding correction v245: municipality centroid matched to Scansano (Grosseto); previous coordinates 42.76350,11.11240; match=municipality_region.; derived from official BENV/IZS parasitic disease event; territorial context layer, not standalone prevalence estimate"
BENV-PARASITE-BENV-2026-LEISHMANIOSI-85171-CANE,parasites,IZS_BENV,Leishmania infantum,Leishmania infantum,,official_event_context,1,1,evidenze,2026-06-16 - 2026-06-16,2026-06-16,2026-06-16,Italy,Toscana,,Campagnatico,42.883729,11.273537,10,#059669,https://www.izs.it/BENV_NEW/datiemappe.html,"Official BENV/IZS table export; disease filter: Leishmaniosi; original BENV ID 85171; tipo focolaio: FOCOLAIO CLINICO; stato sanitario: E; provincia: GR; data sospetto: 2026-06-16; data conferma: 2026-06-16; data estinzione: 2026-06-16; stato evento: Estinto; is_active: false; sierotipo: nan; geocoding level: municipality; coordinates approximated at municipality centroid.; geocoding correction v245: municipality centroid matched to Campagnatico (Grosseto); previous coordinates 42.88260,11.27310; match=municipality_region.; derived from official BENV/IZS parasitic disease event; territorial context layer, not standalone prevalence estimate"
BENV-PARASITE-BENV-2026-LEISHMANIOSI-85655-CANE,parasites,IZS_BENV,Leishmania infantum,Leishmania infantum,,official_event_context,1,1,evidenze,2026-07-15 - 2026-07-15,2026-07-15,2026-07-15,Italy,Toscana,,Grosseto,42.775110,11.287804,10,#059669,https://www.izs.it/BENV_NEW/datiemappe.html,"Official BENV/IZS table export; disease filter: Leishmaniosi; original BENV ID 85655; tipo focolaio: FOCOLAIO CLINICO; stato sanitario: E; provincia: GR; data sospetto: 2026-06-01; data conferma: 2026-07-15; data estinzione: 2026-07-16; stato evento: Estinto; is_active: false; sierotipo: nan; geocoding level: municipality; coordinates approximated at municipality centroid.; geocoding correction v245: municipality centroid matched to Grosseto (Grosseto); previous coordinates 42.76350,11.11240; match=municipality_region.; derived from official BENV/IZS parasitic disease event; territorial context layer, not standalone prevalence estimate"
BENV-PARASITE-BENV-2026-LEISHMANIOSI-85823-CANE,parasites,IZS_BENV,Leishmania infantum,Leishmania infantum,,official_event_context,1,1,evidenze,2026-07-10 - 2026-07-10,2026-07-10,2026-07-10,Italy,Toscana,,Grosseto,42.775110,11.287804,10,#059669,https://www.izs.it/BENV_NEW/datiemappe.html,"Official BENV/IZS table export; disease filter: Leishmaniosi; original BENV ID 85823; tipo focolaio: FOCOLAIO CLINICO; stato sanitario: E; provincia: GR; data sospetto: 2026-05-29; data conferma: 2026-07-10; data estinzione: 2026-07-24; stato evento: Estinto; is_active: false; sierotipo: nan; geocoding level: municipality; coordinates approximated at municipality centroid.; geocoding correction v245: municipality centroid matched to Grosseto (Grosseto); previous coordinates 42.76350,11.11240; match=municipality_region.; derived from official BENV/IZS parasitic disease event; territorial context layer, not standalone prevalence estimate"
BENV-PARASITE-BENV-2026-LEISHMANIOSI-85824-CANE,parasites,IZS_BENV,Leishmania infantum,Leishmania infantum,,official_event_context,1,1,evidenze,2026-07-22 - 2026-07-22,2026-07-22,2026-07-22,Italy,Toscana,,Grosseto,42.775110,11.287804,10,#059669,https://www.izs.it/BENV_NEW/datiemappe.html,"Official BENV/IZS table export; disease filter: Leishmaniosi; original BENV ID 85824; tipo focolaio: FOCOLAIO CLINICO; stato sanitario: E; provincia: GR; data sospetto: 2026-07-16; data conferma: 2026-07-22; data estinzione: 2026-07-24; stato evento: Estinto; is_active: false; sierotipo: nan; geocoding level: municipality; coordinates approximated at municipality centroid.; geocoding correction v245: municipality centroid matched to Grosseto (Grosseto); previous coordinates 42.76350,11.11240; match=municipality_region.; derived from official BENV/IZS parasitic disease event; territorial context layer, not standalone prevalence estimate"
BENV-PARASITE-BENV-2026-LEISHMANIOSI-85115-CANE,parasites,IZS_BENV,Leishmania infantum,Leishmania infantum,,official_event_context,1,1,evidenze,2026-06-16 - 2026-06-16,2026-06-16,2026-06-16,Italy,Toscana,,Grosseto,42.775110,11.287804,10,#059669,https://www.izs.it/BENV_NEW/datiemappe.html,"Official BENV/IZS table export; disease filter: Leishmaniosi; original BENV ID 85115; tipo focolaio: FOCOLAIO CLINICO; stato sanitario: E; provincia: GR; data sospetto: 2026-06-16; data conferma: 2026-06-16; data estinzione: 2026-06-16; stato evento: Estinto; is_active: false; sierotipo: nan; geocoding level: municipality; coordinates approximated at municipality centroid.; geocoding correction v245: municipality centroid matched to Grosseto (Grosseto); previous coordinates 42.76350,11.11240; match=municipality_region.; derived from official BENV/IZS parasitic disease event; territorial context layer, not standalone prevalence estimate"
BENV-PARASITE-BENV-2026-LEISHMANIOSI-85197-CANE,parasites,IZS_BENV,Leishmania infantum,Leishmania infantum,,official_event_context,1,1,evidenze,2026-06-19 - 2026-06-19,2026-06-19,2026-06-19,Italy,Toscana,,Grosseto,42.775110,11.287804,10,#059669,https://www.izs.it/BENV_NEW/datiemappe.html,"Official BENV/IZS table export; disease filter: Leishmaniosi; original BENV ID 85197; tipo focolaio: POSITIVITA' DIAGNOSTICA; stato sanitario: E; provincia: GR; data sospetto: 2026-06-19; data conferma: 2026-06-19; data estinzione: 2026-06-19; stato evento: Estinto; is_active: false; sierotipo: nan; geocoding level: municipality; coordinates approximated at municipality centroid.; geocoding correction v245: municipality centroid matched to Grosseto (Grosseto); previous coordinates 42.76350,11.11240; match=municipality_region.; derived from official BENV/IZS parasitic disease event; territorial context layer, not standalone prevalence estimate"
BENV-PARASITE-BENV-2026-LEISHMANIOSI-85713-CANE,parasites,IZS_BENV,Leishmania infantum,Leishmania infantum,,official_event_context,1,1,evidenze,2026-06-21 - 2026-06-21,2026-06-21,2026-06-21,Italy,Toscana,,GAVORRANO,42.925374,10.905803,10,#059669,https://www.izs.it/BENV_NEW/datiemappe.html,"Official BENV/IZS table export; disease filter: Leishmaniosi; original BENV ID 85713; tipo focolaio: FOCOLAIO CLINICO; stato sanitario: E; provincia: GR; data sospetto: 2026-06-21; data conferma: 2026-06-21; data estinzione: 2026-06-21; stato evento: Estinto; is_active: false; sierotipo: nan; geocoding level: province; municipality centroid unavailable; coordinates set to province capital for map display.; geocoding correction v245: municipality centroid matched to Gavorrano (Grosseto); previous coordinates 42.76350,11.11240; match=municipality_region.; derived from official BENV/IZS parasitic disease event; territorial context layer, not standalone prevalence estimate"
BENV-PARASITE-BENV-2026-LEISHMANIOSI-85894-CANE,parasites,IZS_BENV,Leishmania infantum,Leishmania infantum,,official_event_context,1,1,evidenze,2026-07-20 - 2026-07-20,2026-07-20,2026-07-20,Italy,Toscana,,MONTE ARGENTARIO,42.407352,11.150384,10,#059669,https://www.izs.it/BENV_NEW/datiemappe.html,"Official BENV/IZS table export; disease filter: Leishmaniosi; original BENV ID 85894; tipo focolaio: FOCOLAIO CLINICO; stato sanitario: E; provincia: GR; data sospetto: 2026-07-20; data conferma: 2026-07-20; data estinzione: 2026-07-28; stato evento: Estinto; is_active: false; sierotipo: nan; geocoding level: province; municipality centroid unavailable; coordinates set to province capital for map display.; geocoding correction v245: municipality centroid matched to Monte Argentario (Grosseto); previous coordinates 42.76350,11.11240; match=municipality_region.; derived from official BENV/IZS parasitic disease event; territorial context layer, not standalone prevalence estimate"
BENV-PARASITE-BENV-2026-LEISHMANIOSI-85657-CANE,parasites,IZS_BENV,Leishmania infantum,Leishmania infantum,,official_event_context,1,1,evidenze,2026-07-15 - 2026-07-15,2026-07-15,2026-07-15,Italy,Toscana,,Campagnatico,42.883729,11.273537,10,#059669,https://www.izs.it/BENV_NEW/datiemappe.html,"Official BENV/IZS table export; disease filter: Leishmaniosi; original BENV ID 85657; tipo focolaio: FOCOLAIO CLINICO; stato sanitario: E; provincia: GR; data sospetto: 2026-07-15; data conferma: 2026-07-15; data estinzione: 2026-07-16; stato evento: Estinto; is_active: false; sierotipo: nan; geocoding level: municipality; coordinates approximated at municipality centroid.; geocoding correction v245: municipality centroid matched to Campagnatico (Grosseto); previous coordinates 42.88260,11.27310; match=municipality_region.; derived from official BENV/IZS parasitic disease event; territorial context layer, not standalone prevalence estimate"
BENV-PARASITE-BENV-2026-LEISHMANIOSI-85861-CANE,parasites,IZS_BENV,Leishmania infantum,Leishmania infantum,,official_event_context,1,1,evidenze,2026-06-17 - 2026-06-17,2026-06-17,2026-06-17,Italy,Toscana,,Grosseto,42.775110,11.287804,10,#059669,https://www.izs.it/BENV_NEW/datiemappe.html,"Official BENV/IZS table export; disease filter: Leishmaniosi; original BENV ID 85861; tipo focolaio: FOCOLAIO CLINICO; stato sanitario: E; provincia: GR; data sospetto: 2026-06-17; data conferma: 2026-06-17; data estinzione: 2026-06-17; stato evento: Estinto; is_active: false; sierotipo: nan; geocoding level: municipality; coordinates approximated at municipality centroid.; geocoding correction v245: municipality centroid matched to Grosseto (Grosseto); previous coordinates 42.76350,11.11240; match=municipality_region.; derived from official BENV/IZS parasitic disease event; territorial context layer, not standalone prevalence estimate"
BENV-PARASITE-BENV-2026-LEISHMANIOSI-85485-CANE,parasites,IZS_BENV,Leishmania infantum,Leishmania infantum,,official_event_context,1,1,evidenze,2026-07-03 - 2026-07-03,2026-07-03,2026-07-03,Italy,Toscana,,Grosseto,42.775110,11.287804,10,#059669,https://www.izs.it/BENV_NEW/datiemappe.html,"Official BENV/IZS table export; disease filter: Leishmaniosi; original BENV ID 85485; tipo focolaio: FOCOLAIO CLINICO; stato sanitario: E; provincia: GR; data sospetto: 2026-06-30; data conferma: 2026-07-03; data estinzione: 2026-07-07; stato evento: Estinto; is_active: false; sierotipo: nan; geocoding level: municipality; coordinates approximated at municipality centroid.; geocoding correction v245: municipality centroid matched to Grosseto (Grosseto); previous coordinates 42.76350,11.11240; match=municipality_region.; derived from official BENV/IZS parasitic disease event; territorial context layer, not standalone prevalence estimate"
BENV-PARASITE-BENV-2026-LEISHMANIOSI-84096-CANE,parasites,IZS_BENV,Leishmania infantum,Leishmania infantum,,official_event_context,1,1,evidenze,2026-03-27 - 2026-03-27,2026-03-27,2026-03-27,Italy,Veneto,,Battaglia Terme,45.288143,11.781834,10,#059669,https://www.izs.it/BENV_NEW/datiemappe.html,"Official BENV/IZS table export; disease filter: Leishmaniosi; original BENV ID 84096; tipo focolaio: FOCOLAIO CLINICO; stato sanitario: C; provincia: PD; data sospetto: 2026-03-20; data conferma: 2026-03-27; data estinzione: not available; stato evento: Confermato / attivo; is_active: true; sierotipo: nan; geocoding level: municipality; coordinates approximated at municipality centroid.; geocoding correction v245: municipality centroid matched to Battaglia Terme (Padova); previous coordinates 45.28950,11.78430; match=municipality_region.; derived from official BENV/IZS parasitic disease event; territorial context layer, not standalone prevalence estimate"
BENV-PARASITE-BENV-2026-LEISHMANIOSI-84882-CANE,parasites,IZS_BENV,Leishmania infantum,Leishmania infantum,,official_event_context,1,1,evidenze,2026-04-17 - 2026-04-17,2026-04-17,2026-04-17,Italy,Veneto,,Malo,45.660296,11.407493,10,#059669,https://www.izs.it/BENV_NEW/datiemappe.html,"Official BENV/IZS table export; disease filter: Leishmaniosi; original BENV ID 84882; tipo focolaio: POSITIVITA' DIAGNOSTICA; stato sanitario: C; provincia: VI; data sospetto: 2026-04-15; data conferma: 2026-04-17; data estinzione: not available; stato evento: Confermato / attivo; is_active: true; sierotipo: nan; geocoding level: municipality; coordinates approximated at municipality centroid.; geocoding correction v245: municipality centroid matched to Malo (Vicenza); previous coordinates 45.65970,11.40490; match=municipality_region.; derived from official BENV/IZS parasitic disease event; territorial context layer, not standalone prevalence estimate"
BENV-PARASITE-BENV-2026-LEISHMANIOSI-83740-CANE,parasites,IZS_BENV,Leishmania infantum,Leishmania infantum,,official_event_context,1,1,evidenze,2026-02-14 - 2026-02-14,2026-02-14,2026-02-14,Italy,Veneto,,Valdobbiadene,45.901413,11.995512,10,#059669,https://www.izs.it/BENV_NEW/datiemappe.html,"Official BENV/IZS table export; disease filter: Leishmaniosi; original BENV ID 83740; tipo focolaio: FOCOLAIO CLINICO; stato sanitario: C; provincia: TV; data sospetto: 2026-02-14; data conferma: 2026-02-14; data estinzione: not available; stato evento: Confermato / attivo; is_active: true; sierotipo: nan; geocoding level: municipality; coordinates approximated at municipality centroid.; geocoding correction v245: municipality centroid matched to Valdobbiadene (Treviso); previous coordinates 45.89930,11.99510; match=municipality_region.; derived from official BENV/IZS parasitic disease event; territorial context layer, not standalone prevalence estimate"
BENV-PARASITE-BENV-2026-LEISHMANIOSI-85011-CANE,parasites,IZS_BENV,Leishmania infantum,Leishmania infantum,,official_event_context,1,1,evidenze,2026-05-15 - 2026-05-15,2026-05-15,2026-05-15,Italy,Lombardia,,Brescia,45.779580,10.425873,10,#059669,https://www.izs.it/BENV_NEW/datiemappe.html,"Official BENV/IZS table export; disease filter: Leishmaniosi; original BENV ID 85011; tipo focolaio: FOCOLAIO CLINICO; stato sanitario: C; provincia: BS; data sospetto: 2026-05-14; data conferma: 2026-05-15; data estinzione: not available; stato evento: Confermato / attivo; is_active: true; sierotipo: nan; geocoding level: municipality; coordinates approximated at municipality centroid.; geocoding correction v245: municipality centroid matched to Brescia (Brescia); previous coordinates 45.54160,10.21180; match=municipality_region.; derived from official BENV/IZS parasitic disease event; territorial context layer, not standalone prevalence estimate"
BENV-PARASITE-BENV-2026-LEISHMANIOSI-84095-CANE,parasites,IZS_BENV,Leishmania infantum,Leishmania infantum,,official_event_context,1,1,evidenze,2026-03-18 - 2026-03-18,2026-03-18,2026-03-18,Italy,Veneto,,Cinto Euganeo,45.289467,11.672376,10,#059669,https://www.izs.it/BENV_NEW/datiemappe.html,"Official BENV/IZS table export; disease filter: Leishmaniosi; original BENV ID 84095; tipo focolaio: FOCOLAIO CLINICO; stato sanitario: C; provincia: PD; data sospetto: 2026-03-18; data conferma: 2026-03-18; data estinzione: not available; stato evento: Confermato / attivo; is_active: true; sierotipo: nan; geocoding level: municipality; coordinates approximated at municipality centroid.; geocoding correction v245: municipality centroid matched to Cinto Euganeo (Padova); previous coordinates 45.27550,11.66310; match=municipality_region.; derived from official BENV/IZS parasitic disease event; territorial context layer, not standalone prevalence estimate"
BENV-PARASITE-BENV-2026-LEISHMANIOSI-84886-CANE,parasites,IZS_BENV,Leishmania infantum,Leishmania infantum,,official_event_context,1,1,evidenze,2026-05-25 - 2026-05-25,2026-05-25,2026-05-25,Italy,Veneto,,Malo,45.660296,11.407493,10,#059669,https://www.izs.it/BENV_NEW/datiemappe.html,"Official BENV/IZS table export; disease filter: Leishmaniosi; original BENV ID 84886; tipo focolaio: FOCOLAIO CLINICO; stato sanitario: C; provincia: VI; data sospetto: 2026-05-14; data conferma: 2026-05-25; data estinzione: not available; stato evento: Confermato / attivo; is_active: true; sierotipo: nan; geocoding level: municipality; coordinates approximated at municipality centroid.; geocoding correction v245: municipality centroid matched to Malo (Vicenza); previous coordinates 45.65970,11.40490; match=municipality_region.; derived from official BENV/IZS parasitic disease event; territorial context layer, not standalone prevalence estimate"
BENV-PARASITE-BENV-2026-LEISHMANIOSI-85013-CANE,parasites,IZS_BENV,Leishmania infantum,Leishmania infantum,,official_event_context,1,1,evidenze,2026-05-29 - 2026-05-29,2026-05-29,2026-05-29,Italy,Lombardia,,Pezzaze,45.774127,10.237377,10,#059669,https://www.izs.it/BENV_NEW/datiemappe.html,"Official BENV/IZS table export; disease filter: Leishmaniosi; original BENV ID 85013; tipo focolaio: FOCOLAIO CLINICO; stato sanitario: C; provincia: BS; data sospetto: 2026-05-29; data conferma: 2026-05-29; data estinzione: not available; stato evento: Confermato / attivo; is_active: true; sierotipo: nan; geocoding level: municipality; coordinates approximated at municipality centroid.; geocoding correction v245: municipality centroid matched to Pezzaze (Brescia); previous coordinates 45.77700,10.23690; match=municipality_region.; derived from official BENV/IZS parasitic disease event; territorial context layer, not standalone prevalence estimate"
BENV-PARASITE-BENV-2026-LEISHMANIOSI-84885-CANE,parasites,IZS_BENV,Leishmania infantum,Leishmania infantum,,official_event_context,1,1,evidenze,2026-05-20 - 2026-05-20,2026-05-20,2026-05-20,Italy,Veneto,,Monte di Malo,45.660464,11.362566,10,#059669,https://www.izs.it/BENV_NEW/datiemappe.html,"Official BENV/IZS table export; disease filter: Leishmaniosi; original BENV ID 84885; tipo focolaio: POSITIVITA' DIAGNOSTICA; stato sanitario: C; provincia: VI; data sospetto: 2026-04-01; data conferma: 2026-05-20; data estinzione: not available; stato evento: Confermato / attivo; is_active: true; sierotipo: nan; geocoding level: municipality; coordinates approximated at municipality centroid.; geocoding correction v245: municipality centroid matched to Monte di Malo (Vicenza); previous coordinates 45.66150,11.36150; match=municipality_region.; derived from official BENV/IZS parasitic disease event; territorial context layer, not standalone prevalence estimate"
WNV-2026-IT-CE-001,west_nile,ECDC_CNS_WNV,West Nile virus,West Nile virus,,human_case_area,1,1,evidenze,2026-06-10 - 2026-07-16,2026-06-10,2026-07-16,Italy,Campania,Caserta,Provincia di Caserta,41.203483,14.117058,50,#F59E0B,https://www.centronazionalesangue.it/west-nile-virus-2026/,"ECDC/CNS WNV 2026 affected area; province-level centroid/capital used for map display; territorial geocoding correction v247: snapped to Caserta (Caserta); previous coordinates 41.0747,14.3324; match=province_centroid."
WNV-2026-IT-FI-001,west_nile,ECDC_CNS_WNV,West Nile virus,West Nile virus,,human_case_area,1,1,evidenze,2026-06-12 - 2026-07-16,2026-06-12,2026-07-16,Italy,Toscana,Firenze,Provincia di Firenze,43.769871,11.255576,50,#F59E0B,https://www.centronazionalesangue.it/west-nile-virus-2026/,"ECDC/CNS WNV 2026 affected area; province-level centroid/capital used for map display; territorial geocoding correction v247: snapped to Firenze (Firenze); previous coordinates 43.7696,11.2558; match=province_centroid."
WNV-2026-IT-VR-001,west_nile,ECDC_CNS_WNV,West Nile virus,West Nile virus,,human_case_area,1,1,evidenze,2026-06-19 - 2026-07-16,2026-06-19,2026-07-16,Italy,Veneto,Verona,Provincia di Verona,45.438496,10.992412,50,#F59E0B,https://www.centronazionalesangue.it/west-nile-virus-2026/,"ECDC/CNS WNV 2026 affected area; province-level centroid/capital used for map display; territorial geocoding correction v247: snapped to Verona (Verona); previous coordinates 45.4384,10.9916; match=province_centroid."
WNV-2026-IT-SU-001,west_nile,CNS_WNV,West Nile virus,West Nile virus,,prevention_measure_area,1,1,evidenze,2026-06-19 - 2026-07-16,2026-06-19,2026-07-16,Italy,Sardegna,Medio Campidano,Provincia del Medio Campidano,39.5316,8.7041,50,#F59E0B,https://www.centronazionalesangue.it/west-nile-virus-2026/,CNS WNV prevention measure area; province-level centroid/capital used for map display
WNV-2026-IT-FE-001,west_nile,CNS_WNV,West Nile virus,West Nile virus,,prevention_measure_area,1,1,evidenze,2026-06-19 - 2026-07-16,2026-06-19,2026-07-16,Italy,Emilia-Romagna,Ferrara,Provincia di Ferrara,44.766764,11.827939,50,#F59E0B,https://www.centronazionalesangue.it/west-nile-virus-2026/,"CNS WNV prevention measure area; province-level centroid/capital used for map display; territorial geocoding correction v247: snapped to Ferrara (Ferrara); previous coordinates 44.8353,11.6198; match=province_centroid."
WNV-2026-IT-RO-001,west_nile,CNS_WNV,West Nile virus,West Nile virus,,prevention_measure_area,1,1,evidenze,2026-06-19 - 2026-07-16,2026-06-19,2026-07-16,Italy,Veneto,Rovigo,Provincia di Rovigo,44.977206,12.274190,50,#F59E0B,https://www.centronazionalesangue.it/west-nile-virus-2026/,"CNS WNV prevention measure area; province-level centroid/capital used for map display; territorial geocoding correction v247: snapped to Rovigo (Rovigo); previous coordinates 45.0703,11.7904; match=province_centroid."
WNV-2026-IT-PV-001,west_nile,CNS_WNV,West Nile virus,West Nile virus,,prevention_measure_area,1,1,evidenze,2026-06-25 - 2026-07-16,2026-06-25,2026-07-16,Italy,Lombardia,Pavia,Provincia di Pavia,45.036855,9.137825,50,#F59E0B,https://www.centronazionalesangue.it/west-nile-virus-2026/,"CNS WNV prevention measure area; province-level centroid/capital used for map display; territorial geocoding correction v247: snapped to Pavia (Pavia); previous coordinates 45.1847,9.1582; match=province_centroid."
WNV-2026-IT-MN-001,west_nile,CNS_WNV,West Nile virus,West Nile virus,,prevention_measure_area,1,1,evidenze,2026-06-30 - 2026-07-16,2026-06-30,2026-07-16,Italy,Lombardia,Mantova,Provincia di Mantova,45.169362,10.670616,50,#F59E0B,https://www.centronazionalesangue.it/west-nile-virus-2026/,"CNS WNV prevention measure area; province-level centroid/capital used for map display; territorial geocoding correction v247: snapped to Mantova (Mantova); previous coordinates 45.1564,10.7914; match=province_centroid."
WNV-2026-IT-BS-001,west_nile,CNS_WNV,West Nile virus,West Nile virus,,prevention_measure_area,1,1,evidenze,2026-06-30 - 2026-07-16,2026-06-30,2026-07-16,Italy,Lombardia,Brescia,Provincia di Brescia,45.779580,10.425873,50,#F59E0B,https://www.centronazionalesangue.it/west-nile-virus-2026/,"CNS WNV prevention measure area; province-level centroid/capital used for map display; territorial geocoding correction v247: snapped to Brescia (Brescia); previous coordinates 45.5416,10.2118; match=province_centroid."
WNV-2026-IT-BG-001,west_nile,CNS_WNV,West Nile virus,West Nile virus,,prevention_measure_area,1,1,evidenze,2026-06-30 - 2026-07-16,2026-06-30,2026-07-16,Italy,Lombardia,Bergamo,Provincia di Bergamo,45.756656,9.754219,50,#F59E0B,https://www.centronazionalesangue.it/west-nile-virus-2026/,"CNS WNV prevention measure area; province-level centroid/capital used for map display; territorial geocoding correction v247: snapped to Bergamo (Bergamo); previous coordinates 45.6983,9.6773; match=province_centroid."
WNV-2026-IT-BO-001,west_nile,CNS_WNV,West Nile virus,West Nile virus,,prevention_measure_area,1,1,evidenze,2026-07-01 - 2026-07-16,2026-07-01,2026-07-16,Italy,Emilia-Romagna,Bologna,Provincia di Bologna,44.493758,11.343031,50,#F59E0B,https://www.centronazionalesangue.it/west-nile-virus-2026/,"CNS WNV prevention measure area; province-level centroid/capital used for map display; territorial geocoding correction v247: snapped to Bologna (Bologna); previous coordinates 44.4949,11.3426; match=province_centroid."
WNV-2026-IT-VC-001,west_nile,CNS_WNV,West Nile virus,West Nile virus,,prevention_measure_area,1,1,evidenze,2026-07-01 - 2026-07-16,2026-07-01,2026-07-16,Italy,Piemonte,Vercelli,Provincia di Vercelli,45.555383,8.346284,50,#F59E0B,https://www.centronazionalesangue.it/west-nile-virus-2026/,"CNS WNV prevention measure area; province-level centroid/capital used for map display; territorial geocoding correction v247: snapped to Vercelli (Vercelli); previous coordinates 45.323,8.4232; match=province_centroid."
WNV-2026-IT-VB-001,west_nile,CNS_WNV,West Nile virus,West Nile virus,,prevention_measure_area,1,1,evidenze,2026-07-01 - 2026-07-16,2026-07-01,2026-07-16,Italy,Piemonte,Verbano-Cusio-Ossola,Provincia del Verbano-Cusio-Ossola,46.056880,8.096460,50,#F59E0B,https://www.centronazionalesangue.it/west-nile-virus-2026/,"CNS WNV prevention measure area; province-level centroid/capital used for map display; territorial geocoding correction v247: snapped to Antrona Schieranco (Verbano-Cusio-Ossola); previous coordinates 45.9214,8.5518; match=province_centroid."
WNV-2026-IT-NO-001,west_nile,CNS_WNV,West Nile virus,West Nile virus,,prevention_measure_area,1,1,evidenze,2026-07-01 - 2026-07-16,2026-07-01,2026-07-16,Italy,Piemonte,Novara,Provincia di Novara,45.584250,8.545997,50,#F59E0B,https://www.centronazionalesangue.it/west-nile-virus-2026/,"CNS WNV prevention measure area; province-level centroid/capital used for map display; territorial geocoding correction v247: snapped to Novara (Novara); previous coordinates 45.4469,8.6212; match=province_centroid."
WNV-2026-IT-AL-001,west_nile,CNS_WNV,West Nile virus,West Nile virus,,prevention_measure_area,1,1,evidenze,2026-07-01 - 2026-07-16,2026-07-01,2026-07-16,Italy,Piemonte,Alessandria,Provincia di Alessandria,44.834953,8.745030,50,#F59E0B,https://www.centronazionalesangue.it/west-nile-virus-2026/,"CNS WNV prevention measure area; province-level centroid/capital used for map display; territorial geocoding correction v247: snapped to Alessandria (Alessandria); previous coordinates 44.9125,8.6189; match=province_centroid."
WNV-2026-IT-GE-001,west_nile,CNS_WNV,West Nile virus,West Nile virus,,prevention_measure_area,1,1,evidenze,2026-07-02 - 2026-07-16,2026-07-02,2026-07-16,Italy,Liguria,Genova,Provincia di Genova,44.407260,8.933862,50,#F59E0B,https://www.centronazionalesangue.it/west-nile-virus-2026/,"CNS WNV prevention measure area; province-level centroid/capital used for map display; territorial geocoding correction v247: snapped to Genova (Genova); previous coordinates 44.4056,8.9463; match=province_centroid."
WNV-2026-IT-PD-001,west_nile,CNS_WNV,West Nile virus,West Nile virus,,prevention_measure_area,1,1,evidenze,2026-07-03 - 2026-07-16,2026-07-03,2026-07-16,Italy,Veneto,Padova,Provincia di Padova,45.407717,11.873446,50,#F59E0B,https://www.centronazionalesangue.it/west-nile-virus-2026/,"CNS WNV prevention measure area; province-level centroid/capital used for map display; territorial geocoding correction v247: snapped to Padova (Padova); previous coordinates 45.4064,11.8768; match=province_centroid."
WNV-2026-IT-VE-001,west_nile,AVIS_CNS_WNV,West Nile virus,West Nile virus,,prevention_measure_area,1,1,evidenze,2026-07-09 - 2026-07-16,2026-07-09,2026-07-16,Italy,Veneto,Venezia,Provincia di Venezia,45.437191,12.334590,50,#F59E0B,https://www.avis.it/west-nile-virus-le-misure-di-prevenzione-per-il-2026/,"AVIS/CNS WNV prevention measure area; province-level centroid/capital used for map display; territorial geocoding correction v247: snapped to Venezia (Venezia); previous coordinates 45.4408,12.3155; match=province_centroid."
WNV-2026-IT-VI-001,west_nile,AVIS_CNS_WNV,West Nile virus,West Nile virus,,prevention_measure_area,1,1,evidenze,2026-07-09 - 2026-07-16,2026-07-09,2026-07-16,Italy,Veneto,Vicenza,Provincia di Vicenza,45.634859,11.406354,50,#F59E0B,https://www.avis.it/west-nile-virus-le-misure-di-prevenzione-per-il-2026/,"AVIS/CNS WNV prevention measure area; province-level centroid/capital used for map display; territorial geocoding correction v247: snapped to Vicenza (Vicenza); previous coordinates 45.5455,11.5354; match=province_centroid."
WNV-2026-IT-MI-001,west_nile,AVIS_CNS_WNV,West Nile virus,West Nile virus,,prevention_measure_area,1,1,evidenze,2026-07-08 - 2026-07-16,2026-07-08,2026-07-16,Italy,Lombardia,Milano,Provincia di Milano,45.466800,9.190500,50,#F59E0B,https://www.avis.it/west-nile-virus-le-misure-di-prevenzione-per-il-2026/,"AVIS/CNS WNV prevention measure area; province-level centroid/capital used for map display; territorial geocoding correction v247: snapped to Milano (Milano); previous coordinates 45.4642,9.19; match=province_centroid."
WNV-2026-IT-LO-001,west_nile,AVIS_CNS_WNV,West Nile virus,West Nile virus,,prevention_measure_area,1,1,evidenze,2026-07-08 - 2026-07-16,2026-07-08,2026-07-16,Italy,Lombardia,Lodi,Provincia di Lodi,45.261310,9.491678,50,#F59E0B,https://www.avis.it/west-nile-virus-le-misure-di-prevenzione-per-il-2026/,"AVIS/CNS WNV prevention measure area; province-level centroid/capital used for map display; territorial geocoding correction v247: snapped to Lodi (Lodi); previous coordinates 45.3136,9.5035; match=province_centroid."
WNV-2026-IT-MB-001,west_nile,AVIS_CNS_WNV,West Nile virus,West Nile virus,,prevention_measure_area,1,1,evidenze,2026-07-08 - 2026-07-16,2026-07-08,2026-07-16,Italy,Lombardia,Monza-Brianza,Provincia di Monza e Brianza,45.5845,9.2744,50,#F59E0B,https://www.avis.it/west-nile-virus-le-misure-di-prevenzione-per-il-2026/,AVIS/CNS WNV prevention measure area; province-level centroid/capital used for map display
WNV-2026-IT-MO-001,west_nile,AVIS_CNS_WNV,West Nile virus,West Nile virus,,prevention_measure_area,1,1,evidenze,2026-07-06 - 2026-07-16,2026-07-06,2026-07-16,Italy,Emilia-Romagna,Modena,Provincia di Modena,44.538473,10.935961,50,#F59E0B,https://www.avis.it/west-nile-virus-le-misure-di-prevenzione-per-il-2026/,"AVIS/CNS WNV prevention measure area; province-level centroid/capital used for map display; territorial geocoding correction v247: snapped to Modena (Modena); previous coordinates 44.6471,10.9252; match=province_centroid."
WNV-2026-IT-PR-001,west_nile,AVIS_CNS_WNV,West Nile virus,West Nile virus,,prevention_measure_area,1,1,evidenze,2026-07-06 - 2026-07-16,2026-07-06,2026-07-16,Italy,Emilia-Romagna,Parma,Provincia di Parma,44.801368,10.328083,50,#F59E0B,https://www.avis.it/west-nile-virus-le-misure-di-prevenzione-per-il-2026/,"AVIS/CNS WNV prevention measure area; province-level centroid/capital used for map display; territorial geocoding correction v247: snapped to Parma (Parma); previous coordinates 44.8015,10.3279; match=province_centroid."
WNV-2026-IT-RE-001,west_nile,AVIS_CNS_WNV,West Nile virus,West Nile virus,,prevention_measure_area,1,1,evidenze,2026-07-03 - 2026-07-16,2026-07-03,2026-07-16,Italy,Emilia-Romagna,Reggio Emilia,Provincia di Reggio Emilia,44.6983,10.63,50,#F59E0B,https://www.avis.it/west-nile-virus-le-misure-di-prevenzione-per-il-2026/,AVIS/CNS WNV prevention measure area; province-level centroid/capital used for map display
WNV-2026-IT-PC-001,west_nile,AVIS_CNS_WNV,West Nile virus,West Nile virus,,prevention_measure_area,1,1,evidenze,2026-07-03 - 2026-07-16,2026-07-03,2026-07-16,Italy,Emilia-Romagna,Piacenza,Provincia di Piacenza,44.847635,9.666531,50,#F59E0B,https://www.avis.it/west-nile-virus-le-misure-di-prevenzione-per-il-2026/,"AVIS/CNS WNV prevention measure area; province-level centroid/capital used for map display; territorial geocoding correction v247: snapped to Piacenza (Piacenza); previous coordinates 45.0526,9.6937; match=province_centroid."
WNV-2026-IT-CR-001,west_nile,AVIS_CNS_WNV,West Nile virus,West Nile virus,,prevention_measure_area,1,1,evidenze,2026-07-03 - 2026-07-16,2026-07-03,2026-07-16,Italy,Lombardia,Cremona,Provincia di Cremona,45.220864,10.037038,50,#F59E0B,https://www.avis.it/west-nile-virus-le-misure-di-prevenzione-per-il-2026/,"AVIS/CNS WNV prevention measure area; province-level centroid/capital used for map display; territorial geocoding correction v247: snapped to Cremona (Cremona); previous coordinates 45.1332,10.0227; match=province_centroid."
