file,external_id,category,source,label,location,province,precision,match,old_lat,old_lon,new_lat,new_lon,changed
territorial_layers.csv,VECTORNET-IT-2026-AEDES-ALBOPICTUS-TORINO,vectors,VECTORNET_CURATED,Aedes albopictus,Torino,Torino,comunale,municipality_region,45.0703,7.6869,45.067755,7.682489,true
territorial_layers.csv,VECTORNET-IT-2026-AEDES-ALBOPICTUS-CUNEO,vectors,VECTORNET_CURATED,Aedes albopictus,Cuneo,Cuneo,comunale,municipality_region,44.3845,7.5427,44.458070,7.558137,true
territorial_layers.csv,VECTORNET-IT-2026-AEDES-ALBOPICTUS-MILANO,vectors,VECTORNET_CURATED,Aedes albopictus,Milano,Milano,comunale,municipality_region,45.4642,9.1900,45.466800,9.190500,true
territorial_layers.csv,VECTORNET-IT-2026-AEDES-ALBOPICTUS-PAVIA,vectors,VECTORNET_CURATED,Aedes albopictus,Pavia,Pavia,comunale,municipality_region,45.1847,9.1582,45.036855,9.137825,true
territorial_layers.csv,VECTORNET-IT-2026-AEDES-ALBOPICTUS-BRESCIA,vectors,VECTORNET_CURATED,Aedes albopictus,Brescia,Brescia,comunale,municipality_region,45.5416,10.2118,45.779580,10.425873,true
territorial_layers.csv,VECTORNET-IT-2026-AEDES-ALBOPICTUS-GENOVA,vectors,VECTORNET_CURATED,Aedes albopictus,Genova,Genova,comunale,municipality_region,44.4048,8.9444,44.407260,8.933862,true
territorial_layers.csv,VECTORNET-IT-2026-AEDES-ALBOPICTUS-VERONA,vectors,VECTORNET_CURATED,Aedes albopictus,Verona,Verona,comunale,municipality_region,45.4384,10.9916,45.438496,10.992412,true
territorial_layers.csv,VECTORNET-IT-2026-AEDES-ALBOPICTUS-PADOVA,vectors,VECTORNET_CURATED,Aedes albopictus,Padova,Padova,comunale,municipality_region,45.4064,11.8768,45.407717,11.873446,true
territorial_layers.csv,VECTORNET-IT-2026-AEDES-ALBOPICTUS-BOLOGNA,vectors,VECTORNET_CURATED,Aedes albopictus,Bologna,Bologna,comunale,municipality_region,44.4949,11.3426,44.493758,11.343031,true
territorial_layers.csv,VECTORNET-IT-2026-AEDES-ALBOPICTUS-PARMA,vectors,VECTORNET_CURATED,Aedes albopictus,Parma,Parma,comunale,municipality_region,44.8015,10.3279,44.801368,10.328083,true
territorial_layers.csv,VECTORNET-IT-2026-AEDES-ALBOPICTUS-FIRENZE,vectors,VECTORNET_CURATED,Aedes albopictus,Firenze,Firenze,comunale,municipality_region,43.7696,11.2558,43.769871,11.255576,true
territorial_layers.csv,VECTORNET-IT-2026-AEDES-ALBOPICTUS-GROSSETO,vectors,VECTORNET_CURATED,Aedes albopictus,Grosseto,Grosseto,comunale,municipality_region,42.7635,11.1124,42.775110,11.287804,true
territorial_layers.csv,VECTORNET-IT-2026-AEDES-ALBOPICTUS-ROMA,vectors,VECTORNET_CURATED,Aedes albopictus,Roma,Roma,comunale,municipality_region,41.9028,12.4964,41.893320,12.482932,true
territorial_layers.csv,VECTORNET-IT-2026-AEDES-ALBOPICTUS-NAPOLI,vectors,VECTORNET_CURATED,Aedes albopictus,Napoli,Napoli,comunale,municipality_region,40.8518,14.2681,40.835934,14.248783,true
territorial_layers.csv,VECTORNET-IT-2026-AEDES-ALBOPICTUS-CASERTA,vectors,VECTORNET_CURATED,Aedes albopictus,Caserta,Caserta,comunale,municipality_region,41.0747,14.3324,41.203483,14.117058,true
territorial_layers.csv,VECTORNET-IT-2026-AEDES-ALBOPICTUS-BARI,vectors,VECTORNET_CURATED,Aedes albopictus,Bari,Bari,comunale,municipality_region,41.1171,16.8719,41.125784,16.862029,true
territorial_layers.csv,VECTORNET-IT-2026-AEDES-ALBOPICTUS-PALERMO,vectors,VECTORNET_CURATED,Aedes albopictus,Palermo,Palermo,comunale,municipality_region,38.1157,13.3615,38.111227,13.352443,true
territorial_layers.csv,VECTORNET-IT-2026-AEDES-ALBOPICTUS-CAGLIARI,vectors,VECTORNET_CURATED,Aedes albopictus,Cagliari,Cagliari,comunale,municipality_region,39.2238,9.1217,39.216953,9.112851,true
territorial_layers.csv,VECTORNET-IT-2026-AEDES-JAPONICUS-TORINO,vectors,VECTORNET_CURATED,Aedes japonicus,Torino,Torino,comunale,municipality_region,45.0703,7.6869,45.067755,7.682489,true
territorial_layers.csv,VECTORNET-IT-2026-AEDES-JAPONICUS-CUNEO,vectors,VECTORNET_CURATED,Aedes japonicus,Cuneo,Cuneo,comunale,municipality_region,44.3845,7.5427,44.458070,7.558137,true
territorial_layers.csv,VECTORNET-IT-2026-AEDES-JAPONICUS-VERONA,vectors,VECTORNET_CURATED,Aedes japonicus,Verona,Verona,comunale,municipality_region,45.4384,10.9916,45.438496,10.992412,true
territorial_layers.csv,VECTORNET-IT-2026-AEDES-JAPONICUS-PADOVA,vectors,VECTORNET_CURATED,Aedes japonicus,Padova,Padova,comunale,municipality_region,45.4064,11.8768,45.407717,11.873446,true
territorial_layers.csv,VECTORNET-IT-2026-AEDES-JAPONICUS-BRESCIA,vectors,VECTORNET_CURATED,Aedes japonicus,Brescia,Brescia,comunale,municipality_region,45.5416,10.2118,45.779580,10.425873,true
territorial_layers.csv,VECTORNET-IT-2026-AEDES-JAPONICUS-MILANO,vectors,VECTORNET_CURATED,Aedes japonicus,Milano,Milano,comunale,municipality_region,45.4642,9.1900,45.466800,9.190500,true
territorial_layers.csv,VECTORNET-IT-2026-AEDES-JAPONICUS-PAVIA,vectors,VECTORNET_CURATED,Aedes japonicus,Pavia,Pavia,comunale,municipality_region,45.1847,9.1582,45.036855,9.137825,true
territorial_layers.csv,VECTORNET-IT-2026-AEDES-KOREICUS-TORINO,vectors,VECTORNET_CURATED,Aedes koreicus,Torino,Torino,comunale,municipality_region,45.0703,7.6869,45.067755,7.682489,true
territorial_layers.csv,VECTORNET-IT-2026-AEDES-KOREICUS-CUNEO,vectors,VECTORNET_CURATED,Aedes koreicus,Cuneo,Cuneo,comunale,municipality_region,44.3845,7.5427,44.458070,7.558137,true
territorial_layers.csv,VECTORNET-IT-2026-AEDES-KOREICUS-MILANO,vectors,VECTORNET_CURATED,Aedes koreicus,Milano,Milano,comunale,municipality_region,45.4642,9.1900,45.466800,9.190500,true
territorial_layers.csv,VECTORNET-IT-2026-AEDES-KOREICUS-BRESCIA,vectors,VECTORNET_CURATED,Aedes koreicus,Brescia,Brescia,comunale,municipality_region,45.5416,10.2118,45.779580,10.425873,true
territorial_layers.csv,VECTORNET-IT-2026-AEDES-KOREICUS-GENOVA,vectors,VECTORNET_CURATED,Aedes koreicus,Genova,Genova,comunale,municipality_region,44.4048,8.9444,44.407260,8.933862,true
territorial_layers.csv,VECTORNET-IT-2026-AEDES-KOREICUS-VERONA,vectors,VECTORNET_CURATED,Aedes koreicus,Verona,Verona,comunale,municipality_region,45.4384,10.9916,45.438496,10.992412,true
territorial_layers.csv,VECTORNET-IT-2026-AEDES-KOREICUS-PADOVA,vectors,VECTORNET_CURATED,Aedes koreicus,Padova,Padova,comunale,municipality_region,45.4064,11.8768,45.407717,11.873446,true
territorial_layers.csv,VECTORNET-IT-2026-AEDES-KOREICUS-PAVIA,vectors,VECTORNET_CURATED,Aedes koreicus,Pavia,Pavia,comunale,municipality_region,45.1847,9.1582,45.036855,9.137825,true
territorial_layers.csv,VECTORNET-IT-2026-AEDES-KOREICUS-BOLOGNA,vectors,VECTORNET_CURATED,Aedes koreicus,Bologna,Bologna,comunale,municipality_region,44.4949,11.3426,44.493758,11.343031,true
territorial_layers.csv,VECTORNET-CURATED-2026-IXODES-RICINUS-TORINO,vectors,VECTORNET_CURATED,Ixodes ricinus,Torino,Torino,comunale,municipality_region,45.0703,7.6869,45.067755,7.682489,true
territorial_layers.csv,VECTORNET-CURATED-2026-IXODES-RICINUS-CUNEO,vectors,VECTORNET_CURATED,Ixodes ricinus,Cuneo,Cuneo,comunale,municipality_region,44.3845,7.5427,44.458070,7.558137,true
territorial_layers.csv,VECTORNET-CURATED-2026-IXODES-RICINUS-MILANO,vectors,VECTORNET_CURATED,Ixodes ricinus,Milano,Milano,comunale,municipality_region,45.4642,9.1900,45.466800,9.190500,true
territorial_layers.csv,VECTORNET-CURATED-2026-IXODES-RICINUS-PAVIA,vectors,VECTORNET_CURATED,Ixodes ricinus,Pavia,Pavia,comunale,municipality_region,45.1847,9.1582,45.036855,9.137825,true
territorial_layers.csv,VECTORNET-CURATED-2026-IXODES-RICINUS-BRESCIA,vectors,VECTORNET_CURATED,Ixodes ricinus,Brescia,Brescia,comunale,municipality_region,45.5416,10.2118,45.779580,10.425873,true
territorial_layers.csv,VECTORNET-CURATED-2026-IXODES-RICINUS-GENOVA,vectors,VECTORNET_CURATED,Ixodes ricinus,Genova,Genova,comunale,municipality_region,44.4048,8.9444,44.407260,8.933862,true
territorial_layers.csv,VECTORNET-CURATED-2026-IXODES-RICINUS-VERONA,vectors,VECTORNET_CURATED,Ixodes ricinus,Verona,Verona,comunale,municipality_region,45.4384,10.9916,45.438496,10.992412,true
territorial_layers.csv,VECTORNET-CURATED-2026-IXODES-RICINUS-PADOVA,vectors,VECTORNET_CURATED,Ixodes ricinus,Padova,Padova,comunale,municipality_region,45.4064,11.8768,45.407717,11.873446,true
territorial_layers.csv,VECTORNET-CURATED-2026-IXODES-RICINUS-BOLOGNA,vectors,VECTORNET_CURATED,Ixodes ricinus,Bologna,Bologna,comunale,municipality_region,44.4949,11.3426,44.493758,11.343031,true
territorial_layers.csv,VECTORNET-CURATED-2026-IXODES-RICINUS-PARMA,vectors,VECTORNET_CURATED,Ixodes ricinus,Parma,Parma,comunale,municipality_region,44.8015,10.3279,44.801368,10.328083,true
territorial_layers.csv,VECTORNET-CURATED-2026-IXODES-RICINUS-FIRENZE,vectors,VECTORNET_CURATED,Ixodes ricinus,Firenze,Firenze,comunale,municipality_region,43.7696,11.2558,43.769871,11.255576,true
territorial_layers.csv,VECTORNET-CURATED-2026-RHIPICEPHALUS-SANGUINEUS-TORINO,vectors,VECTORNET_CURATED,Rhipicephalus sanguineus,Torino,Torino,comunale,municipality_region,45.0703,7.6869,45.067755,7.682489,true
territorial_layers.csv,VECTORNET-CURATED-2026-RHIPICEPHALUS-SANGUINEUS-CUNEO,vectors,VECTORNET_CURATED,Rhipicephalus sanguineus,Cuneo,Cuneo,comunale,municipality_region,44.3845,7.5427,44.458070,7.558137,true
territorial_layers.csv,VECTORNET-CURATED-2026-RHIPICEPHALUS-SANGUINEUS-MILANO,vectors,VECTORNET_CURATED,Rhipicephalus sanguineus,Milano,Milano,comunale,municipality_region,45.4642,9.1900,45.466800,9.190500,true
territorial_layers.csv,VECTORNET-CURATED-2026-RHIPICEPHALUS-SANGUINEUS-PAVIA,vectors,VECTORNET_CURATED,Rhipicephalus sanguineus,Pavia,Pavia,comunale,municipality_region,45.1847,9.1582,45.036855,9.137825,true
territorial_layers.csv,VECTORNET-CURATED-2026-RHIPICEPHALUS-SANGUINEUS-BRESCIA,vectors,VECTORNET_CURATED,Rhipicephalus sanguineus,Brescia,Brescia,comunale,municipality_region,45.5416,10.2118,45.779580,10.425873,true
territorial_layers.csv,VECTORNET-CURATED-2026-RHIPICEPHALUS-SANGUINEUS-GENOVA,vectors,VECTORNET_CURATED,Rhipicephalus sanguineus,Genova,Genova,comunale,municipality_region,44.4048,8.9444,44.407260,8.933862,true
territorial_layers.csv,VECTORNET-CURATED-2026-RHIPICEPHALUS-SANGUINEUS-VERONA,vectors,VECTORNET_CURATED,Rhipicephalus sanguineus,Verona,Verona,comunale,municipality_region,45.4384,10.9916,45.438496,10.992412,true
territorial_layers.csv,VECTORNET-CURATED-2026-RHIPICEPHALUS-SANGUINEUS-PADOVA,vectors,VECTORNET_CURATED,Rhipicephalus sanguineus,Padova,Padova,comunale,municipality_region,45.4064,11.8768,45.407717,11.873446,true
territorial_layers.csv,VECTORNET-CURATED-2026-RHIPICEPHALUS-SANGUINEUS-BOLOGNA,vectors,VECTORNET_CURATED,Rhipicephalus sanguineus,Bologna,Bologna,comunale,municipality_region,44.4949,11.3426,44.493758,11.343031,true
territorial_layers.csv,VECTORNET-CURATED-2026-RHIPICEPHALUS-SANGUINEUS-PARMA,vectors,VECTORNET_CURATED,Rhipicephalus sanguineus,Parma,Parma,comunale,municipality_region,44.8015,10.3279,44.801368,10.328083,true
territorial_layers.csv,VECTORNET-CURATED-2026-RHIPICEPHALUS-SANGUINEUS-FIRENZE,vectors,VECTORNET_CURATED,Rhipicephalus sanguineus,Firenze,Firenze,comunale,municipality_region,43.7696,11.2558,43.769871,11.255576,true
territorial_layers.csv,VECTORNET-CURATED-2026-RHIPICEPHALUS-SANGUINEUS-GROSSETO,vectors,VECTORNET_CURATED,Rhipicephalus sanguineus,Grosseto,Grosseto,comunale,municipality_region,42.7635,11.1124,42.775110,11.287804,true
territorial_layers.csv,VECTORNET-CURATED-2026-RHIPICEPHALUS-SANGUINEUS-ROMA,vectors,VECTORNET_CURATED,Rhipicephalus sanguineus,Roma,Roma,comunale,municipality_region,41.9028,12.4964,41.893320,12.482932,true
territorial_layers.csv,VECTORNET-CURATED-2026-RHIPICEPHALUS-SANGUINEUS-NAPOLI,vectors,VECTORNET_CURATED,Rhipicephalus sanguineus,Napoli,Napoli,comunale,municipality_region,40.8518,14.2681,40.835934,14.248783,true
territorial_layers.csv,VECTORNET-CURATED-2026-RHIPICEPHALUS-SANGUINEUS-CASERTA,vectors,VECTORNET_CURATED,Rhipicephalus sanguineus,Caserta,Caserta,comunale,municipality_region,41.0747,14.3324,41.203483,14.117058,true
territorial_layers.csv,VECTORNET-CURATED-2026-RHIPICEPHALUS-SANGUINEUS-BARI,vectors,VECTORNET_CURATED,Rhipicephalus sanguineus,Bari,Bari,comunale,municipality_region,41.1171,16.8719,41.125784,16.862029,true
territorial_layers.csv,VECTORNET-CURATED-2026-RHIPICEPHALUS-SANGUINEUS-PALERMO,vectors,VECTORNET_CURATED,Rhipicephalus sanguineus,Palermo,Palermo,comunale,municipality_region,38.1157,13.3615,38.111227,13.352443,true
territorial_layers.csv,VECTORNET-CURATED-2026-RHIPICEPHALUS-SANGUINEUS-CAGLIARI,vectors,VECTORNET_CURATED,Rhipicephalus sanguineus,Cagliari,Cagliari,comunale,municipality_region,39.2238,9.1217,39.216953,9.112851,true
territorial_layers.csv,VECTORNET-CURATED-2026-DERMACENTOR-RETICULATUS-TORINO,vectors,VECTORNET_CURATED,Dermacentor reticulatus,Torino,Torino,comunale,municipality_region,45.0703,7.6869,45.067755,7.682489,true
territorial_layers.csv,VECTORNET-CURATED-2026-DERMACENTOR-RETICULATUS-CUNEO,vectors,VECTORNET_CURATED,Dermacentor reticulatus,Cuneo,Cuneo,comunale,municipality_region,44.3845,7.5427,44.458070,7.558137,true
territorial_layers.csv,VECTORNET-CURATED-2026-DERMACENTOR-RETICULATUS-MILANO,vectors,VECTORNET_CURATED,Dermacentor reticulatus,Milano,Milano,comunale,municipality_region,45.4642,9.1900,45.466800,9.190500,true
territorial_layers.csv,VECTORNET-CURATED-2026-DERMACENTOR-RETICULATUS-PAVIA,vectors,VECTORNET_CURATED,Dermacentor reticulatus,Pavia,Pavia,comunale,municipality_region,45.1847,9.1582,45.036855,9.137825,true
territorial_layers.csv,VECTORNET-CURATED-2026-DERMACENTOR-RETICULATUS-BRESCIA,vectors,VECTORNET_CURATED,Dermacentor reticulatus,Brescia,Brescia,comunale,municipality_region,45.5416,10.2118,45.779580,10.425873,true
territorial_layers.csv,VECTORNET-CURATED-2026-DERMACENTOR-RETICULATUS-VERONA,vectors,VECTORNET_CURATED,Dermacentor reticulatus,Verona,Verona,comunale,municipality_region,45.4384,10.9916,45.438496,10.992412,true
territorial_layers.csv,VECTORNET-CURATED-2026-DERMACENTOR-RETICULATUS-PADOVA,vectors,VECTORNET_CURATED,Dermacentor reticulatus,Padova,Padova,comunale,municipality_region,45.4064,11.8768,45.407717,11.873446,true
territorial_layers.csv,VECTORNET-CURATED-2026-DERMACENTOR-RETICULATUS-BOLOGNA,vectors,VECTORNET_CURATED,Dermacentor reticulatus,Bologna,Bologna,comunale,municipality_region,44.4949,11.3426,44.493758,11.343031,true
territorial_layers.csv,VECTORNET-CURATED-2026-DERMACENTOR-RETICULATUS-PARMA,vectors,VECTORNET_CURATED,Dermacentor reticulatus,Parma,Parma,comunale,municipality_region,44.8015,10.3279,44.801368,10.328083,true
territorial_layers.csv,VECTORNET-CURATED-2026-PHLEBOTOMUS-PERNICIOSUS-GENOVA,vectors,VECTORNET_CURATED,Phlebotomus perniciosus,Genova,Genova,comunale,municipality_region,44.4048,8.9444,44.407260,8.933862,true
territorial_layers.csv,VECTORNET-CURATED-2026-PHLEBOTOMUS-PERNICIOSUS-GROSSETO,vectors,VECTORNET_CURATED,Phlebotomus perniciosus,Grosseto,Grosseto,comunale,municipality_region,42.7635,11.1124,42.775110,11.287804,true
territorial_layers.csv,VECTORNET-CURATED-2026-PHLEBOTOMUS-PERNICIOSUS-ROMA,vectors,VECTORNET_CURATED,Phlebotomus perniciosus,Roma,Roma,comunale,municipality_region,41.9028,12.4964,41.893320,12.482932,true
territorial_layers.csv,VECTORNET-CURATED-2026-PHLEBOTOMUS-PERNICIOSUS-NAPOLI,vectors,VECTORNET_CURATED,Phlebotomus perniciosus,Napoli,Napoli,comunale,municipality_region,40.8518,14.2681,40.835934,14.248783,true
territorial_layers.csv,VECTORNET-CURATED-2026-PHLEBOTOMUS-PERNICIOSUS-CASERTA,vectors,VECTORNET_CURATED,Phlebotomus perniciosus,Caserta,Caserta,comunale,municipality_region,41.0747,14.3324,41.203483,14.117058,true
territorial_layers.csv,VECTORNET-CURATED-2026-PHLEBOTOMUS-PERNICIOSUS-BARI,vectors,VECTORNET_CURATED,Phlebotomus perniciosus,Bari,Bari,comunale,municipality_region,41.1171,16.8719,41.125784,16.862029,true
territorial_layers.csv,VECTORNET-CURATED-2026-PHLEBOTOMUS-PERNICIOSUS-PALERMO,vectors,VECTORNET_CURATED,Phlebotomus perniciosus,Palermo,Palermo,comunale,municipality_region,38.1157,13.3615,38.111227,13.352443,true
territorial_layers.csv,VECTORNET-CURATED-2026-PHLEBOTOMUS-PERNICIOSUS-CAGLIARI,vectors,VECTORNET_CURATED,Phlebotomus perniciosus,Cagliari,Cagliari,comunale,municipality_region,39.2238,9.1217,39.216953,9.112851,true
territorial_layers.csv,VECTORNET-CURATED-2026-PHLEBOTOMUS-PERNICIOSUS-FIRENZE,vectors,VECTORNET_CURATED,Phlebotomus perniciosus,Firenze,Firenze,comunale,municipality_region,43.7696,11.2558,43.769871,11.255576,true
territorial_layers.csv,VECTORNET-CURATED-2026-PHLEBOTOMUS-PERNICIOSUS-TORINO,vectors,VECTORNET_CURATED,Phlebotomus perniciosus,Torino,Torino,comunale,municipality_region,45.0703,7.6869,45.067755,7.682489,true
territorial_layers.csv,VECTORNET-CURATED-2026-PHLEBOTOMUS-PERNICIOSUS-MILANO,vectors,VECTORNET_CURATED,Phlebotomus perniciosus,Milano,Milano,comunale,municipality_region,45.4642,9.1900,45.466800,9.190500,true
territorial_layers.csv,VECTORNET-CURATED-2026-PHLEBOTOMUS-PERNICIOSUS-PAVIA,vectors,VECTORNET_CURATED,Phlebotomus perniciosus,Pavia,Pavia,comunale,municipality_region,45.1847,9.1582,45.036855,9.137825,true
territorial_layers.csv,VECTORNET-CURATED-2026-PHLEBOTOMUS-PERNICIOSUS-BRESCIA,vectors,VECTORNET_CURATED,Phlebotomus perniciosus,Brescia,Brescia,comunale,municipality_region,45.5416,10.2118,45.779580,10.425873,true
territorial_layers.csv,VECTORNET-CURATED-2026-PHLEBOTOMUS-PERNICIOSUS-VERONA,vectors,VECTORNET_CURATED,Phlebotomus perniciosus,Verona,Verona,comunale,municipality_region,45.4384,10.9916,45.438496,10.992412,true
territorial_layers.csv,VECTORNET-CURATED-2026-PHLEBOTOMUS-PERNICIOSUS-PADOVA,vectors,VECTORNET_CURATED,Phlebotomus perniciosus,Padova,Padova,comunale,municipality_region,45.4064,11.8768,45.407717,11.873446,true
territorial_layers.csv,VECTORNET-CURATED-2026-PHLEBOTOMUS-PERNICIOSUS-BOLOGNA,vectors,VECTORNET_CURATED,Phlebotomus perniciosus,Bologna,Bologna,comunale,municipality_region,44.4949,11.3426,44.493758,11.343031,true
territorial_layers.csv,VECTORNET-CURATED-2026-PHLEBOTOMUS-PERNICIOSUS-PARMA,vectors,VECTORNET_CURATED,Phlebotomus perniciosus,Parma,Parma,comunale,municipality_region,44.8015,10.3279,44.801368,10.328083,true
territorial_layers.csv,VECTORNET-CURATED-2026-CULICOIDES-SPP-TORINO,vectors,VECTORNET_CURATED,Culicoides spp.,Torino,Torino,comunale,municipality_region,45.0703,7.6869,45.067755,7.682489,true
territorial_layers.csv,VECTORNET-CURATED-2026-CULICOIDES-SPP-CUNEO,vectors,VECTORNET_CURATED,Culicoides spp.,Cuneo,Cuneo,comunale,municipality_region,44.3845,7.5427,44.458070,7.558137,true
territorial_layers.csv,VECTORNET-CURATED-2026-CULICOIDES-SPP-MILANO,vectors,VECTORNET_CURATED,Culicoides spp.,Milano,Milano,comunale,municipality_region,45.4642,9.1900,45.466800,9.190500,true
territorial_layers.csv,VECTORNET-CURATED-2026-CULICOIDES-SPP-PAVIA,vectors,VECTORNET_CURATED,Culicoides spp.,Pavia,Pavia,comunale,municipality_region,45.1847,9.1582,45.036855,9.137825,true
territorial_layers.csv,VECTORNET-CURATED-2026-CULICOIDES-SPP-BRESCIA,vectors,VECTORNET_CURATED,Culicoides spp.,Brescia,Brescia,comunale,municipality_region,45.5416,10.2118,45.779580,10.425873,true
territorial_layers.csv,VECTORNET-CURATED-2026-CULICOIDES-SPP-GENOVA,vectors,VECTORNET_CURATED,Culicoides spp.,Genova,Genova,comunale,municipality_region,44.4048,8.9444,44.407260,8.933862,true
territorial_layers.csv,VECTORNET-CURATED-2026-CULICOIDES-SPP-VERONA,vectors,VECTORNET_CURATED,Culicoides spp.,Verona,Verona,comunale,municipality_region,45.4384,10.9916,45.438496,10.992412,true
territorial_layers.csv,VECTORNET-CURATED-2026-CULICOIDES-SPP-PADOVA,vectors,VECTORNET_CURATED,Culicoides spp.,Padova,Padova,comunale,municipality_region,45.4064,11.8768,45.407717,11.873446,true
territorial_layers.csv,VECTORNET-CURATED-2026-CULICOIDES-SPP-BOLOGNA,vectors,VECTORNET_CURATED,Culicoides spp.,Bologna,Bologna,comunale,municipality_region,44.4949,11.3426,44.493758,11.343031,true
territorial_layers.csv,VECTORNET-CURATED-2026-CULICOIDES-SPP-PARMA,vectors,VECTORNET_CURATED,Culicoides spp.,Parma,Parma,comunale,municipality_region,44.8015,10.3279,44.801368,10.328083,true
territorial_layers.csv,VECTORNET-CURATED-2026-CULICOIDES-SPP-FIRENZE,vectors,VECTORNET_CURATED,Culicoides spp.,Firenze,Firenze,comunale,municipality_region,43.7696,11.2558,43.769871,11.255576,true
territorial_layers.csv,VECTORNET-CURATED-2026-CULICOIDES-SPP-GROSSETO,vectors,VECTORNET_CURATED,Culicoides spp.,Grosseto,Grosseto,comunale,municipality_region,42.7635,11.1124,42.775110,11.287804,true
territorial_layers.csv,VECTORNET-CURATED-2026-CULICOIDES-SPP-ROMA,vectors,VECTORNET_CURATED,Culicoides spp.,Roma,Roma,comunale,municipality_region,41.9028,12.4964,41.893320,12.482932,true
territorial_layers.csv,VECTORNET-CURATED-2026-CULICOIDES-SPP-NAPOLI,vectors,VECTORNET_CURATED,Culicoides spp.,Napoli,Napoli,comunale,municipality_region,40.8518,14.2681,40.835934,14.248783,true
territorial_layers.csv,VECTORNET-CURATED-2026-CULICOIDES-SPP-CASERTA,vectors,VECTORNET_CURATED,Culicoides spp.,Caserta,Caserta,comunale,municipality_region,41.0747,14.3324,41.203483,14.117058,true
territorial_layers.csv,VECTORNET-CURATED-2026-CULICOIDES-SPP-BARI,vectors,VECTORNET_CURATED,Culicoides spp.,Bari,Bari,comunale,municipality_region,41.1171,16.8719,41.125784,16.862029,true
territorial_layers.csv,VECTORNET-CURATED-2026-CULICOIDES-SPP-PALERMO,vectors,VECTORNET_CURATED,Culicoides spp.,Palermo,Palermo,comunale,municipality_region,38.1157,13.3615,38.111227,13.352443,true
territorial_layers.csv,VECTORNET-CURATED-2026-CULICOIDES-SPP-CAGLIARI,vectors,VECTORNET_CURATED,Culicoides spp.,Cagliari,Cagliari,comunale,municipality_region,39.2238,9.1217,39.216953,9.112851,true
territorial_layers.csv,BENV-PARASITE-BENV-2026-IDATIDOSI-ECHINOCOCCOSI-85153-OVINO,parasites,IZS_BENV,Echinococcus spp.,SIRIS,Oristano,provinciale,municipality_region,39.90380,8.59260,39.712644,8.774832,true
territorial_layers.csv,BENV-PARASITE-BENV-2026-IDATIDOSI-ECHINOCOCCOSI-84209-OVINO,parasites,IZS_BENV,Echinococcus spp.,USELLUS,Oristano,provinciale,municipality_region,39.90380,8.59260,39.809646,8.850732,true
territorial_layers.csv,BENV-PARASITE-BENV-2026-IDATIDOSI-ECHINOCOCCOSI-84659-BOVINO,parasites,IZS_BENV,Echinococcus spp.,BRACCIANO,Roma,provinciale,municipality_region,41.90280,12.49640,42.101095,12.173857,true
territorial_layers.csv,BENV-PARASITE-BENV-2026-IDATIDOSI-ECHINOCOCCOSI-84677-OVINO,parasites,IZS_BENV,Echinococcus spp.,SENEGHE,Oristano,provinciale,municipality_region,39.90380,8.59260,40.082249,8.615723,true
territorial_layers.csv,BENV-PARASITE-BENV-2026-IDATIDOSI-ECHINOCOCCOSI-84073-OVINO,parasites,IZS_BENV,Echinococcus spp.,SANTA GIUSTA,Oristano,provinciale,municipality_region,39.90380,8.59260,39.878178,8.609973,true
territorial_layers.csv,BENV-PARASITE-BENV-2026-IDATIDOSI-ECHINOCOCCOSI-83886-OVINO,parasites,IZS_BENV,Echinococcus spp.,SAGAMA,Oristano,provinciale,municipality_region,39.90380,8.59260,40.261552,8.577520,true
territorial_layers.csv,BENV-PARASITE-BENV-2026-IDATIDOSI-ECHINOCOCCOSI-83983-OVINO,parasites,IZS_BENV,Echinococcus spp.,ALLAI,Oristano,provinciale,municipality_region,39.90380,8.59260,39.957173,8.863076,true
territorial_layers.csv,BENV-PARASITE-BENV-2026-IDATIDOSI-ECHINOCOCCOSI-82809-BOVINO,parasites,IZS_BENV,Echinococcus spp.,BRACCIANO,Roma,provinciale,municipality_region,41.90280,12.49640,42.101095,12.173857,true
territorial_layers.csv,BENV-PARASITE-BENV-2026-IDATIDOSI-ECHINOCOCCOSI-84189-OVINO,parasites,IZS_BENV,Echinococcus spp.,SAN VERO MILIS,Oristano,provinciale,municipality_region,39.90380,8.59260,40.014548,8.598224,true
territorial_layers.csv,BENV-PARASITE-BENV-2026-IDATIDOSI-ECHINOCOCCOSI-84208-OVINO,parasites,IZS_BENV,Echinococcus spp.,ALES,Oristano,provinciale,municipality_region,39.90380,8.59260,39.768245,8.815632,true
territorial_layers.csv,BENV-PARASITE-BENV-2026-IDATIDOSI-ECHINOCOCCOSI-84077-OVINO,parasites,IZS_BENV,Echinococcus spp.,ORISTANO,Oristano,provinciale,municipality_region,39.90380,8.59260,40.026568,8.679642,true
territorial_layers.csv,BENV-PARASITE-BENV-2026-IDATIDOSI-ECHINOCOCCOSI-83858-OVINO,parasites,IZS_BENV,Echinococcus spp.,SENEGHE,Oristano,provinciale,municipality_region,39.90380,8.59260,40.082249,8.615723,true
territorial_layers.csv,BENV-PARASITE-BENV-2026-IDATIDOSI-ECHINOCOCCOSI-83969-BOVINO,parasites,IZS_BENV,Echinococcus spp.,ARBOREA,Oristano,provinciale,municipality_region,39.90380,8.59260,39.773846,8.581753,true
territorial_layers.csv,BENV-PARASITE-BENV-2026-IDATIDOSI-ECHINOCOCCOSI-84847-CAPRA,parasites,IZS_BENV,Echinococcus spp.,PALMAS ARBOREA,Oristano,provinciale,municipality_region,39.90380,8.59260,39.876646,8.643127,true
territorial_layers.csv,BENV-PARASITE-BENV-2026-IDATIDOSI-ECHINOCOCCOSI-84188-OVINO,parasites,IZS_BENV,Echinococcus spp.,NARBOLIA,Oristano,provinciale,municipality_region,39.90380,8.59260,40.047650,8.575169,true
territorial_layers.csv,BENV-PARASITE-BENV-2026-IDATIDOSI-ECHINOCOCCOSI-84193-OVINO,parasites,IZS_BENV,Echinococcus spp.,CABRAS,Oristano,provinciale,municipality_region,39.90380,8.59260,39.930314,8.532054,true
territorial_layers.csv,BENV-PARASITE-BENV-2026-IDATIDOSI-ECHINOCOCCOSI-84075-CAPRA,parasites,IZS_BENV,Echinococcus spp.,ORISTANO,Oristano,provinciale,municipality_region,39.90380,8.59260,40.026568,8.679642,true
territorial_layers.csv,BENV-PARASITE-BENV-2026-IDATIDOSI-ECHINOCOCCOSI-84140-OVINO,parasites,IZS_BENV,Echinococcus spp.,POMPU,Oristano,provinciale,municipality_region,39.90380,8.59260,39.724544,8.795432,true
territorial_layers.csv,BENV-PARASITE-BENV-2026-IDATIDOSI-ECHINOCOCCOSI-84141-OVINO,parasites,IZS_BENV,Echinococcus spp.,SENIS,Oristano,provinciale,municipality_region,39.90380,8.59260,39.824147,8.940033,true
territorial_layers.csv,BENV-PARASITE-BENV-2026-IDATIDOSI-ECHINOCOCCOSI-84172-OVINO,parasites,IZS_BENV,Echinococcus spp.,SIAPICCIA,Oristano,provinciale,municipality_region,39.90380,8.59260,39.927948,8.762128,true
territorial_layers.csv,BENV-PARASITE-BENV-2026-IDATIDOSI-ECHINOCOCCOSI-84846-OVINO,parasites,IZS_BENV,Echinococcus spp.,SANTA GIUSTA,Oristano,provinciale,municipality_region,39.90380,8.59260,39.878178,8.609973,true
territorial_layers.csv,BENV-PARASITE-BENV-2026-IDATIDOSI-ECHINOCOCCOSI-84849-OVINO,parasites,IZS_BENV,Echinococcus spp.,NURECI,Oristano,provinciale,municipality_region,39.90380,8.59260,39.823348,8.973834,true
territorial_layers.csv,BENV-PARASITE-BENV-2026-IDATIDOSI-ECHINOCOCCOSI-83847-OVINO,parasites,IZS_BENV,Echinococcus spp.,SAN VERO MILIS,Oristano,provinciale,municipality_region,39.90380,8.59260,40.014548,8.598224,true
territorial_layers.csv,BENV-PARASITE-BENV-2026-IDATIDOSI-ECHINOCOCCOSI-83604-OVINO,parasites,IZS_BENV,Echinococcus spp.,ZEDDIANI,Oristano,provinciale,municipality_region,39.90380,8.59260,39.989947,8.595324,true
territorial_layers.csv,BENV-PARASITE-BENV-2026-IDATIDOSI-ECHINOCOCCOSI-84210-OVINO,parasites,IZS_BENV,Echinococcus spp.,CURCURIS,Oristano,provinciale,municipality_region,39.90380,8.59260,39.746145,8.830632,true
territorial_layers.csv,BENV-PARASITE-BENV-2026-IDATIDOSI-ECHINOCOCCOSI-84224-OVINO,parasites,IZS_BENV,Echinococcus spp.,TRAMATZA,Oristano,provinciale,municipality_region,39.90380,8.59260,40.003748,8.649537,true
territorial_layers.csv,BENV-PARASITE-BENV-2026-IDATIDOSI-ECHINOCOCCOSI-84234-OVINO,parasites,IZS_BENV,Echinococcus spp.,SANTA GIUSTA,Oristano,provinciale,municipality_region,39.90380,8.59260,39.878178,8.609973,true
territorial_layers.csv,BENV-PARASITE-BENV-2026-IDATIDOSI-ECHINOCOCCOSI-84675-OVINO,parasites,IZS_BENV,Echinococcus spp.,SENEGHE,Oristano,provinciale,municipality_region,39.90380,8.59260,40.082249,8.615723,true
territorial_layers.csv,BENV-PARASITE-BENV-2026-IDATIDOSI-ECHINOCOCCOSI-84678-OVINO,parasites,IZS_BENV,Echinococcus spp.,SENEGHE,Oristano,provinciale,municipality_region,39.90380,8.59260,40.082249,8.615723,true
territorial_layers.csv,BENV-PARASITE-BENV-2026-IDATIDOSI-ECHINOCOCCOSI-84821-OVINO,parasites,IZS_BENV,Echinococcus spp.,SIAMANNA,Oristano,provinciale,municipality_region,39.90380,8.59260,39.920748,8.761028,true
territorial_layers.csv,BENV-PARASITE-BENV-2026-IDATIDOSI-ECHINOCOCCOSI-83846-OVINO,parasites,IZS_BENV,Echinococcus spp.,CABRAS,Oristano,provinciale,municipality_region,39.90380,8.59260,39.930314,8.532054,true
territorial_layers.csv,BENV-PARASITE-BENV-2026-IDATIDOSI-ECHINOCOCCOSI-83848-OVINO,parasites,IZS_BENV,Echinococcus spp.,CABRAS,Oristano,provinciale,municipality_region,39.90380,8.59260,39.930314,8.532054,true
territorial_layers.csv,BENV-PARASITE-BENV-2026-IDATIDOSI-ECHINOCOCCOSI-84139-OVINO,parasites,IZS_BENV,Echinococcus spp.,BIDONI\',Oristano,provinciale,municipality_region,39.90380,8.59260,40.113053,8.936429,true
territorial_layers.csv,BENV-PARASITE-BENV-2026-IDATIDOSI-ECHINOCOCCOSI-84166-OVINO,parasites,IZS_BENV,Echinococcus spp.,ARBOREA,Oristano,provinciale,municipality_region,39.90380,8.59260,39.773846,8.581753,true
territorial_layers.csv,BENV-PARASITE-BENV-2026-IDATIDOSI-ECHINOCOCCOSI-84176-OVINO,parasites,IZS_BENV,Echinococcus spp.,SIAMANNA,Oristano,provinciale,municipality_region,39.90380,8.59260,39.920748,8.761028,true
territorial_layers.csv,BENV-PARASITE-BENV-2026-IDATIDOSI-ECHINOCOCCOSI-83854-OVINO,parasites,IZS_BENV,Echinococcus spp.,SENEGHE,Oristano,provinciale,municipality_region,39.90380,8.59260,40.082249,8.615723,true
territorial_layers.csv,BENV-PARASITE-BENV-2026-IDATIDOSI-ECHINOCOCCOSI-84179-OVINO,parasites,IZS_BENV,Echinococcus spp.,ASUNI,Oristano,provinciale,municipality_region,39.90380,8.59260,39.872448,8.946433,true
territorial_layers.csv,BENV-PARASITE-BENV-2026-IDATIDOSI-ECHINOCOCCOSI-84217-OVINO,parasites,IZS_BENV,Echinococcus spp.,MOGORO,Oristano,provinciale,municipality_region,39.90380,8.59260,39.684710,8.777088,true
territorial_layers.csv,BENV-PARASITE-BENV-2026-IDATIDOSI-ECHINOCOCCOSI-84237-OVINO,parasites,IZS_BENV,Echinococcus spp.,SIAPICCIA,Oristano,provinciale,municipality_region,39.90380,8.59260,39.927948,8.762128,true
territorial_layers.csv,BENV-PARASITE-BENV-2026-IDATIDOSI-ECHINOCOCCOSI-84124-BOVINO,parasites,IZS_BENV,Echinococcus spp.,ABBASANTA,Oristano,provinciale,municipality_region,39.90380,8.59260,40.126752,8.818027,true
territorial_layers.csv,BENV-PARASITE-BENV-2026-IDATIDOSI-ECHINOCOCCOSI-83883-OVINO,parasites,IZS_BENV,Echinococcus spp.,TRAMATZA,Oristano,provinciale,municipality_region,39.90380,8.59260,40.003748,8.649537,true
territorial_layers.csv,BENV-PARASITE-BENV-2026-IDATIDOSI-ECHINOCOCCOSI-84485-OVINO,parasites,IZS_BENV,Echinococcus spp.,VILLAURBANA,Oristano,provinciale,municipality_region,39.90380,8.59260,39.885647,8.777429,true
territorial_layers.csv,BENV-PARASITE-BENV-2026-IDATIDOSI-ECHINOCOCCOSI-84233-OVINO,parasites,IZS_BENV,Echinococcus spp.,ORISTANO,Oristano,provinciale,municipality_region,39.90380,8.59260,40.026568,8.679642,true
territorial_layers.csv,BENV-PARASITE-BENV-2026-IDATIDOSI-ECHINOCOCCOSI-84238-OVINO,parasites,IZS_BENV,Echinococcus spp.,SIAPICCIA,Oristano,provinciale,municipality_region,39.90380,8.59260,39.927948,8.762128,true
territorial_layers.csv,BENV-PARASITE-BENV-2026-IDATIDOSI-ECHINOCOCCOSI-83859-OVINO,parasites,IZS_BENV,Echinococcus spp.,SENEGHE,Oristano,provinciale,municipality_region,39.90380,8.59260,40.082249,8.615723,true
territorial_layers.csv,BENV-PARASITE-BENV-2026-IDATIDOSI-ECHINOCOCCOSI-83864-OVINO,parasites,IZS_BENV,Echinococcus spp.,SIAMAGGIORE,Oristano,provinciale,municipality_region,39.90380,8.59260,39.950147,8.636025,true
territorial_layers.csv,BENV-PARASITE-BENV-2026-IDATIDOSI-ECHINOCOCCOSI-83849-OVINO,parasites,IZS_BENV,Echinococcus spp.,CABRAS,Oristano,provinciale,municipality_region,39.90380,8.59260,39.930314,8.532054,true
territorial_layers.csv,BENV-PARASITE-BENV-2026-IDATIDOSI-ECHINOCOCCOSI-83851-OVINO,parasites,IZS_BENV,Echinococcus spp.,BUSACHI,Oristano,provinciale,municipality_region,39.90380,8.59260,40.032651,8.896729,true
territorial_layers.csv,BENV-PARASITE-BENV-2026-IDATIDOSI-ECHINOCOCCOSI-84229-OVINO,parasites,IZS_BENV,Echinococcus spp.,AIDOMAGGIORE,Oristano,provinciale,municipality_region,39.90380,8.59260,40.170753,8.856527,true
territorial_layers.csv,BENV-PARASITE-BENV-2026-IDATIDOSI-ECHINOCOCCOSI-84676-OVINO,parasites,IZS_BENV,Echinococcus spp.,SENEGHE,Oristano,provinciale,municipality_region,39.90380,8.59260,40.082249,8.615723,true
territorial_layers.csv,BENV-PARASITE-BENV-2026-IDATIDOSI-ECHINOCOCCOSI-84708-OVINO,parasites,IZS_BENV,Echinococcus spp.,URAS,Oristano,provinciale,municipality_region,39.90380,8.59260,39.700643,8.700030,true
territorial_layers.csv,BENV-PARASITE-BENV-2026-IDATIDOSI-ECHINOCOCCOSI-84076-OVINO,parasites,IZS_BENV,Echinococcus spp.,SANTA GIUSTA,Oristano,provinciale,municipality_region,39.90380,8.59260,39.878178,8.609973,true
territorial_layers.csv,BENV-PARASITE-BENV-2026-IDATIDOSI-ECHINOCOCCOSI-83861-OVINO,parasites,IZS_BENV,Echinococcus spp.,SENEGHE,Oristano,provinciale,municipality_region,39.90380,8.59260,40.082249,8.615723,true
territorial_layers.csv,BENV-PARASITE-BENV-2026-IDATIDOSI-ECHINOCOCCOSI-83603-BOVINO,parasites,IZS_BENV,Echinococcus spp.,ANGUILLARA SABAZIA,Roma,provinciale,municipality_region,41.90280,12.49640,42.083709,12.282982,true
territorial_layers.csv,BENV-PARASITE-BENV-2026-IDATIDOSI-ECHINOCOCCOSI-84699-OVINO,parasites,IZS_BENV,Echinococcus spp.,ALES,Oristano,provinciale,municipality_region,39.90380,8.59260,39.768245,8.815632,true
territorial_layers.csv,BENV-PARASITE-BENV-2026-IDATIDOSI-ECHINOCOCCOSI-84703-OVINO,parasites,IZS_BENV,Echinococcus spp.,SAN NICOLO\' D\'ARCIDANO,Oristano,provinciale,municipality_region,39.90380,8.59260,39.683392,8.646875,true
territorial_layers.csv,BENV-PARASITE-BENV-2026-IDATIDOSI-ECHINOCOCCOSI-84168-OVINO,parasites,IZS_BENV,Echinococcus spp.,ALLAI,Oristano,provinciale,municipality_region,39.90380,8.59260,39.957173,8.863076,true
territorial_layers.csv,BENV-PARASITE-BENV-2026-IDATIDOSI-ECHINOCOCCOSI-84177-OVINO,parasites,IZS_BENV,Echinococcus spp.,LACONI,Oristano,provinciale,municipality_region,39.90380,8.59260,39.852649,9.050435,true
territorial_layers.csv,BENV-PARASITE-BENV-2026-IDATIDOSI-ECHINOCOCCOSI-83855-OVINO,parasites,IZS_BENV,Echinococcus spp.,SEDILO,Oristano,provinciale,municipality_region,39.90380,8.59260,40.173151,8.919122,true
territorial_layers.csv,BENV-PARASITE-BENV-2026-IDATIDOSI-ECHINOCOCCOSI-84204-OVINO,parasites,IZS_BENV,Echinococcus spp.,ALES,Oristano,provinciale,municipality_region,39.90380,8.59260,39.768245,8.815632,true
territorial_layers.csv,BENV-PARASITE-BENV-2026-IDATIDOSI-ECHINOCOCCOSI-84206-OVINO,parasites,IZS_BENV,Echinococcus spp.,USELLUS,Oristano,provinciale,municipality_region,39.90380,8.59260,39.809646,8.850732,true
territorial_layers.csv,BENV-PARASITE-BENV-2026-IDATIDOSI-ECHINOCOCCOSI-84328-BOVINO,parasites,IZS_BENV,Echinococcus spp.,ROSELLO,Chieti,provinciale,municipality_region,42.34790,14.16380,41.900832,14.349818,true
territorial_layers.csv,BENV-PARASITE-BENV-2026-IDATIDOSI-ECHINOCOCCOSI-84700-OVINO,parasites,IZS_BENV,Echinococcus spp.,USELLUS,Oristano,provinciale,municipality_region,39.90380,8.59260,39.809646,8.850732,true
territorial_layers.csv,BENV-PARASITE-BENV-2026-IDATIDOSI-ECHINOCOCCOSI-84167-OVINO,parasites,IZS_BENV,Echinococcus spp.,SAMUGHEO,Oristano,provinciale,municipality_region,39.90380,8.59260,39.946150,8.940532,true
territorial_layers.csv,BENV-PARASITE-BENV-2026-IDATIDOSI-ECHINOCOCCOSI-85360-OVINO,parasites,IZS_BENV,Echinococcus spp.,SAN VERO MILIS,Oristano,provinciale,municipality_region,39.90380,8.59260,40.014548,8.598224,true
territorial_layers.csv,BENV-PARASITE-BENV-2026-IDATIDOSI-ECHINOCOCCOSI-83626-OVINO,parasites,IZS_BENV,Echinococcus spp.,PALMAS ARBOREA,Oristano,provinciale,municipality_region,39.90380,8.59260,39.876646,8.643127,true
territorial_layers.csv,BENV-PARASITE-BENV-2026-IDATIDOSI-ECHINOCOCCOSI-84503-OVINO,parasites,IZS_BENV,Echinococcus spp.,VILLAURBANA,Oristano,provinciale,municipality_region,39.90380,8.59260,39.885647,8.777429,true
territorial_layers.csv,BENV-PARASITE-BENV-2026-IDATIDOSI-ECHINOCOCCOSI-84505-OVINO,parasites,IZS_BENV,Echinococcus spp.,VILLAURBANA,Oristano,provinciale,municipality_region,39.90380,8.59260,39.885647,8.777429,true
territorial_layers.csv,BENV-PARASITE-BENV-2026-IDATIDOSI-ECHINOCOCCOSI-84507-OVINO,parasites,IZS_BENV,Echinococcus spp.,VILLAURBANA,Oristano,provinciale,municipality_region,39.90380,8.59260,39.885647,8.777429,true
territorial_layers.csv,BENV-PARASITE-BENV-2026-IDATIDOSI-ECHINOCOCCOSI-84180-OVINO,parasites,IZS_BENV,Echinococcus spp.,SENIS,Oristano,provinciale,municipality_region,39.90380,8.59260,39.824147,8.940033,true
territorial_layers.csv,BENV-PARASITE-BENV-2026-IDATIDOSI-ECHINOCOCCOSI-84711-OVINO,parasites,IZS_BENV,Echinococcus spp.,URAS,Oristano,provinciale,municipality_region,39.90380,8.59260,39.700643,8.700030,true
territorial_layers.csv,BENV-PARASITE-BENV-2026-IDATIDOSI-ECHINOCOCCOSI-84169-OVINO,parasites,IZS_BENV,Echinococcus spp.,SAMUGHEO,Oristano,provinciale,municipality_region,39.90380,8.59260,39.946150,8.940532,true
territorial_layers.csv,BENV-PARASITE-BENV-2026-IDATIDOSI-ECHINOCOCCOSI-84174-OVINO,parasites,IZS_BENV,Echinococcus spp.,SIAPICCIA,Oristano,provinciale,municipality_region,39.90380,8.59260,39.927948,8.762128,true
territorial_layers.csv,BENV-PARASITE-BENV-2026-IDATIDOSI-ECHINOCOCCOSI-83863-OVINO,parasites,IZS_BENV,Echinococcus spp.,FORDONGIANUS,Oristano,provinciale,municipality_region,39.90380,8.59260,39.994549,8.809828,true
territorial_layers.csv,BENV-PARASITE-BENV-2026-IDATIDOSI-ECHINOCOCCOSI-83980-OVINO,parasites,IZS_BENV,Echinococcus spp.,ALLAI,Oristano,provinciale,municipality_region,39.90380,8.59260,39.957173,8.863076,true
territorial_layers.csv,BENV-PARASITE-BENV-2026-IDATIDOSI-ECHINOCOCCOSI-84820-OVINO,parasites,IZS_BENV,Echinococcus spp.,SIAPICCIA,Oristano,provinciale,municipality_region,39.90380,8.59260,39.927948,8.762128,true
territorial_layers.csv,BENV-PARASITE-BENV-2026-IDATIDOSI-ECHINOCOCCOSI-83852-OVINO,parasites,IZS_BENV,Echinococcus spp.,BUSACHI,Oristano,provinciale,municipality_region,39.90380,8.59260,40.032651,8.896729,true
territorial_layers.csv,BENV-PARASITE-BENV-2026-IDATIDOSI-ECHINOCOCCOSI-84506-OVINO,parasites,IZS_BENV,Echinococcus spp.,OLLASTRA,Oristano,provinciale,municipality_region,39.90380,8.59260,39.950948,8.734227,true
territorial_layers.csv,BENV-PARASITE-BENV-2026-IDATIDOSI-ECHINOCOCCOSI-84219-OVINO,parasites,IZS_BENV,Echinococcus spp.,POMPU,Oristano,provinciale,municipality_region,39.90380,8.59260,39.724544,8.795432,true
territorial_layers.csv,BENV-PARASITE-BENV-2026-IDATIDOSI-ECHINOCOCCOSI-84123-BOVINO,parasites,IZS_BENV,Echinococcus spp.,FORDONGIANUS,Oristano,provinciale,municipality_region,39.90380,8.59260,39.994549,8.809828,true
territorial_layers.csv,BENV-PARASITE-BENV-2026-IDATIDOSI-ECHINOCOCCOSI-84137-OVINO,parasites,IZS_BENV,Echinococcus spp.,SOLARUSSA,Oristano,provinciale,municipality_region,39.90380,8.59260,39.955747,8.671526,true
territorial_layers.csv,BENV-PARASITE-BENV-2026-IDATIDOSI-ECHINOCOCCOSI-84145-OVINO,parasites,IZS_BENV,Echinococcus spp.,SCANO DI MONTIFERRO,Oristano,provinciale,municipality_region,39.90380,8.59260,40.216330,8.584092,true
territorial_layers.csv,BENV-PARASITE-BENV-2026-IDATIDOSI-ECHINOCOCCOSI-83718-SCIACALLO,parasites,IZS_BENV,Echinococcus spp.,TORVISCOSA,Udine,provinciale,municipality_region,46.07110,13.23460,45.822216,13.276933,true
territorial_layers.csv,BENV-PARASITE-BENV-2026-IDATIDOSI-ECHINOCOCCOSI-83829-OVINO,parasites,IZS_BENV,Echinococcus spp.,BARATILI SAN PIETRO,Oristano,provinciale,municipality_region,39.90380,8.59260,39.992831,8.555784,true
territorial_layers.csv,BENV-PARASITE-BENV-2026-IDATIDOSI-ECHINOCOCCOSI-83624-OVINO,parasites,IZS_BENV,Echinococcus spp.,SIAMANNA,Oristano,provinciale,municipality_region,39.90380,8.59260,39.920748,8.761028,true
territorial_layers.csv,BENV-PARASITE-BENV-2026-IDATIDOSI-ECHINOCOCCOSI-83625-OVINO,parasites,IZS_BENV,Echinococcus spp.,SIAMANNA,Oristano,provinciale,municipality_region,39.90380,8.59260,39.920748,8.761028,true
territorial_layers.csv,BENV-PARASITE-BENV-2026-IDATIDOSI-ECHINOCOCCOSI-84190-OVINO,parasites,IZS_BENV,Echinococcus spp.,SAN VERO MILIS,Oristano,provinciale,municipality_region,39.90380,8.59260,40.014548,8.598224,true
territorial_layers.csv,BENV-PARASITE-BENV-2026-IDATIDOSI-ECHINOCOCCOSI-84223-OVINO,parasites,IZS_BENV,Echinococcus spp.,MOGORO,Oristano,provinciale,municipality_region,39.90380,8.59260,39.684710,8.777088,true
territorial_layers.csv,BENV-PARASITE-BENV-2026-IDATIDOSI-ECHINOCOCCOSI-83775-BOVINO,parasites,IZS_BENV,Echinococcus spp.,SANTU LUSSURGIU,Oristano,provinciale,municipality_region,39.90380,8.59260,40.141686,8.651038,true
territorial_layers.csv,BENV-PARASITE-BENV-2026-IDATIDOSI-ECHINOCOCCOSI-83853-OVINO,parasites,IZS_BENV,Echinococcus spp.,BUSACHI,Oristano,provinciale,municipality_region,39.90380,8.59260,40.032651,8.896729,true
territorial_layers.csv,BENV-PARASITE-BENV-2026-IDATIDOSI-ECHINOCOCCOSI-83584-OVINO,parasites,IZS_BENV,Echinococcus spp.,ORISTANO,Oristano,provinciale,municipality_region,39.90380,8.59260,40.026568,8.679642,true
territorial_layers.csv,BENV-PARASITE-BENV-2026-IDATIDOSI-ECHINOCOCCOSI-84655-BOVINO,parasites,IZS_BENV,Echinococcus spp.,CERVETERI,Roma,provinciale,municipality_region,41.90280,12.49640,41.998360,12.098851,true
territorial_layers.csv,BENV-PARASITE-BENV-2026-IDATIDOSI-ECHINOCOCCOSI-84074-OVINO,parasites,IZS_BENV,Echinococcus spp.,PALMAS ARBOREA,Oristano,provinciale,municipality_region,39.90380,8.59260,39.876646,8.643127,true
territorial_layers.csv,BENV-PARASITE-BENV-2026-IDATIDOSI-ECHINOCOCCOSI-84117-BOVINO,parasites,IZS_BENV,Echinococcus spp.,SCANO DI MONTIFERRO,Oristano,provinciale,municipality_region,39.90380,8.59260,40.216330,8.584092,true
territorial_layers.csv,BENV-PARASITE-BENV-2026-IDATIDOSI-ECHINOCOCCOSI-84146-OVINO,parasites,IZS_BENV,Echinococcus spp.,NEONELI,Oristano,provinciale,municipality_region,39.90380,8.59260,40.064752,8.946730,true
territorial_layers.csv,BENV-PARASITE-BENV-2026-IDATIDOSI-ECHINOCOCCOSI-84175-OVINO,parasites,IZS_BENV,Echinococcus spp.,SENIS,Oristano,provinciale,municipality_region,39.90380,8.59260,39.824147,8.940033,true
territorial_layers.csv,BENV-PARASITE-BENV-2026-IDATIDOSI-ECHINOCOCCOSI-83519-BOVINO,parasites,IZS_BENV,Echinococcus spp.,ARBOREA,Oristano,provinciale,municipality_region,39.90380,8.59260,39.773846,8.581753,true
territorial_layers.csv,BENV-PARASITE-BENV-2026-IDATIDOSI-ECHINOCOCCOSI-84205-OVINO,parasites,IZS_BENV,Echinococcus spp.,USELLUS,Oristano,provinciale,municipality_region,39.90380,8.59260,39.809646,8.850732,true
territorial_layers.csv,BENV-PARASITE-BENV-2026-IDATIDOSI-ECHINOCOCCOSI-84232-OVINO,parasites,IZS_BENV,Echinococcus spp.,PALMAS ARBOREA,Oristano,provinciale,municipality_region,39.90380,8.59260,39.876646,8.643127,true
territorial_layers.csv,BENV-PARASITE-BENV-2026-IDATIDOSI-ECHINOCOCCOSI-84211-OVINO,parasites,IZS_BENV,Echinococcus spp.,ALES,Oristano,provinciale,municipality_region,39.90380,8.59260,39.768245,8.815632,true
territorial_layers.csv,BENV-PARASITE-BENV-2026-IDATIDOSI-ECHINOCOCCOSI-84218-OVINO,parasites,IZS_BENV,Echinococcus spp.,MOGORO,Oristano,provinciale,municipality_region,39.90380,8.59260,39.684710,8.777088,true
territorial_layers.csv,BENV-PARASITE-BENV-2026-IDATIDOSI-ECHINOCOCCOSI-84302-BOVINO,parasites,IZS_BENV,Echinococcus spp.,BRACCIANO,Roma,provinciale,municipality_region,41.90280,12.49640,42.101095,12.173857,true
territorial_layers.csv,BENV-PARASITE-BENV-2026-IDATIDOSI-ECHINOCOCCOSI-83300-BOVINO,parasites,IZS_BENV,Echinococcus spp.,MARRUBIU,Oristano,provinciale,municipality_region,39.90380,8.59260,39.752143,8.637228,true
territorial_layers.csv,BENV-PARASITE-BENV-2026-IDATIDOSI-ECHINOCOCCOSI-84178-OVINO,parasites,IZS_BENV,Echinococcus spp.,OLLASTRA,Oristano,provinciale,municipality_region,39.90380,8.59260,39.950948,8.734227,true
territorial_layers.csv,BENV-PARASITE-BENV-2026-IDATIDOSI-ECHINOCOCCOSI-83888-OVINO,parasites,IZS_BENV,Echinococcus spp.,SCANO DI MONTIFERRO,Oristano,provinciale,municipality_region,39.90380,8.59260,40.216330,8.584092,true
territorial_layers.csv,BENV-PARASITE-BENV-2026-IDATIDOSI-ECHINOCOCCOSI-84144-OVINO,parasites,IZS_BENV,Echinococcus spp.,FORDONGIANUS,Oristano,provinciale,municipality_region,39.90380,8.59260,39.994549,8.809828,true
territorial_layers.csv,BENV-PARASITE-BENV-2026-IDATIDOSI-ECHINOCOCCOSI-83857-OVINO,parasites,IZS_BENV,Echinococcus spp.,SEDILO,Oristano,provinciale,municipality_region,39.90380,8.59260,40.173151,8.919122,true
territorial_layers.csv,BENV-PARASITE-BENV-2026-IDATIDOSI-ECHINOCOCCOSI-83887-OVINO,parasites,IZS_BENV,Echinococcus spp.,TRESNURAGHES,Oristano,provinciale,municipality_region,39.90380,8.59260,40.252104,8.519960,true
territorial_layers.csv,BENV-PARASITE-BENV-2026-IDATIDOSI-ECHINOCOCCOSI-84822-OVINO,parasites,IZS_BENV,Echinococcus spp.,SIAPICCIA,Oristano,provinciale,municipality_region,39.90380,8.59260,39.927948,8.762128,true
territorial_layers.csv,BENV-PARASITE-BENV-2026-IDATIDOSI-ECHINOCOCCOSI-84824-OVINO,parasites,IZS_BENV,Echinococcus spp.,SIAMANNA,Oristano,provinciale,municipality_region,39.90380,8.59260,39.920748,8.761028,true
territorial_layers.csv,BENV-PARASITE-BENV-2026-IDATIDOSI-ECHINOCOCCOSI-84191-OVINO,parasites,IZS_BENV,Echinococcus spp.,NARBOLIA,Oristano,provinciale,municipality_region,39.90380,8.59260,40.047650,8.575169,true
territorial_layers.csv,BENV-PARASITE-BENV-2026-IDATIDOSI-ECHINOCOCCOSI-84203-OVINO,parasites,IZS_BENV,Echinococcus spp.,PAU,Oristano,provinciale,municipality_region,39.90380,8.59260,39.791546,8.802331,true
territorial_layers.csv,BENV-PARASITE-BENV-2026-IDATIDOSI-ECHINOCOCCOSI-84225-OVINO,parasites,IZS_BENV,Echinococcus spp.,MILIS,Oristano,provinciale,municipality_region,39.90380,8.59260,40.050449,8.637024,true
territorial_layers.csv,BENV-PARASITE-BENV-2026-IDATIDOSI-ECHINOCOCCOSI-84664-OVINO,parasites,IZS_BENV,Echinococcus spp.,SCANO DI MONTIFERRO,Oristano,provinciale,municipality_region,39.90380,8.59260,40.216330,8.584092,true
territorial_layers.csv,BENV-PARASITE-BENV-2026-IDATIDOSI-ECHINOCOCCOSI-85422-OVINO,parasites,IZS_BENV,Echinococcus spp.,LACONI,Oristano,provinciale,municipality_region,39.90380,8.59260,39.852649,9.050435,true
territorial_layers.csv,BENV-PARASITE-BENV-2026-IDATIDOSI-ECHINOCOCCOSI-84670-OVINO,parasites,IZS_BENV,Echinococcus spp.,MONTRESTA,Oristano,provinciale,municipality_region,39.90380,8.59260,40.373654,8.499617,true
territorial_layers.csv,BENV-PARASITE-BENV-2026-IDATIDOSI-ECHINOCOCCOSI-84690-OVINO,parasites,IZS_BENV,Echinococcus spp.,TRAMATZA,Oristano,provinciale,municipality_region,39.90380,8.59260,40.003748,8.649537,true
territorial_layers.csv,BENV-PARASITE-BENV-2026-IDATIDOSI-ECHINOCOCCOSI-84701-OVINO,parasites,IZS_BENV,Echinococcus spp.,PAU,Oristano,provinciale,municipality_region,39.90380,8.59260,39.791546,8.802331,true
territorial_layers.csv,BENV-PARASITE-BENV-2026-IDATIDOSI-ECHINOCOCCOSI-85349-OVINO,parasites,IZS_BENV,Echinococcus spp.,URAS,Oristano,provinciale,municipality_region,39.90380,8.59260,39.700643,8.700030,true
territorial_layers.csv,BENV-PARASITE-BENV-2026-IDATIDOSI-ECHINOCOCCOSI-85381-OVINO,parasites,IZS_BENV,Echinococcus spp.,TRESNURAGHES,Oristano,provinciale,municipality_region,39.90380,8.59260,40.252104,8.519960,true
territorial_layers.csv,BENV-PARASITE-BENV-2026-IDATIDOSI-ECHINOCOCCOSI-85426-OVINO,parasites,IZS_BENV,Echinococcus spp.,MOGORELLA,Oristano,provinciale,municipality_region,39.90380,8.59260,39.864598,8.857931,true
territorial_layers.csv,BENV-PARASITE-BENV-2026-IDATIDOSI-ECHINOCOCCOSI-85430-OVINO,parasites,IZS_BENV,Echinococcus spp.,RUINAS,Oristano,provinciale,municipality_region,39.90380,8.59260,39.907148,8.897631,true
territorial_layers.csv,BENV-PARASITE-BENV-2026-IDATIDOSI-ECHINOCOCCOSI-85431-OVINO,parasites,IZS_BENV,Echinococcus spp.,RUINAS,Oristano,provinciale,municipality_region,39.90380,8.59260,39.907148,8.897631,true
territorial_layers.csv,BENV-PARASITE-BENV-2026-IDATIDOSI-ECHINOCOCCOSI-85434-OVINO,parasites,IZS_BENV,Echinococcus spp.,MOGORELLA,Oristano,provinciale,municipality_region,39.90380,8.59260,39.864598,8.857931,true
territorial_layers.csv,BENV-PARASITE-BENV-2026-IDATIDOSI-ECHINOCOCCOSI-84669-OVINO,parasites,IZS_BENV,Echinococcus spp.,MONTRESTA,Oristano,provinciale,municipality_region,39.90380,8.59260,40.373654,8.499617,true
territorial_layers.csv,BENV-PARASITE-BENV-2026-IDATIDOSI-ECHINOCOCCOSI-84984-OVINO,parasites,IZS_BENV,Echinococcus spp.,NARBOLIA,Oristano,provinciale,municipality_region,39.90380,8.59260,40.047650,8.575169,true
territorial_layers.csv,BENV-PARASITE-BENV-2026-IDATIDOSI-ECHINOCOCCOSI-85341-OVINO,parasites,IZS_BENV,Echinococcus spp.,BARESSA,Oristano,provinciale,municipality_region,39.90380,8.59260,39.712745,8.875334,true
territorial_layers.csv,BENV-PARASITE-BENV-2026-IDATIDOSI-ECHINOCOCCOSI-85344-OVINO,parasites,IZS_BENV,Echinococcus spp.,BARESSA,Oristano,provinciale,municipality_region,39.90380,8.59260,39.712745,8.875334,true
territorial_layers.csv,BENV-PARASITE-BENV-2026-IDATIDOSI-ECHINOCOCCOSI-85413-OVINO,parasites,IZS_BENV,Echinococcus spp.,OLLASTRA,Oristano,provinciale,municipality_region,39.90380,8.59260,39.950948,8.734227,true
territorial_layers.csv,BENV-PARASITE-BENV-2026-IDATIDOSI-ECHINOCOCCOSI-85438-OVINO,parasites,IZS_BENV,Echinococcus spp.,PAULILATINO,Oristano,provinciale,municipality_region,39.90380,8.59260,40.084032,8.763937,true
territorial_layers.csv,BENV-PARASITE-BENV-2026-IDATIDOSI-ECHINOCOCCOSI-85174-BOVINO,parasites,IZS_BENV,Echinococcus spp.,BAULADU,Oristano,provinciale,municipality_region,39.90380,8.59260,40.020549,8.671925,true
territorial_layers.csv,BENV-PARASITE-BENV-2026-IDATIDOSI-ECHINOCOCCOSI-85114-BOVINO,parasites,IZS_BENV,Echinococcus spp.,SENEGHE,Oristano,provinciale,municipality_region,39.90380,8.59260,40.082249,8.615723,true
territorial_layers.csv,BENV-PARASITE-BENV-2026-IDATIDOSI-ECHINOCOCCOSI-84816-BOVINO,parasites,IZS_BENV,Echinococcus spp.,GHILARZA,Oristano,provinciale,municipality_region,39.90380,8.59260,40.119652,8.834927,true
territorial_layers.csv,BENV-PARASITE-BENV-2026-IDATIDOSI-ECHINOCOCCOSI-84912-OVINO,parasites,IZS_BENV,Echinococcus spp.,SOLARUSSA,Oristano,provinciale,municipality_region,39.90380,8.59260,39.955747,8.671526,true
territorial_layers.csv,BENV-PARASITE-BENV-2026-IDATIDOSI-ECHINOCOCCOSI-85340-OVINO,parasites,IZS_BENV,Echinococcus spp.,USELLUS,Oristano,provinciale,municipality_region,39.90380,8.59260,39.809646,8.850732,true
territorial_layers.csv,BENV-PARASITE-BENV-2026-IDATIDOSI-ECHINOCOCCOSI-85435-OVINO,parasites,IZS_BENV,Echinococcus spp.,RUINAS,Oristano,provinciale,municipality_region,39.90380,8.59260,39.907148,8.897631,true
territorial_layers.csv,BENV-PARASITE-BENV-2026-IDATIDOSI-ECHINOCOCCOSI-85546-OVINO,parasites,IZS_BENV,Echinococcus spp.,VILLAURBANA,Oristano,provinciale,municipality_region,39.90380,8.59260,39.885647,8.777429,true
territorial_layers.csv,BENV-PARASITE-BENV-2026-IDATIDOSI-ECHINOCOCCOSI-85425-OVINO,parasites,IZS_BENV,Echinococcus spp.,RUINAS,Oristano,provinciale,municipality_region,39.90380,8.59260,39.907148,8.897631,true
territorial_layers.csv,BENV-PARASITE-BENV-2026-IDATIDOSI-ECHINOCOCCOSI-85433-OVINO,parasites,IZS_BENV,Echinococcus spp.,MOGORELLA,Oristano,provinciale,municipality_region,39.90380,8.59260,39.864598,8.857931,true
territorial_layers.csv,BENV-PARASITE-BENV-2026-IDATIDOSI-ECHINOCOCCOSI-85294-BOVINO,parasites,IZS_BENV,Echinococcus spp.,MORGONGIORI,Oristano,provinciale,municipality_region,39.90380,8.59260,39.746644,8.770131,true
territorial_layers.csv,BENV-PARASITE-BENV-2026-IDATIDOSI-ECHINOCOCCOSI-85348-OVINO,parasites,IZS_BENV,Echinococcus spp.,URAS,Oristano,provinciale,municipality_region,39.90380,8.59260,39.700643,8.700030,true
territorial_layers.csv,BENV-PARASITE-BENV-2026-IDATIDOSI-ECHINOCOCCOSI-85424-OVINO,parasites,IZS_BENV,Echinococcus spp.,RUINAS,Oristano,provinciale,municipality_region,39.90380,8.59260,39.907148,8.897631,true
territorial_layers.csv,BENV-PARASITE-BENV-2026-IDATIDOSI-ECHINOCOCCOSI-85322-BOVINO,parasites,IZS_BENV,Echinococcus spp.,SAMUGHEO,Oristano,provinciale,municipality_region,39.90380,8.59260,39.946150,8.940532,true
territorial_layers.csv,BENV-PARASITE-BENV-2026-IDATIDOSI-ECHINOCOCCOSI-84985-OVINO,parasites,IZS_BENV,Echinococcus spp.,RIOLA SARDO,Oristano,provinciale,municipality_region,39.90380,8.59260,39.994102,8.538673,true
territorial_layers.csv,BENV-PARASITE-BENV-2026-IDATIDOSI-ECHINOCOCCOSI-84910-OVINO,parasites,IZS_BENV,Echinococcus spp.,SOLARUSSA,Oristano,provinciale,municipality_region,39.90380,8.59260,39.955747,8.671526,true
territorial_layers.csv,BENV-PARASITE-BENV-2026-IDATIDOSI-ECHINOCOCCOSI-85351-OVINO,parasites,IZS_BENV,Echinococcus spp.,SAN NICOLO\' D\'ARCIDANO,Oristano,provinciale,municipality_region,39.90380,8.59260,39.683392,8.646875,true
territorial_layers.csv,BENV-PARASITE-BENV-2026-IDATIDOSI-ECHINOCOCCOSI-85432-OVINO,parasites,IZS_BENV,Echinococcus spp.,RUINAS,Oristano,provinciale,municipality_region,39.90380,8.59260,39.907148,8.897631,true
territorial_layers.csv,BENV-PARASITE-BENV-2026-IDATIDOSI-ECHINOCOCCOSI-85547-OVINO,parasites,IZS_BENV,Echinococcus spp.,MOGORO,Oristano,provinciale,municipality_region,39.90380,8.59260,39.684710,8.777088,true
territorial_layers.csv,BENV-PARASITE-BENV-2026-IDATIDOSI-ECHINOCOCCOSI-85345-OVINO,parasites,IZS_BENV,Echinococcus spp.,ALES,Oristano,provinciale,municipality_region,39.90380,8.59260,39.768245,8.815632,true
territorial_layers.csv,BENV-PARASITE-BENV-2026-IDATIDOSI-ECHINOCOCCOSI-85350-OVINO,parasites,IZS_BENV,Echinococcus spp.,URAS,Oristano,provinciale,municipality_region,39.90380,8.59260,39.700643,8.700030,true
territorial_layers.csv,BENV-PARASITE-BENV-2026-IDATIDOSI-ECHINOCOCCOSI-85411-OVINO,parasites,IZS_BENV,Echinococcus spp.,SIAPICCIA,Oristano,provinciale,municipality_region,39.90380,8.59260,39.927948,8.762128,true
territorial_layers.csv,BENV-PARASITE-BENV-2026-IDATIDOSI-ECHINOCOCCOSI-84691-OVINO,parasites,IZS_BENV,Echinococcus spp.,LACONI,Oristano,provinciale,municipality_region,39.90380,8.59260,39.852649,9.050435,true
territorial_layers.csv,BENV-PARASITE-BENV-2026-IDATIDOSI-ECHINOCOCCOSI-84695-OVINO,parasites,IZS_BENV,Echinococcus spp.,MOGORELLA,Oristano,provinciale,municipality_region,39.90380,8.59260,39.864598,8.857931,true
territorial_layers.csv,BENV-PARASITE-BENV-2026-IDATIDOSI-ECHINOCOCCOSI-85353-OVINO,parasites,IZS_BENV,Echinococcus spp.,PAU,Oristano,provinciale,municipality_region,39.90380,8.59260,39.791546,8.802331,true
territorial_layers.csv,BENV-PARASITE-BENV-2026-IDATIDOSI-ECHINOCOCCOSI-85354-OVINO,parasites,IZS_BENV,Echinococcus spp.,ALES,Oristano,provinciale,municipality_region,39.90380,8.59260,39.768245,8.815632,true
territorial_layers.csv,BENV-PARASITE-BENV-2026-IDATIDOSI-ECHINOCOCCOSI-85472-OVINO,parasites,IZS_BENV,Echinococcus spp.,TRAMATZA,Oristano,provinciale,municipality_region,39.90380,8.59260,40.003748,8.649537,true
territorial_layers.csv,BENV-PARASITE-BENV-2026-IDATIDOSI-ECHINOCOCCOSI-85548-OVINO,parasites,IZS_BENV,Echinococcus spp.,MORGONGIORI,Oristano,provinciale,municipality_region,39.90380,8.59260,39.746644,8.770131,true
territorial_layers.csv,BENV-PARASITE-BENV-2026-IDATIDOSI-ECHINOCOCCOSI-85355-OVINO,parasites,IZS_BENV,Echinococcus spp.,USELLUS,Oristano,provinciale,municipality_region,39.90380,8.59260,39.809646,8.850732,true
territorial_layers.csv,BENV-PARASITE-BENV-2026-IDATIDOSI-ECHINOCOCCOSI-85356-OVINO,parasites,IZS_BENV,Echinococcus spp.,USELLUS,Oristano,provinciale,municipality_region,39.90380,8.59260,39.809646,8.850732,true
territorial_layers.csv,BENV-PARASITE-BENV-2026-IDATIDOSI-ECHINOCOCCOSI-84850-OVINO,parasites,IZS_BENV,Echinococcus spp.,ASSOLO,Oristano,provinciale,municipality_region,39.90380,8.59260,39.809947,8.918233,true
territorial_layers.csv,BENV-PARASITE-BENV-2026-IDATIDOSI-ECHINOCOCCOSI-85343-OVINO,parasites,IZS_BENV,Echinococcus spp.,BARESSA,Oristano,provinciale,municipality_region,39.90380,8.59260,39.712745,8.875334,true
territorial_layers.csv,BENV-PARASITE-BENV-2026-IDATIDOSI-ECHINOCOCCOSI-85346-OVINO,parasites,IZS_BENV,Echinococcus spp.,SAN NICOLO\' D\'ARCIDANO,Oristano,provinciale,municipality_region,39.90380,8.59260,39.683392,8.646875,true
territorial_layers.csv,BENV-PARASITE-BENV-2026-IDATIDOSI-ECHINOCOCCOSI-85409-OVINO,parasites,IZS_BENV,Echinococcus spp.,SIAPICCIA,Oristano,provinciale,municipality_region,39.90380,8.59260,39.927948,8.762128,true
territorial_layers.csv,BENV-PARASITE-BENV-2026-IDATIDOSI-ECHINOCOCCOSI-85419-OVINO,parasites,IZS_BENV,Echinococcus spp.,MOGORELLA,Oristano,provinciale,municipality_region,39.90380,8.59260,39.864598,8.857931,true
territorial_layers.csv,BENV-PARASITE-BENV-2026-IDATIDOSI-ECHINOCOCCOSI-85295-BOVINO,parasites,IZS_BENV,Echinococcus spp.,MORGONGIORI,Oristano,provinciale,municipality_region,39.90380,8.59260,39.746644,8.770131,true
territorial_layers.csv,BENV-PARASITE-BENV-2026-IDATIDOSI-ECHINOCOCCOSI-85545-OVINO,parasites,IZS_BENV,Echinococcus spp.,OLLASTRA,Oristano,provinciale,municipality_region,39.90380,8.59260,39.950948,8.734227,true
territorial_layers.csv,BENV-PARASITE-BENV-2026-IDATIDOSI-ECHINOCOCCOSI-84693-OVINO,parasites,IZS_BENV,Echinococcus spp.,ASUNI,Oristano,provinciale,municipality_region,39.90380,8.59260,39.872448,8.946433,true
territorial_layers.csv,BENV-PARASITE-BENV-2026-IDATIDOSI-ECHINOCOCCOSI-85113-BOVINO,parasites,IZS_BENV,Echinococcus spp.,SENEGHE,Oristano,provinciale,municipality_region,39.90380,8.59260,40.082249,8.615723,true
territorial_layers.csv,BENV-PARASITE-BENV-2026-IDATIDOSI-ECHINOCOCCOSI-84851-OVINO,parasites,IZS_BENV,Echinococcus spp.,NURECI,Oristano,provinciale,municipality_region,39.90380,8.59260,39.823348,8.973834,true
territorial_layers.csv,BENV-PARASITE-BENV-2026-IDATIDOSI-ECHINOCOCCOSI-85410-OVINO,parasites,IZS_BENV,Echinococcus spp.,SIAMANNA,Oristano,provinciale,municipality_region,39.90380,8.59260,39.920748,8.761028,true
territorial_layers.csv,BENV-PARASITE-BENV-2026-IDATIDOSI-ECHINOCOCCOSI-85429-OVINO,parasites,IZS_BENV,Echinococcus spp.,LACONI,Oristano,provinciale,municipality_region,39.90380,8.59260,39.852649,9.050435,true
territorial_layers.csv,BENV-PARASITE-BENV-2026-IDATIDOSI-ECHINOCOCCOSI-85175-BOVINO,parasites,IZS_BENV,Echinococcus spp.,BAULADU,Oristano,provinciale,municipality_region,39.90380,8.59260,40.020549,8.671925,true
territorial_layers.csv,BENV-PARASITE-BENV-2026-IDATIDOSI-ECHINOCOCCOSI-84679-OVINO,parasites,IZS_BENV,Echinococcus spp.,SENEGHE,Oristano,provinciale,municipality_region,39.90380,8.59260,40.082249,8.615723,true
territorial_layers.csv,BENV-PARASITE-BENV-2026-IDATIDOSI-ECHINOCOCCOSI-84692-OVINO,parasites,IZS_BENV,Echinococcus spp.,LACONI,Oristano,provinciale,municipality_region,39.90380,8.59260,39.852649,9.050435,true
territorial_layers.csv,BENV-PARASITE-BENV-2026-IDATIDOSI-ECHINOCOCCOSI-85339-OVINO,parasites,IZS_BENV,Echinococcus spp.,USELLUS,Oristano,provinciale,municipality_region,39.90380,8.59260,39.809646,8.850732,true
territorial_layers.csv,BENV-PARASITE-BENV-2026-IDATIDOSI-ECHINOCOCCOSI-85357-OVINO,parasites,IZS_BENV,Echinococcus spp.,USELLUS,Oristano,provinciale,municipality_region,39.90380,8.59260,39.809646,8.850732,true
territorial_layers.csv,BENV-PARASITE-BENV-2026-IDATIDOSI-ECHINOCOCCOSI-85412-OVINO,parasites,IZS_BENV,Echinococcus spp.,OLLASTRA,Oristano,provinciale,municipality_region,39.90380,8.59260,39.950948,8.734227,true
territorial_layers.csv,BENV-PARASITE-BENV-2026-IDATIDOSI-ECHINOCOCCOSI-85361-OVINO,parasites,IZS_BENV,Echinococcus spp.,SAN VERO MILIS,Oristano,provinciale,municipality_region,39.90380,8.59260,40.014548,8.598224,true
territorial_layers.csv,BENV-PARASITE-BENV-2026-IDATIDOSI-ECHINOCOCCOSI-85186-BOVINO,parasites,IZS_BENV,Echinococcus spp.,OLLASTRA,Oristano,provinciale,municipality_region,39.90380,8.59260,39.950948,8.734227,true
territorial_layers.csv,BENV-PARASITE-BENV-2026-IDATIDOSI-ECHINOCOCCOSI-85189-BOVINO,parasites,IZS_BENV,Echinococcus spp.,ORISTANO,Oristano,provinciale,municipality_region,39.90380,8.59260,40.026568,8.679642,true
territorial_layers.csv,BENV-PARASITE-BENV-2026-IDATIDOSI-ECHINOCOCCOSI-85535-OVINO,parasites,IZS_BENV,Echinococcus spp.,BUSACHI,Oristano,provinciale,municipality_region,39.90380,8.59260,40.032651,8.896729,true
territorial_layers.csv,BENV-PARASITE-BENV-2026-IDATIDOSI-ECHINOCOCCOSI-85176-BOVINO,parasites,IZS_BENV,Echinococcus spp.,SENEGHE,Oristano,provinciale,municipality_region,39.90380,8.59260,40.082249,8.615723,true
territorial_layers.csv,BENV-PARASITE-BENV-2026-IDATIDOSI-ECHINOCOCCOSI-85423-OVINO,parasites,IZS_BENV,Echinococcus spp.,LACONI,Oristano,provinciale,municipality_region,39.90380,8.59260,39.852649,9.050435,true
territorial_layers.csv,BENV-PARASITE-BENV-2026-IDATIDOSI-ECHINOCOCCOSI-85437-OVINO,parasites,IZS_BENV,Echinococcus spp.,PAULILATINO,Oristano,provinciale,municipality_region,39.90380,8.59260,40.084032,8.763937,true
territorial_layers.csv,BENV-PARASITE-BENV-2026-IDATIDOSI-ECHINOCOCCOSI-85342-OVINO,parasites,IZS_BENV,Echinococcus spp.,CUGLIERI,Oristano,provinciale,municipality_region,39.90380,8.59260,40.188472,8.567405,true
territorial_layers.csv,BENV-PARASITE-BENV-2026-IDATIDOSI-ECHINOCOCCOSI-85347-OVINO,parasites,IZS_BENV,Echinococcus spp.,CURCURIS,Oristano,provinciale,municipality_region,39.90380,8.59260,39.746145,8.830632,true
territorial_layers.csv,BENV-PARASITE-BENV-2026-IDATIDOSI-ECHINOCOCCOSI-85427-OVINO,parasites,IZS_BENV,Echinococcus spp.,LACONI,Oristano,provinciale,municipality_region,39.90380,8.59260,39.852649,9.050435,true
territorial_layers.csv,BENV-PARASITE-BENV-2026-IDATIDOSI-ECHINOCOCCOSI-85323-BOVINO,parasites,IZS_BENV,Echinococcus spp.,SAMUGHEO,Oristano,provinciale,municipality_region,39.90380,8.59260,39.946150,8.940532,true
territorial_layers.csv,BENV-PARASITE-BENV-2026-IDATIDOSI-ECHINOCOCCOSI-84694-OVINO,parasites,IZS_BENV,Echinococcus spp.,ASUNI,Oristano,provinciale,municipality_region,39.90380,8.59260,39.872448,8.946433,true
territorial_layers.csv,BENV-PARASITE-BENV-2026-IDATIDOSI-ECHINOCOCCOSI-84705-OVINO,parasites,IZS_BENV,Echinococcus spp.,SAN NICOLO\' D\'ARCIDANO,Oristano,provinciale,municipality_region,39.90380,8.59260,39.683392,8.646875,true
territorial_layers.csv,BENV-PARASITE-BENV-2026-LEISHMANIOSI-85169-CANE,parasites,IZS_BENV,Leishmania infantum,Grosseto,Grosseto,provinciale,municipality_region,42.76350,11.11240,42.775110,11.287804,true
territorial_layers.csv,BENV-PARASITE-BENV-2026-LEISHMANIOSI-85202-CANE,parasites,IZS_BENV,Leishmania infantum,Grosseto,Grosseto,provinciale,municipality_region,42.76350,11.11240,42.775110,11.287804,true
territorial_layers.csv,BENV-PARASITE-BENV-2026-LEISHMANIOSI-85171-CANE,parasites,IZS_BENV,Leishmania infantum,Campagnatico,Grosseto,provinciale,municipality_region,42.88260,11.27310,42.883729,11.273537,true
territorial_layers.csv,BENV-PARASITE-BENV-2026-LEISHMANIOSI-85115-CANE,parasites,IZS_BENV,Leishmania infantum,Grosseto,Grosseto,provinciale,municipality_region,42.76350,11.11240,42.775110,11.287804,true
territorial_layers.csv,BENV-PARASITE-BENV-2026-LEISHMANIOSI-85197-CANE,parasites,IZS_BENV,Leishmania infantum,Grosseto,Grosseto,provinciale,municipality_region,42.76350,11.11240,42.775110,11.287804,true
territorial_layers.csv,BENV-PARASITE-BENV-2026-LEISHMANIOSI-85203-CANE,parasites,IZS_BENV,Leishmania infantum,Grosseto,Grosseto,provinciale,municipality_region,42.76350,11.11240,42.775110,11.287804,true
territorial_layers.csv,BENV-PARASITE-BENV-2026-LEISHMANIOSI-84096-CANE,parasites,IZS_BENV,Leishmania infantum,Battaglia Terme,Padova,provinciale,municipality_region,45.28950,11.78430,45.288143,11.781834,true
territorial_layers.csv,BENV-PARASITE-BENV-2026-LEISHMANIOSI-84882-CANE,parasites,IZS_BENV,Leishmania infantum,Malo,Vicenza,provinciale,municipality_region,45.65970,11.40490,45.660296,11.407493,true
territorial_layers.csv,BENV-PARASITE-BENV-2026-LEISHMANIOSI-83740-CANE,parasites,IZS_BENV,Leishmania infantum,Valdobbiadene,Treviso,provinciale,municipality_region,45.89930,11.99510,45.901413,11.995512,true
territorial_layers.csv,BENV-PARASITE-BENV-2026-LEISHMANIOSI-85011-CANE,parasites,IZS_BENV,Leishmania infantum,Brescia,Brescia,provinciale,municipality_region,45.54160,10.21180,45.779580,10.425873,true
territorial_layers.csv,BENV-PARASITE-BENV-2026-LEISHMANIOSI-84095-CANE,parasites,IZS_BENV,Leishmania infantum,Cinto Euganeo,Padova,provinciale,municipality_region,45.27550,11.66310,45.289467,11.672376,true
territorial_layers.csv,BENV-PARASITE-BENV-2026-LEISHMANIOSI-84886-CANE,parasites,IZS_BENV,Leishmania infantum,Malo,Vicenza,provinciale,municipality_region,45.65970,11.40490,45.660296,11.407493,true
territorial_layers.csv,BENV-PARASITE-BENV-2026-LEISHMANIOSI-85485-CANE,parasites,IZS_BENV,Leishmania infantum,Grosseto,Grosseto,provinciale,municipality_region,42.76350,11.11240,42.775110,11.287804,true
territorial_layers.csv,BENV-PARASITE-BENV-2026-LEISHMANIOSI-85013-CANE,parasites,IZS_BENV,Leishmania infantum,Pezzaze,Brescia,provinciale,municipality_region,45.77700,10.23690,45.774127,10.237377,true
territorial_layers.csv,BENV-PARASITE-BENV-2026-LEISHMANIOSI-84885-CANE,parasites,IZS_BENV,Leishmania infantum,Monte di Malo,Vicenza,provinciale,municipality_region,45.66150,11.36150,45.660464,11.362566,true
territorial_layers.csv,WNV-2026-IT-CE-001,west_nile,ECDC_CNS_WNV,West Nile virus,Provincia di Caserta,Caserta,provinciale,province_centroid,41.0747,14.3324,41.203483,14.117058,true
territorial_layers.csv,WNV-2026-IT-FI-001,west_nile,ECDC_CNS_WNV,West Nile virus,Provincia di Firenze,Firenze,provinciale,province_centroid,43.7696,11.2558,43.769871,11.255576,true
territorial_layers.csv,WNV-2026-IT-VR-001,west_nile,ECDC_CNS_WNV,West Nile virus,Provincia di Verona,Verona,provinciale,province_centroid,45.4384,10.9916,45.438496,10.992412,true
territorial_layers.csv,WNV-2026-IT-SU-001,west_nile,CNS_WNV,West Nile virus,Provincia del Medio Campidano,Medio Campidano,provinciale,province_not_found,39.5316,8.7041,39.5316,8.7041,false
territorial_layers.csv,WNV-2026-IT-FE-001,west_nile,CNS_WNV,West Nile virus,Provincia di Ferrara,Ferrara,provinciale,province_centroid,44.8353,11.6198,44.766764,11.827939,true
territorial_layers.csv,WNV-2026-IT-RO-001,west_nile,CNS_WNV,West Nile virus,Provincia di Rovigo,Rovigo,provinciale,province_centroid,45.0703,11.7904,44.977206,12.274190,true
territorial_layers.csv,WNV-2026-IT-PV-001,west_nile,CNS_WNV,West Nile virus,Provincia di Pavia,Pavia,provinciale,province_centroid,45.1847,9.1582,45.036855,9.137825,true
territorial_layers.csv,WNV-2026-IT-MN-001,west_nile,CNS_WNV,West Nile virus,Provincia di Mantova,Mantova,provinciale,province_centroid,45.1564,10.7914,45.169362,10.670616,true
territorial_layers.csv,WNV-2026-IT-BS-001,west_nile,CNS_WNV,West Nile virus,Provincia di Brescia,Brescia,provinciale,province_centroid,45.5416,10.2118,45.779580,10.425873,true
territorial_layers.csv,WNV-2026-IT-BG-001,west_nile,CNS_WNV,West Nile virus,Provincia di Bergamo,Bergamo,provinciale,province_centroid,45.6983,9.6773,45.756656,9.754219,true
territorial_layers.csv,WNV-2026-IT-BO-001,west_nile,CNS_WNV,West Nile virus,Provincia di Bologna,Bologna,provinciale,province_centroid,44.4949,11.3426,44.493758,11.343031,true
territorial_layers.csv,WNV-2026-IT-VC-001,west_nile,CNS_WNV,West Nile virus,Provincia di Vercelli,Vercelli,provinciale,province_centroid,45.323,8.4232,45.555383,8.346284,true
territorial_layers.csv,WNV-2026-IT-VB-001,west_nile,CNS_WNV,West Nile virus,Provincia del Verbano-Cusio-Ossola,Verbano-Cusio-Ossola,provinciale,province_centroid,45.9214,8.5518,46.056880,8.096460,true
territorial_layers.csv,WNV-2026-IT-NO-001,west_nile,CNS_WNV,West Nile virus,Provincia di Novara,Novara,provinciale,province_centroid,45.4469,8.6212,45.584250,8.545997,true
territorial_layers.csv,WNV-2026-IT-AL-001,west_nile,CNS_WNV,West Nile virus,Provincia di Alessandria,Alessandria,provinciale,province_centroid,44.9125,8.6189,44.834953,8.745030,true
territorial_layers.csv,WNV-2026-IT-GE-001,west_nile,CNS_WNV,West Nile virus,Provincia di Genova,Genova,provinciale,province_centroid,44.4056,8.9463,44.407260,8.933862,true
territorial_layers.csv,WNV-2026-IT-PD-001,west_nile,CNS_WNV,West Nile virus,Provincia di Padova,Padova,provinciale,province_centroid,45.4064,11.8768,45.407717,11.873446,true
territorial_layers.csv,WNV-2026-IT-VE-001,west_nile,AVIS_CNS_WNV,West Nile virus,Provincia di Venezia,Venezia,provinciale,province_centroid,45.4408,12.3155,45.437191,12.334590,true
territorial_layers.csv,WNV-2026-IT-VI-001,west_nile,AVIS_CNS_WNV,West Nile virus,Provincia di Vicenza,Vicenza,provinciale,province_centroid,45.5455,11.5354,45.634859,11.406354,true
territorial_layers.csv,WNV-2026-IT-MI-001,west_nile,AVIS_CNS_WNV,West Nile virus,Provincia di Milano,Milano,provinciale,province_centroid,45.4642,9.19,45.466800,9.190500,true
territorial_layers.csv,WNV-2026-IT-LO-001,west_nile,AVIS_CNS_WNV,West Nile virus,Provincia di Lodi,Lodi,provinciale,province_centroid,45.3136,9.5035,45.261310,9.491678,true
territorial_layers.csv,WNV-2026-IT-MB-001,west_nile,AVIS_CNS_WNV,West Nile virus,Provincia di Monza e Brianza,Monza-Brianza,provinciale,province_not_found,45.5845,9.2744,45.5845,9.2744,false
territorial_layers.csv,WNV-2026-IT-MO-001,west_nile,AVIS_CNS_WNV,West Nile virus,Provincia di Modena,Modena,provinciale,province_centroid,44.6471,10.9252,44.538473,10.935961,true
territorial_layers.csv,WNV-2026-IT-PR-001,west_nile,AVIS_CNS_WNV,West Nile virus,Provincia di Parma,Parma,provinciale,province_centroid,44.8015,10.3279,44.801368,10.328083,true
territorial_layers.csv,WNV-2026-IT-RE-001,west_nile,AVIS_CNS_WNV,West Nile virus,Provincia di Reggio Emilia,Reggio Emilia,provinciale,province_not_found,44.6983,10.63,44.6983,10.63,false
territorial_layers.csv,WNV-2026-IT-PC-001,west_nile,AVIS_CNS_WNV,West Nile virus,Provincia di Piacenza,Piacenza,provinciale,province_centroid,45.0526,9.6937,44.847635,9.666531,true
territorial_layers.csv,WNV-2026-IT-CR-001,west_nile,AVIS_CNS_WNV,West Nile virus,Provincia di Cremona,Cremona,provinciale,province_centroid,45.1332,10.0227,45.220864,10.037038,true
vectornet_gbif_layers.csv,VECTORNET-IT-2026-AEDES-ALBOPICTUS-TORINO,vectors,VECTORNET_CURATED,Aedes albopictus,Torino,Torino,comunale,municipality_region,45.0703,7.6869,45.067755,7.682489,true
vectornet_gbif_layers.csv,VECTORNET-IT-2026-AEDES-ALBOPICTUS-CUNEO,vectors,VECTORNET_CURATED,Aedes albopictus,Cuneo,Cuneo,comunale,municipality_region,44.3845,7.5427,44.458070,7.558137,true
vectornet_gbif_layers.csv,VECTORNET-IT-2026-AEDES-ALBOPICTUS-MILANO,vectors,VECTORNET_CURATED,Aedes albopictus,Milano,Milano,comunale,municipality_region,45.4642,9.1900,45.466800,9.190500,true
vectornet_gbif_layers.csv,VECTORNET-IT-2026-AEDES-ALBOPICTUS-PAVIA,vectors,VECTORNET_CURATED,Aedes albopictus,Pavia,Pavia,comunale,municipality_region,45.1847,9.1582,45.036855,9.137825,true
vectornet_gbif_layers.csv,VECTORNET-IT-2026-AEDES-ALBOPICTUS-BRESCIA,vectors,VECTORNET_CURATED,Aedes albopictus,Brescia,Brescia,comunale,municipality_region,45.5416,10.2118,45.779580,10.425873,true
vectornet_gbif_layers.csv,VECTORNET-IT-2026-AEDES-ALBOPICTUS-GENOVA,vectors,VECTORNET_CURATED,Aedes albopictus,Genova,Genova,comunale,municipality_region,44.4048,8.9444,44.407260,8.933862,true
vectornet_gbif_layers.csv,VECTORNET-IT-2026-AEDES-ALBOPICTUS-VERONA,vectors,VECTORNET_CURATED,Aedes albopictus,Verona,Verona,comunale,municipality_region,45.4384,10.9916,45.438496,10.992412,true
vectornet_gbif_layers.csv,VECTORNET-IT-2026-AEDES-ALBOPICTUS-PADOVA,vectors,VECTORNET_CURATED,Aedes albopictus,Padova,Padova,comunale,municipality_region,45.4064,11.8768,45.407717,11.873446,true
vectornet_gbif_layers.csv,VECTORNET-IT-2026-AEDES-ALBOPICTUS-BOLOGNA,vectors,VECTORNET_CURATED,Aedes albopictus,Bologna,Bologna,comunale,municipality_region,44.4949,11.3426,44.493758,11.343031,true
vectornet_gbif_layers.csv,VECTORNET-IT-2026-AEDES-ALBOPICTUS-PARMA,vectors,VECTORNET_CURATED,Aedes albopictus,Parma,Parma,comunale,municipality_region,44.8015,10.3279,44.801368,10.328083,true
vectornet_gbif_layers.csv,VECTORNET-IT-2026-AEDES-ALBOPICTUS-FIRENZE,vectors,VECTORNET_CURATED,Aedes albopictus,Firenze,Firenze,comunale,municipality_region,43.7696,11.2558,43.769871,11.255576,true
vectornet_gbif_layers.csv,VECTORNET-IT-2026-AEDES-ALBOPICTUS-GROSSETO,vectors,VECTORNET_CURATED,Aedes albopictus,Grosseto,Grosseto,comunale,municipality_region,42.7635,11.1124,42.775110,11.287804,true
vectornet_gbif_layers.csv,VECTORNET-IT-2026-AEDES-ALBOPICTUS-ROMA,vectors,VECTORNET_CURATED,Aedes albopictus,Roma,Roma,comunale,municipality_region,41.9028,12.4964,41.893320,12.482932,true
vectornet_gbif_layers.csv,VECTORNET-IT-2026-AEDES-ALBOPICTUS-NAPOLI,vectors,VECTORNET_CURATED,Aedes albopictus,Napoli,Napoli,comunale,municipality_region,40.8518,14.2681,40.835934,14.248783,true
vectornet_gbif_layers.csv,VECTORNET-IT-2026-AEDES-ALBOPICTUS-CASERTA,vectors,VECTORNET_CURATED,Aedes albopictus,Caserta,Caserta,comunale,municipality_region,41.0747,14.3324,41.203483,14.117058,true
vectornet_gbif_layers.csv,VECTORNET-IT-2026-AEDES-ALBOPICTUS-BARI,vectors,VECTORNET_CURATED,Aedes albopictus,Bari,Bari,comunale,municipality_region,41.1171,16.8719,41.125784,16.862029,true
vectornet_gbif_layers.csv,VECTORNET-IT-2026-AEDES-ALBOPICTUS-PALERMO,vectors,VECTORNET_CURATED,Aedes albopictus,Palermo,Palermo,comunale,municipality_region,38.1157,13.3615,38.111227,13.352443,true
vectornet_gbif_layers.csv,VECTORNET-IT-2026-AEDES-ALBOPICTUS-CAGLIARI,vectors,VECTORNET_CURATED,Aedes albopictus,Cagliari,Cagliari,comunale,municipality_region,39.2238,9.1217,39.216953,9.112851,true
vectornet_gbif_layers.csv,VECTORNET-IT-2026-AEDES-JAPONICUS-TORINO,vectors,VECTORNET_CURATED,Aedes japonicus,Torino,Torino,comunale,municipality_region,45.0703,7.6869,45.067755,7.682489,true
vectornet_gbif_layers.csv,VECTORNET-IT-2026-AEDES-JAPONICUS-CUNEO,vectors,VECTORNET_CURATED,Aedes japonicus,Cuneo,Cuneo,comunale,municipality_region,44.3845,7.5427,44.458070,7.558137,true
vectornet_gbif_layers.csv,VECTORNET-IT-2026-AEDES-JAPONICUS-VERONA,vectors,VECTORNET_CURATED,Aedes japonicus,Verona,Verona,comunale,municipality_region,45.4384,10.9916,45.438496,10.992412,true
vectornet_gbif_layers.csv,VECTORNET-IT-2026-AEDES-JAPONICUS-PADOVA,vectors,VECTORNET_CURATED,Aedes japonicus,Padova,Padova,comunale,municipality_region,45.4064,11.8768,45.407717,11.873446,true
vectornet_gbif_layers.csv,VECTORNET-IT-2026-AEDES-JAPONICUS-BRESCIA,vectors,VECTORNET_CURATED,Aedes japonicus,Brescia,Brescia,comunale,municipality_region,45.5416,10.2118,45.779580,10.425873,true
vectornet_gbif_layers.csv,VECTORNET-IT-2026-AEDES-JAPONICUS-MILANO,vectors,VECTORNET_CURATED,Aedes japonicus,Milano,Milano,comunale,municipality_region,45.4642,9.1900,45.466800,9.190500,true
vectornet_gbif_layers.csv,VECTORNET-IT-2026-AEDES-JAPONICUS-PAVIA,vectors,VECTORNET_CURATED,Aedes japonicus,Pavia,Pavia,comunale,municipality_region,45.1847,9.1582,45.036855,9.137825,true
vectornet_gbif_layers.csv,VECTORNET-IT-2026-AEDES-KOREICUS-TORINO,vectors,VECTORNET_CURATED,Aedes koreicus,Torino,Torino,comunale,municipality_region,45.0703,7.6869,45.067755,7.682489,true
vectornet_gbif_layers.csv,VECTORNET-IT-2026-AEDES-KOREICUS-CUNEO,vectors,VECTORNET_CURATED,Aedes koreicus,Cuneo,Cuneo,comunale,municipality_region,44.3845,7.5427,44.458070,7.558137,true
vectornet_gbif_layers.csv,VECTORNET-IT-2026-AEDES-KOREICUS-MILANO,vectors,VECTORNET_CURATED,Aedes koreicus,Milano,Milano,comunale,municipality_region,45.4642,9.1900,45.466800,9.190500,true
vectornet_gbif_layers.csv,VECTORNET-IT-2026-AEDES-KOREICUS-BRESCIA,vectors,VECTORNET_CURATED,Aedes koreicus,Brescia,Brescia,comunale,municipality_region,45.5416,10.2118,45.779580,10.425873,true
vectornet_gbif_layers.csv,VECTORNET-IT-2026-AEDES-KOREICUS-GENOVA,vectors,VECTORNET_CURATED,Aedes koreicus,Genova,Genova,comunale,municipality_region,44.4048,8.9444,44.407260,8.933862,true
vectornet_gbif_layers.csv,VECTORNET-IT-2026-AEDES-KOREICUS-VERONA,vectors,VECTORNET_CURATED,Aedes koreicus,Verona,Verona,comunale,municipality_region,45.4384,10.9916,45.438496,10.992412,true
vectornet_gbif_layers.csv,VECTORNET-IT-2026-AEDES-KOREICUS-PADOVA,vectors,VECTORNET_CURATED,Aedes koreicus,Padova,Padova,comunale,municipality_region,45.4064,11.8768,45.407717,11.873446,true
vectornet_gbif_layers.csv,VECTORNET-IT-2026-AEDES-KOREICUS-PAVIA,vectors,VECTORNET_CURATED,Aedes koreicus,Pavia,Pavia,comunale,municipality_region,45.1847,9.1582,45.036855,9.137825,true
vectornet_gbif_layers.csv,VECTORNET-IT-2026-AEDES-KOREICUS-BOLOGNA,vectors,VECTORNET_CURATED,Aedes koreicus,Bologna,Bologna,comunale,municipality_region,44.4949,11.3426,44.493758,11.343031,true
west_nile_surveillance.csv,WNV-2026-IT-CE-001,west_nile,ECDC_CNS_WNV,,Provincia di Caserta,Caserta,provinciale,province_centroid,41.0747,14.3324,41.203483,14.117058,true
west_nile_surveillance.csv,WNV-2026-IT-FI-001,west_nile,ECDC_CNS_WNV,,Provincia di Firenze,Firenze,provinciale,province_centroid,43.7696,11.2558,43.769871,11.255576,true
west_nile_surveillance.csv,WNV-2026-IT-VR-001,west_nile,ECDC_CNS_WNV,,Provincia di Verona,Verona,provinciale,province_centroid,45.4384,10.9916,45.438496,10.992412,true
west_nile_surveillance.csv,WNV-2026-IT-SU-001,west_nile,CNS_WNV,,Provincia del Medio Campidano,Medio Campidano,provinciale,province_not_found,39.5316,8.7041,39.5316,8.7041,false
west_nile_surveillance.csv,WNV-2026-IT-FE-001,west_nile,CNS_WNV,,Provincia di Ferrara,Ferrara,provinciale,province_centroid,44.8353,11.6198,44.766764,11.827939,true
west_nile_surveillance.csv,WNV-2026-IT-RO-001,west_nile,CNS_WNV,,Provincia di Rovigo,Rovigo,provinciale,province_centroid,45.0703,11.7904,44.977206,12.274190,true
west_nile_surveillance.csv,WNV-2026-IT-PV-001,west_nile,CNS_WNV,,Provincia di Pavia,Pavia,provinciale,province_centroid,45.1847,9.1582,45.036855,9.137825,true
west_nile_surveillance.csv,WNV-2026-IT-MN-001,west_nile,CNS_WNV,,Provincia di Mantova,Mantova,provinciale,province_centroid,45.1564,10.7914,45.169362,10.670616,true
west_nile_surveillance.csv,WNV-2026-IT-BS-001,west_nile,CNS_WNV,,Provincia di Brescia,Brescia,provinciale,province_centroid,45.5416,10.2118,45.779580,10.425873,true
west_nile_surveillance.csv,WNV-2026-IT-BG-001,west_nile,CNS_WNV,,Provincia di Bergamo,Bergamo,provinciale,province_centroid,45.6983,9.6773,45.756656,9.754219,true
west_nile_surveillance.csv,WNV-2026-IT-BO-001,west_nile,CNS_WNV,,Provincia di Bologna,Bologna,provinciale,province_centroid,44.4949,11.3426,44.493758,11.343031,true
west_nile_surveillance.csv,WNV-2026-IT-VC-001,west_nile,CNS_WNV,,Provincia di Vercelli,Vercelli,provinciale,province_centroid,45.323,8.4232,45.555383,8.346284,true
west_nile_surveillance.csv,WNV-2026-IT-VB-001,west_nile,CNS_WNV,,Provincia del Verbano-Cusio-Ossola,Verbano-Cusio-Ossola,provinciale,province_centroid,45.9214,8.5518,46.056880,8.096460,true
west_nile_surveillance.csv,WNV-2026-IT-NO-001,west_nile,CNS_WNV,,Provincia di Novara,Novara,provinciale,province_centroid,45.4469,8.6212,45.584250,8.545997,true
west_nile_surveillance.csv,WNV-2026-IT-AL-001,west_nile,CNS_WNV,,Provincia di Alessandria,Alessandria,provinciale,province_centroid,44.9125,8.6189,44.834953,8.745030,true
west_nile_surveillance.csv,WNV-2026-IT-GE-001,west_nile,CNS_WNV,,Provincia di Genova,Genova,provinciale,province_centroid,44.4056,8.9463,44.407260,8.933862,true
west_nile_surveillance.csv,WNV-2026-IT-PD-001,west_nile,CNS_WNV,,Provincia di Padova,Padova,provinciale,province_centroid,45.4064,11.8768,45.407717,11.873446,true
west_nile_surveillance.csv,WNV-2026-IT-VE-001,west_nile,AVIS_CNS_WNV,,Provincia di Venezia,Venezia,provinciale,province_centroid,45.4408,12.3155,45.437191,12.334590,true
west_nile_surveillance.csv,WNV-2026-IT-VI-001,west_nile,AVIS_CNS_WNV,,Provincia di Vicenza,Vicenza,provinciale,province_centroid,45.5455,11.5354,45.634859,11.406354,true
west_nile_surveillance.csv,WNV-2026-IT-MI-001,west_nile,AVIS_CNS_WNV,,Provincia di Milano,Milano,provinciale,province_centroid,45.4642,9.19,45.466800,9.190500,true
west_nile_surveillance.csv,WNV-2026-IT-LO-001,west_nile,AVIS_CNS_WNV,,Provincia di Lodi,Lodi,provinciale,province_centroid,45.3136,9.5035,45.261310,9.491678,true
west_nile_surveillance.csv,WNV-2026-IT-MB-001,west_nile,AVIS_CNS_WNV,,Provincia di Monza e Brianza,Monza-Brianza,provinciale,province_not_found,45.5845,9.2744,45.5845,9.2744,false
west_nile_surveillance.csv,WNV-2026-IT-MO-001,west_nile,AVIS_CNS_WNV,,Provincia di Modena,Modena,provinciale,province_centroid,44.6471,10.9252,44.538473,10.935961,true
west_nile_surveillance.csv,WNV-2026-IT-PR-001,west_nile,AVIS_CNS_WNV,,Provincia di Parma,Parma,provinciale,province_centroid,44.8015,10.3279,44.801368,10.328083,true
west_nile_surveillance.csv,WNV-2026-IT-RE-001,west_nile,AVIS_CNS_WNV,,Provincia di Reggio Emilia,Reggio Emilia,provinciale,province_not_found,44.6983,10.63,44.6983,10.63,false
west_nile_surveillance.csv,WNV-2026-IT-PC-001,west_nile,AVIS_CNS_WNV,,Provincia di Piacenza,Piacenza,provinciale,province_centroid,45.0526,9.6937,44.847635,9.666531,true
west_nile_surveillance.csv,WNV-2026-IT-CR-001,west_nile,AVIS_CNS_WNV,,Provincia di Cremona,Cremona,provinciale,province_centroid,45.1332,10.0227,45.220864,10.037038,true
benv_parasite_layers.csv,BENV-PARASITE-BENV-2026-IDATIDOSI-ECHINOCOCCOSI-85153-OVINO,parasites,IZS_BENV,,SIRIS,Oristano,provinciale,municipality_region,39.90380,8.59260,39.712644,8.774832,true
benv_parasite_layers.csv,BENV-PARASITE-BENV-2026-IDATIDOSI-ECHINOCOCCOSI-84209-OVINO,parasites,IZS_BENV,,USELLUS,Oristano,provinciale,municipality_region,39.90380,8.59260,39.809646,8.850732,true
benv_parasite_layers.csv,BENV-PARASITE-BENV-2026-IDATIDOSI-ECHINOCOCCOSI-84659-BOVINO,parasites,IZS_BENV,,BRACCIANO,Roma,provinciale,municipality_region,41.90280,12.49640,42.101095,12.173857,true
benv_parasite_layers.csv,BENV-PARASITE-BENV-2026-IDATIDOSI-ECHINOCOCCOSI-84677-OVINO,parasites,IZS_BENV,,SENEGHE,Oristano,provinciale,municipality_region,39.90380,8.59260,40.082249,8.615723,true
benv_parasite_layers.csv,BENV-PARASITE-BENV-2026-IDATIDOSI-ECHINOCOCCOSI-84073-OVINO,parasites,IZS_BENV,,SANTA GIUSTA,Oristano,provinciale,municipality_region,39.90380,8.59260,39.878178,8.609973,true
benv_parasite_layers.csv,BENV-PARASITE-BENV-2026-IDATIDOSI-ECHINOCOCCOSI-83886-OVINO,parasites,IZS_BENV,,SAGAMA,Oristano,provinciale,municipality_region,39.90380,8.59260,40.261552,8.577520,true
benv_parasite_layers.csv,BENV-PARASITE-BENV-2026-IDATIDOSI-ECHINOCOCCOSI-83983-OVINO,parasites,IZS_BENV,,ALLAI,Oristano,provinciale,municipality_region,39.90380,8.59260,39.957173,8.863076,true
benv_parasite_layers.csv,BENV-PARASITE-BENV-2026-IDATIDOSI-ECHINOCOCCOSI-82809-BOVINO,parasites,IZS_BENV,,BRACCIANO,Roma,provinciale,municipality_region,41.90280,12.49640,42.101095,12.173857,true
benv_parasite_layers.csv,BENV-PARASITE-BENV-2026-IDATIDOSI-ECHINOCOCCOSI-84189-OVINO,parasites,IZS_BENV,,SAN VERO MILIS,Oristano,provinciale,municipality_region,39.90380,8.59260,40.014548,8.598224,true
benv_parasite_layers.csv,BENV-PARASITE-BENV-2026-IDATIDOSI-ECHINOCOCCOSI-84208-OVINO,parasites,IZS_BENV,,ALES,Oristano,provinciale,municipality_region,39.90380,8.59260,39.768245,8.815632,true
benv_parasite_layers.csv,BENV-PARASITE-BENV-2026-IDATIDOSI-ECHINOCOCCOSI-84077-OVINO,parasites,IZS_BENV,,ORISTANO,Oristano,provinciale,municipality_region,39.90380,8.59260,40.026568,8.679642,true
benv_parasite_layers.csv,BENV-PARASITE-BENV-2026-IDATIDOSI-ECHINOCOCCOSI-83858-OVINO,parasites,IZS_BENV,,SENEGHE,Oristano,provinciale,municipality_region,39.90380,8.59260,40.082249,8.615723,true
benv_parasite_layers.csv,BENV-PARASITE-BENV-2026-IDATIDOSI-ECHINOCOCCOSI-83969-BOVINO,parasites,IZS_BENV,,ARBOREA,Oristano,provinciale,municipality_region,39.90380,8.59260,39.773846,8.581753,true
benv_parasite_layers.csv,BENV-PARASITE-BENV-2026-IDATIDOSI-ECHINOCOCCOSI-84847-CAPRA,parasites,IZS_BENV,,PALMAS ARBOREA,Oristano,provinciale,municipality_region,39.90380,8.59260,39.876646,8.643127,true
benv_parasite_layers.csv,BENV-PARASITE-BENV-2026-IDATIDOSI-ECHINOCOCCOSI-84188-OVINO,parasites,IZS_BENV,,NARBOLIA,Oristano,provinciale,municipality_region,39.90380,8.59260,40.047650,8.575169,true
benv_parasite_layers.csv,BENV-PARASITE-BENV-2026-IDATIDOSI-ECHINOCOCCOSI-84193-OVINO,parasites,IZS_BENV,,CABRAS,Oristano,provinciale,municipality_region,39.90380,8.59260,39.930314,8.532054,true
benv_parasite_layers.csv,BENV-PARASITE-BENV-2026-IDATIDOSI-ECHINOCOCCOSI-84075-CAPRA,parasites,IZS_BENV,,ORISTANO,Oristano,provinciale,municipality_region,39.90380,8.59260,40.026568,8.679642,true
benv_parasite_layers.csv,BENV-PARASITE-BENV-2026-IDATIDOSI-ECHINOCOCCOSI-84140-OVINO,parasites,IZS_BENV,,POMPU,Oristano,provinciale,municipality_region,39.90380,8.59260,39.724544,8.795432,true
benv_parasite_layers.csv,BENV-PARASITE-BENV-2026-IDATIDOSI-ECHINOCOCCOSI-84141-OVINO,parasites,IZS_BENV,,SENIS,Oristano,provinciale,municipality_region,39.90380,8.59260,39.824147,8.940033,true
benv_parasite_layers.csv,BENV-PARASITE-BENV-2026-IDATIDOSI-ECHINOCOCCOSI-84172-OVINO,parasites,IZS_BENV,,SIAPICCIA,Oristano,provinciale,municipality_region,39.90380,8.59260,39.927948,8.762128,true
benv_parasite_layers.csv,BENV-PARASITE-BENV-2026-IDATIDOSI-ECHINOCOCCOSI-84846-OVINO,parasites,IZS_BENV,,SANTA GIUSTA,Oristano,provinciale,municipality_region,39.90380,8.59260,39.878178,8.609973,true
benv_parasite_layers.csv,BENV-PARASITE-BENV-2026-IDATIDOSI-ECHINOCOCCOSI-84849-OVINO,parasites,IZS_BENV,,NURECI,Oristano,provinciale,municipality_region,39.90380,8.59260,39.823348,8.973834,true
benv_parasite_layers.csv,BENV-PARASITE-BENV-2026-IDATIDOSI-ECHINOCOCCOSI-83847-OVINO,parasites,IZS_BENV,,SAN VERO MILIS,Oristano,provinciale,municipality_region,39.90380,8.59260,40.014548,8.598224,true
benv_parasite_layers.csv,BENV-PARASITE-BENV-2026-IDATIDOSI-ECHINOCOCCOSI-83604-OVINO,parasites,IZS_BENV,,ZEDDIANI,Oristano,provinciale,municipality_region,39.90380,8.59260,39.989947,8.595324,true
benv_parasite_layers.csv,BENV-PARASITE-BENV-2026-IDATIDOSI-ECHINOCOCCOSI-84210-OVINO,parasites,IZS_BENV,,CURCURIS,Oristano,provinciale,municipality_region,39.90380,8.59260,39.746145,8.830632,true
benv_parasite_layers.csv,BENV-PARASITE-BENV-2026-IDATIDOSI-ECHINOCOCCOSI-84224-OVINO,parasites,IZS_BENV,,TRAMATZA,Oristano,provinciale,municipality_region,39.90380,8.59260,40.003748,8.649537,true
benv_parasite_layers.csv,BENV-PARASITE-BENV-2026-IDATIDOSI-ECHINOCOCCOSI-84234-OVINO,parasites,IZS_BENV,,SANTA GIUSTA,Oristano,provinciale,municipality_region,39.90380,8.59260,39.878178,8.609973,true
benv_parasite_layers.csv,BENV-PARASITE-BENV-2026-IDATIDOSI-ECHINOCOCCOSI-84675-OVINO,parasites,IZS_BENV,,SENEGHE,Oristano,provinciale,municipality_region,39.90380,8.59260,40.082249,8.615723,true
benv_parasite_layers.csv,BENV-PARASITE-BENV-2026-IDATIDOSI-ECHINOCOCCOSI-84678-OVINO,parasites,IZS_BENV,,SENEGHE,Oristano,provinciale,municipality_region,39.90380,8.59260,40.082249,8.615723,true
benv_parasite_layers.csv,BENV-PARASITE-BENV-2026-IDATIDOSI-ECHINOCOCCOSI-84821-OVINO,parasites,IZS_BENV,,SIAMANNA,Oristano,provinciale,municipality_region,39.90380,8.59260,39.920748,8.761028,true
benv_parasite_layers.csv,BENV-PARASITE-BENV-2026-IDATIDOSI-ECHINOCOCCOSI-83846-OVINO,parasites,IZS_BENV,,CABRAS,Oristano,provinciale,municipality_region,39.90380,8.59260,39.930314,8.532054,true
benv_parasite_layers.csv,BENV-PARASITE-BENV-2026-IDATIDOSI-ECHINOCOCCOSI-83848-OVINO,parasites,IZS_BENV,,CABRAS,Oristano,provinciale,municipality_region,39.90380,8.59260,39.930314,8.532054,true
benv_parasite_layers.csv,BENV-PARASITE-BENV-2026-IDATIDOSI-ECHINOCOCCOSI-84139-OVINO,parasites,IZS_BENV,,BIDONI\',Oristano,provinciale,municipality_region,39.90380,8.59260,40.113053,8.936429,true
benv_parasite_layers.csv,BENV-PARASITE-BENV-2026-IDATIDOSI-ECHINOCOCCOSI-84166-OVINO,parasites,IZS_BENV,,ARBOREA,Oristano,provinciale,municipality_region,39.90380,8.59260,39.773846,8.581753,true
benv_parasite_layers.csv,BENV-PARASITE-BENV-2026-IDATIDOSI-ECHINOCOCCOSI-84176-OVINO,parasites,IZS_BENV,,SIAMANNA,Oristano,provinciale,municipality_region,39.90380,8.59260,39.920748,8.761028,true
benv_parasite_layers.csv,BENV-PARASITE-BENV-2026-IDATIDOSI-ECHINOCOCCOSI-83854-OVINO,parasites,IZS_BENV,,SENEGHE,Oristano,provinciale,municipality_region,39.90380,8.59260,40.082249,8.615723,true
benv_parasite_layers.csv,BENV-PARASITE-BENV-2026-IDATIDOSI-ECHINOCOCCOSI-84179-OVINO,parasites,IZS_BENV,,ASUNI,Oristano,provinciale,municipality_region,39.90380,8.59260,39.872448,8.946433,true
benv_parasite_layers.csv,BENV-PARASITE-BENV-2026-IDATIDOSI-ECHINOCOCCOSI-84217-OVINO,parasites,IZS_BENV,,MOGORO,Oristano,provinciale,municipality_region,39.90380,8.59260,39.684710,8.777088,true
benv_parasite_layers.csv,BENV-PARASITE-BENV-2026-IDATIDOSI-ECHINOCOCCOSI-84237-OVINO,parasites,IZS_BENV,,SIAPICCIA,Oristano,provinciale,municipality_region,39.90380,8.59260,39.927948,8.762128,true
benv_parasite_layers.csv,BENV-PARASITE-BENV-2026-IDATIDOSI-ECHINOCOCCOSI-84124-BOVINO,parasites,IZS_BENV,,ABBASANTA,Oristano,provinciale,municipality_region,39.90380,8.59260,40.126752,8.818027,true
benv_parasite_layers.csv,BENV-PARASITE-BENV-2026-IDATIDOSI-ECHINOCOCCOSI-83883-OVINO,parasites,IZS_BENV,,TRAMATZA,Oristano,provinciale,municipality_region,39.90380,8.59260,40.003748,8.649537,true
benv_parasite_layers.csv,BENV-PARASITE-BENV-2026-IDATIDOSI-ECHINOCOCCOSI-84485-OVINO,parasites,IZS_BENV,,VILLAURBANA,Oristano,provinciale,municipality_region,39.90380,8.59260,39.885647,8.777429,true
benv_parasite_layers.csv,BENV-PARASITE-BENV-2026-IDATIDOSI-ECHINOCOCCOSI-84233-OVINO,parasites,IZS_BENV,,ORISTANO,Oristano,provinciale,municipality_region,39.90380,8.59260,40.026568,8.679642,true
benv_parasite_layers.csv,BENV-PARASITE-BENV-2026-IDATIDOSI-ECHINOCOCCOSI-84238-OVINO,parasites,IZS_BENV,,SIAPICCIA,Oristano,provinciale,municipality_region,39.90380,8.59260,39.927948,8.762128,true
benv_parasite_layers.csv,BENV-PARASITE-BENV-2026-IDATIDOSI-ECHINOCOCCOSI-83859-OVINO,parasites,IZS_BENV,,SENEGHE,Oristano,provinciale,municipality_region,39.90380,8.59260,40.082249,8.615723,true
benv_parasite_layers.csv,BENV-PARASITE-BENV-2026-IDATIDOSI-ECHINOCOCCOSI-83864-OVINO,parasites,IZS_BENV,,SIAMAGGIORE,Oristano,provinciale,municipality_region,39.90380,8.59260,39.950147,8.636025,true
benv_parasite_layers.csv,BENV-PARASITE-BENV-2026-IDATIDOSI-ECHINOCOCCOSI-83849-OVINO,parasites,IZS_BENV,,CABRAS,Oristano,provinciale,municipality_region,39.90380,8.59260,39.930314,8.532054,true
benv_parasite_layers.csv,BENV-PARASITE-BENV-2026-IDATIDOSI-ECHINOCOCCOSI-83851-OVINO,parasites,IZS_BENV,,BUSACHI,Oristano,provinciale,municipality_region,39.90380,8.59260,40.032651,8.896729,true
benv_parasite_layers.csv,BENV-PARASITE-BENV-2026-IDATIDOSI-ECHINOCOCCOSI-84229-OVINO,parasites,IZS_BENV,,AIDOMAGGIORE,Oristano,provinciale,municipality_region,39.90380,8.59260,40.170753,8.856527,true
benv_parasite_layers.csv,BENV-PARASITE-BENV-2026-IDATIDOSI-ECHINOCOCCOSI-84676-OVINO,parasites,IZS_BENV,,SENEGHE,Oristano,provinciale,municipality_region,39.90380,8.59260,40.082249,8.615723,true
benv_parasite_layers.csv,BENV-PARASITE-BENV-2026-IDATIDOSI-ECHINOCOCCOSI-84708-OVINO,parasites,IZS_BENV,,URAS,Oristano,provinciale,municipality_region,39.90380,8.59260,39.700643,8.700030,true
benv_parasite_layers.csv,BENV-PARASITE-BENV-2026-IDATIDOSI-ECHINOCOCCOSI-84076-OVINO,parasites,IZS_BENV,,SANTA GIUSTA,Oristano,provinciale,municipality_region,39.90380,8.59260,39.878178,8.609973,true
benv_parasite_layers.csv,BENV-PARASITE-BENV-2026-IDATIDOSI-ECHINOCOCCOSI-83861-OVINO,parasites,IZS_BENV,,SENEGHE,Oristano,provinciale,municipality_region,39.90380,8.59260,40.082249,8.615723,true
benv_parasite_layers.csv,BENV-PARASITE-BENV-2026-IDATIDOSI-ECHINOCOCCOSI-83603-BOVINO,parasites,IZS_BENV,,ANGUILLARA SABAZIA,Roma,provinciale,municipality_region,41.90280,12.49640,42.083709,12.282982,true
benv_parasite_layers.csv,BENV-PARASITE-BENV-2026-IDATIDOSI-ECHINOCOCCOSI-84699-OVINO,parasites,IZS_BENV,,ALES,Oristano,provinciale,municipality_region,39.90380,8.59260,39.768245,8.815632,true
benv_parasite_layers.csv,BENV-PARASITE-BENV-2026-IDATIDOSI-ECHINOCOCCOSI-84703-OVINO,parasites,IZS_BENV,,SAN NICOLO\' D\'ARCIDANO,Oristano,provinciale,municipality_region,39.90380,8.59260,39.683392,8.646875,true
benv_parasite_layers.csv,BENV-PARASITE-BENV-2026-IDATIDOSI-ECHINOCOCCOSI-84168-OVINO,parasites,IZS_BENV,,ALLAI,Oristano,provinciale,municipality_region,39.90380,8.59260,39.957173,8.863076,true
benv_parasite_layers.csv,BENV-PARASITE-BENV-2026-IDATIDOSI-ECHINOCOCCOSI-84177-OVINO,parasites,IZS_BENV,,LACONI,Oristano,provinciale,municipality_region,39.90380,8.59260,39.852649,9.050435,true
benv_parasite_layers.csv,BENV-PARASITE-BENV-2026-IDATIDOSI-ECHINOCOCCOSI-83855-OVINO,parasites,IZS_BENV,,SEDILO,Oristano,provinciale,municipality_region,39.90380,8.59260,40.173151,8.919122,true
benv_parasite_layers.csv,BENV-PARASITE-BENV-2026-IDATIDOSI-ECHINOCOCCOSI-84204-OVINO,parasites,IZS_BENV,,ALES,Oristano,provinciale,municipality_region,39.90380,8.59260,39.768245,8.815632,true
benv_parasite_layers.csv,BENV-PARASITE-BENV-2026-IDATIDOSI-ECHINOCOCCOSI-84206-OVINO,parasites,IZS_BENV,,USELLUS,Oristano,provinciale,municipality_region,39.90380,8.59260,39.809646,8.850732,true
benv_parasite_layers.csv,BENV-PARASITE-BENV-2026-IDATIDOSI-ECHINOCOCCOSI-84328-BOVINO,parasites,IZS_BENV,,ROSELLO,Chieti,provinciale,municipality_region,42.34790,14.16380,41.900832,14.349818,true
benv_parasite_layers.csv,BENV-PARASITE-BENV-2026-IDATIDOSI-ECHINOCOCCOSI-84700-OVINO,parasites,IZS_BENV,,USELLUS,Oristano,provinciale,municipality_region,39.90380,8.59260,39.809646,8.850732,true
benv_parasite_layers.csv,BENV-PARASITE-BENV-2026-IDATIDOSI-ECHINOCOCCOSI-84167-OVINO,parasites,IZS_BENV,,SAMUGHEO,Oristano,provinciale,municipality_region,39.90380,8.59260,39.946150,8.940532,true
benv_parasite_layers.csv,BENV-PARASITE-BENV-2026-IDATIDOSI-ECHINOCOCCOSI-85360-OVINO,parasites,IZS_BENV,,SAN VERO MILIS,Oristano,provinciale,municipality_region,39.90380,8.59260,40.014548,8.598224,true
benv_parasite_layers.csv,BENV-PARASITE-BENV-2026-IDATIDOSI-ECHINOCOCCOSI-83626-OVINO,parasites,IZS_BENV,,PALMAS ARBOREA,Oristano,provinciale,municipality_region,39.90380,8.59260,39.876646,8.643127,true
benv_parasite_layers.csv,BENV-PARASITE-BENV-2026-IDATIDOSI-ECHINOCOCCOSI-84503-OVINO,parasites,IZS_BENV,,VILLAURBANA,Oristano,provinciale,municipality_region,39.90380,8.59260,39.885647,8.777429,true
benv_parasite_layers.csv,BENV-PARASITE-BENV-2026-IDATIDOSI-ECHINOCOCCOSI-84505-OVINO,parasites,IZS_BENV,,VILLAURBANA,Oristano,provinciale,municipality_region,39.90380,8.59260,39.885647,8.777429,true
benv_parasite_layers.csv,BENV-PARASITE-BENV-2026-IDATIDOSI-ECHINOCOCCOSI-84507-OVINO,parasites,IZS_BENV,,VILLAURBANA,Oristano,provinciale,municipality_region,39.90380,8.59260,39.885647,8.777429,true
benv_parasite_layers.csv,BENV-PARASITE-BENV-2026-IDATIDOSI-ECHINOCOCCOSI-84180-OVINO,parasites,IZS_BENV,,SENIS,Oristano,provinciale,municipality_region,39.90380,8.59260,39.824147,8.940033,true
benv_parasite_layers.csv,BENV-PARASITE-BENV-2026-IDATIDOSI-ECHINOCOCCOSI-84711-OVINO,parasites,IZS_BENV,,URAS,Oristano,provinciale,municipality_region,39.90380,8.59260,39.700643,8.700030,true
benv_parasite_layers.csv,BENV-PARASITE-BENV-2026-IDATIDOSI-ECHINOCOCCOSI-84169-OVINO,parasites,IZS_BENV,,SAMUGHEO,Oristano,provinciale,municipality_region,39.90380,8.59260,39.946150,8.940532,true
benv_parasite_layers.csv,BENV-PARASITE-BENV-2026-IDATIDOSI-ECHINOCOCCOSI-84174-OVINO,parasites,IZS_BENV,,SIAPICCIA,Oristano,provinciale,municipality_region,39.90380,8.59260,39.927948,8.762128,true
benv_parasite_layers.csv,BENV-PARASITE-BENV-2026-IDATIDOSI-ECHINOCOCCOSI-83863-OVINO,parasites,IZS_BENV,,FORDONGIANUS,Oristano,provinciale,municipality_region,39.90380,8.59260,39.994549,8.809828,true
benv_parasite_layers.csv,BENV-PARASITE-BENV-2026-IDATIDOSI-ECHINOCOCCOSI-83980-OVINO,parasites,IZS_BENV,,ALLAI,Oristano,provinciale,municipality_region,39.90380,8.59260,39.957173,8.863076,true
benv_parasite_layers.csv,BENV-PARASITE-BENV-2026-IDATIDOSI-ECHINOCOCCOSI-84820-OVINO,parasites,IZS_BENV,,SIAPICCIA,Oristano,provinciale,municipality_region,39.90380,8.59260,39.927948,8.762128,true
benv_parasite_layers.csv,BENV-PARASITE-BENV-2026-IDATIDOSI-ECHINOCOCCOSI-83852-OVINO,parasites,IZS_BENV,,BUSACHI,Oristano,provinciale,municipality_region,39.90380,8.59260,40.032651,8.896729,true
benv_parasite_layers.csv,BENV-PARASITE-BENV-2026-IDATIDOSI-ECHINOCOCCOSI-84506-OVINO,parasites,IZS_BENV,,OLLASTRA,Oristano,provinciale,municipality_region,39.90380,8.59260,39.950948,8.734227,true
benv_parasite_layers.csv,BENV-PARASITE-BENV-2026-IDATIDOSI-ECHINOCOCCOSI-84219-OVINO,parasites,IZS_BENV,,POMPU,Oristano,provinciale,municipality_region,39.90380,8.59260,39.724544,8.795432,true
benv_parasite_layers.csv,BENV-PARASITE-BENV-2026-IDATIDOSI-ECHINOCOCCOSI-84123-BOVINO,parasites,IZS_BENV,,FORDONGIANUS,Oristano,provinciale,municipality_region,39.90380,8.59260,39.994549,8.809828,true
benv_parasite_layers.csv,BENV-PARASITE-BENV-2026-IDATIDOSI-ECHINOCOCCOSI-84137-OVINO,parasites,IZS_BENV,,SOLARUSSA,Oristano,provinciale,municipality_region,39.90380,8.59260,39.955747,8.671526,true
benv_parasite_layers.csv,BENV-PARASITE-BENV-2026-IDATIDOSI-ECHINOCOCCOSI-84145-OVINO,parasites,IZS_BENV,,SCANO DI MONTIFERRO,Oristano,provinciale,municipality_region,39.90380,8.59260,40.216330,8.584092,true
benv_parasite_layers.csv,BENV-PARASITE-BENV-2026-IDATIDOSI-ECHINOCOCCOSI-83718-SCIACALLO,parasites,IZS_BENV,,TORVISCOSA,Udine,provinciale,municipality_region,46.07110,13.23460,45.822216,13.276933,true
benv_parasite_layers.csv,BENV-PARASITE-BENV-2026-IDATIDOSI-ECHINOCOCCOSI-83829-OVINO,parasites,IZS_BENV,,BARATILI SAN PIETRO,Oristano,provinciale,municipality_region,39.90380,8.59260,39.992831,8.555784,true
benv_parasite_layers.csv,BENV-PARASITE-BENV-2026-IDATIDOSI-ECHINOCOCCOSI-83624-OVINO,parasites,IZS_BENV,,SIAMANNA,Oristano,provinciale,municipality_region,39.90380,8.59260,39.920748,8.761028,true
benv_parasite_layers.csv,BENV-PARASITE-BENV-2026-IDATIDOSI-ECHINOCOCCOSI-83625-OVINO,parasites,IZS_BENV,,SIAMANNA,Oristano,provinciale,municipality_region,39.90380,8.59260,39.920748,8.761028,true
benv_parasite_layers.csv,BENV-PARASITE-BENV-2026-IDATIDOSI-ECHINOCOCCOSI-84190-OVINO,parasites,IZS_BENV,,SAN VERO MILIS,Oristano,provinciale,municipality_region,39.90380,8.59260,40.014548,8.598224,true
benv_parasite_layers.csv,BENV-PARASITE-BENV-2026-IDATIDOSI-ECHINOCOCCOSI-84223-OVINO,parasites,IZS_BENV,,MOGORO,Oristano,provinciale,municipality_region,39.90380,8.59260,39.684710,8.777088,true
benv_parasite_layers.csv,BENV-PARASITE-BENV-2026-IDATIDOSI-ECHINOCOCCOSI-83775-BOVINO,parasites,IZS_BENV,,SANTU LUSSURGIU,Oristano,provinciale,municipality_region,39.90380,8.59260,40.141686,8.651038,true
benv_parasite_layers.csv,BENV-PARASITE-BENV-2026-IDATIDOSI-ECHINOCOCCOSI-83853-OVINO,parasites,IZS_BENV,,BUSACHI,Oristano,provinciale,municipality_region,39.90380,8.59260,40.032651,8.896729,true
benv_parasite_layers.csv,BENV-PARASITE-BENV-2026-IDATIDOSI-ECHINOCOCCOSI-83584-OVINO,parasites,IZS_BENV,,ORISTANO,Oristano,provinciale,municipality_region,39.90380,8.59260,40.026568,8.679642,true
benv_parasite_layers.csv,BENV-PARASITE-BENV-2026-IDATIDOSI-ECHINOCOCCOSI-84655-BOVINO,parasites,IZS_BENV,,CERVETERI,Roma,provinciale,municipality_region,41.90280,12.49640,41.998360,12.098851,true
benv_parasite_layers.csv,BENV-PARASITE-BENV-2026-IDATIDOSI-ECHINOCOCCOSI-84074-OVINO,parasites,IZS_BENV,,PALMAS ARBOREA,Oristano,provinciale,municipality_region,39.90380,8.59260,39.876646,8.643127,true
benv_parasite_layers.csv,BENV-PARASITE-BENV-2026-IDATIDOSI-ECHINOCOCCOSI-84117-BOVINO,parasites,IZS_BENV,,SCANO DI MONTIFERRO,Oristano,provinciale,municipality_region,39.90380,8.59260,40.216330,8.584092,true
benv_parasite_layers.csv,BENV-PARASITE-BENV-2026-IDATIDOSI-ECHINOCOCCOSI-84146-OVINO,parasites,IZS_BENV,,NEONELI,Oristano,provinciale,municipality_region,39.90380,8.59260,40.064752,8.946730,true
benv_parasite_layers.csv,BENV-PARASITE-BENV-2026-IDATIDOSI-ECHINOCOCCOSI-84175-OVINO,parasites,IZS_BENV,,SENIS,Oristano,provinciale,municipality_region,39.90380,8.59260,39.824147,8.940033,true
benv_parasite_layers.csv,BENV-PARASITE-BENV-2026-IDATIDOSI-ECHINOCOCCOSI-83519-BOVINO,parasites,IZS_BENV,,ARBOREA,Oristano,provinciale,municipality_region,39.90380,8.59260,39.773846,8.581753,true
benv_parasite_layers.csv,BENV-PARASITE-BENV-2026-IDATIDOSI-ECHINOCOCCOSI-84205-OVINO,parasites,IZS_BENV,,USELLUS,Oristano,provinciale,municipality_region,39.90380,8.59260,39.809646,8.850732,true
benv_parasite_layers.csv,BENV-PARASITE-BENV-2026-IDATIDOSI-ECHINOCOCCOSI-84232-OVINO,parasites,IZS_BENV,,PALMAS ARBOREA,Oristano,provinciale,municipality_region,39.90380,8.59260,39.876646,8.643127,true
benv_parasite_layers.csv,BENV-PARASITE-BENV-2026-IDATIDOSI-ECHINOCOCCOSI-84211-OVINO,parasites,IZS_BENV,,ALES,Oristano,provinciale,municipality_region,39.90380,8.59260,39.768245,8.815632,true
benv_parasite_layers.csv,BENV-PARASITE-BENV-2026-IDATIDOSI-ECHINOCOCCOSI-84218-OVINO,parasites,IZS_BENV,,MOGORO,Oristano,provinciale,municipality_region,39.90380,8.59260,39.684710,8.777088,true
benv_parasite_layers.csv,BENV-PARASITE-BENV-2026-IDATIDOSI-ECHINOCOCCOSI-84302-BOVINO,parasites,IZS_BENV,,BRACCIANO,Roma,provinciale,municipality_region,41.90280,12.49640,42.101095,12.173857,true
benv_parasite_layers.csv,BENV-PARASITE-BENV-2026-IDATIDOSI-ECHINOCOCCOSI-83300-BOVINO,parasites,IZS_BENV,,MARRUBIU,Oristano,provinciale,municipality_region,39.90380,8.59260,39.752143,8.637228,true
benv_parasite_layers.csv,BENV-PARASITE-BENV-2026-IDATIDOSI-ECHINOCOCCOSI-84178-OVINO,parasites,IZS_BENV,,OLLASTRA,Oristano,provinciale,municipality_region,39.90380,8.59260,39.950948,8.734227,true
benv_parasite_layers.csv,BENV-PARASITE-BENV-2026-IDATIDOSI-ECHINOCOCCOSI-83888-OVINO,parasites,IZS_BENV,,SCANO DI MONTIFERRO,Oristano,provinciale,municipality_region,39.90380,8.59260,40.216330,8.584092,true
benv_parasite_layers.csv,BENV-PARASITE-BENV-2026-IDATIDOSI-ECHINOCOCCOSI-84144-OVINO,parasites,IZS_BENV,,FORDONGIANUS,Oristano,provinciale,municipality_region,39.90380,8.59260,39.994549,8.809828,true
benv_parasite_layers.csv,BENV-PARASITE-BENV-2026-IDATIDOSI-ECHINOCOCCOSI-83857-OVINO,parasites,IZS_BENV,,SEDILO,Oristano,provinciale,municipality_region,39.90380,8.59260,40.173151,8.919122,true
benv_parasite_layers.csv,BENV-PARASITE-BENV-2026-IDATIDOSI-ECHINOCOCCOSI-83887-OVINO,parasites,IZS_BENV,,TRESNURAGHES,Oristano,provinciale,municipality_region,39.90380,8.59260,40.252104,8.519960,true
benv_parasite_layers.csv,BENV-PARASITE-BENV-2026-IDATIDOSI-ECHINOCOCCOSI-84822-OVINO,parasites,IZS_BENV,,SIAPICCIA,Oristano,provinciale,municipality_region,39.90380,8.59260,39.927948,8.762128,true
benv_parasite_layers.csv,BENV-PARASITE-BENV-2026-IDATIDOSI-ECHINOCOCCOSI-84824-OVINO,parasites,IZS_BENV,,SIAMANNA,Oristano,provinciale,municipality_region,39.90380,8.59260,39.920748,8.761028,true
benv_parasite_layers.csv,BENV-PARASITE-BENV-2026-IDATIDOSI-ECHINOCOCCOSI-84191-OVINO,parasites,IZS_BENV,,NARBOLIA,Oristano,provinciale,municipality_region,39.90380,8.59260,40.047650,8.575169,true
benv_parasite_layers.csv,BENV-PARASITE-BENV-2026-IDATIDOSI-ECHINOCOCCOSI-84203-OVINO,parasites,IZS_BENV,,PAU,Oristano,provinciale,municipality_region,39.90380,8.59260,39.791546,8.802331,true
benv_parasite_layers.csv,BENV-PARASITE-BENV-2026-IDATIDOSI-ECHINOCOCCOSI-84225-OVINO,parasites,IZS_BENV,,MILIS,Oristano,provinciale,municipality_region,39.90380,8.59260,40.050449,8.637024,true
benv_parasite_layers.csv,BENV-PARASITE-BENV-2026-IDATIDOSI-ECHINOCOCCOSI-84664-OVINO,parasites,IZS_BENV,,SCANO DI MONTIFERRO,Oristano,provinciale,municipality_region,39.90380,8.59260,40.216330,8.584092,true
benv_parasite_layers.csv,BENV-PARASITE-BENV-2026-IDATIDOSI-ECHINOCOCCOSI-85422-OVINO,parasites,IZS_BENV,,LACONI,Oristano,provinciale,municipality_region,39.90380,8.59260,39.852649,9.050435,true
benv_parasite_layers.csv,BENV-PARASITE-BENV-2026-IDATIDOSI-ECHINOCOCCOSI-84670-OVINO,parasites,IZS_BENV,,MONTRESTA,Oristano,provinciale,municipality_region,39.90380,8.59260,40.373654,8.499617,true
benv_parasite_layers.csv,BENV-PARASITE-BENV-2026-IDATIDOSI-ECHINOCOCCOSI-84690-OVINO,parasites,IZS_BENV,,TRAMATZA,Oristano,provinciale,municipality_region,39.90380,8.59260,40.003748,8.649537,true
benv_parasite_layers.csv,BENV-PARASITE-BENV-2026-IDATIDOSI-ECHINOCOCCOSI-84701-OVINO,parasites,IZS_BENV,,PAU,Oristano,provinciale,municipality_region,39.90380,8.59260,39.791546,8.802331,true
benv_parasite_layers.csv,BENV-PARASITE-BENV-2026-IDATIDOSI-ECHINOCOCCOSI-85349-OVINO,parasites,IZS_BENV,,URAS,Oristano,provinciale,municipality_region,39.90380,8.59260,39.700643,8.700030,true
benv_parasite_layers.csv,BENV-PARASITE-BENV-2026-IDATIDOSI-ECHINOCOCCOSI-85381-OVINO,parasites,IZS_BENV,,TRESNURAGHES,Oristano,provinciale,municipality_region,39.90380,8.59260,40.252104,8.519960,true
benv_parasite_layers.csv,BENV-PARASITE-BENV-2026-IDATIDOSI-ECHINOCOCCOSI-85426-OVINO,parasites,IZS_BENV,,MOGORELLA,Oristano,provinciale,municipality_region,39.90380,8.59260,39.864598,8.857931,true
benv_parasite_layers.csv,BENV-PARASITE-BENV-2026-IDATIDOSI-ECHINOCOCCOSI-85430-OVINO,parasites,IZS_BENV,,RUINAS,Oristano,provinciale,municipality_region,39.90380,8.59260,39.907148,8.897631,true
benv_parasite_layers.csv,BENV-PARASITE-BENV-2026-IDATIDOSI-ECHINOCOCCOSI-85431-OVINO,parasites,IZS_BENV,,RUINAS,Oristano,provinciale,municipality_region,39.90380,8.59260,39.907148,8.897631,true
benv_parasite_layers.csv,BENV-PARASITE-BENV-2026-IDATIDOSI-ECHINOCOCCOSI-85434-OVINO,parasites,IZS_BENV,,MOGORELLA,Oristano,provinciale,municipality_region,39.90380,8.59260,39.864598,8.857931,true
benv_parasite_layers.csv,BENV-PARASITE-BENV-2026-IDATIDOSI-ECHINOCOCCOSI-84669-OVINO,parasites,IZS_BENV,,MONTRESTA,Oristano,provinciale,municipality_region,39.90380,8.59260,40.373654,8.499617,true
benv_parasite_layers.csv,BENV-PARASITE-BENV-2026-IDATIDOSI-ECHINOCOCCOSI-84984-OVINO,parasites,IZS_BENV,,NARBOLIA,Oristano,provinciale,municipality_region,39.90380,8.59260,40.047650,8.575169,true
benv_parasite_layers.csv,BENV-PARASITE-BENV-2026-IDATIDOSI-ECHINOCOCCOSI-85341-OVINO,parasites,IZS_BENV,,BARESSA,Oristano,provinciale,municipality_region,39.90380,8.59260,39.712745,8.875334,true
benv_parasite_layers.csv,BENV-PARASITE-BENV-2026-IDATIDOSI-ECHINOCOCCOSI-85344-OVINO,parasites,IZS_BENV,,BARESSA,Oristano,provinciale,municipality_region,39.90380,8.59260,39.712745,8.875334,true
benv_parasite_layers.csv,BENV-PARASITE-BENV-2026-IDATIDOSI-ECHINOCOCCOSI-85413-OVINO,parasites,IZS_BENV,,OLLASTRA,Oristano,provinciale,municipality_region,39.90380,8.59260,39.950948,8.734227,true
benv_parasite_layers.csv,BENV-PARASITE-BENV-2026-IDATIDOSI-ECHINOCOCCOSI-85438-OVINO,parasites,IZS_BENV,,PAULILATINO,Oristano,provinciale,municipality_region,39.90380,8.59260,40.084032,8.763937,true
benv_parasite_layers.csv,BENV-PARASITE-BENV-2026-IDATIDOSI-ECHINOCOCCOSI-85174-BOVINO,parasites,IZS_BENV,,BAULADU,Oristano,provinciale,municipality_region,39.90380,8.59260,40.020549,8.671925,true
benv_parasite_layers.csv,BENV-PARASITE-BENV-2026-IDATIDOSI-ECHINOCOCCOSI-85114-BOVINO,parasites,IZS_BENV,,SENEGHE,Oristano,provinciale,municipality_region,39.90380,8.59260,40.082249,8.615723,true
benv_parasite_layers.csv,BENV-PARASITE-BENV-2026-IDATIDOSI-ECHINOCOCCOSI-84816-BOVINO,parasites,IZS_BENV,,GHILARZA,Oristano,provinciale,municipality_region,39.90380,8.59260,40.119652,8.834927,true
benv_parasite_layers.csv,BENV-PARASITE-BENV-2026-IDATIDOSI-ECHINOCOCCOSI-84912-OVINO,parasites,IZS_BENV,,SOLARUSSA,Oristano,provinciale,municipality_region,39.90380,8.59260,39.955747,8.671526,true
benv_parasite_layers.csv,BENV-PARASITE-BENV-2026-IDATIDOSI-ECHINOCOCCOSI-85340-OVINO,parasites,IZS_BENV,,USELLUS,Oristano,provinciale,municipality_region,39.90380,8.59260,39.809646,8.850732,true
benv_parasite_layers.csv,BENV-PARASITE-BENV-2026-IDATIDOSI-ECHINOCOCCOSI-85435-OVINO,parasites,IZS_BENV,,RUINAS,Oristano,provinciale,municipality_region,39.90380,8.59260,39.907148,8.897631,true
benv_parasite_layers.csv,BENV-PARASITE-BENV-2026-IDATIDOSI-ECHINOCOCCOSI-85546-OVINO,parasites,IZS_BENV,,VILLAURBANA,Oristano,provinciale,municipality_region,39.90380,8.59260,39.885647,8.777429,true
benv_parasite_layers.csv,BENV-PARASITE-BENV-2026-IDATIDOSI-ECHINOCOCCOSI-85425-OVINO,parasites,IZS_BENV,,RUINAS,Oristano,provinciale,municipality_region,39.90380,8.59260,39.907148,8.897631,true
benv_parasite_layers.csv,BENV-PARASITE-BENV-2026-IDATIDOSI-ECHINOCOCCOSI-85433-OVINO,parasites,IZS_BENV,,MOGORELLA,Oristano,provinciale,municipality_region,39.90380,8.59260,39.864598,8.857931,true
benv_parasite_layers.csv,BENV-PARASITE-BENV-2026-IDATIDOSI-ECHINOCOCCOSI-85294-BOVINO,parasites,IZS_BENV,,MORGONGIORI,Oristano,provinciale,municipality_region,39.90380,8.59260,39.746644,8.770131,true
benv_parasite_layers.csv,BENV-PARASITE-BENV-2026-IDATIDOSI-ECHINOCOCCOSI-85348-OVINO,parasites,IZS_BENV,,URAS,Oristano,provinciale,municipality_region,39.90380,8.59260,39.700643,8.700030,true
benv_parasite_layers.csv,BENV-PARASITE-BENV-2026-IDATIDOSI-ECHINOCOCCOSI-85424-OVINO,parasites,IZS_BENV,,RUINAS,Oristano,provinciale,municipality_region,39.90380,8.59260,39.907148,8.897631,true
benv_parasite_layers.csv,BENV-PARASITE-BENV-2026-IDATIDOSI-ECHINOCOCCOSI-85322-BOVINO,parasites,IZS_BENV,,SAMUGHEO,Oristano,provinciale,municipality_region,39.90380,8.59260,39.946150,8.940532,true
benv_parasite_layers.csv,BENV-PARASITE-BENV-2026-IDATIDOSI-ECHINOCOCCOSI-84985-OVINO,parasites,IZS_BENV,,RIOLA SARDO,Oristano,provinciale,municipality_region,39.90380,8.59260,39.994102,8.538673,true
benv_parasite_layers.csv,BENV-PARASITE-BENV-2026-IDATIDOSI-ECHINOCOCCOSI-84910-OVINO,parasites,IZS_BENV,,SOLARUSSA,Oristano,provinciale,municipality_region,39.90380,8.59260,39.955747,8.671526,true
benv_parasite_layers.csv,BENV-PARASITE-BENV-2026-IDATIDOSI-ECHINOCOCCOSI-85351-OVINO,parasites,IZS_BENV,,SAN NICOLO\' D\'ARCIDANO,Oristano,provinciale,municipality_region,39.90380,8.59260,39.683392,8.646875,true
benv_parasite_layers.csv,BENV-PARASITE-BENV-2026-IDATIDOSI-ECHINOCOCCOSI-85432-OVINO,parasites,IZS_BENV,,RUINAS,Oristano,provinciale,municipality_region,39.90380,8.59260,39.907148,8.897631,true
benv_parasite_layers.csv,BENV-PARASITE-BENV-2026-IDATIDOSI-ECHINOCOCCOSI-85547-OVINO,parasites,IZS_BENV,,MOGORO,Oristano,provinciale,municipality_region,39.90380,8.59260,39.684710,8.777088,true
benv_parasite_layers.csv,BENV-PARASITE-BENV-2026-IDATIDOSI-ECHINOCOCCOSI-85345-OVINO,parasites,IZS_BENV,,ALES,Oristano,provinciale,municipality_region,39.90380,8.59260,39.768245,8.815632,true
benv_parasite_layers.csv,BENV-PARASITE-BENV-2026-IDATIDOSI-ECHINOCOCCOSI-85350-OVINO,parasites,IZS_BENV,,URAS,Oristano,provinciale,municipality_region,39.90380,8.59260,39.700643,8.700030,true
benv_parasite_layers.csv,BENV-PARASITE-BENV-2026-IDATIDOSI-ECHINOCOCCOSI-85411-OVINO,parasites,IZS_BENV,,SIAPICCIA,Oristano,provinciale,municipality_region,39.90380,8.59260,39.927948,8.762128,true
benv_parasite_layers.csv,BENV-PARASITE-BENV-2026-IDATIDOSI-ECHINOCOCCOSI-84691-OVINO,parasites,IZS_BENV,,LACONI,Oristano,provinciale,municipality_region,39.90380,8.59260,39.852649,9.050435,true
benv_parasite_layers.csv,BENV-PARASITE-BENV-2026-IDATIDOSI-ECHINOCOCCOSI-84695-OVINO,parasites,IZS_BENV,,MOGORELLA,Oristano,provinciale,municipality_region,39.90380,8.59260,39.864598,8.857931,true
benv_parasite_layers.csv,BENV-PARASITE-BENV-2026-IDATIDOSI-ECHINOCOCCOSI-85353-OVINO,parasites,IZS_BENV,,PAU,Oristano,provinciale,municipality_region,39.90380,8.59260,39.791546,8.802331,true
benv_parasite_layers.csv,BENV-PARASITE-BENV-2026-IDATIDOSI-ECHINOCOCCOSI-85354-OVINO,parasites,IZS_BENV,,ALES,Oristano,provinciale,municipality_region,39.90380,8.59260,39.768245,8.815632,true
benv_parasite_layers.csv,BENV-PARASITE-BENV-2026-IDATIDOSI-ECHINOCOCCOSI-85472-OVINO,parasites,IZS_BENV,,TRAMATZA,Oristano,provinciale,municipality_region,39.90380,8.59260,40.003748,8.649537,true
benv_parasite_layers.csv,BENV-PARASITE-BENV-2026-IDATIDOSI-ECHINOCOCCOSI-85548-OVINO,parasites,IZS_BENV,,MORGONGIORI,Oristano,provinciale,municipality_region,39.90380,8.59260,39.746644,8.770131,true
benv_parasite_layers.csv,BENV-PARASITE-BENV-2026-IDATIDOSI-ECHINOCOCCOSI-85355-OVINO,parasites,IZS_BENV,,USELLUS,Oristano,provinciale,municipality_region,39.90380,8.59260,39.809646,8.850732,true
benv_parasite_layers.csv,BENV-PARASITE-BENV-2026-IDATIDOSI-ECHINOCOCCOSI-85356-OVINO,parasites,IZS_BENV,,USELLUS,Oristano,provinciale,municipality_region,39.90380,8.59260,39.809646,8.850732,true
benv_parasite_layers.csv,BENV-PARASITE-BENV-2026-IDATIDOSI-ECHINOCOCCOSI-84850-OVINO,parasites,IZS_BENV,,ASSOLO,Oristano,provinciale,municipality_region,39.90380,8.59260,39.809947,8.918233,true
benv_parasite_layers.csv,BENV-PARASITE-BENV-2026-IDATIDOSI-ECHINOCOCCOSI-85343-OVINO,parasites,IZS_BENV,,BARESSA,Oristano,provinciale,municipality_region,39.90380,8.59260,39.712745,8.875334,true
benv_parasite_layers.csv,BENV-PARASITE-BENV-2026-IDATIDOSI-ECHINOCOCCOSI-85346-OVINO,parasites,IZS_BENV,,SAN NICOLO\' D\'ARCIDANO,Oristano,provinciale,municipality_region,39.90380,8.59260,39.683392,8.646875,true
benv_parasite_layers.csv,BENV-PARASITE-BENV-2026-IDATIDOSI-ECHINOCOCCOSI-85409-OVINO,parasites,IZS_BENV,,SIAPICCIA,Oristano,provinciale,municipality_region,39.90380,8.59260,39.927948,8.762128,true
benv_parasite_layers.csv,BENV-PARASITE-BENV-2026-IDATIDOSI-ECHINOCOCCOSI-85419-OVINO,parasites,IZS_BENV,,MOGORELLA,Oristano,provinciale,municipality_region,39.90380,8.59260,39.864598,8.857931,true
benv_parasite_layers.csv,BENV-PARASITE-BENV-2026-IDATIDOSI-ECHINOCOCCOSI-85295-BOVINO,parasites,IZS_BENV,,MORGONGIORI,Oristano,provinciale,municipality_region,39.90380,8.59260,39.746644,8.770131,true
benv_parasite_layers.csv,BENV-PARASITE-BENV-2026-IDATIDOSI-ECHINOCOCCOSI-85545-OVINO,parasites,IZS_BENV,,OLLASTRA,Oristano,provinciale,municipality_region,39.90380,8.59260,39.950948,8.734227,true
benv_parasite_layers.csv,BENV-PARASITE-BENV-2026-IDATIDOSI-ECHINOCOCCOSI-84693-OVINO,parasites,IZS_BENV,,ASUNI,Oristano,provinciale,municipality_region,39.90380,8.59260,39.872448,8.946433,true
benv_parasite_layers.csv,BENV-PARASITE-BENV-2026-IDATIDOSI-ECHINOCOCCOSI-85113-BOVINO,parasites,IZS_BENV,,SENEGHE,Oristano,provinciale,municipality_region,39.90380,8.59260,40.082249,8.615723,true
benv_parasite_layers.csv,BENV-PARASITE-BENV-2026-IDATIDOSI-ECHINOCOCCOSI-84851-OVINO,parasites,IZS_BENV,,NURECI,Oristano,provinciale,municipality_region,39.90380,8.59260,39.823348,8.973834,true
benv_parasite_layers.csv,BENV-PARASITE-BENV-2026-IDATIDOSI-ECHINOCOCCOSI-85410-OVINO,parasites,IZS_BENV,,SIAMANNA,Oristano,provinciale,municipality_region,39.90380,8.59260,39.920748,8.761028,true
benv_parasite_layers.csv,BENV-PARASITE-BENV-2026-IDATIDOSI-ECHINOCOCCOSI-85429-OVINO,parasites,IZS_BENV,,LACONI,Oristano,provinciale,municipality_region,39.90380,8.59260,39.852649,9.050435,true
benv_parasite_layers.csv,BENV-PARASITE-BENV-2026-IDATIDOSI-ECHINOCOCCOSI-85175-BOVINO,parasites,IZS_BENV,,BAULADU,Oristano,provinciale,municipality_region,39.90380,8.59260,40.020549,8.671925,true
benv_parasite_layers.csv,BENV-PARASITE-BENV-2026-IDATIDOSI-ECHINOCOCCOSI-84679-OVINO,parasites,IZS_BENV,,SENEGHE,Oristano,provinciale,municipality_region,39.90380,8.59260,40.082249,8.615723,true
benv_parasite_layers.csv,BENV-PARASITE-BENV-2026-IDATIDOSI-ECHINOCOCCOSI-84692-OVINO,parasites,IZS_BENV,,LACONI,Oristano,provinciale,municipality_region,39.90380,8.59260,39.852649,9.050435,true
benv_parasite_layers.csv,BENV-PARASITE-BENV-2026-IDATIDOSI-ECHINOCOCCOSI-85339-OVINO,parasites,IZS_BENV,,USELLUS,Oristano,provinciale,municipality_region,39.90380,8.59260,39.809646,8.850732,true
benv_parasite_layers.csv,BENV-PARASITE-BENV-2026-IDATIDOSI-ECHINOCOCCOSI-85357-OVINO,parasites,IZS_BENV,,USELLUS,Oristano,provinciale,municipality_region,39.90380,8.59260,39.809646,8.850732,true
benv_parasite_layers.csv,BENV-PARASITE-BENV-2026-IDATIDOSI-ECHINOCOCCOSI-85412-OVINO,parasites,IZS_BENV,,OLLASTRA,Oristano,provinciale,municipality_region,39.90380,8.59260,39.950948,8.734227,true
benv_parasite_layers.csv,BENV-PARASITE-BENV-2026-IDATIDOSI-ECHINOCOCCOSI-85361-OVINO,parasites,IZS_BENV,,SAN VERO MILIS,Oristano,provinciale,municipality_region,39.90380,8.59260,40.014548,8.598224,true
benv_parasite_layers.csv,BENV-PARASITE-BENV-2026-IDATIDOSI-ECHINOCOCCOSI-85186-BOVINO,parasites,IZS_BENV,,OLLASTRA,Oristano,provinciale,municipality_region,39.90380,8.59260,39.950948,8.734227,true
benv_parasite_layers.csv,BENV-PARASITE-BENV-2026-IDATIDOSI-ECHINOCOCCOSI-85189-BOVINO,parasites,IZS_BENV,,ORISTANO,Oristano,provinciale,municipality_region,39.90380,8.59260,40.026568,8.679642,true
benv_parasite_layers.csv,BENV-PARASITE-BENV-2026-IDATIDOSI-ECHINOCOCCOSI-85535-OVINO,parasites,IZS_BENV,,BUSACHI,Oristano,provinciale,municipality_region,39.90380,8.59260,40.032651,8.896729,true
benv_parasite_layers.csv,BENV-PARASITE-BENV-2026-IDATIDOSI-ECHINOCOCCOSI-85176-BOVINO,parasites,IZS_BENV,,SENEGHE,Oristano,provinciale,municipality_region,39.90380,8.59260,40.082249,8.615723,true
benv_parasite_layers.csv,BENV-PARASITE-BENV-2026-IDATIDOSI-ECHINOCOCCOSI-85423-OVINO,parasites,IZS_BENV,,LACONI,Oristano,provinciale,municipality_region,39.90380,8.59260,39.852649,9.050435,true
benv_parasite_layers.csv,BENV-PARASITE-BENV-2026-IDATIDOSI-ECHINOCOCCOSI-85437-OVINO,parasites,IZS_BENV,,PAULILATINO,Oristano,provinciale,municipality_region,39.90380,8.59260,40.084032,8.763937,true
benv_parasite_layers.csv,BENV-PARASITE-BENV-2026-IDATIDOSI-ECHINOCOCCOSI-85342-OVINO,parasites,IZS_BENV,,CUGLIERI,Oristano,provinciale,municipality_region,39.90380,8.59260,40.188472,8.567405,true
benv_parasite_layers.csv,BENV-PARASITE-BENV-2026-IDATIDOSI-ECHINOCOCCOSI-85347-OVINO,parasites,IZS_BENV,,CURCURIS,Oristano,provinciale,municipality_region,39.90380,8.59260,39.746145,8.830632,true
benv_parasite_layers.csv,BENV-PARASITE-BENV-2026-IDATIDOSI-ECHINOCOCCOSI-85427-OVINO,parasites,IZS_BENV,,LACONI,Oristano,provinciale,municipality_region,39.90380,8.59260,39.852649,9.050435,true
benv_parasite_layers.csv,BENV-PARASITE-BENV-2026-IDATIDOSI-ECHINOCOCCOSI-85323-BOVINO,parasites,IZS_BENV,,SAMUGHEO,Oristano,provinciale,municipality_region,39.90380,8.59260,39.946150,8.940532,true
benv_parasite_layers.csv,BENV-PARASITE-BENV-2026-IDATIDOSI-ECHINOCOCCOSI-84694-OVINO,parasites,IZS_BENV,,ASUNI,Oristano,provinciale,municipality_region,39.90380,8.59260,39.872448,8.946433,true
benv_parasite_layers.csv,BENV-PARASITE-BENV-2026-IDATIDOSI-ECHINOCOCCOSI-84705-OVINO,parasites,IZS_BENV,,SAN NICOLO\' D\'ARCIDANO,Oristano,provinciale,municipality_region,39.90380,8.59260,39.683392,8.646875,true
benv_parasite_layers.csv,BENV-PARASITE-BENV-2026-LEISHMANIOSI-85169-CANE,parasites,IZS_BENV,,Grosseto,Grosseto,provinciale,municipality_region,42.76350,11.11240,42.775110,11.287804,true
benv_parasite_layers.csv,BENV-PARASITE-BENV-2026-LEISHMANIOSI-85202-CANE,parasites,IZS_BENV,,Grosseto,Grosseto,provinciale,municipality_region,42.76350,11.11240,42.775110,11.287804,true
benv_parasite_layers.csv,BENV-PARASITE-BENV-2026-LEISHMANIOSI-85171-CANE,parasites,IZS_BENV,,Campagnatico,Grosseto,provinciale,municipality_region,42.88260,11.27310,42.883729,11.273537,true
benv_parasite_layers.csv,BENV-PARASITE-BENV-2026-LEISHMANIOSI-85115-CANE,parasites,IZS_BENV,,Grosseto,Grosseto,provinciale,municipality_region,42.76350,11.11240,42.775110,11.287804,true
benv_parasite_layers.csv,BENV-PARASITE-BENV-2026-LEISHMANIOSI-85197-CANE,parasites,IZS_BENV,,Grosseto,Grosseto,provinciale,municipality_region,42.76350,11.11240,42.775110,11.287804,true
benv_parasite_layers.csv,BENV-PARASITE-BENV-2026-LEISHMANIOSI-85203-CANE,parasites,IZS_BENV,,Grosseto,Grosseto,provinciale,municipality_region,42.76350,11.11240,42.775110,11.287804,true
benv_parasite_layers.csv,BENV-PARASITE-BENV-2026-LEISHMANIOSI-84096-CANE,parasites,IZS_BENV,,Battaglia Terme,Padova,provinciale,municipality_region,45.28950,11.78430,45.288143,11.781834,true
benv_parasite_layers.csv,BENV-PARASITE-BENV-2026-LEISHMANIOSI-84882-CANE,parasites,IZS_BENV,,Malo,Vicenza,provinciale,municipality_region,45.65970,11.40490,45.660296,11.407493,true
benv_parasite_layers.csv,BENV-PARASITE-BENV-2026-LEISHMANIOSI-83740-CANE,parasites,IZS_BENV,,Valdobbiadene,Treviso,provinciale,municipality_region,45.89930,11.99510,45.901413,11.995512,true
benv_parasite_layers.csv,BENV-PARASITE-BENV-2026-LEISHMANIOSI-85011-CANE,parasites,IZS_BENV,,Brescia,Brescia,provinciale,municipality_region,45.54160,10.21180,45.779580,10.425873,true
benv_parasite_layers.csv,BENV-PARASITE-BENV-2026-LEISHMANIOSI-84095-CANE,parasites,IZS_BENV,,Cinto Euganeo,Padova,provinciale,municipality_region,45.27550,11.66310,45.289467,11.672376,true
benv_parasite_layers.csv,BENV-PARASITE-BENV-2026-LEISHMANIOSI-84886-CANE,parasites,IZS_BENV,,Malo,Vicenza,provinciale,municipality_region,45.65970,11.40490,45.660296,11.407493,true
benv_parasite_layers.csv,BENV-PARASITE-BENV-2026-LEISHMANIOSI-85485-CANE,parasites,IZS_BENV,,Grosseto,Grosseto,provinciale,municipality_region,42.76350,11.11240,42.775110,11.287804,true
benv_parasite_layers.csv,BENV-PARASITE-BENV-2026-LEISHMANIOSI-85013-CANE,parasites,IZS_BENV,,Pezzaze,Brescia,provinciale,municipality_region,45.77700,10.23690,45.774127,10.237377,true
benv_parasite_layers.csv,BENV-PARASITE-BENV-2026-LEISHMANIOSI-84885-CANE,parasites,IZS_BENV,,Monte di Malo,Vicenza,provinciale,municipality_region,45.66150,11.36150,45.660464,11.362566,true
extended_vector_layers.csv,VECTORNET-CURATED-2026-IXODES-RICINUS-TORINO,vectors,VECTORNET_CURATED,Ixodes ricinus,Torino,Torino,comunale,municipality_region,45.0703,7.6869,45.067755,7.682489,true
extended_vector_layers.csv,VECTORNET-CURATED-2026-IXODES-RICINUS-CUNEO,vectors,VECTORNET_CURATED,Ixodes ricinus,Cuneo,Cuneo,comunale,municipality_region,44.3845,7.5427,44.458070,7.558137,true
extended_vector_layers.csv,VECTORNET-CURATED-2026-IXODES-RICINUS-MILANO,vectors,VECTORNET_CURATED,Ixodes ricinus,Milano,Milano,comunale,municipality_region,45.4642,9.1900,45.466800,9.190500,true
extended_vector_layers.csv,VECTORNET-CURATED-2026-IXODES-RICINUS-PAVIA,vectors,VECTORNET_CURATED,Ixodes ricinus,Pavia,Pavia,comunale,municipality_region,45.1847,9.1582,45.036855,9.137825,true
extended_vector_layers.csv,VECTORNET-CURATED-2026-IXODES-RICINUS-BRESCIA,vectors,VECTORNET_CURATED,Ixodes ricinus,Brescia,Brescia,comunale,municipality_region,45.5416,10.2118,45.779580,10.425873,true
extended_vector_layers.csv,VECTORNET-CURATED-2026-IXODES-RICINUS-GENOVA,vectors,VECTORNET_CURATED,Ixodes ricinus,Genova,Genova,comunale,municipality_region,44.4048,8.9444,44.407260,8.933862,true
extended_vector_layers.csv,VECTORNET-CURATED-2026-IXODES-RICINUS-VERONA,vectors,VECTORNET_CURATED,Ixodes ricinus,Verona,Verona,comunale,municipality_region,45.4384,10.9916,45.438496,10.992412,true
extended_vector_layers.csv,VECTORNET-CURATED-2026-IXODES-RICINUS-PADOVA,vectors,VECTORNET_CURATED,Ixodes ricinus,Padova,Padova,comunale,municipality_region,45.4064,11.8768,45.407717,11.873446,true
extended_vector_layers.csv,VECTORNET-CURATED-2026-IXODES-RICINUS-BOLOGNA,vectors,VECTORNET_CURATED,Ixodes ricinus,Bologna,Bologna,comunale,municipality_region,44.4949,11.3426,44.493758,11.343031,true
extended_vector_layers.csv,VECTORNET-CURATED-2026-IXODES-RICINUS-PARMA,vectors,VECTORNET_CURATED,Ixodes ricinus,Parma,Parma,comunale,municipality_region,44.8015,10.3279,44.801368,10.328083,true
extended_vector_layers.csv,VECTORNET-CURATED-2026-IXODES-RICINUS-FIRENZE,vectors,VECTORNET_CURATED,Ixodes ricinus,Firenze,Firenze,comunale,municipality_region,43.7696,11.2558,43.769871,11.255576,true
extended_vector_layers.csv,VECTORNET-CURATED-2026-RHIPICEPHALUS-SANGUINEUS-TORINO,vectors,VECTORNET_CURATED,Rhipicephalus sanguineus,Torino,Torino,comunale,municipality_region,45.0703,7.6869,45.067755,7.682489,true
extended_vector_layers.csv,VECTORNET-CURATED-2026-RHIPICEPHALUS-SANGUINEUS-CUNEO,vectors,VECTORNET_CURATED,Rhipicephalus sanguineus,Cuneo,Cuneo,comunale,municipality_region,44.3845,7.5427,44.458070,7.558137,true
extended_vector_layers.csv,VECTORNET-CURATED-2026-RHIPICEPHALUS-SANGUINEUS-MILANO,vectors,VECTORNET_CURATED,Rhipicephalus sanguineus,Milano,Milano,comunale,municipality_region,45.4642,9.1900,45.466800,9.190500,true
extended_vector_layers.csv,VECTORNET-CURATED-2026-RHIPICEPHALUS-SANGUINEUS-PAVIA,vectors,VECTORNET_CURATED,Rhipicephalus sanguineus,Pavia,Pavia,comunale,municipality_region,45.1847,9.1582,45.036855,9.137825,true
extended_vector_layers.csv,VECTORNET-CURATED-2026-RHIPICEPHALUS-SANGUINEUS-BRESCIA,vectors,VECTORNET_CURATED,Rhipicephalus sanguineus,Brescia,Brescia,comunale,municipality_region,45.5416,10.2118,45.779580,10.425873,true
extended_vector_layers.csv,VECTORNET-CURATED-2026-RHIPICEPHALUS-SANGUINEUS-GENOVA,vectors,VECTORNET_CURATED,Rhipicephalus sanguineus,Genova,Genova,comunale,municipality_region,44.4048,8.9444,44.407260,8.933862,true
extended_vector_layers.csv,VECTORNET-CURATED-2026-RHIPICEPHALUS-SANGUINEUS-VERONA,vectors,VECTORNET_CURATED,Rhipicephalus sanguineus,Verona,Verona,comunale,municipality_region,45.4384,10.9916,45.438496,10.992412,true
extended_vector_layers.csv,VECTORNET-CURATED-2026-RHIPICEPHALUS-SANGUINEUS-PADOVA,vectors,VECTORNET_CURATED,Rhipicephalus sanguineus,Padova,Padova,comunale,municipality_region,45.4064,11.8768,45.407717,11.873446,true
extended_vector_layers.csv,VECTORNET-CURATED-2026-RHIPICEPHALUS-SANGUINEUS-BOLOGNA,vectors,VECTORNET_CURATED,Rhipicephalus sanguineus,Bologna,Bologna,comunale,municipality_region,44.4949,11.3426,44.493758,11.343031,true
extended_vector_layers.csv,VECTORNET-CURATED-2026-RHIPICEPHALUS-SANGUINEUS-PARMA,vectors,VECTORNET_CURATED,Rhipicephalus sanguineus,Parma,Parma,comunale,municipality_region,44.8015,10.3279,44.801368,10.328083,true
extended_vector_layers.csv,VECTORNET-CURATED-2026-RHIPICEPHALUS-SANGUINEUS-FIRENZE,vectors,VECTORNET_CURATED,Rhipicephalus sanguineus,Firenze,Firenze,comunale,municipality_region,43.7696,11.2558,43.769871,11.255576,true
extended_vector_layers.csv,VECTORNET-CURATED-2026-RHIPICEPHALUS-SANGUINEUS-GROSSETO,vectors,VECTORNET_CURATED,Rhipicephalus sanguineus,Grosseto,Grosseto,comunale,municipality_region,42.7635,11.1124,42.775110,11.287804,true
extended_vector_layers.csv,VECTORNET-CURATED-2026-RHIPICEPHALUS-SANGUINEUS-ROMA,vectors,VECTORNET_CURATED,Rhipicephalus sanguineus,Roma,Roma,comunale,municipality_region,41.9028,12.4964,41.893320,12.482932,true
extended_vector_layers.csv,VECTORNET-CURATED-2026-RHIPICEPHALUS-SANGUINEUS-NAPOLI,vectors,VECTORNET_CURATED,Rhipicephalus sanguineus,Napoli,Napoli,comunale,municipality_region,40.8518,14.2681,40.835934,14.248783,true
extended_vector_layers.csv,VECTORNET-CURATED-2026-RHIPICEPHALUS-SANGUINEUS-CASERTA,vectors,VECTORNET_CURATED,Rhipicephalus sanguineus,Caserta,Caserta,comunale,municipality_region,41.0747,14.3324,41.203483,14.117058,true
extended_vector_layers.csv,VECTORNET-CURATED-2026-RHIPICEPHALUS-SANGUINEUS-BARI,vectors,VECTORNET_CURATED,Rhipicephalus sanguineus,Bari,Bari,comunale,municipality_region,41.1171,16.8719,41.125784,16.862029,true
extended_vector_layers.csv,VECTORNET-CURATED-2026-RHIPICEPHALUS-SANGUINEUS-PALERMO,vectors,VECTORNET_CURATED,Rhipicephalus sanguineus,Palermo,Palermo,comunale,municipality_region,38.1157,13.3615,38.111227,13.352443,true
extended_vector_layers.csv,VECTORNET-CURATED-2026-RHIPICEPHALUS-SANGUINEUS-CAGLIARI,vectors,VECTORNET_CURATED,Rhipicephalus sanguineus,Cagliari,Cagliari,comunale,municipality_region,39.2238,9.1217,39.216953,9.112851,true
extended_vector_layers.csv,VECTORNET-CURATED-2026-DERMACENTOR-RETICULATUS-TORINO,vectors,VECTORNET_CURATED,Dermacentor reticulatus,Torino,Torino,comunale,municipality_region,45.0703,7.6869,45.067755,7.682489,true
extended_vector_layers.csv,VECTORNET-CURATED-2026-DERMACENTOR-RETICULATUS-CUNEO,vectors,VECTORNET_CURATED,Dermacentor reticulatus,Cuneo,Cuneo,comunale,municipality_region,44.3845,7.5427,44.458070,7.558137,true
extended_vector_layers.csv,VECTORNET-CURATED-2026-DERMACENTOR-RETICULATUS-MILANO,vectors,VECTORNET_CURATED,Dermacentor reticulatus,Milano,Milano,comunale,municipality_region,45.4642,9.1900,45.466800,9.190500,true
extended_vector_layers.csv,VECTORNET-CURATED-2026-DERMACENTOR-RETICULATUS-PAVIA,vectors,VECTORNET_CURATED,Dermacentor reticulatus,Pavia,Pavia,comunale,municipality_region,45.1847,9.1582,45.036855,9.137825,true
extended_vector_layers.csv,VECTORNET-CURATED-2026-DERMACENTOR-RETICULATUS-BRESCIA,vectors,VECTORNET_CURATED,Dermacentor reticulatus,Brescia,Brescia,comunale,municipality_region,45.5416,10.2118,45.779580,10.425873,true
extended_vector_layers.csv,VECTORNET-CURATED-2026-DERMACENTOR-RETICULATUS-VERONA,vectors,VECTORNET_CURATED,Dermacentor reticulatus,Verona,Verona,comunale,municipality_region,45.4384,10.9916,45.438496,10.992412,true
extended_vector_layers.csv,VECTORNET-CURATED-2026-DERMACENTOR-RETICULATUS-PADOVA,vectors,VECTORNET_CURATED,Dermacentor reticulatus,Padova,Padova,comunale,municipality_region,45.4064,11.8768,45.407717,11.873446,true
extended_vector_layers.csv,VECTORNET-CURATED-2026-DERMACENTOR-RETICULATUS-BOLOGNA,vectors,VECTORNET_CURATED,Dermacentor reticulatus,Bologna,Bologna,comunale,municipality_region,44.4949,11.3426,44.493758,11.343031,true
extended_vector_layers.csv,VECTORNET-CURATED-2026-DERMACENTOR-RETICULATUS-PARMA,vectors,VECTORNET_CURATED,Dermacentor reticulatus,Parma,Parma,comunale,municipality_region,44.8015,10.3279,44.801368,10.328083,true
extended_vector_layers.csv,VECTORNET-CURATED-2026-PHLEBOTOMUS-PERNICIOSUS-GENOVA,vectors,VECTORNET_CURATED,Phlebotomus perniciosus,Genova,Genova,comunale,municipality_region,44.4048,8.9444,44.407260,8.933862,true
extended_vector_layers.csv,VECTORNET-CURATED-2026-PHLEBOTOMUS-PERNICIOSUS-GROSSETO,vectors,VECTORNET_CURATED,Phlebotomus perniciosus,Grosseto,Grosseto,comunale,municipality_region,42.7635,11.1124,42.775110,11.287804,true
extended_vector_layers.csv,VECTORNET-CURATED-2026-PHLEBOTOMUS-PERNICIOSUS-ROMA,vectors,VECTORNET_CURATED,Phlebotomus perniciosus,Roma,Roma,comunale,municipality_region,41.9028,12.4964,41.893320,12.482932,true
extended_vector_layers.csv,VECTORNET-CURATED-2026-PHLEBOTOMUS-PERNICIOSUS-NAPOLI,vectors,VECTORNET_CURATED,Phlebotomus perniciosus,Napoli,Napoli,comunale,municipality_region,40.8518,14.2681,40.835934,14.248783,true
extended_vector_layers.csv,VECTORNET-CURATED-2026-PHLEBOTOMUS-PERNICIOSUS-CASERTA,vectors,VECTORNET_CURATED,Phlebotomus perniciosus,Caserta,Caserta,comunale,municipality_region,41.0747,14.3324,41.203483,14.117058,true
extended_vector_layers.csv,VECTORNET-CURATED-2026-PHLEBOTOMUS-PERNICIOSUS-BARI,vectors,VECTORNET_CURATED,Phlebotomus perniciosus,Bari,Bari,comunale,municipality_region,41.1171,16.8719,41.125784,16.862029,true
extended_vector_layers.csv,VECTORNET-CURATED-2026-PHLEBOTOMUS-PERNICIOSUS-PALERMO,vectors,VECTORNET_CURATED,Phlebotomus perniciosus,Palermo,Palermo,comunale,municipality_region,38.1157,13.3615,38.111227,13.352443,true
extended_vector_layers.csv,VECTORNET-CURATED-2026-PHLEBOTOMUS-PERNICIOSUS-CAGLIARI,vectors,VECTORNET_CURATED,Phlebotomus perniciosus,Cagliari,Cagliari,comunale,municipality_region,39.2238,9.1217,39.216953,9.112851,true
extended_vector_layers.csv,VECTORNET-CURATED-2026-PHLEBOTOMUS-PERNICIOSUS-FIRENZE,vectors,VECTORNET_CURATED,Phlebotomus perniciosus,Firenze,Firenze,comunale,municipality_region,43.7696,11.2558,43.769871,11.255576,true
extended_vector_layers.csv,VECTORNET-CURATED-2026-PHLEBOTOMUS-PERNICIOSUS-TORINO,vectors,VECTORNET_CURATED,Phlebotomus perniciosus,Torino,Torino,comunale,municipality_region,45.0703,7.6869,45.067755,7.682489,true
extended_vector_layers.csv,VECTORNET-CURATED-2026-PHLEBOTOMUS-PERNICIOSUS-MILANO,vectors,VECTORNET_CURATED,Phlebotomus perniciosus,Milano,Milano,comunale,municipality_region,45.4642,9.1900,45.466800,9.190500,true
extended_vector_layers.csv,VECTORNET-CURATED-2026-PHLEBOTOMUS-PERNICIOSUS-PAVIA,vectors,VECTORNET_CURATED,Phlebotomus perniciosus,Pavia,Pavia,comunale,municipality_region,45.1847,9.1582,45.036855,9.137825,true
extended_vector_layers.csv,VECTORNET-CURATED-2026-PHLEBOTOMUS-PERNICIOSUS-BRESCIA,vectors,VECTORNET_CURATED,Phlebotomus perniciosus,Brescia,Brescia,comunale,municipality_region,45.5416,10.2118,45.779580,10.425873,true
extended_vector_layers.csv,VECTORNET-CURATED-2026-PHLEBOTOMUS-PERNICIOSUS-VERONA,vectors,VECTORNET_CURATED,Phlebotomus perniciosus,Verona,Verona,comunale,municipality_region,45.4384,10.9916,45.438496,10.992412,true
extended_vector_layers.csv,VECTORNET-CURATED-2026-PHLEBOTOMUS-PERNICIOSUS-PADOVA,vectors,VECTORNET_CURATED,Phlebotomus perniciosus,Padova,Padova,comunale,municipality_region,45.4064,11.8768,45.407717,11.873446,true
extended_vector_layers.csv,VECTORNET-CURATED-2026-PHLEBOTOMUS-PERNICIOSUS-BOLOGNA,vectors,VECTORNET_CURATED,Phlebotomus perniciosus,Bologna,Bologna,comunale,municipality_region,44.4949,11.3426,44.493758,11.343031,true
extended_vector_layers.csv,VECTORNET-CURATED-2026-PHLEBOTOMUS-PERNICIOSUS-PARMA,vectors,VECTORNET_CURATED,Phlebotomus perniciosus,Parma,Parma,comunale,municipality_region,44.8015,10.3279,44.801368,10.328083,true
extended_vector_layers.csv,VECTORNET-CURATED-2026-CULICOIDES-SPP-TORINO,vectors,VECTORNET_CURATED,Culicoides spp.,Torino,Torino,comunale,municipality_region,45.0703,7.6869,45.067755,7.682489,true
extended_vector_layers.csv,VECTORNET-CURATED-2026-CULICOIDES-SPP-CUNEO,vectors,VECTORNET_CURATED,Culicoides spp.,Cuneo,Cuneo,comunale,municipality_region,44.3845,7.5427,44.458070,7.558137,true
extended_vector_layers.csv,VECTORNET-CURATED-2026-CULICOIDES-SPP-MILANO,vectors,VECTORNET_CURATED,Culicoides spp.,Milano,Milano,comunale,municipality_region,45.4642,9.1900,45.466800,9.190500,true
extended_vector_layers.csv,VECTORNET-CURATED-2026-CULICOIDES-SPP-PAVIA,vectors,VECTORNET_CURATED,Culicoides spp.,Pavia,Pavia,comunale,municipality_region,45.1847,9.1582,45.036855,9.137825,true
extended_vector_layers.csv,VECTORNET-CURATED-2026-CULICOIDES-SPP-BRESCIA,vectors,VECTORNET_CURATED,Culicoides spp.,Brescia,Brescia,comunale,municipality_region,45.5416,10.2118,45.779580,10.425873,true
extended_vector_layers.csv,VECTORNET-CURATED-2026-CULICOIDES-SPP-GENOVA,vectors,VECTORNET_CURATED,Culicoides spp.,Genova,Genova,comunale,municipality_region,44.4048,8.9444,44.407260,8.933862,true
extended_vector_layers.csv,VECTORNET-CURATED-2026-CULICOIDES-SPP-VERONA,vectors,VECTORNET_CURATED,Culicoides spp.,Verona,Verona,comunale,municipality_region,45.4384,10.9916,45.438496,10.992412,true
extended_vector_layers.csv,VECTORNET-CURATED-2026-CULICOIDES-SPP-PADOVA,vectors,VECTORNET_CURATED,Culicoides spp.,Padova,Padova,comunale,municipality_region,45.4064,11.8768,45.407717,11.873446,true
extended_vector_layers.csv,VECTORNET-CURATED-2026-CULICOIDES-SPP-BOLOGNA,vectors,VECTORNET_CURATED,Culicoides spp.,Bologna,Bologna,comunale,municipality_region,44.4949,11.3426,44.493758,11.343031,true
extended_vector_layers.csv,VECTORNET-CURATED-2026-CULICOIDES-SPP-PARMA,vectors,VECTORNET_CURATED,Culicoides spp.,Parma,Parma,comunale,municipality_region,44.8015,10.3279,44.801368,10.328083,true
extended_vector_layers.csv,VECTORNET-CURATED-2026-CULICOIDES-SPP-FIRENZE,vectors,VECTORNET_CURATED,Culicoides spp.,Firenze,Firenze,comunale,municipality_region,43.7696,11.2558,43.769871,11.255576,true
extended_vector_layers.csv,VECTORNET-CURATED-2026-CULICOIDES-SPP-GROSSETO,vectors,VECTORNET_CURATED,Culicoides spp.,Grosseto,Grosseto,comunale,municipality_region,42.7635,11.1124,42.775110,11.287804,true
extended_vector_layers.csv,VECTORNET-CURATED-2026-CULICOIDES-SPP-ROMA,vectors,VECTORNET_CURATED,Culicoides spp.,Roma,Roma,comunale,municipality_region,41.9028,12.4964,41.893320,12.482932,true
extended_vector_layers.csv,VECTORNET-CURATED-2026-CULICOIDES-SPP-NAPOLI,vectors,VECTORNET_CURATED,Culicoides spp.,Napoli,Napoli,comunale,municipality_region,40.8518,14.2681,40.835934,14.248783,true
extended_vector_layers.csv,VECTORNET-CURATED-2026-CULICOIDES-SPP-CASERTA,vectors,VECTORNET_CURATED,Culicoides spp.,Caserta,Caserta,comunale,municipality_region,41.0747,14.3324,41.203483,14.117058,true
extended_vector_layers.csv,VECTORNET-CURATED-2026-CULICOIDES-SPP-BARI,vectors,VECTORNET_CURATED,Culicoides spp.,Bari,Bari,comunale,municipality_region,41.1171,16.8719,41.125784,16.862029,true
extended_vector_layers.csv,VECTORNET-CURATED-2026-CULICOIDES-SPP-PALERMO,vectors,VECTORNET_CURATED,Culicoides spp.,Palermo,Palermo,comunale,municipality_region,38.1157,13.3615,38.111227,13.352443,true
extended_vector_layers.csv,VECTORNET-CURATED-2026-CULICOIDES-SPP-CAGLIARI,vectors,VECTORNET_CURATED,Culicoides spp.,Cagliari,Cagliari,comunale,municipality_region,39.2238,9.1217,39.216953,9.112851,true
